tree
version=v4
num_class=1
num_tree_per_iteration=1
label_index=0
max_feature_idx=1
objective=binary sigmoid:1
feature_names=Column_0 Column_1
monotone_constraints=1 0
feature_infos=[5.9254100000000003:119.92412] [-84.886859999999999:84.996627000000004]
tree_sizes=3407 3439 3449 3465 3452 3442 3463 3462 3463 3457 3451 3460 3458 3453 3464 3468 3464 3467 3449 3469 3469 3466 3464 3448 3456 3458 3451 3466 3448 3468 3466 3468 3459 3483 3460 3473 3457 3470 3481 3455 3465 3474 3487 3462 3483 3487 3470 3480 3479 3496 3500 3482 3494 3487 3517 3502 3491 3476 3478 3493 3482 3486 3498 3491 3492 3530 3506 3511 3501 3487 3476 3499 3502 3509 3487 3513 3524 3503 3498 3519 3503 3512 3513 3545 3527 3522 3544 3537 3524 3527 3534 3514 3523 3536 3548 3531 3536 3511 3502 3548 3550 3551 3554 3543 3527

Tree=0
num_leaves=31
num_cat=0
split_feature=0 1 1 1 1 1 0 1 1 0 1 1 1 0 1 1 1 1 0 0 0 0 1 1 1 1 1 1 1 1
split_gain=9863.92 4578.86 3612.46 1137.94 1249.14 506.247 419.921 454.271 241.528 226.228 153.93 84.4497 166.418 84.2171 70.872 58.6744 51.3545 50.4655 49.5996 48.5994 46.6715 41.8381 37.1907 24.8074 24.3617 23.6666 21.4236 20.7835 16.9147 13.8049
threshold=98.218310000000017 31.096620500000004 -2.0786639999999994 1.6478435000000002 33.586376000000008 24.842162500000004 103.00876000000001 15.615661000000001 41.38483200000001 90.264230000000012 22.755851500000002 14.4870885 7.8331740000000005 100.37770500000001 -53.860727499999989 21.948019000000006 -1.4691159999999999 -9.5991719999999976 95.22858500000001 95.22858500000001 104.74346500000001 82.371305000000021 13.097009000000002 27.391326500000002 4.567218500000001 -10.436647499999998 8.9645635000000023 36.404865500000007 21.204332000000004 46.477814000000002
decision_type=2 2 2 2 2 2 2 2 2 2 2 2 2 2 2 2 2 2 2 2 2 2 2 2 2 2 2 2 2 2
left_child=1 2 9 16 6 -4 7 24 19 14 11 12 -8 28 -1 -15 -2 -11 23 -3 -12 -16 26 -7 -5 -23 -14 -21 -9 -10
right_child=3 8 5 4 -6 18 10 13 29 17 20 -13 22 15 21 -17 -18 -19 -20 27 -22 25 -24 -25 -26 -27 -28 -29 -30 -31
leaf_value=-0.54045692036786852 -0.49623249317659124 -0.56109449409514178 -0.49623249317659124 -0.46742249323996998 -0.49623249317659124 -0.52834426897721276 -0.44329903949115662 -0.49623249317659124 -0.57418002260043033 -0.53723086403309384 -0.42550109651194057 -0.44329903949115662 -0.42405733821030978 -0.47945941140426412 -0.55861019017701086 -0.45435673030146762 -0.47851202290208761 -0.51767846507919102 -0.51317177802652092 -0.52699636289708729 -0.39572059421228478 -0.55230802377200527 -0.4330921994879624 -0.54471648645557069 -0.44329903949115662 -0.54045692036786852 -0.40031690611844178 -0.54997026971218965 -0.48459075889602105 -0.5824991911874986
leaf_weight=367.44016714394093 1143.8245917856693 1366.3521722704172 5365.0485157966614 245.97621910274029 628.65800134837627 395.81301987171173 596.76785282790661 221.35514855384827 628.42351496219635 737.22519814968109 204.00315597653389 785.52939370274544 120.05702972412109 316.79110772907734 2382.381683588028 415.9788490831852 454.43461641669273 597.47131198644638 257.23156563937664 168.59571166336536 370.48849016427994 684.46576125919819 151.71269185841084 556.90516717731953 1035.4918813705444 331.0947772860527 455.84153473377228 130.60891710221767 392.76469685137272 2415.2097776532173
leaf_count=1567 4878 5827 22880 1049 2681 1688 2545 944 2680 3144 870 3350 512 1351 10160 1774 1938 2548 1097 719 1580 2919 647 2375 4416 1412 1944 557 1675 10300
internal_value=-0.509007 -0.530786 -0.513999 -0.461679 -0.451579 -0.496232 -0.443151 -0.457357 -0.572405 -0.546166 -0.429241 -0.435489 -0.427281 -0.478354 -0.552436 -0.466908 -0.496232 -0.528478 -0.532654 -0.557098 -0.406296 -0.554988 -0.411068 -0.537915 -0.443299 -0.54649 -0.405266 -0.538846 -0.492011 -0.580782
internal_weight=23923.9 16384.3 11675.1 7539.68 5941.42 6575 5312.76 2628.36 4709.19 5100.08 2684.4 2109.91 1324.38 1346.89 3765.38 732.77 1598.26 1334.7 1209.95 1665.56 574.492 3397.94 727.611 952.718 1281.47 1015.56 575.899 299.205 614.12 3043.63
internal_count=102027 69873 49790 32154 25338 28040 22657 11209 20083 21750 11448 8998 5648 5744 16058 3125 6816 5692 5160 7103 2450 14491 3103 4063 5465 4331 2456 1276 2619 12980
is_linear=0
shrinkage=1


Tree=1
num_leaves=31
num_cat=0
split_feature=0 1 1 1 1 1 0 1 1 0 1 0 1 1 1 1 1 0 0 0 1 0 1 1 1 1 1 1 0 1
split_gain=8776.05 4308.49 3399.62 985.687 1144.92 439.26 341.427 359.807 229.086 207.907 138.958 82.4767 66.9877 61.0916 59.071 166.987 54.5021 48.6202 44.3417 44.0237 43.8603 49.1674 42.0818 29.9901 28.9547 21.8185 21.755 17.5893 17.2931 16.8567
threshold=98.218310000000017 31.096620500000004 -2.3965289999999997 0.55094750000000003 33.201237000000006 22.488046000000004 103.00876000000001 15.392356500000002 41.38483200000001 90.414470000000009 22.755851500000002 100.37770500000001 -50.053425499999996 4.567218500000001 14.260031500000002 7.8331740000000005 24.297458000000002 95.342580000000012 106.11286000000003 80.903885000000017 26.788501500000006 95.22858500000001 -8.7903954999999989 13.097009000000002 -10.436647499999998 36.404865500000007 23.515903500000004 9.6576005000000027 95.575195000000022 20.474534000000002
decision_type=2 2 2 2 2 2 2 2 2 2 2 2 2 2 2 2 2 2 2 2 2 2 2 2 2 2 2 2 2 2
left_child=1 2 9 -2 6 -4 7 13 17 12 14 26 -1 -5 15 -8 -13 -3 -12 -14 -7 -22 -11 27 -21 -19 -9 -17 -24 -16
right_child=3 8 5 4 -6 20 10 11 -10 22 18 16 19 -15 29 23 -18 25 -20 24 21 -23 28 -25 -26 -27 -28 -29 -30 -31
leaf_value=-0.030628250649945163 0.011867971080956191 -0.050458826654478123 0.011867971080956191 0.035974970169142924 0.011867971080956191 -0.0099064655304783103 0.060877394007202712 0.011867971080956191 -0.0697332913875887 -0.02625847417191618 0.083064850369933357 0.029503700148249847 -0.049289614198023649 0.060877394007202712 0.060877394007202712 0.083987113300150171 0.056777290585561496 -0.015794107737507262 0.11117619137615031 -0.043094941221114846 -0.032334635836702812 -0.0023345498953694995 -0.015412873779722551 0.06901054729300897 -0.030628250649945163 -0.039185416488645708 0.026889351876388898 0.10212569507682392 0.0034589140367327791 0.078625571785798001
leaf_weight=442.19615352153778 1447.8379649221897 1355.3089853972197 4981.147979259491 334.41860580444336 661.78623516857624 884.59728400409222 685.3421007245779 328.97558848559856 2972.948653280735 767.83550651371479 322.68326057493687 425.54702220857143 2122.1021032333374 1035.298871576786 636.52260218560696 202.3947898298502 321.61397632956505 167.12523078918457 248.15751206874847 775.21512466669083 643.99405288696289 173.3355787396431 294.33581757545471 124.80553795397282 367.35006898641586 123.1970446407795 308.76575277745724 393.52248081564903 206.5966032743454 185.72518855333328
leaf_count=1903 6150 5859 21179 1413 2812 3773 2881 1397 12923 3297 1347 1799 9168 4348 2673 845 1354 716 1032 3344 2770 740 1258 523 1580 531 1309 1638 883 780
internal_value=0.000193994 -0.0205777 -0.00438677 0.0443136 0.053031 0.011868 0.0609768 0.0484798 -0.0614484 -0.0363735 0.073275 0.0299705 -0.042353 0.0608774 0.0676365 0.0741977 0.0412436 -0.0464811 0.0952855 -0.0450292 -0.0176219 -0.0259724 -0.0189035 0.0912975 -0.0371163 -0.027912 0.0167633 0.0959652 -0.00762969 0.0608774
internal_weight=23940.7 16277.3 11658.7 7663.4 6215.56 6683.07 5553.77 2754.62 4618.58 4975.63 2799.15 1384.9 3706.86 1369.72 2228.31 1406.06 747.161 1645.63 570.841 3264.67 1701.93 817.33 1268.77 720.723 1142.57 290.322 637.741 595.917 500.932 822.248
internal_count=102225 69924 49895 32301 26151 28462 23339 11620 20029 21433 11719 5859 15995 5761 9340 5887 3153 7106 2379 14092 7283 3510 5438 3006 4924 1247 2706 2483 2141 3453
is_linear=0
shrinkage=0.05


Tree=2
num_leaves=31
num_cat=0
split_feature=0 1 1 1 1 1 0 1 1 1 1 0 0 1 0 1 1 1 1 0 0 1 1 1 0 0 1 1 0 1
split_gain=7666.84 3982.62 2949.07 913.304 1193.47 348.732 481.479 419.941 337.097 204.798 201.182 165.832 98.9205 66.1735 65.328 44.2916 37.5217 37.156 34.3492 33.2197 31.914 30.7156 28.7757 31.6991 26.8919 22.8076 20.9437 20.7434 17.4465 16.703
threshold=97.786040000000014 31.441918000000005 -2.3965289999999997 1.6478435000000002 33.973648500000003 14.260031500000002 103.25822500000001 8.5095730000000014 22.755851500000002 19.721826000000004 42.012649000000003 89.504690000000025 100.91538000000001 -58.220447499999999 106.11286000000003 -3.7598809999999996 -8.4008324999999981 26.488426000000004 21.948019000000006 95.342580000000012 80.903885000000017 13.316450000000001 16.357406500000003 23.515903500000004 106.31403500000002 94.871545000000012 -9.5991719999999976 23.259810500000004 103.88744000000001 35.543901500000011
decision_type=2 2 2 2 2 2 2 2 2 2 2 2 2 2 2 2 2 2 2 2 2 2 2 2 2 2 2 2 2 2
left_child=1 2 11 15 5 7 12 24 -4 -8 25 13 22 -1 27 -2 -13 -10 -14 -19 -15 -9 -7 -24 -5 29 -22 -11 -17 -3
right_child=3 10 8 4 -6 6 9 21 17 14 -12 16 18 20 -16 28 -18 19 -20 -21 26 -23 23 -25 -26 -27 -28 -29 -30 -31
leaf_value=-0.030049448402863329 0.010034513365557149 -0.042252485243886355 0.010034513365557149 0.047347495155736836 0.010034513365557149 0.029863388969982897 0.047797157911710443 0.094395588238980768 -0.0097062396849873396 0.05562975731287282 -0.068110637026102525 -0.026116105968734163 0.0300744952499091 -0.046295888646859504 0.09939721547562419 0.017172370456654228 -0.0088304765371381433 -0.029269914383338591 0.047797157911710443 -0.0040263816817429311 -0.04069030965921909 0.073183444894459146 0.010034513365557149 0.024212242709507146 0.06448278013931287 -0.033319924185879243 -0.030049448402863329 0.07869089881355093 0.033035288552009254 -0.053678548279383953
leaf_weight=267.81394828855991 944.07192097604275 562.04115755856037 4892.2797115445137 1077.6832081973553 652.12374353408813 121.30846618115902 556.70069444179535 1058.633571729064 724.37166097760201 148.52080772817135 2834.2548208385706 850.14784406125546 351.78796568512917 2225.3796137273312 369.65953069925308 497.13239806890488 497.75598599016666 750.77782067656517 374.38321763277054 157.702835470438 738.67866890132427 203.45824947953224 416.23914274573326 467.15415509045124 290.74238558113575 293.12758773565292 276.86179126799107 283.92190016806126 266.12003692984581 742.24272966384888
leaf_count=1161 4006 2465 20743 4484 2773 508 2309 4366 3097 614 12580 3678 1474 9744 1516 2100 2134 3258 1559 674 3224 843 1761 1969 1205 1272 1201 1168 1122 3258
internal_value=0.000345142 -0.0199002 -0.00424279 0.0399692 0.0486931 0.0567942 0.0454028 0.0701739 0.0100345 0.0676798 -0.0601128 -0.0346395 0.0279145 -0.0403661 0.0839636 0.0100345 -0.0197328 -0.018153 0.0419743 -0.0248879 -0.0429441 0.090976 0.0177525 0.0141074 0.0509881 -0.0459225 -0.0355993 0.0707706 0.0227032 -0.0487548
internal_weight=23893.1 15813.4 11381.8 8079.64 6372.32 5720.19 3089.68 2630.52 6525.13 1358.8 4431.67 4856.64 1730.87 3508.73 802.102 1707.32 1347.9 1632.85 726.171 908.481 3240.92 1262.09 1004.7 883.393 1368.43 1597.41 1015.54 432.443 763.252 1304.28
internal_count=102266 68489 48914 33777 26549 23776 12878 10898 27772 5607 19575 21142 7271 15330 3298 7228 5812 7029 3033 3932 14169 5209 4238 3730 5689 6995 4425 1782 3222 5723
is_linear=0
shrinkage=0.05


Tree=3
num_leaves=31
num_cat=0
split_feature=1 1 0 1 0 0 0 1 1 1 0 1 0 1 1 1 1 1 0 0 1 0 1 0 0 1 0 1 0 1
split_gain=6860.34 5968.88 1678.42 1876.91 770.117 689.444 422.39 202.762 180.362 168.239 161.382 125.547 178.421 118.768 116.431 114.003 137.627 70.9856 69.5288 66.7992 59.8792 48.53 42.0912 24.7733 24.358 24.2925 23.7863 21.8121 18.2411 16.3086
threshold=33.973648500000003 -0.27649149999999995 99.842955000000018 19.958431000000001 73.403825000000012 91.122125000000011 102.04927000000002 42.012649000000003 -6.2120219999999993 5.804275500000001 105.39100000000001 27.080267500000001 95.342580000000012 14.260031500000002 19.721826000000004 14.260031500000002 5.5605090000000006 -58.220447499999999 80.903885000000017 97.020830000000004 21.948019000000006 101.93655500000001 -7.6324449999999997 103.88744000000001 97.020830000000004 22.755851500000002 97.786040000000014 3.5382615000000004 97.234315000000009 46.477814000000002
decision_type=2 2 2 2 2 2 2 2 2 2 2 2 2 2 2 2 2 2 2 2 2 2 2 2 2 2 2 2 2 2
left_child=1 5 3 4 13 17 7 19 24 27 15 25 -13 -3 -12 16 -4 -1 -19 -2 -17 -22 -20 -10 -7 -5 -14 -6 -27 -9
right_child=6 2 10 11 9 8 -8 29 23 -11 14 12 26 -15 -16 20 -18 18 22 -21 21 -23 -24 -25 -26 28 -28 -29 -30 -31
leaf_value=-0.021738560888043226 -0.048139482424831487 -0.035510496440176384 0.037792544572452347 0.0052241126459120456 0.0083876407358805232 -0.021738560888043226 0.012196692267764351 -0.058292659728712608 0.0064810004932210662 0.037792544572452347 0.060917918784923558 -0.033896035291390861 -0.0062159828935095442 0.0083876407358805232 0.090556338324026431 0.037792544572452347 0.059758249384636114 -0.045423899108552768 -0.036919718590537574 -0.023051393357217204 0.037792544572452347 0.059758249384636114 -0.021738560888043226 0.025289472647717498 -0.010165443988671918 -0.010498620474941382 0.018239968615200431 0.02083167702713784 0.0070096174895122711 -0.067588491724522179
leaf_weight=263.24839888513088 1102.1930865049362 404.56449946761131 570.04108694195747 656.93583723902702 701.39506043493748 743.60130889713764 223.44444885849953 590.10584558546543 879.91505096852779 2995.9818805456161 1156.8014394938946 999.70038515329361 204.24493364989758 153.69194895029068 464.37438397109509 819.77450826764107 1029.9017302691936 2329.1851783394814 1001.4462799876928 284.88352845609188 359.7895433306694 485.29297962784767 381.04495115578175 218.55750875174999 792.8270401507616 792.72139149904251 193.73492537438869 442.65158370137215 183.13520273566246 2353.9406346678734
leaf_count=1151 4904 1711 2364 2779 2960 3230 945 2651 3735 12627 4735 4401 878 650 1882 3402 4207 10319 4413 1215 1494 1987 1648 920 3366 3403 815 1865 773 10659
internal_value=0.000334914 0.0134069 0.033574 0.0190729 0.0377925 -0.0250817 -0.054841 -0.0582995 -0.0052479 0.0377925 0.0565122 -0.0116248 -0.0226244 -0.0210173 0.0694076 0.0501089 0.0596398 -0.0382292 -0.0401516 -0.0425384 0.0409495 0.0518202 -0.0312691 0.0102232 -0.016309 -0.00220902 0.00568907 0.0118878 -0.00721292 -0.0657252
internal_weight=23779.1 19224.6 12614.7 7728.76 4698.28 6609.83 4554.57 4331.12 2634.9 4140.03 4885.98 3030.47 1397.68 558.256 1621.18 3264.8 1599.94 3974.92 3711.68 1387.08 1664.86 845.083 1382.49 1098.47 1536.43 1632.79 397.98 1144.05 975.857 2944.05
internal_count=102089 81715 52933 32862 19813 28782 20374 19429 11251 17452 20071 13049 6094 2361 6617 13454 6571 17531 16380 6119 6883 3481 6061 4655 6596 6955 1693 4825 4176 13310
is_linear=0
shrinkage=0.05


Tree=4
num_leaves=31
num_cat=0
split_feature=1 1 0 1 0 0 0 1 1 1 1 0 1 1 0 1 1 1 1 0 0 1 0 1 0 1 1 1 1 0
split_gain=6353.73 5373.77 1535.38 1734.04 694.418 622.911 372.053 186.001 166.359 133.733 128.244 126.4 113.581 113.103 112.657 139.633 109.481 91.2405 74.9191 84.6638 54.1204 41.6374 40.4979 37.4901 35.2789 24.7659 18.6678 95.2286 16.5833 15.9803
threshold=33.973648500000003 -0.27649149999999995 99.842955000000018 19.958431000000001 74.486650000000012 93.264290000000017 101.36771500000002 42.012649000000003 14.260031500000002 39.738916500000009 -6.2120219999999993 104.74346500000001 20.474534000000002 14.007322500000003 97.890790000000024 26.488426000000004 5.804275500000001 4.567218500000001 -58.220447499999999 85.352210000000014 95.342580000000012 -8.0202984999999973 95.683350000000019 24.297458000000002 101.93655500000001 -10.436647499999998 13.097009000000002 8.0586450000000003 25.917081500000005 106.31403500000002
decision_type=2 2 2 2 2 2 2 2 2 2 2 2 2 2 2 2 2 2 2 2 2 2 2 2 2 2 2 2 2 2
left_child=1 5 3 4 8 18 7 22 -3 -8 25 13 26 17 15 -5 -6 -4 -1 -20 -17 -21 -2 -15 -25 -7 27 -13 -16 -14
right_child=6 2 11 14 16 10 9 -9 -10 -11 -12 12 29 23 28 20 -18 -19 19 21 -22 -23 -24 24 -26 -27 -28 -29 -30 -31
leaf_value=-0.01877918392068444 -0.046794703509064534 -0.033485666745376202 0.035988940410754407 -0.0038292797615592667 0.012502690896539085 -0.01877918392068444 0.034582522069514253 -0.064204253920789003 0.0096873804941212793 -0.027267543160267655 0.010874202357296893 0.055492464483617249 0.072418142229307175 0.035988940410754407 0.0021600825389773855 -0.031838515191377981 0.035988940410754407 0.055492464483617249 -0.041645137735646945 -0.032916776164121204 -0.0051857057947710021 -0.01877918392068444 -0.027267543160267655 0.035988940410754407 0.055492464483617249 -0.0049224709575274956 0.055492464483617249 0.082560808431458729 0.021922640202668802 0.090393192653899029
leaf_weight=268.83241856098175 993.80727931857109 456.6785205155611 424.22771257162094 1290.6064434200525 1137.879126265645 725.26152117550373 152.2698238492012 2842.856290474534 172.59108048677444 129.28182718157768 994.85577499866486 525.82776689529419 199.12112198770046 953.65263174474239 206.68157252669334 1063.5665807127953 2953.8366133123636 977.72316840291023 2813.7761379033327 816.07431595027447 232.01463769376278 385.11720284819603 351.18819180130959 278.15921433269978 312.71816398203373 527.76273345947266 525.48719954490662 390.32614433765411 218.23726968467236 326.213891685009
leaf_count=1183 4499 1945 1751 5506 4785 3128 643 13162 728 547 4202 2145 803 3929 870 4723 12348 3968 12622 3617 998 1666 1523 1146 1271 2258 2139 1571 914 1310
internal_value=0.000471019 0.0129832 0.0320053 0.0181169 0.0359889 -0.0238444 -0.0532158 -0.0569563 -0.0166142 0.00242123 -0.00252878 0.053861 0.0636763 0.0473087 -0.0115495 -0.0154697 0.0359889 0.0554925 -0.0350296 -0.0369012 -0.0270655 -0.0257886 -0.0416367 0.0378619 0.0489423 -0.0131703 0.0564233 0.0627246 0.0123101 0.08358
internal_weight=23646.6 19177.2 12645.5 7732.09 4720.99 6531.68 4469.4 4187.85 629.27 281.552 2247.88 4913.46 1966.98 2946.48 3011.11 2586.19 4091.72 1401.95 4283.8 4014.97 1295.58 1201.19 1345 1544.53 590.877 1253.02 1441.64 916.154 424.919 525.335
internal_count=101900 81526 52850 32817 19806 28676 20374 19184 2673 1190 9588 20033 7968 12065 13011 11227 17133 5719 19088 17905 5721 5283 6022 6346 2417 5386 5855 3716 1784 2113
is_linear=0
shrinkage=0.05


Tree=5
num_leaves=31
num_cat=0
split_feature=1 1 1 0 0 1 0 1 1 0 1 1 0 1 0 0 1 1 1 1 0 1 0 1 0 1 1 1 0 0
split_gain=5924.34 4600.94 1538.34 1660.49 1164.82 766.623 666.512 327.117 261.004 254.796 234.195 208.301 182.811 161.298 154.796 124.621 77.1303 73.4827 72.0581 69.4009 67.4617 64.6312 50.331 48.9715 42.0063 38.3986 34.9208 27.5058 26.8951 25.4888
threshold=35.985189000000013 0.55094750000000003 17.539817500000002 100.91538000000001 80.15958000000002 8.2783675000000017 91.122125000000011 24.842162500000004 14.4870885 97.786040000000014 12.179487500000002 44.465817000000008 105.39100000000001 -8.4008324999999981 100.91538000000001 93.003945000000016 10.115368500000002 3.7995745000000003 -58.220447499999999 20.474534000000002 82.133815000000013 19.721826000000004 92.365875000000003 -7.294513499999999 71.816360000000017 32.467588000000006 16.105218500000003 -3.7598809999999996 103.25822500000001 95.22858500000001
decision_type=2 2 2 2 2 2 2 2 2 2 2 2 2 2 2 2 2 2 2 2 2 2 2 2 2 2 2 2 2 2
left_child=1 6 4 7 10 15 18 21 16 25 -3 14 19 -8 -2 -6 22 -17 -1 -5 -20 -4 -7 -22 -12 29 -10 -15 -21 -9
right_child=11 2 3 12 5 8 13 9 26 -11 24 -13 -14 27 -16 17 -18 -19 20 28 23 -23 -24 -25 -26 -27 -28 -29 -30 -31
leaf_value=-0.018786960068732358 -0.045763948374839852 -0.026654185485893569 0.0235877642749369 0.0235877642749369 0.022138450327818845 0.03808314056682946 -0.016817838012427484 -0.024507620481429303 0.056830709348773711 0.015837626648114334 -0.010043777993335381 -0.063658821916702066 0.074553543378388099 0.0003232467475324826 0.0055617748883129113 0.030853723988025317 0.084122287758570016 0.047251799937903571 -0.04159558774294491 0.039710747181339268 -0.034243003762244581 0.0037167528274757778 0.071184157785879359 -0.018786960068732358 0.022138450327818845 -0.03679494327584653 0.039029597933794846 0.01344744477253129 0.057462984290676956 -0.0068950598043930836
leaf_weight=263.44500763714314 1249.1082125604153 595.12935182452202 580.55926097929478 241.59378887712955 608.21489824354649 145.58223894238472 1187.1191525012255 1132.6276095807552 610.32417125999928 453.00228174030781 120.33929841220379 2542.3958901315928 616.89104524254799 732.58331464231014 166.48143790662289 761.57975807785988 1642.0405642837286 1251.9549634158611 2424.5376542061567 471.97425904870033 897.44263787567616 1299.9576841145754 543.8328623175621 362.1087991297245 145.51889076828957 563.69713361561298 502.2038508951664 877.33269216120243 355.52268518507481 250.93161906301975
leaf_count=1166 5734 2529 2419 989 2548 606 5158 5029 2510 1890 511 12046 2480 3119 704 3139 6703 5116 11035 1928 4044 5505 2208 1579 608 2560 2071 3684 1436 1080
internal_value=0.000706416 0.011954 0.0294579 0.0108497 0.0454873 0.0532122 -0.021508 -0.00570357 0.0687212 -0.0179376 -0.00893528 -0.0550998 0.0528791 -0.00283518 -0.0397277 0.0328392 0.0782295 0.039569 -0.0347387 0.0403724 -0.0367189 0.00991175 0.0641943 -0.0273316 0.0221385 -0.025795 0.0487951 0.00747535 0.0475387 -0.0213133
internal_weight=23596 19638 12893.5 5966.76 6926.72 6065.73 6744.57 4280.78 3443.98 2400.26 860.988 3957.99 1685.98 2797.04 1415.59 2621.75 2331.46 2013.53 3947.53 1069.09 3684.09 1880.52 689.415 1259.55 265.858 1947.26 1112.53 1609.92 827.497 1383.56
internal_count=102134 83650 53865 25316 28549 24901 29785 18483 14098 10559 3648 18484 6833 11961 6438 10803 9517 8255 17824 4353 16658 7924 2814 5623 1119 8669 4581 6803 3364 6109
is_linear=0
shrinkage=0.05


Tree=6
num_leaves=31
num_cat=0
split_feature=1 1 0 1 0 0 1 1 0 1 1 1 0 1 1 0 1 1 0 1 0 1 0 1 1 1 0 1 0 0
split_gain=5443.94 4273.9 1338.77 1570.22 552.428 418.935 225.02 203.394 157.448 156.91 136.124 139.943 157.854 129.752 111.697 108.987 101.96 59.2244 59.1746 59.0771 70.9921 41.7051 38.3816 34.5905 26.7573 30.4194 21.6786 17.9635 16.528 15.0075
threshold=35.985189000000013 -1.4691159999999999 100.26885500000002 20.474534000000002 73.403825000000012 93.264290000000017 4.567218500000001 43.160387000000007 101.93655500000001 29.178595000000005 4.567218500000001 13.316450000000001 104.45099500000002 20.474534000000002 12.632285500000002 95.342580000000012 8.7348700000000026 -6.2120219999999993 98.218310000000017 -58.220447499999999 83.049920000000014 24.842162500000004 94.871545000000012 -11.344117999999998 24.297458000000002 29.811994500000001 106.51686000000001 -41.870221999999991 94.987440000000007 105.05617500000001
decision_type=2 2 2 2 2 2 2 2 2 2 2 2 2 2 2 2 2 2 2 2 2 2 2 2 2 2 2 2 2 2
left_child=1 5 3 4 14 19 -6 8 22 18 -4 16 24 -14 -3 -11 -12 29 21 -1 27 -5 -2 -22 -13 -26 -15 -21 -23 -7
right_child=7 2 10 9 6 17 -8 -9 -10 15 11 12 13 26 -16 -17 -18 -19 -20 20 23 28 -24 -25 25 -27 -28 -29 -30 -31
leaf_value=-0.018685118668746861 -0.048472371230440132 -0.033389452139309377 0.031743256629785034 0.0010002539542231391 0.0073747212685697826 -0.013179802336681427 0.031743256629785034 -0.061044865377088357 0.019119950008089342 -0.034447402754778762 0.050191123604831939 0.031743256629785034 0.04608144409461027 0.064990537838267706 0.0073747212685697826 -0.0025728369508360243 0.076009581518625427 0.0062495944336381139 0.017535674132837045 -0.032489077070715369 -0.032249755724983016 -0.018348307202384066 -0.028440832836358593 -0.018685118668746861 0.04608144409461027 0.031743256629785034 0.084110083335023622 -0.041605008634915702 -0.0015315166973926102 0.0051020952484935479
leaf_weight=256.51003561913967 761.77015635371208 376.03998945653439 771.64003412425518 906.61904026567936 1177.5114701986313 1142.1143740713596 3565.0225049853325 2640.9529273658991 115.64549805223942 915.57893297076225 731.00246912240982 876.10733789205551 564.00167392194271 280.07074236869812 206.00053925812244 379.27306272089481 801.83551299571991 763.16251222789288 302.93062897026539 388.38757561147213 805.0969797372818 640.55464833974838 348.5422320663929 576.16377265751362 336.42610560357571 244.90509366989136 315.00836093723774 1996.0795814841986 189.28315742313862 124.49078227579594
leaf_count=1142 3589 1631 3152 3855 4938 4951 14695 12818 486 4195 2943 3564 2270 1124 871 1623 3210 3216 1263 1796 3657 2840 1558 2552 1360 1000 1263 9244 814 531
internal_value=0.00099346 0.0116743 0.0272485 0.0154133 0.0317433 -0.0232718 0.0317433 -0.0532319 -0.0364013 -0.0114986 0.0480732 0.0517 0.0446719 0.0584432 -0.0169938 -0.0251111 0.0636969 -0.00475336 -0.00285578 -0.0326169 -0.0343866 -0.00641314 -0.0421842 -0.0253665 0.0337197 0.0429175 0.0751116 -0.0396116 -0.0145125 -0.0113829
internal_weight=23498.7 19631.8 13579.8 8658.81 5324.57 6052.01 4742.53 3866.91 1225.96 3334.24 4921 4149.36 2616.52 1159.08 582.041 1294.85 1532.84 2029.77 2039.39 4022.24 3765.73 1736.46 1110.31 1381.26 1457.44 581.331 595.079 2384.47 829.838 1266.61
internal_count=102151 83700 56611 36725 22135 27089 19633 18451 5633 14590 19886 16734 10581 4657 2502 5818 6153 8698 8772 18391 17249 7509 5147 6209 5924 2360 2387 11040 3654 5482
is_linear=0
shrinkage=0.05


Tree=7
num_leaves=31
num_cat=0
split_feature=1 1 0 1 1 0 0 1 1 1 0 0 1 1 1 0 1 1 0 1 0 1 1 0 1 1 0 0 0 1
split_gain=4984.62 3767.37 1222.84 1479.31 568.918 387.819 358.623 180.348 154.212 145.989 153.127 141.369 124.453 123.987 86.2971 68.5836 60.2199 59.0405 58.7325 54.642 54.6404 35.3256 28.8003 28.7151 27.3748 28.0042 22.076 19.002 17.8372 17.1451
threshold=35.985189000000013 -2.3965289999999997 100.37770500000001 20.474534000000002 6.7407555000000006 84.525195000000011 93.264290000000017 44.465817000000008 5.5605090000000006 13.553831000000002 104.45099500000002 101.93655500000001 21.204332000000004 31.096620500000004 8.7348700000000026 98.549400000000006 -58.220447499999999 -10.436647499999998 95.794150000000016 24.556618500000003 80.903885000000017 3.2632700000000008 -9.1881969999999988 95.459655000000012 24.297458000000002 30.114464000000005 94.871545000000012 70.991260000000025 106.11286000000003 -41.870221999999991
decision_type=2 2 2 2 2 2 2 2 2 2 2 2 2 2 2 2 2 2 2 2 2 2 2 2 2 2 2 2 2 2
left_child=1 6 3 4 5 27 16 11 -4 14 24 26 -12 15 -10 19 -1 -8 -15 -5 29 -7 -22 -21 -11 -26 -2 -3 -14 -18
right_child=7 2 8 13 -6 21 17 -9 9 10 12 -13 28 18 -16 -17 20 -19 -20 23 22 -23 -24 -25 25 -27 -28 -29 -30 -31
leaf_value=-0.018736813119498284 -0.047136122291392718 -0.042738214015137888 0.029182052918848973 -0.00044226389587944743 0.029182052918848973 0.010806975180922766 -0.016471575367256356 -0.060400561703594535 0.046948644510190513 0.029182052918848973 0.04326603710956127 0.01366362144928762 0.061611345014760871 -0.036038533174616097 0.072258200397933181 0.014745691487311779 -0.033073286311223658 0.0018585811337989333 -0.0071970664065562576 -0.020921340335546618 -0.031365396355578182 0.026731957978716431 -0.018736813119498284 -0.0026856748679657313 0.04326603710956127 0.029182052918848973 -0.032631990997066047 -0.0239801288650799 0.080008023463107383 -0.041546784569730377
leaf_weight=260.77280101180077 855.86433620750904 196.93755294382572 1012.8391278088093 866.5623807311058 3517.8719649910927 865.8372565805912 723.46277296543121 2409.8811622858047 561.41385252773762 837.83370912075043 575.67306700348854 122.31712187826633 215.78010331094265 669.65513242781162 841.79455415904522 320.87259313464165 367.72191932797432 1118.4104320704937 239.69833499193192 958.58717840909958 1084.3674332052469 582.52135038375854 446.64128078520298 278.62408097088337 330.70407858490944 217.51421155035496 378.31140986084938 429.33418254554272 338.39514280855656 1721.7155545949936
leaf_count=1168 4128 865 4121 3681 14486 3626 3161 12027 2252 3396 2310 513 865 3124 3371 1331 1722 4761 1030 4291 4988 2400 1995 1190 1331 885 1718 1829 1361 8125
internal_value=0.000485479 0.0106176 0.0247113 0.0136714 0.0291821 0.00299657 -0.0235101 -0.0521919 0.0446928 0.0492103 0.0420033 -0.0376087 0.0556658 -0.0126915 0.062132 -0.00678655 -0.0321324 -0.00534126 -0.0284362 -0.0100707 -0.0340322 0.0172119 -0.0268564 -0.0168146 0.0308663 0.0406715 -0.0426902 -0.0298788 0.0728449 -0.0392902
internal_weight=23347.9 19581.5 13858.4 8926.5 5592.5 2074.63 5723.09 3766.37 4931.95 3919.11 2515.9 1356.49 1129.85 3334 1403.21 2424.65 3881.22 1841.87 909.353 2103.77 3620.45 1448.36 1531.01 1237.21 1386.05 548.218 1234.18 626.272 554.175 2089.44
internal_count=102051 83665 57745 37853 23206 8720 25920 18386 19892 15771 10148 6359 4536 14647 5623 10493 17998 7922 4154 9162 16830 6026 6983 5481 5612 2216 5846 2694 2226 9847
is_linear=0
shrinkage=0.05


Tree=8
num_leaves=31
num_cat=0
split_feature=1 1 0 1 0 0 1 1 1 0 1 1 0 1 1 1 0 1 1 0 1 0 1 0 0 0 1 1 0 0
split_gain=4668.84 3417.49 1092 1420.29 514.022 370.798 159.278 136.204 130.508 126.368 118.473 156.202 158.702 106.72 93.2645 80.2061 66.6602 59.1619 58.3031 44.9866 57.1991 35.6933 28.6237 28.5843 22.3692 17.4595 17.2128 15.0989 14.4251 13.3276
threshold=36.404865500000007 -1.4691159999999999 99.842955000000018 19.958431000000001 71.816360000000017 90.414470000000009 43.160387000000007 31.096620500000004 5.3001155000000013 100.48595500000002 3.7995745000000003 14.007322500000003 104.15735000000002 20.474534000000002 8.2783675000000017 -8.0202984999999973 94.871545000000012 14.260031500000002 -53.860727499999989 97.890790000000024 24.556618500000003 80.903885000000017 -10.436647499999998 106.11286000000003 97.57407000000002 95.22858500000001 12.632285500000002 23.775770500000004 106.11286000000003 97.234315000000009
decision_type=2 2 2 2 2 2 2 2 2 2 2 2 2 2 2 2 2 2 2 2 2 2 2 2 2 2 2 2 2 2
left_child=1 5 3 4 17 18 9 19 -6 -2 -4 14 -13 -14 28 29 -9 -3 -1 20 -5 -20 -23 -15 -17 -22 -16 -21 -12 -7
right_child=6 2 10 7 8 15 -8 16 -10 -11 11 12 13 23 26 24 -18 -19 21 27 25 22 -24 -25 -26 -27 -28 -29 -30 -31
leaf_value=-0.019129982087878982 -0.042606405146705106 -0.034663878281232491 0.02760584108117331 0.00079701050999497021 0.0054005837062967126 -0.019129982087878982 -0.058672605549615633 -0.036847318113864089 0.02760584108117331 0.0064911867267701531 0.039041001771503679 0.02760584108117331 0.039375007832252423 0.053143571999863005 0.069705296488377463 -0.0054198583625974499 -0.0075669566675778711 0.0016944364968324481 -0.038120642122750646 0.00092372256249277434 -0.018882344777250454 -0.032556665357492111 -0.019129982087878982 0.074422306177455474 0.0087353654052688256 -0.0037022086406780508 0.054844732315496705 0.018794008988427768 0.053866902933827288 -0.0094134504273786068
leaf_weight=340.6441436111927 954.9594000428915 360.5663774907589 716.0137487500906 908.9571039378643 1297.2710714042187 713.74776816368103 2484.3644864112139 661.87190176546574 3214.4754528850317 151.90296590328217 557.39453868567944 1464.1877136528492 537.48384211957455 277.65385428071022 803.13549180328846 464.32803504168987 275.20367835462093 129.06310319900513 2002.9172945618629 138.35247471928596 952.5977972894907 739.01262378692627 386.53638719022274 365.69347494840622 699.63361397385597 236.43061318993568 257.28197740018368 221.3404955714941 232.50083518028259 594.60282243788242
leaf_count=1551 4605 1581 2908 3856 5429 3209 12719 3143 13133 643 2236 5930 2154 1114 3224 1996 1206 539 9583 579 4297 3467 1752 1479 2940 1018 1031 918 931 2564
internal_value=0.000755936 0.0103821 0.0241961 0.013037 0.0276058 -0.0212557 -0.051644 -0.0120287 0.0276058 -0.0358684 0.0421747 0.0452678 0.0374724 0.0511442 0.0564114 -0.00645949 -0.0282482 -0.024217 -0.0318005 -0.0058445 -0.00864551 -0.0341171 -0.0269927 0.0652389 0.00308856 -0.0158639 0.0660998 0.010493 0.0434049 -0.0149538
internal_weight=23140.1 19548.9 13607.5 8396.13 5001.38 5941.42 3591.23 3394.75 4511.75 1106.86 5211.35 4495.33 2645.02 1180.83 1850.31 2472.31 937.076 489.629 3469.11 2457.68 2097.99 3128.47 1125.55 643.347 1163.96 1189.03 1060.42 359.693 789.895 1308.35
internal_count=101735 83768 56706 35699 20682 27062 17967 15017 18562 5248 21007 18099 10677 4747 7422 10709 4349 2120 16353 10668 9171 14802 5219 2593 4936 5315 4255 1497 3167 5773
is_linear=0
shrinkage=0.05


Tree=9
num_leaves=31
num_cat=0
split_feature=1 1 1 0 0 1 0 1 1 0 1 0 1 0 0 1 1 0 0 1 1 1 1 1 1 1 1 1 1 0
split_gain=4282.13 3108.12 1116.41 1171.95 777.751 587.612 518.308 221.1 206.934 191.735 164.835 133.391 124.412 120.202 111.136 108.249 65.5077 62.31 56.0136 53.9689 44.996 44.9269 58.2428 41.1403 36.8827 36.1765 30.1461 23.7011 20.2021 19.5357
threshold=36.404865500000007 1.0835570000000001 17.539817500000002 100.91538000000001 77.661915000000008 8.5095730000000014 90.414470000000009 24.556618500000003 15.392356500000002 96.585910000000013 44.465817000000008 105.57699500000003 -3.7598809999999996 95.683350000000019 99.071795000000023 13.553831000000002 -58.220447499999999 83.267410000000012 80.903885000000017 21.948019000000006 -10.436647499999998 9.880431500000002 14.007322500000003 19.958431000000001 31.096620500000004 -10.436647499999998 32.134028500000007 3.7995745000000003 20.207226500000001 98.325540000000004
decision_type=2 2 2 2 2 2 2 2 2 2 2 2 2 2 2 2 2 2 2 2 2 2 2 2 2 2 2 2 2 2
left_child=1 6 4 7 15 13 16 23 17 24 14 19 25 -6 -2 -3 -1 -7 -18 -5 -20 -19 -23 -4 -9 -8 -21 -15 -13 -11
right_child=10 2 3 11 5 8 12 9 -10 29 -12 28 -14 27 -16 -17 18 21 20 26 -22 22 -24 -25 -26 -27 -28 -29 -30 -31
leaf_value=-0.015955402614497165 -0.042510725032193636 -0.024034722237466142 0.01821201870818601 0.019455684608630869 0.015765027360164625 0.035983270622852906 -0.015955402614497165 -0.01729110844695169 0.035312163509218578 -0.0024075770306280246 -0.057848148170075664 0.048475991697417918 0.011959393925049196 0.02570684534309969 -0.0046332387832546873 0.015765027360164625 -0.036749475320097973 0.052881732914453007 -0.030111866326638165 0.046275423282860356 -0.015955402614497165 0.074587525899179538 0.054879952629322992 0.0025580845298305162 -0.031840541667081092 -0.0029036479569168336 0.020509935458490169 0.038149242395087199 0.068474567827612798 0.015136603100242408
leaf_weight=255.26601031422615 999.06960155069828 511.30827066302299 653.02808701992035 367.87034672498703 888.77126178145409 181.46119721233845 959.85931290686131 1059.0719421058893 801.08176060020924 262.95291350781918 2266.2516631484032 145.72038738429546 1044.6616145372391 561.11390250921249 240.21903213858604 160.29535405337811 2194.2139682918787 497.58435441553593 729.63876296579838 611.75957646965981 516.08560226857662 1502.3176787495613 499.56574903428555 1174.8006752729416 739.88937109708786 1053.4837045371532 139.39341714978218 1203.9638361781836 444.72249758243561 400.11266206204891
leaf_count=1158 4961 2212 2672 1483 3670 740 4278 4782 3243 1135 11958 583 4340 2277 1038 667 10596 2010 3466 2454 2313 6064 2013 4958 3543 4525 566 4840 1809 1650
internal_value=0.00105867 0.010179 0.0246524 0.00892691 0.038511 0.0441024 -0.0172683 -0.00502337 0.0576107 -0.014804 -0.0498304 0.0439347 -0.00204144 0.0263786 -0.0351687 -0.0125723 -0.0298694 0.0642736 -0.031942 0.0337893 -0.0234743 0.0663275 0.0696695 0.00815076 -0.0232751 -0.00930605 0.0414941 0.0341938 0.0631627 0.00817908
internal_weight=23065.5 19560 12806.8 5999.32 6807.46 6135.86 6753.21 4289.86 3482.01 2462.03 3505.54 1709.47 3058 2653.85 1239.29 671.604 3695.2 2680.93 3439.94 1119.02 1245.72 2499.47 2001.88 1827.83 1798.96 2013.34 751.153 1765.08 590.443 663.066
internal_count=102004 84047 53371 25635 27736 24857 30676 18740 14070 11110 17957 6895 13143 10787 5999 2879 17533 10827 16375 4503 5779 10087 8077 7630 8325 8803 3020 7117 2392 2785
is_linear=0
shrinkage=0.05


Tree=10
num_leaves=31
num_cat=0
split_feature=1 1 1 0 1 0 0 0 1 1 0 1 0 0 1 1 0 1 1 1 0 1 0 1 1 0 0 1 1 1
split_gain=3948.6 2785.06 869.42 1106.69 745.898 464.245 414.187 359.02 213.108 203.627 166.764 149.417 115.976 99.2234 81.5393 71.5986 71.2909 71.0132 52.3626 48.2654 47.487 44.331 41.6603 41.5991 39.1044 33.2492 31.998 29.688 25.169 18.5253
threshold=36.831210000000006 -0.27649149999999995 17.759863000000003 101.147845 8.2783675000000017 87.023685000000015 77.661915000000008 91.122125000000011 15.164761000000002 27.684526500000004 96.585910000000013 43.160387000000007 106.11286000000003 100.91538000000001 -6.2120219999999993 4.567218500000001 83.267410000000012 14.260031500000002 -53.860727499999989 19.958431000000001 82.371305000000021 9.880431500000002 99.405805000000015 14.260031500000002 21.948019000000006 94.631550000000018 82.133815000000013 30.443805000000001 -7.294513499999999 16.357406500000003
decision_type=2 2 2 2 2 2 2 2 2 2 2 2 2 2 2 2 2 2 2 2 2 2 2 2 2 2 2 2 2 2
left_child=1 7 4 9 5 26 17 18 16 19 -11 13 24 -2 -9 25 -8 -6 -1 -4 -20 -18 -21 -23 -5 -7 -3 -26 -22 -10
right_child=11 2 3 12 6 15 8 14 29 10 -12 -13 -14 -15 -16 -17 21 -19 20 22 28 23 -24 -25 27 -27 -28 -29 -30 -31
leaf_value=-0.01621957168778293 -0.039154526972099007 -0.026972813958854286 0.0166028523397341 0.02122662642161045 -0.017209105112947869 0.0030111196023773577 0.030123582998353455 -0.011668784488752117 0.041101599481976989 -0.027113479787523122 0.0070201231183300798 -0.056209038021164663 0.06385498211561684 0.0080549357659658802 0.0062467723728485977 0.034364446247922321 0.050748753698815242 0.026366754170181524 -0.034793247851489281 -0.0024032861995151268 -0.027402679680648176 0.069997158855170258 0.019088551064934553 0.050739714147306825 0.04710624999662702 0.021881503559277263 -0.0038143951888316482 0.025462497615868104 -0.01621957168778293 0.027318007492907821
leaf_weight=332.54784362018108 858.10468344390392 487.23789225518703 590.93086692690849 369.84759023785591 244.4138548374176 280.6748578697443 177.36685781180859 1491.3785544484854 444.30280862748623 1320.6284238398075 490.82101744413376 2358.8262880444527 481.08240577578545 127.88783383369446 1106.1700348258018 1278.5575140863657 574.78303354978561 146.95448742806911 2167.7572644203901 1711.8322792947292 814.61040270328522 1579.0513089299202 229.39926412701607 340.98945730924606 558.60266481339931 1055.8876018375158 214.96381114423275 221.16593688726425 305.87125428020954 540.09792512655258
leaf_count=1536 4285 2113 2411 1488 1049 1166 720 6581 1790 6287 2072 12774 1968 539 4636 5151 2321 608 10656 7368 3879 6377 936 1370 2242 4286 890 894 1371 2182
internal_value=0.000825579 0.00941122 0.0222935 0.0081204 0.0337899 0.0162131 0.0481941 -0.0182238 0.0534266 -0.00506525 -0.0178648 -0.0493766 0.0432423 -0.0330312 -0.00403942 0.0259056 0.0607529 -0.000693084 -0.0283997 0.00409126 -0.0304734 0.0629304 0.000282605 0.0665771 0.0346165 0.0178139 -0.0198834 0.0409674 -0.0221158 0.0335391
internal_weight=22902.7 19557.9 13339.6 5974.31 7365.28 3317.32 4047.96 6218.34 3656.59 4343.61 1811.45 3344.82 1630.7 985.993 2597.55 2615.12 2672.19 391.368 3620.79 2532.16 3288.24 2494.82 1941.23 1920.04 1149.62 1336.56 702.202 779.769 1120.48 984.401
internal_count=101946 84348 55689 25666 30023 13606 16417 28659 14760 19074 8359 17598 6592 4824 11217 10603 10788 1657 17442 10715 15906 10068 8304 7747 4624 5452 3003 3136 5250 3972
is_linear=0
shrinkage=0.05


Tree=11
num_leaves=31
num_cat=0
split_feature=1 1 0 1 0 0 1 1 0 1 1 1 1 0 0 1 1 0 1 1 0 0 1 1 1 0 1 0 1 1
split_gain=3658.27 2517.59 795.711 1086.21 404.14 273.613 182.317 136.201 111.578 106.188 101.899 84.1779 109.636 113.918 81.1645 75.8252 53.5712 48.9828 44.0928 41.9369 25.0657 24.164 22.4791 21.9162 19.5434 17.8974 16.4578 16.0286 12.6211 10.8545
threshold=36.831210000000006 -2.0786639999999994 100.37770500000001 20.474534000000002 71.403535000000019 93.264290000000017 6.7407555000000006 44.465817000000008 97.890790000000024 3.7995745000000003 28.868387000000002 14.260031500000002 20.474534000000002 103.62818500000002 101.81990500000002 8.5095730000000014 -58.220447499999999 80.903885000000017 -10.436647499999998 14.260031500000002 94.871545000000012 106.31403500000002 -10.436647499999998 3.5382615000000004 13.097009000000002 95.342580000000012 24.556618500000003 104.02382000000001 -41.870221999999991 30.114464000000005
decision_type=2 2 2 2 2 2 2 2 2 2 2 2 2 2 2 2 2 2 2 2 2 2 2 2 2 2 2 2 2 2
left_child=1 5 3 4 19 16 23 14 10 -4 26 15 -13 29 25 -11 -1 28 -7 -3 -12 -15 -19 -6 -17 -2 -5 -20 -18 -14
right_child=7 2 9 8 6 18 -8 -9 -10 11 20 12 13 21 -16 24 17 22 27 -21 -22 -23 -24 -25 -26 -27 -28 -29 -30 -31
leaf_value=-0.015364338220884011 -0.042259379473837892 -0.030327862595793592 0.024217049434850327 -0.0024519757171022187 0.0016450372474658805 -0.013498692927374234 0.024217049434850327 -0.055368467036402837 0.0096318204391921403 0.036768881771952526 -0.029091098154165908 0.024217049434850327 0.033211305682061786 0.048526562172223113 0.0088785659689231723 0.061175887500371312 -0.028197923629973077 -0.026810353988126701 -0.00040275037738103111 0.0014404603222172214 -0.011771136319146336 0.06679206181857425 -0.015364338220884011 0.012811962687325104 0.043538496660859509 -0.027520308566925968 -0.0114887272559379 0.014998564510601352 -0.036159085343263002 0.024217049434850327
leaf_weight=254.15234433114529 729.13412295281887 355.87645390629768 729.557825922966 823.0986005961895 1132.9872307926416 710.74898460507393 3242.1210882812738 2148.3480664342642 573.73132911324501 793.70470730960369 967.8696566671133 991.04962337017059 495.52479586005211 404.919119104743 101.1056092530489 774.63971431553364 342.4488183259964 961.25609678030014 970.96617919206619 134.3527833968401 266.38827465474606 327.53612989187241 536.32606080174446 717.70577146112919 197.0055790990591 287.04825893044472 792.60386611521244 204.51872807741165 1610.8801517784595 206.83016185462475
leaf_count=1166 3809 1604 2949 3498 4761 3160 13117 12020 2383 3178 4721 3977 1988 1637 424 3180 1695 4624 4143 557 1200 1364 2451 2944 796 1370 3566 859 8098 837
internal_value=0.000976833 0.00917178 0.0205495 0.0117158 0.024217 -0.0191693 0.024217 -0.0480046 -0.0104858 0.0367183 -0.0145358 0.0399277 0.0338829 0.0428983 -0.0338451 0.0482342 -0.0270612 -0.0289916 -0.00366749 -0.0213361 -0.025353 0.0566944 -0.0221883 0.00597561 0.0575998 -0.0380959 -0.00627237 0.00227687 -0.0342075 0.028511
internal_weight=22784.4 19518.8 13927.5 9006.74 5583.04 5591.3 5092.81 3265.64 3423.69 4920.77 2849.96 4191.21 2425.86 1434.81 1117.29 1765.35 3705.06 3450.91 1886.23 490.229 1234.26 732.455 1497.58 1850.69 971.645 1016.18 1615.7 1175.48 1953.33 702.355
internal_count=102076 84453 58257 38351 22983 26196 20822 17623 15368 19906 12985 16957 9803 5826 5603 7154 18034 16868 8162 2161 5921 3001 7075 7705 3976 5179 7064 5002 9793 2825
is_linear=0
shrinkage=0.05


Tree=12
num_leaves=31
num_cat=0
split_feature=1 1 1 0 0 1 0 1 0 1 1 1 0 1 0 0 1 1 0 1 1 0 1 1 1 1 0 1 0 0
split_gain=3399.99 2457.74 797.601 820.635 599.478 455.944 452.973 229.215 138.28 133.966 117.941 113.585 159.219 105.244 77.8211 70.3514 56.9944 47.0215 44.3867 38.7458 34.55 56.5347 31.9908 30.9426 26.347 25.7637 24.0735 20.7781 16.2099 15.403
threshold=34.741900500000007 1.3600800000000002 17.295331500000007 102.04927000000002 78.809185000000014 8.5095730000000014 90.414470000000009 41.38483200000001 99.729785000000021 15.164761000000002 -7.294513499999999 27.684526500000004 96.697305000000014 13.553831000000002 93.003945000000016 104.74346500000001 -58.220447499999999 10.115368500000002 82.133815000000013 22.755851500000002 19.958431000000001 99.405805000000015 -10.436647499999998 51.601718000000012 14.007322500000003 21.948019000000006 97.57407000000002 3.7995745000000003 69.152480000000011 94.128095000000016
decision_type=2 2 2 2 2 2 2 2 2 2 2 2 2 2 2 2 2 2 2 2 2 2 2 2 2 2 2 2 2 2
left_child=1 6 4 11 13 14 16 8 29 17 -8 20 -13 28 -6 25 -1 -7 -18 -17 -4 -22 -20 -9 -19 -5 -12 -16 -3 -2
right_child=7 2 3 15 5 9 10 23 -10 -11 26 12 -14 -15 27 19 18 24 22 -21 21 -23 -24 -25 -26 -27 -28 -29 -30 -31
leaf_value=-0.014123318584809273 -0.038139687125042239 -0.031379337051509353 0.013206512737317523 0.020402082735090591 0.015335154714628095 0.045345122843529831 -0.011891536186168637 -0.045962606796773782 0.0099895026218817275 0.033847527066473544 -0.00021120010618926361 -0.023853006954150026 0.010864788265112647 0.015335154714628095 0.022270304957140885 0.041879849584220197 -0.033119165002173781 0.064413271995679713 -0.026991530580108693 0.063980590244685553 -0.0030493911721139479 0.018798318661728295 -0.014123318584809273 -0.057244128000758503 0.050497459702663887 0.038179977747957894 0.012117343811403371 0.03267431974065476 -0.013500528376130914 -0.024094344170999503
leaf_weight=251.21897155046463 631.92892642319202 203.72677418589592 767.1404544711113 230.06070658564568 609.56166757643223 614.23385462164879 1397.8664348423481 1084.430111899972 224.54569616913795 792.42004996538162 619.41392281651497 1037.0526602715254 484.53630939126015 170.92262424528599 588.16767272353172 337.82264429330826 2257.1144244521856 1487.2064444422722 627.37515096366405 390.40220777690411 1693.8683461248875 358.82986308634281 470.99640001356602 1382.871070086956 440.99764139950275 412.19894178211689 1097.6341812610626 1333.9574419856071 335.64908318221569 282.44615337252617
leaf_count=1159 3286 923 3112 923 2505 2494 6255 6030 943 3184 2633 4983 2008 705 2380 1370 11372 6049 3082 1637 7302 1451 2135 8013 1769 1655 4536 5360 1433 1358
internal_value=0.00078948 0.00923305 0.0225292 0.0088605 0.0344003 0.0396529 -0.0150755 -0.0437212 -0.0251675 0.051798 -0.0011086 -0.00178767 -0.0127974 -0.00898262 0.0236548 0.0425918 -0.027138 0.0573928 -0.0291076 0.0532306 0.00415321 0.000769782 -0.0208639 -0.0522857 0.0612306 0.0305291 0.0076699 0.0292055 -0.0202535 -0.0338011
internal_weight=22616.6 19010.4 12288.8 5711.91 6576.84 5866.54 6721.62 3606.22 1138.92 3334.86 3114.91 4341.43 1521.59 710.298 2531.69 1370.48 3606.7 2542.44 3355.49 728.225 2819.84 2052.7 1098.37 2467.3 1928.2 642.26 1717.05 1922.13 539.376 914.375
internal_count=102045 82415 51243 24441 26802 23741 31172 19630 5587 13496 13424 18856 6991 3061 10245 5585 17748 10312 16589 3007 11865 8753 5217 14043 7818 2578 7169 7740 2356 4644
is_linear=0
shrinkage=0.05


Tree=13
num_leaves=31
num_cat=0
split_feature=1 1 1 0 1 0 0 0 1 1 1 0 0 0 1 0 0 1 1 1 1 0 1 1 1 1 0 0 1 0
split_gain=3122.46 2172.63 655.542 832.953 654.755 397.67 359.345 286.904 153.826 145.165 115.774 135.499 93.0736 79.3441 73.4932 71.293 58.0329 94.1379 57.0871 50.2792 41.2999 50.9908 35.2887 33.4659 32.6787 31.0541 29.1114 20.9926 20.6413 19.4445
threshold=36.404865500000007 -0.86249949999999986 17.759863000000003 102.04927000000002 7.8331740000000005 87.205500000000015 73.775245000000027 93.264290000000017 30.759384000000001 44.465817000000008 15.392356500000002 82.133815000000013 101.71017000000002 95.794150000000016 9.6576005000000027 105.93683500000002 98.96912500000002 21.699859500000006 3.2632700000000008 -7.294513499999999 -58.220447499999999 80.669915000000017 14.4870885 -11.766539499999999 21.457533000000002 24.297458000000002 67.46600500000001 82.592715000000013 11.699244000000002 105.93683500000002
decision_type=2 2 2 2 2 2 2 2 2 2 2 2 2 2 2 2 2 2 2 2 2 2 2 2 2 2 2 2 2 2
left_child=1 7 4 8 5 27 26 20 16 12 11 28 -2 -10 -13 25 17 -4 -7 -9 -1 -22 -16 -23 -18 -5 -6 -3 -8 -20
right_child=9 2 3 15 6 18 10 19 13 -11 -12 14 -14 -15 22 -17 24 -19 29 -21 21 23 -24 -25 -26 -27 -28 -29 -30 -31
leaf_value=-0.013477931537941641 -0.035641862714762565 -0.025638289721884963 0.0066651170708598162 0.022901892890268335 -0.026947178598792511 0.013398433268223984 0.016937263437482971 -0.009527420505640441 -0.029591894747665749 -0.053121039423711505 0.030815878770758306 0.03983127046819071 0.011619277491803956 -0.00081264651299153834 0.061772312349880509 0.056772748093874226 0.0066651170708598162 -0.0084561446983264059 0.02583451247685788 0.005850713559955107 -0.031934065661539897 -0.025910812093691296 0.044317076157276647 -0.013477931537941641 0.01909617495646079 0.042043759322232754 0.005540958055335758 -0.0068699369484681878 0.035605501106707536 0.041587060513790325
leaf_weight=256.40113131701946 1044.1000027805567 508.74712201952934 888.14932735264301 409.0491446107626 154.24791003763676 1133.9466253221035 132.67978996038437 1087.9656416028738 710.98107813298702 2019.5869751870632 924.42413508892059 667.86760056018829 115.71941637992859 361.1476014405489 1747.1728637963533 489.85291786491871 224.49068787693977 1810.3763805925846 1246.492707118392 1039.2361044734716 1953.1030538976192 887.4998212903738 347.06886665523052 708.97049513459206 463.17756414413452 439.56904399394989 124.69519251585007 210.69023871421814 125.03181718289852 232.42869336903095
leaf_count=1189 5502 2248 3661 1645 674 4625 542 4827 3578 11997 3713 2706 485 1537 7141 2063 909 8049 5021 4351 10078 4367 1391 3268 1874 1779 536 874 506 933
internal_value=0.000885475 0.00845423 0.0196412 0.00699298 0.0293453 0.0127752 0.04242 -0.0167215 -0.00339199 -0.0450246 0.0462986 0.0510382 -0.0309264 -0.0198976 0.0542737 0.0415843 0.00183398 -0.00147031 0.0218387 -0.00201449 -0.0249414 -0.026516 0.0588795 -0.0198876 0.0148005 0.032817 -0.0124241 -0.0201419 0.0169373 0.0283102
internal_weight=22464.9 19285.5 13352.3 5796.79 7555.49 3332.31 4223.19 5933.18 4458.32 3179.41 3944.25 3019.82 1159.82 1072.13 2762.11 1338.47 3386.19 2698.53 2612.87 2127.2 3805.97 3549.57 2094.24 1596.47 687.668 848.618 278.943 719.437 257.712 1478.92
internal_count=102069 84085 56005 25095 30910 13701 17209 28080 19608 17984 15999 12286 5987 5115 11238 5487 14493 11710 10579 9178 18902 17713 8532 7635 2783 3424 1210 3122 1048 5954
is_linear=0
shrinkage=0.05


Tree=14
num_leaves=31
num_cat=0
split_feature=1 1 1 0 0 0 1 1 1 1 1 0 1 0 0 0 1 0 1 0 1 1 1 1 1 0 0 1 0 1
split_gain=2899.62 1927.95 697.909 678.225 516.996 396.165 370.433 151.628 148.01 137.13 129.698 89.9719 84.4017 82.8407 68.9449 66.1332 50.0665 42.6846 42.6799 84.8027 33.3399 32.0746 28.7155 26.5002 23.1496 21.2429 19.896 17.7015 16.901 16.025
threshold=36.404865500000007 1.3600800000000002 17.295331500000007 102.04927000000002 80.15958000000002 91.122125000000011 8.7348700000000026 15.164761000000002 29.811994500000001 44.465817000000008 12.179487500000002 101.93655500000001 -8.4008324999999981 95.342580000000012 104.74346500000001 96.249005000000011 -58.220447499999999 81.885040000000018 20.474534000000002 98.96912500000002 9.6576005000000027 -7.294513499999999 21.948019000000006 14.260031500000002 19.721826000000004 95.575195000000022 72.237370000000013 6.0289675000000011 95.342580000000012 24.556618500000003
decision_type=2 2 2 2 2 2 2 2 2 2 2 2 2 2 2 2 2 2 2 2 2 2 2 2 2 2 2 2 2 2
left_child=1 5 4 8 10 16 15 20 18 11 -3 28 -7 -10 22 -6 -1 -18 -4 29 -8 -19 -5 -22 -16 -14 -12 -17 -2 -20
right_child=9 2 3 14 6 12 7 -9 13 -11 26 -13 25 -15 24 27 17 21 19 -21 23 -23 -24 -25 -26 -27 -28 -29 -30 -31
leaf_value=-0.012676608071211426 -0.039225609811805374 -0.021304820434540642 0.012637744649275896 0.017695353313950207 0.014403772127964199 -0.011119695677000175 0.039250458963515346 0.028240160534379628 -0.026301975704588216 -0.052127910842085158 -0.0092985015480916543 0.010883745294016209 -0.0040121951992904059 -0.00027940647913361077 0.036954015130803312 0.023639168945053839 -0.030971462397962609 -0.025121691523841274 5.6303866890422734e-05 0.017695353313950207 0.058535759629588985 -0.012676608071211426 0.034031464111927208 0.043552114797568368 0.053136513592476703 0.0089427266116625086 0.014403772127964199 0.033986889307691968 -0.025199805064743265 -0.0091010545130277495
leaf_weight=249.95328743755817 733.44671361148357 542.54641614854336 918.45446452498436 230.88752618432045 884.0762805044651 1141.7663068324327 350.33099128305912 787.89357729256153 806.82083919644356 1956.0511981248856 124.36403794586658 118.42640489339828 403.81879392266273 492.52964062988758 171.60113127529621 1016.1971425563097 2168.5454173088074 825.14447139203548 911.2970856577158 476.33791743218899 1700.9488973468542 392.0429552346468 435.94206622242928 357.02841900289059 568.06893382966518 1462.3157259076834 129.75332874059677 696.61671835184097 303.72280563414097 1004.1922621577978
leaf_count=1165 4061 2384 3728 925 3603 5156 1431 3159 4089 11979 529 494 1728 2097 692 4084 11257 4100 3875 1926 7006 1762 1758 1433 2417 6066 525 2806 1496 4553
internal_value=0.000722318 0.00796133 0.0194488 0.00713593 0.0306898 -0.0138356 0.0358833 0.04728 -0.00213738 -0.0440601 -0.00707579 -0.030404 -0.000411983 -0.0164379 0.0375281 0.0218565 -0.0249412 -0.0267654 0.00347585 -4.22855e-05 0.0535091 -0.0192719 0.025869 0.0559363 0.048039 0.00613937 0.0144038 0.0278477 -0.0351183 -0.00474443
internal_weight=22361.1 19249.5 12605.9 6016.13 6589.76 6643.59 5793.09 3196.2 4609.63 3111.65 796.664 1155.6 3007.9 1299.35 1406.5 2596.89 3635.69 3385.73 3310.28 2391.83 2408.31 1217.19 666.83 2057.98 739.67 1866.13 254.117 1712.81 1037.17 1915.49
internal_count=102284 84254 53020 26060 26960 31234 23522 13029 20268 18030 3438 6051 12950 6186 5792 10493 18284 17119 14082 10354 9870 5862 2683 8439 3109 7794 1054 6890 5557 8428
is_linear=0
shrinkage=0.05


Tree=15
num_leaves=31
num_cat=0
split_feature=1 1 0 1 1 0 0 1 0 0 1 1 1 1 0 1 1 0 0 1 0 0 1 0 1 1 1 1 1 0
split_gain=2716.08 1734.91 468.595 691.865 324.489 181.795 172.386 148.213 93.692 91.3716 80.7253 65.9854 99.0772 98.4376 78.2714 47.6147 39.3433 38.8582 37.2719 21.6424 17.2146 15.4898 16.229 14.3604 12.7541 12.4339 12.1766 15.1621 11.7342 10.8674
threshold=35.985189000000013 -3.0679349999999994 100.91538000000001 19.958431000000001 5.804275500000001 84.937825000000018 94.501740000000026 43.79700350000001 98.549400000000006 98.325540000000004 27.684526500000004 6.0289675000000011 13.097009000000002 19.721826000000004 106.31403500000002 -58.220447499999999 8.7348700000000026 94.987440000000007 85.352210000000014 -10.436647499999998 102.89042500000001 88.871230000000011 2.6990795000000003 101.93655500000001 56.169397500000009 -11.766539499999999 23.259810500000004 31.096620500000004 24.043171500000003 82.133815000000013
decision_type=2 2 2 2 2 2 2 2 2 2 2 2 2 2 2 2 2 2 2 2 2 2 2 2 2 2 2 2 2 2
left_child=1 6 3 4 5 29 15 9 10 -2 28 -4 16 -14 20 -1 -13 -12 -17 -8 -15 -7 -23 -11 -9 -20 -10 -28 -5 -3
right_child=7 2 11 8 -6 21 19 24 26 23 17 12 13 14 -16 18 -18 -19 25 -21 -22 22 -24 -25 -26 -27 27 -29 -30 -31
leaf_value=-0.01291187858778174 -0.036092979706031057 -0.026422133159369865 0.020309625993259309 0.00040664528922849735 0.020309625993259309 -0.0035734727614223968 -0.010290635286868332 -0.047001385015119551 0.00040664528922849735 -0.012917029687317175 -0.024652398293010316 0.034361124449586465 0.020309625993259309 0.02276392111390237 0.057921252219028885 -0.028658467689325132 0.053650112485914038 -0.0051746144815194755 -0.022267959021281827 0.0019161913752010727 0.035764335749309602 0.0074518509805264078 0.019085467432382316 0.010391897658021954 -0.055031385323897147 -0.01291187858778174 0.020309625993259309 0.0013284400629683904 -0.0077814186499547983 -0.0093125376278436912
leaf_weight=246.8560578674078 870.90578500926495 472.87866550683975 1060.7134481966496 865.48637875914574 3830.9281511008739 188.12865369021893 599.06384366750717 1028.4501989483833 147.10669192671776 151.27810129523277 1004.6519739031792 443.34324316680431 1007.8084686845541 451.87665715813637 334.16526217758656 2225.8230274617672 654.80928112566471 343.64868557453156 654.13422772288322 921.91370758414268 583.38006526231766 803.84150639176369 478.06695793569088 117.32784590125084 952.42796385288239 517.08832207322121 291.55750334262848 128.21841533482075 718.60367976129055 115.47081649303436
leaf_count=1156 4826 2192 4274 3668 15575 795 2693 6400 603 702 5054 1796 4083 1813 1469 11760 2832 1523 3220 3925 2391 3330 1933 486 6075 2384 1184 530 3205 494
internal_value=0.000650136 0.0077194 0.0168995 0.010524 0.0203096 0.000423718 -0.0170305 -0.0425974 -0.00709868 -0.02823 -0.0106959 0.0300953 0.0334417 0.0277038 0.0368812 -0.0229321 0.0458628 -0.019688 -0.0248593 -0.00289168 0.0300898 0.00982422 0.0117904 -0.00273562 -0.0508623 -0.0176394 0.0115092 0.0158657 -0.00304227 -0.0230642
internal_weight=22210 19089.6 13924.7 9388.59 5889.31 2058.39 5164.88 3120.39 3499.27 1139.51 2932.39 4536.1 3475.38 2377.23 1369.42 3643.9 1098.15 1348.3 3397.05 1520.98 1035.26 1470.04 1281.91 268.606 1980.88 1171.22 566.883 419.776 1584.09 588.349
internal_count=102371 83882 58744 40086 24319 8744 25138 18489 15767 6014 13450 18658 14384 9756 5673 18520 4628 6577 17364 6618 4204 6058 5263 1188 12475 5604 2317 1714 6873 2686
is_linear=0
shrinkage=0.05


Tree=16
num_leaves=31
num_cat=0
split_feature=1 1 1 0 0 1 0 1 1 1 1 0 0 0 1 1 1 0 0 0 1 1 0 0 1 1 0 1 1 1
split_gain=2482.23 1604.2 624.001 652.853 439.791 380.754 269.214 164.268 116.364 100.055 83.6136 76.6697 70.4814 64.9625 62.7246 62.5294 53.0591 50.7729 43.7566 40.7736 34.659 33.1753 47.4295 30.5746 28.5582 22.8635 59.9671 22.559 22.1546 15.1323
threshold=37.738118000000007 0.55094750000000003 17.539817500000002 102.89042500000001 78.238170000000011 8.5095730000000014 88.563000000000002 31.096620500000004 15.392356500000002 44.465817000000008 13.553831000000002 94.631550000000018 97.343340000000012 99.842955000000018 22.488046000000004 -7.6324449999999997 -41.870221999999991 99.071795000000023 107.43079000000002 97.234315000000009 22.755851500000002 10.115368500000002 91.808785000000015 80.669915000000017 4.3217105000000009 14.007322500000003 84.937825000000018 -7.294513499999999 21.948019000000006 29.811994500000001
decision_type=2 2 2 2 2 2 2 2 2 2 2 2 2 2 2 2 2 2 2 2 2 2 2 2 2 2 2 2 2 2
left_child=1 6 4 7 10 11 16 13 21 17 -3 -6 -9 14 -4 -8 -1 -2 20 -16 -5 22 -7 -18 -13 26 -23 -25 -15 -22
right_child=9 2 3 18 5 8 15 12 -10 -11 -12 24 -14 28 19 -17 23 -19 -20 -21 29 25 -24 27 -26 -27 -28 -29 -30 -31
leaf_value=-0.013584127835500831 -0.035664491493985977 -0.01937745981120037 0.0083263664968584918 0.021862496733328199 0.011201522827639207 0.011689033236683521 -0.010635821410341903 -0.025463938976116887 0.02642596977996858 -0.050200087277816829 0.011201522827639207 0.017679215738690385 0.0010006226881130737 0.0083263664968584918 -0.0096480658528139054 0.0034339482145196126 -0.031351387769748294 -0.0054663551607241432 0.056110628242508509 0.0083263664968584918 0.044947505024391328 0.022005852419619436 0.045370781256397576 -0.025514991984712489 0.029338312708510946 0.042582600435697331 0.057699862682545913 -0.013584127835500831 0.018608456602174424 0.029797515103597003
leaf_weight=610.16793529689312 703.51963296532631 551.33726198971272 1194.6783521622419 358.55091068148613 840.73730129003525 134.07362063229084 1495.6968041062355 887.87167656421661 803.51543919742107 1846.4939722567797 166.3096906542778 838.14133687317371 351.06128437817097 268.30622176826 1468.8296391665936 1672.9322790205479 1612.7708700597286 173.52271296083927 293.42603120207787 357.53984551131725 329.52796737849712 129.07695758342743 474.16694191098213 610.06901726126671 1133.9753452986479 549.77730809152126 1331.3982080817223 250.12452282011509 431.79281333088875 182.49852184951305
leaf_count=3089 4014 2462 4922 1460 3443 537 6895 4649 3221 12040 683 3374 1482 1078 6702 7027 8682 773 1285 1486 1395 518 1977 3133 4572 2217 5593 1159 1734 754
internal_value=0.00109355 0.00739061 0.0173505 0.00571288 0.0276015 0.0318679 -0.0134422 -0.00219555 0.0430703 -0.0435953 -0.00946488 0.0182395 -0.017965 0.0030548 -0.000125473 -0.00320744 -0.0239608 -0.0296898 0.0394125 -0.00595719 0.0337844 0.0481779 0.0379464 -0.0272911 0.0241569 0.0512736 0.0545452 -0.0196786 0.0167782 0.0421328
internal_weight=22051.9 19328.4 13076.6 6124.08 6952.51 6234.86 6251.76 4960.08 3422.01 2723.54 717.647 2812.85 1238.93 3721.15 3021.05 3168.63 3083.13 877.042 1164 1826.37 870.577 2618.49 608.241 2472.96 1972.12 2010.25 1460.48 860.194 700.099 512.026
internal_count=102356 85529 55544 26947 28597 25452 29985 22053 14063 16827 3145 11389 6131 15922 13110 13922 16063 4787 4894 8188 3609 10842 2514 12974 7946 8328 6111 4292 2812 2149
is_linear=0
shrinkage=0.05


Tree=17
num_leaves=31
num_cat=0
split_feature=1 1 1 1 1 0 0 0 0 1 0 1 1 1 0 0 0 1 1 1 0 0 0 1 1 0 0 1 0 1
split_gain=2303.72 1410.45 423.396 268.812 471.31 335.822 255.894 239.567 224.452 150.197 120.784 85.8833 76.7331 75.1483 66.5982 54.933 52.3326 51.5013 50.9815 46.7138 43.6654 39.5635 36.6718 33.3849 30.3752 26.841 26.5047 25.2103 19.8271 18.791
threshold=37.738118000000007 -3.4101339999999998 30.114464000000005 6.0289675000000011 16.105218500000003 78.809185000000014 103.37742000000001 82.371305000000021 97.343340000000012 9.4328050000000001 88.058325000000011 46.477814000000002 20.474534000000002 17.759863000000003 99.619260000000011 101.71017000000002 103.49868500000001 14.260031500000002 21.699859500000006 -44.338412999999996 91.536440000000013 84.323730000000026 69.152480000000011 21.948019000000006 11.475824000000001 97.57407000000002 98.218310000000017 -10.436647499999998 80.432445000000016 3.2632700000000008
decision_type=2 2 2 2 2 2 2 2 2 2 2 2 2 2 2 2 2 2 2 2 2 2 2 2 2 2 2 2 2 2
left_child=1 10 3 7 5 22 13 -3 -4 20 19 15 -8 -6 18 -2 -10 21 -15 -1 -7 -11 -5 -16 -24 -9 -20 -12 -21 -27
right_child=11 2 8 4 6 9 12 25 16 17 27 -13 -14 14 23 -17 -18 -19 26 28 -22 -23 24 -25 -26 29 -28 -29 -30 -31
leaf_value=-0.015379078332978455 -0.035361515291365213 -0.025947917350024927 -0.023016943230951735 -0.024302690513799838 0.020674470723937518 0.016494711572309612 0.020674470723937518 0.0056987908812091079 0.0058507690525432792 0.024554814331922636 -0.012991387102976572 -0.049982674842832198 0.046564226617749192 0.0083276337989488906 0.0083276337989488906 0.0030513675591500155 0.038017441851027553 0.035344065806535117 -0.0071552898385443446 -0.030205358978417075 0.031189395530638556 0.053312737247174294 -0.0096027087317150095 0.020674470723937518 0.016494711572309612 0.011742690379186871 0.0083276337989488906 -0.0025317175338240329 -0.019897238678266621 0.022975258117840069
leaf_weight=536.33604077994823 946.83664156496525 502.35729040205479 1035.1430986076593 174.75532856583595 531.78506131470203 281.40767082571983 409.85167206823826 1144.6940554827452 444.51667581498623 128.92175552248955 1109.9985245019197 1602.5532266497612 583.46336621046066 938.79123884439468 309.65475890040398 103.2182789593935 176.71055421233177 714.45766384899616 1577.616122379899 1431.8016383051872 1053.5302413851023 1653.4724259078503 145.89748598635197 482.05916227400303 123.95415043830872 1061.7691327929497 200.65991286933422 1197.6449030190706 691.91869129240513 573.4127195328474
leaf_count=2710 5553 2371 5418 784 2135 1133 1662 4764 1858 517 5224 10822 2544 3849 1244 447 748 2877 7092 7905 4296 6997 621 1941 509 4299 823 5205 3566 2307
internal_value=0.000978693 0.007008 0.0150063 0.0181322 0.0224697 0.0346752 0.0121009 0.00582852 -0.0087583 0.039448 -0.0159336 -0.0427001 0.0348375 0.00651143 0.00380627 -0.0315856 0.0150007 0.0466862 8.78633e-05 -0.0231952 0.0259096 0.0512327 -0.00645855 0.0165674 0.00509727 0.0115709 -0.00491658 -0.00756292 -0.0268469 0.0156816
internal_weight=21869.2 19216.6 14248.9 12592.5 9310.28 4276.4 5033.88 3282.23 1656.37 3831.79 4967.7 2652.61 993.315 4040.57 3508.78 1050.05 621.227 2496.85 2717.07 2660.06 1334.94 1782.39 444.607 791.714 269.852 2779.88 1778.28 2307.64 2123.72 1635.18
internal_count=102221 85399 60789 52765 39024 17734 21290 13741 8024 15820 24610 16822 4206 17084 14949 6000 2606 10391 11764 14181 5429 7514 1914 3185 1130 11370 7915 10429 11471 6606
is_linear=0
shrinkage=0.05


Tree=18
num_leaves=31
num_cat=0
split_feature=1 1 1 1 1 0 0 0 1 0 0 1 1 0 1 0 0 0 1 0 1 1 0 1 1 0 1 0 0 1
split_gain=2137.29 1302.81 398.189 236.982 374.815 308.377 298.231 201.827 171.879 169.265 124.451 87.2324 64.052 48.6201 47.2502 44.5389 43.6584 41.5893 41.3712 40.8515 44.0766 30.8897 27.8781 27.3939 29.9537 26.2258 33.5136 25.6743 19.155 18.9028
threshold=37.738118000000007 -3.7598809999999996 29.811994500000001 4.567218500000001 17.058564500000003 76.16335500000001 103.37742000000001 97.234315000000009 8.7348700000000026 82.371305000000021 92.62157000000002 46.477814000000002 15.392356500000002 104.74346500000001 20.474534000000002 84.113545000000016 89.032890000000023 102.15991500000003 -46.88710249999999 100.37770500000001 20.474534000000002 24.297458000000002 91.265895000000015 14.260031500000002 10.115368500000002 64.182775000000007 10.5517035 80.669915000000017 97.890790000000024 24.842162500000004
decision_type=2 2 2 2 2 2 2 2 2 2 2 2 2 2 2 2 2 2 2 2 2 2 2 2 2 2 2 2 2 2
left_child=1 10 3 9 5 25 19 -4 16 -3 18 17 15 -9 -8 -10 -7 -2 -1 20 -6 -21 -11 24 -17 -5 -27 -20 29 -22
right_child=11 2 7 4 6 8 14 13 12 22 -12 -13 -14 -15 -16 23 -18 -19 27 21 28 -23 -24 -25 -26 26 -28 -29 -30 -31
leaf_value=-0.013031748512472669 -0.033622049158027315 -0.024320136851590218 -0.021722898099087454 -0.029422862762151444 0.008726422462927973 0.011829282084304178 0.02122460577847312 0.0068246725410307189 0.024001391587995705 -0.0021582489502174613 -0.0046569024975256007 -0.049286584704458063 0.026508979477886465 0.041212294697146226 0.045650817993230251 0.038048297977778041 0.024984496657692826 0.0020143715850412022 -0.028357906731287019 0.008726422462927973 0.00075028293855081054 0.020629205227174496 0.012303923108039688 0.035200003526462909 0.052611199922310115 -0.015873262862380465 0.011829282084304178 -0.018612208767125177 0.0077763430016782225 -0.0096946886878923801
leaf_weight=464.85798534750938 939.66534422338009 430.24016831815243 1061.8395799100399 125.88168077170849 875.01539392769337 266.00281345844269 307.29342432320118 540.74084910750389 245.895652115345 402.68487322330475 1698.1054127961397 1552.9415216445923 639.78788660466671 126.91570261120796 556.58306610584259 471.73889750242233 1356.285101339221 89.685779705643654 1505.5046050846577 407.26111181080341 871.2658619582653 246.388606518507 1931.7814103513956 405.41389018297195 1403.9809008091688 149.31848944723606 157.73948477208614 1226.2199702560902 393.60301865637302 861.43985679745674
leaf_count=2340 5603 2084 5610 571 3536 1086 1252 2254 990 1721 7516 10828 2567 554 2456 1985 5494 387 8435 1633 3722 994 7860 1643 6017 667 665 6204 1613 4005
internal_value=0.00089286 0.00665652 0.0143079 0.0174177 0.0210846 0.0302084 0.0105411 -0.00817889 0.0338616 0.00449809 -0.0155957 -0.0418047 0.0406412 0.0133615 0.0369621 0.0442192 0.0206273 -0.0305171 -0.0214066 0.00429635 0.00182947 0.0156234 0.00980926 0.0463986 0.0489487 -0.010203 -0.00232366 -0.0239832 -0.00218073 -0.00444259
internal_weight=21712.1 19129.8 14235.1 12505.6 9740.9 5222.04 4518.85 1729.5 4789.11 2764.71 4894.69 2582.29 3166.82 667.657 863.876 2527.03 1622.29 1029.35 3196.58 3654.97 3001.32 653.65 2334.47 2281.13 1875.72 432.94 307.058 2731.72 2126.31 1732.71
internal_count=102292 85474 60979 52561 40896 21685 19211 8418 19782 11665 24495 16818 13202 2808 3708 10635 6580 5990 16979 15503 12876 2627 9581 9645 8002 1903 1332 14639 9340 7727
is_linear=0
shrinkage=0.05


Tree=19
num_leaves=31
num_cat=0
split_feature=1 1 0 1 1 0 0 1 0 1 1 1 1 0 0 1 0 1 0 0 0 1 1 0 1 1 1 1 0 1
split_gain=2010.21 1175.32 330.087 504.568 246.901 176.099 122.033 116.591 77.8917 63.9416 77.9765 84.3521 61.2303 60.5781 48.1672 33.6906 28.2324 26.9448 20.2634 18.5994 16.9405 16.9772 15.8166 12.0812 11.8429 11.0438 13.8226 10.8687 10.5755 10.3097
threshold=36.831210000000006 -3.4101339999999998 101.36771500000002 20.474534000000002 7.4040830000000009 84.525195000000011 94.501740000000026 44.465817000000008 97.234315000000009 6.0289675000000011 13.097009000000002 22.755851500000002 27.684526500000004 98.762390000000025 104.74346500000001 -53.860727499999989 80.669915000000017 8.9645635000000023 109.13606000000001 94.250140000000016 91.396525000000011 2.6990795000000003 30.114464000000005 105.93683500000002 57.089142000000002 32.467588000000006 23.515903500000004 -9.1881969999999988 98.549400000000006 -34.219322999999996
decision_type=2 2 2 2 2 2 2 2 2 2 2 2 2 2 2 2 2 2 2 2 2 2 2 2 2 2 2 2 2 2
left_child=1 6 3 4 5 -3 15 13 12 -4 17 18 -5 -2 22 -1 29 -11 -12 -14 -7 -22 -13 -8 -9 26 -10 -18 -28 -17
right_child=7 2 9 8 -6 20 23 24 25 10 11 14 19 -15 -16 16 27 -19 -20 -21 21 -23 -24 -25 -26 -27 28 -29 -30 -31
leaf_value=-0.010861348083133443 -0.032671371133911158 -0.019621696830420508 0.017436176494911023 -0.0030021183521108789 0.017436176494911023 0.0013686718512721837 -0.0036347468836552795 -0.043741643577439648 -0.0016484126310339416 0.031959097800241996 0.017436176494911023 0.032402076728049019 -0.021552558887090213 -0.0031160768837171452 0.049400910091537166 -0.02118988063455518 -0.01917386979992006 0.048644691067387016 0.036680650606215053 -0.0068130322730988501 0.0073931629048690582 0.017436176494911023 0.017436176494911023 0.012611572200615546 -0.052142642201673174 -0.0021842313306150696 0.0024232328778611475 -0.010861348083133443 0.017436176494911023 -0.028570198417787719
leaf_weight=318.93735349178314 771.57322211563587 686.91445264220238 1022.0801927447319 1318.3948046267033 3599.2075040340424 456.96198259294033 1333.663930028677 912.22706285119057 223.5684057623148 438.3575028181076 1120.3569724857807 344.73800104856491 996.71363985538483 223.62305188179016 383.15226273238659 468.63386707007885 1089.270202845335 540.01955090463161 146.16622573137283 272.55563461780548 804.297402754426 698.32160495221615 170.24319721758366 125.16990292072296 776.67044292390347 176.53499935567379 163.53658506274223 450.60106638073921 388.07764391601086 1134.3718840479851
leaf_count=1562 4646 3210 4123 5786 14736 1910 5859 6441 920 1815 4617 1416 5247 1010 1766 2623 5596 2506 622 1310 3300 2809 688 537 5651 751 693 2116 1568 6468
internal_value=0.000881241 0.00663988 0.0140508 0.00903289 0.0174362 0.00216256 -0.0143704 -0.0396056 -0.00605042 0.0258395 0.0294544 0.0241598 -0.0105488 -0.0260302 0.0359768 -0.0194819 -0.0212851 0.0411688 0.0174362 -0.0183875 0.00979884 0.0123625 0.0259891 -0.00224079 -0.047605 0.00618029 0.00883918 -0.01645 0.0130898 -0.0259298
internal_weight=21554.9 18870.8 13950.2 9785.08 6245.7 2646.5 4920.65 2684.09 3539.38 4165.11 3143.03 2164.66 2587.66 995.196 898.133 3461.81 3142.88 978.377 1266.52 1269.27 1959.58 1502.62 514.981 1458.83 1688.9 951.718 775.183 1539.87 551.614 1603.01
internal_count=102302 84554 59793 42240 25965 11229 24761 17748 16275 17553 13430 9109 12343 5656 3870 18365 16803 4321 5239 6557 8019 6109 2104 6396 12092 3932 3181 7712 2261 9091
is_linear=0
shrinkage=0.05


Tree=20
num_leaves=31
num_cat=0
split_feature=1 1 0 1 1 0 1 0 0 1 0 1 0 1 1 1 0 0 0 1 0 1 0 0 1 1 1 1 1 1
split_gain=1809.52 1128.2 259.2 399.525 258.184 145.574 131.933 91.051 82.6986 61.8468 52.1029 50.994 37.5095 35.3064 86.9457 33.7445 27.4403 24.513 24.3228 17.7683 15.4427 12.9442 12.7443 11.859 10.4558 11.9438 8.98282 8.89907 8.5083 6.82841
threshold=36.404865500000007 -3.7598809999999996 101.81990500000002 19.721826000000004 7.4040830000000009 88.871230000000011 44.465817000000008 94.501740000000026 97.890790000000024 27.684526500000004 99.071795000000023 22.755851500000002 104.59421500000001 13.774837500000002 7.1819610000000011 -50.053425499999996 81.885040000000018 82.371305000000021 94.987440000000007 3.2632700000000008 105.93683500000002 61.091836500000007 109.13606000000001 100.26885500000002 12.632285500000002 9.6576005000000027 -13.164982999999998 -20.520321499999998 30.114464000000005 -41.870221999999991
decision_type=2 2 2 2 2 2 2 2 2 2 2 2 2 2 2 2 2 2 2 2 2 2 2 2 2 2 2 2 2 2
left_child=1 7 3 4 5 17 10 15 9 -5 -2 13 28 14 -4 -1 29 -3 -11 -7 26 -8 -15 -10 25 -16 -9 -18 -13 -17
right_child=6 2 11 8 -6 19 21 20 23 18 -12 12 -14 22 24 16 27 -19 -20 -21 -22 -23 -24 -25 -26 -27 -28 -29 -30 -31
leaf_value=-0.011364756403149844 -0.029495718500327985 -0.020584851903657376 0.017039648143555745 -0.0010471730093151107 0.017039648143555745 0.0059780098132618175 -0.043315057081060745 -0.011364756403149844 0.0047729453931444144 -0.019579512486953148 -0.0023217618176224778 0.030430766648160152 0.046916443229445277 0.017039648143555745 0.033824463308444908 -0.020676984717479675 -0.020676984717479675 -0.0040911610087056953 -0.0027286221055241697 0.016060296541134621 0.012770461060275698 -0.052824418798734146 0.034995824871016872 0.016177883768591219 0.026103242767256476 0.047050261594465216 -0.0028350239746399927 -0.013333098706732938 0.017039648143555745 -0.026869581429459312
leaf_weight=399.07187351584435 816.41373084485531 576.91962215304375 1119.8797867745161 1537.3028538525105 3511.8770024627447 1084.9260182976723 1103.5565872192383 348.14052045345306 584.30765062570572 996.76151874661446 225.01745794713497 284.10592938959599 392.04167297482491 963.72202324867249 325.02250927686691 191.05788746476173 374.37757275998592 369.57611502707005 272.74099144339561 731.69912627339363 128.10428637266159 529.59799244999886 127.68105405569077 373.71043780446053 147.72405844926834 359.52388130128384 918.44414542615414 1003.7142014205456 137.41565696895123 1412.900824457407
leaf_count=2002 4972 2778 4533 6693 14410 4463 8075 1593 2402 5277 1003 1176 1833 3964 1391 1067 1963 1566 1252 2944 549 3998 546 1503 676 1720 3989 4969 556 8149
internal_value=0.000933229 0.00644262 0.0136474 0.00941495 0.0170396 0.00175497 -0.0375308 -0.0145224 -0.00346243 -0.00779182 -0.0236244 0.0246643 0.035784 0.021692 0.0259256 -0.0189564 -0.0210413 -0.0141446 -0.0159593 0.0100389 -0.00377309 -0.0463987 0.0170396 0.00922186 0.0381673 0.0407707 -0.00544633 -0.0158669 0.0254302 -0.0254871
internal_weight=21347.3 18672.7 13896.9 10039.8 6275 2763.12 2674.59 4775.81 3764.82 2806.81 1041.43 3857.12 813.563 3043.55 1952.15 3381.12 2982.05 946.496 1269.5 1816.63 1394.69 1633.15 1091.4 958.018 832.27 684.546 1266.58 1378.09 421.522 1603.96
internal_count=102012 83964 59683 43288 26161 11751 18048 24281 17127 13222 5975 16395 3565 12830 8320 18150 16148 4344 6529 7407 6131 12073 4510 3905 3787 3111 5582 6932 1732 9216
is_linear=0
shrinkage=0.05


Tree=21
num_leaves=31
num_cat=0
split_feature=1 1 1 0 0 1 0 1 1 1 0 0 0 1 0 0 1 1 0 1 1 1 1 1 1 1 0 1 1 0
split_gain=1685.19 1011.39 404.963 412.925 303.885 286.796 159.831 105.124 101.232 75.3661 70.1567 60.3046 53.4096 48.8966 43.7946 37.4331 35.9392 35.4609 38.9084 31.0543 22.3105 19.5118 32.2488 18.8935 17.805 17.5148 19.0176 17.9643 17.1839 16.463
threshold=36.831210000000006 0.55094750000000003 17.539817500000002 101.147845 77.661915000000008 8.7348700000000026 93.39397000000001 44.465817000000008 15.164761000000002 29.178595000000005 106.31403500000002 91.536440000000013 98.762390000000025 13.553831000000002 94.250140000000016 85.154250000000019 21.948019000000006 -58.220447499999999 82.371305000000021 -8.0202984999999973 32.134028500000007 9.880431500000002 13.316450000000001 3.2632700000000008 21.457533000000002 19.211891000000005 98.96912500000002 22.755851500000002 -5.1525904999999996 96.585910000000013
decision_type=2 2 2 2 2 2 2 2 2 2 2 2 2 2 2 2 2 2 2 2 2 2 2 2 2 2 2 2 2 2
left_child=1 6 4 9 13 11 17 12 15 25 16 -6 -2 -3 -11 -7 -5 -1 -19 -8 -18 -17 -23 -13 -12 -4 27 -27 -20 -29
right_child=7 2 3 10 5 8 19 -9 -10 14 24 23 -14 -15 -16 21 20 18 28 -21 -22 22 -24 -25 -26 26 -28 29 -30 -31
leaf_value=-0.0092227433234994081 -0.030787883690461898 -0.017646303751131326 0.009626943343324661 0.011189619245313901 0.0080377815682007355 0.022478097352707529 -0.0079758657612476452 -0.045517610078941055 0.021712660630056793 -0.021098222535035231 0.032000311079677178 0.013402266109453047 -0.002289701359290866 0.0080377815682007355 -0.002910077764969972 0.033225318853674794 0.030708912431136444 -0.023799844126995706 -0.016846892276982325 0.0036524406410583564 0.011189619245313901 0.050965539235467532 0.036780121526657064 0.021825549592479836 0.052074477114211627 0.0030768926365986682 0.0093144198178397915 -0.0091792764476045698 -0.0092227433234994081 0.0032449040747203049
leaf_weight=241.45496353507042 747.33781994879246 504.93991728127003 466.8429252654314 401.22160814702511 608.9252407848835 234.91970644891262 946.8970482647419 1576.8635760694742 904.76014176011086 791.84152118861675 149.09250931441784 680.49968448281288 210.77873280644417 169.06138418614864 568.64186541736126 377.55013194680214 617.52039617300034 1961.8090329021215 1096.4275296330452 1458.5524730533361 151.86354532837868 1094.6027183532715 631.97183875739574 1584.316401347518 257.02151910960674 795.37056201696396 382.03366523981094 1052.7914378792048 356.2148010134697 227.44607987999916
leaf_count=1166 4669 2314 1875 1622 2505 946 4306 12033 3643 4333 639 2742 956 691 2538 1616 2603 11251 5637 6051 620 4882 2640 6448 1262 3311 1541 4817 1587 965
internal_value=0.000677202 0.00585943 0.0139044 0.00427606 0.0222144 0.025725 -0.0109346 -0.0375808 0.0359148 -0.00377397 0.0261532 0.0142231 -0.0245185 -0.00964945 -0.0134961 0.0414083 0.019941 -0.0175205 -0.019207 -0.000925003 0.0264639 0.0435218 0.0457733 0.0187668 0.0440596 0.000748818 -0.000937633 -0.00282461 -0.0130043 -0.00649103
internal_weight=21249.6 18714.6 12653.2 5861.69 6791.55 6117.55 6061.36 2534.98 3243.8 4284.97 1576.72 2873.74 958.117 674.001 1360.48 2339.04 1170.61 3655.91 3414.45 2405.45 769.384 2104.12 1726.57 2264.82 406.114 2924.48 2457.64 2075.61 1452.64 1280.24
internal_count=102209 84551 54553 26126 28427 25422 29998 17658 13727 19380 6746 11695 5625 3005 6871 10084 4845 19641 18475 10357 3223 9138 7522 9190 1901 12509 10634 9093 7224 5782
is_linear=0
shrinkage=0.05


Tree=22
num_leaves=31
num_cat=0
split_feature=1 1 1 1 0 0 0 0 1 1 0 1 0 0 1 1 1 1 0 0 1 1 0 1 1 0 0 0 0 0
split_gain=1617.07 869.996 293.848 403.144 375.659 233.039 207.232 105.147 89.5514 80.3903 76.5043 74.0827 81.413 43.5104 37.3082 36.9197 34.0588 33.8872 33.1427 32.0924 26.6468 35.8055 25.2475 24.2128 19.9723 37.6014 19.8315 15.1955 14.2218 14.111
threshold=37.738118000000007 -2.3965289999999997 17.539817500000002 8.5095730000000014 100.91538000000001 82.592715000000013 73.403825000000012 94.501740000000026 30.443805000000001 47.142154500000011 106.11286000000003 15.392356500000002 83.267410000000012 94.871545000000012 12.179487500000002 3.2632700000000008 -58.220447499999999 24.556618500000003 101.36771500000002 83.901600000000016 14.007322500000003 10.115368500000002 91.265895000000015 32.134028500000007 21.699859500000006 98.549400000000006 66.251545000000007 95.794150000000016 92.101130000000026 105.93683500000002
decision_type=2 2 2 2 2 2 2 2 2 2 2 2 2 2 2 2 2 2 2 2 2 2 2 2 2 2 2 2 2 2
left_child=1 7 3 5 8 -3 26 16 24 18 17 12 14 -10 -8 28 -1 -6 -2 -18 21 27 -17 -19 -4 -26 -5 -14 -7 -24
right_child=9 2 4 6 10 15 11 -9 13 -11 -12 -13 20 -15 -16 22 19 23 -20 -21 -22 -23 29 -25 25 -27 -28 -29 -30 -31
leaf_value=-0.0092466069617859782 -0.03114335377703726 -0.021160070866242324 0.0059175113366402073 -0.027907207785084515 0.010066690756682241 -0.0023312201561326018 0.0098169459552033701 -0.0015003017303689601 -0.02271738020531051 -0.046686807110895151 0.042104751445933966 0.020817927119468744 0.026558916134652246 -0.0028938740613436171 0.026558916134652246 0.0042037287127141111 -0.022914850929691723 0.029895807032671692 -0.0023479370452658549 -0.01273459108954967 0.030665138180755787 0.048278201743474358 0.017894925201595354 0.01022120587425944 -0.0055868405985659867 0.010066690756682241 0.00070816453501898295 0.039403382668521905 0.0094934921486944501 0.030455576180448946
leaf_weight=243.43803332746029 906.75985488295555 595.83052128553391 1115.6331733316183 125.43662774562836 610.39928056299686 317.26360967755318 147.72525949776173 1603.3763426691294 763.10369259119034 1312.7019763886929 433.38233342766762 840.00262431800365 178.46357814967632 434.36126330494881 127.5306921005249 297.99820733070374 1910.2937902361155 442.06118667125702 112.30262550711632 1301.6431047767401 496.67011082172394 1285.339449480176 1274.564199462533 182.17977264523506 1666.0957857519388 348.9707588404417 117.04406301677227 366.93426574766636 1280.8649179339409 271.17426234483719
leaf_count=1180 5937 2813 4545 556 2494 1345 600 7006 4331 10419 2060 3383 721 1964 513 1204 11140 1867 504 6530 2051 5760 5168 746 7579 1410 501 1629 5184 1124
internal_value=0.000764291 0.00564087 0.0121762 0.0186241 0.00387155 0.00771038 0.0305819 -0.0120825 -0.00389769 -0.0385069 0.0240311 0.0337286 0.0378955 -0.0155267 0.0121812 0.0127082 -0.0169929 0.0176869 -0.02797 -0.0187893 0.0409367 0.0437233 0.0175295 0.0258958 0.000550313 -0.00242121 -0.0140947 0.0329887 0.00714603 0.0200985
internal_weight=21109.5 18777.8 13719 7722.84 5996.19 4037.7 3685.15 5058.75 4328.16 2331.76 1668.02 3442.67 2602.66 1197.46 275.256 3441.87 3455.37 1234.64 1019.06 3211.94 2327.41 1830.74 1843.74 624.241 3130.7 2015.07 242.481 545.398 1598.13 1545.74
internal_count=102264 85404 59548 32552 26996 16838 15714 25856 19829 16860 7167 14657 11274 6295 1113 14025 18850 5107 6441 17670 10161 8110 7496 2613 13534 8989 1057 2350 6529 6292
is_linear=0
shrinkage=0.05


Tree=23
num_leaves=31
num_cat=0
split_feature=1 1 1 1 1 0 0 0 0 1 1 0 1 1 1 1 0 0 0 1 1 0 1 1 1 0 0 1 1 0
split_gain=1470.76 813.634 245.891 171.674 316.6 250.878 156.1 152.767 128.909 88.3972 80.3265 68.1569 59.6358 49.129 46.8259 43.754 43.5001 31.1268 28.6275 27.1993 26.8343 21.7319 21.0828 20.2051 20.0275 19.7684 19.7528 17.3373 15.4098 15.0511
threshold=37.738118000000007 -3.7598809999999996 29.811994500000001 6.9597870000000013 16.105218500000003 80.15958000000002 103.25822500000001 87.023685000000015 97.020830000000004 9.6576005000000027 46.477814000000002 90.121750000000006 20.474534000000002 14.4870885 13.553831000000002 17.759863000000003 101.93655500000001 100.17008000000001 102.89042500000001 -41.870221999999991 19.466933000000004 88.058325000000011 24.297458000000002 3.2632700000000008 -13.164982999999998 86.84524500000002 106.72323500000002 23.259810500000004 13.316450000000001 82.371305000000021
decision_type=2 2 2 2 2 2 2 2 2 2 2 2 2 2 2 2 2 2 2 2 2 2 2 2 2 2 2 2 2 2
left_child=1 11 3 7 5 14 15 29 -4 21 16 19 -8 25 -5 -6 -2 20 -10 -1 -17 -7 -19 -9 -21 -11 27 -14 -27 -3
right_child=10 2 8 4 6 9 12 23 18 13 -12 -13 26 -15 -16 17 -18 22 -20 24 -22 -23 -24 -25 -26 28 -28 -29 -30 -31
leaf_value=-0.011758967643069674 -0.029672634310517157 -0.019425965548219154 -0.018200841347045603 -0.01583424461503111 0.016159438081470658 0.013981891317594072 0.016159438081470658 0.0067024636897171606 0.0030893725098736537 0.02701473701853498 -0.045253053520071335 -0.0056517827498163463 0.017593786486810876 0.026892691729943741 0.013981891317594072 0.0066520336080409239 0.0066903845336885662 0.0066520336080409239 0.025163212571435768 -0.024025494822618593 -0.0019540528584912282 0.025119593809408459 0.016159438081470658 0.015175464623145394 -0.013665927299529639 0.048429721664902961 0.051773500064352787 0.040197485236712585 0.036676552848596194 -0.0042566559300974173
leaf_weight=579.41484047472477 852.87992373108864 544.53511203825474 987.43629318475723 333.34354223310947 540.39001144468784 131.23178361356258 411.1536980420351 1789.2401397079229 459.41071942448616 161.22549472749233 1324.9760253205895 1974.5005110353231 136.50751380622387 598.11397363245487 132.66005836427212 430.68060804903507 91.022703975439072 367.92862328886986 215.91321873664856 1439.5323342531919 2326.3063503354788 884.72577810287476 257.50179824233055 1159.6079528033733 690.22833409905434 1101.796937957406 183.99844913184643 224.09837192296982 373.40071780979633 233.70294381678104
leaf_count=3094 5599 2693 5498 1447 2169 527 1697 7312 1937 661 10853 8963 584 2444 542 1729 396 1477 948 8431 10208 3716 1051 4706 3870 5070 947 1021 1614 999
internal_value=0.000700248 0.0053201 0.0113609 0.0137963 0.0176827 0.0286773 0.00930695 0.00483407 -0.00668756 0.033596 -0.0373125 -0.0127169 0.0274266 0.0391558 -0.00563224 0.00489225 -0.0261661 0.00275904 0.0101468 -0.0178662 0.000474511 0.0213676 0.0128296 0.0100344 -0.0206681 0.043638 0.0384428 0.0316408 0.0454548 -0.0148707
internal_weight=20937.5 18668.6 13984.9 12322.1 8595.06 3716.5 4878.57 3727.09 1662.76 3250.49 2268.88 4683.68 955.758 2234.54 466.004 3922.81 943.903 3382.42 675.324 2709.18 2756.99 1015.96 625.43 2948.85 2129.76 1636.42 544.604 360.606 1475.2 778.238
internal_count=102203 85355 60997 52614 36904 16021 20883 15710 8383 14032 16848 24358 4249 9789 1989 16634 5995 14465 2885 15395 11937 4243 2528 12018 12301 7345 2552 1605 6684 3692
is_linear=0
shrinkage=0.05


Tree=24
num_leaves=31
num_cat=0
split_feature=1 1 1 0 1 1 0 0 0 1 0 0 1 1 1 1 1 1 1 0 0 1 1 0 0 0 0 0 0 1
split_gain=1364.37 705.807 254.694 128.583 114.717 377.119 228.878 125.439 101.75 80.2157 72.2519 59.6999 59.2847 48.3775 39.4927 39.4451 30.6318 30.0288 31.5404 29.8547 23.2764 40.2095 25.7456 20.5823 16.4169 14.3774 11.5227 10.0669 10.0035 9.82138
threshold=38.228264500000009 -3.7598809999999996 32.134028500000007 61.576250000000009 17.058564500000003 8.5095730000000014 103.37742000000001 88.058325000000011 78.809185000000014 46.477814000000002 94.501740000000026 97.234315000000009 14.4870885 13.774837500000002 10.115368500000002 20.474534000000002 3.2632700000000008 -41.870221999999991 -11.766539499999999 98.439625000000021 100.37770500000001 22.488046000000004 24.297458000000002 98.218310000000017 106.31403500000002 106.11286000000003 101.81990500000002 105.39100000000001 83.901600000000016 61.091836500000007
decision_type=2 2 2 2 2 2 2 2 2 2 2 2 2 2 2 2 2 2 2 2 2 2 2 2 2 2 2 2 2 2
left_child=1 10 3 -3 5 7 20 -5 13 19 17 -4 14 -7 -10 -8 27 -1 28 -2 21 -6 -22 -23 -18 -17 -13 -9 -19 -11
right_child=9 2 11 4 6 8 15 16 12 29 -12 26 -14 -15 -16 25 24 18 -20 -21 22 23 -24 -25 -26 -27 -28 -29 -30 -31
leaf_value=-0.0088932601860100251 -0.030031643281190415 -0.020225882873493195 -0.020540700358067685 -0.0032879451645057597 0.0057749022273245404 -0.0032879451645057597 0.01658592036265083 0.0061154163201810148 0.026470887229489867 -0.04132132630139225 -0.0021055662745054957 -0.0041770067761921067 0.022674588344649842 0.018143992818766618 0.041962176810253576 0.031253642527322927 0.015149416156610454 -0.024662187823527054 -0.010155539319387612 -0.0080012745563466069 0.0057749022273245404 -0.0032879451645057597 0.01658592036265083 0.0057749022273245404 0.029334755501997302 0.046973133512076104 0.012197565154226349 0.016975721711690164 -0.016975485101170446 -0.050387842136483341
leaf_weight=588.25704023241997 672.18771094083786 286.50773809850216 715.1055016964674 893.18644170463085 1337.9941845834255 198.98058439791203 304.13471280038357 1482.3909288197756 567.82896058261395 818.35488118231297 1402.2835428416729 248.43573550879955 964.20414546132088 123.88853980600834 1493.5764427036047 335.12968946993351 1424.2969182580709 1140.5559136718512 853.92327556014061 199.40279084444046 405.61634184420109 1629.1392322182655 321.7198978215456 335.1451124548912 238.05340819060802 257.01330494880676 189.3026424497366 249.25662815570831 673.02317591011524 470.38809447735548
leaf_count=3157 4666 1365 4151 4104 5470 854 1264 6059 2475 6844 6194 1078 3931 502 6788 1482 5791 6912 4528 984 1629 7661 1315 1360 997 1348 796 1003 3573 4064
internal_value=0.000910073 0.0052654 0.0108745 0.0128946 0.01365 0.0174878 0.007701 0.00766751 0.0300611 -0.0367072 -0.0115941 -0.0116386 0.0329083 0.00337971 0.037695 0.0305538 0.0123327 -0.015681 -0.0180789 -0.0249915 0.00261801 0.00083458 0.0107152 -0.00328795 0.0171808 0.0380765 0.00290428 0.00767867 -0.0218096 -0.0446306
internal_weight=20819.3 18659 14000.9 12848.1 12561.6 7635.66 4925.89 4287.18 3348.48 2160.33 4658.04 1152.84 3025.61 322.869 2061.41 896.278 3394 3255.76 2667.5 871.591 4029.61 3302.28 727.336 1964.28 1662.35 592.143 437.738 1731.65 1813.58 1288.74
internal_count=102345 85787 61423 55398 54033 32504 21529 17954 14550 16558 24364 6025 13194 1356 9263 4094 13850 18170 15013 5650 17435 14491 2944 9021 6788 2830 1874 7062 10485 10908
is_linear=0
shrinkage=0.05


Tree=25
num_leaves=31
num_cat=0
split_feature=1 1 1 0 1 0 0 1 0 0 1 1 1 1 0 0 1 0 1 0 1 0 0 0 0 1 0 0 1 1
split_gain=1275.04 626.271 350.528 278.396 228.959 153.891 133.876 121.174 120.513 48.9643 41.4441 41.017 39.9763 39.5843 67.0742 38.0938 23.8248 19.3085 33.2684 35.8685 18.9985 18.1982 16.5776 15.7917 15.5803 14.9754 16.1883 13.9078 12.55 11.6895
threshold=39.738916500000009 1.3600800000000002 17.058564500000003 103.37742000000001 8.5095730000000014 73.775245000000027 85.352210000000014 32.134028500000007 87.205500000000015 94.501740000000026 47.142154500000011 -7.294513499999999 -44.338412999999996 15.392356500000002 80.15958000000002 108.71568000000001 21.204332000000004 101.36771500000002 21.699859500000006 98.00545000000001 10.115368500000002 106.11286000000003 91.808785000000015 98.11258500000001 103.88744000000001 14.007322500000003 87.205500000000015 81.885040000000018 4.567218500000001 13.097009000000002
decision_type=2 2 2 2 2 2 2 2 2 2 2 2 2 2 2 2 2 2 2 2 2 2 2 2 2 2 2 2 2 2
left_child=1 6 4 7 8 -6 12 17 -3 -9 23 -8 -1 14 -7 16 -5 18 -4 -20 22 28 -16 -2 -13 26 -22 -14 -10 -28
right_child=10 2 3 15 5 13 11 9 21 -11 -12 24 27 -15 20 -17 -18 -19 19 -21 25 -23 -24 -25 -26 -27 29 -29 -30 -31
leaf_value=-0.0098985298785910416 -0.032794276657659258 -0.01152533020339329 0.0064015771457909048 0.01254662915060833 -0.010829778927095555 0.0101707071502338 -0.0078745347053009573 -0.02441291712442244 0.0075330584675948782 -0.0042428636973165434 -0.044185201267465321 0.00050680016882763651 -0.022834487436838188 0.020069029384144007 0.023188305086917941 0.04924444666526219 0.028716327719244695 0.011688491786791825 -0.0058768179653643044 0.0064015771457909048 0.025796006488173054 0.025165956886296727 0.034439125062982925 -0.014570487223945928 0.012085404493070407 0.031423819934016189 0.046385191355673233 -0.011754007775059278 0.015729379010301508 0.034667201944871738
leaf_weight=486.70433476567268 545.68783137202263 570.5135802924633 1273.8606306314468 295.39586596190929 234.25504289567471 163.04241365194321 1785.2073427438736 685.25474533438683 793.21236434578896 536.42904929816723 1184.8154850527644 1610.05767570436 1625.3405511528254 640.22645442187786 121.06700041890144 159.60707578063011 561.86344367265701 489.83044703304768 1821.4780943840742 545.32474371790886 144.75819145143032 323.96293644607067 433.91651222109795 151.98477905988693 354.5105098336935 508.15787073969841 871.45197911560535 342.94550390541553 1135.7397686243057 277.70477718114853
leaf_count=2601 4002 2546 5175 1234 1031 661 8672 4209 3196 2519 10382 6812 9810 2594 490 789 2621 1994 8532 2211 603 1352 1951 791 1439 2132 4168 1834 4636 1258
internal_value=0.000739209 0.00466926 0.0110779 0.00283354 0.0195226 0.0282728 -0.00833142 -0.00172296 0.00900227 -0.0155564 -0.0384923 -0.00238876 -0.0174083 0.0311712 0.0339917 0.0268162 0.0226405 0.0023686 0.00111466 -0.00243789 0.0362059 0.0142006 0.028117 -0.0288243 0.00259618 0.038697 0.0415534 -0.0209039 0.0123589 0.0435384
internal_weight=20674.3 18791.8 12587.1 6369.04 6218.01 3394.58 6204.77 5352.18 2823.43 1221.68 1882.49 3749.78 2454.99 3160.33 2520.1 1016.87 857.259 4130.49 3640.66 2366.8 2357.06 2252.92 554.984 697.673 1964.57 1802.07 1293.91 1968.29 1928.95 1149.16
internal_count=102245 87070 55902 29284 26618 14888 31168 24640 11730 6728 15175 16923 14245 13857 11263 4644 3855 17912 15918 10743 10602 9184 2441 4793 8251 8161 6029 11644 7832 5426
is_linear=0
shrinkage=0.05


Tree=26
num_leaves=31
num_cat=0
split_feature=1 1 1 0 1 0 0 0 1 1 1 0 0 1 0 0 1 1 1 1 0 0 0 1 0 1 1 1 0 1
split_gain=1175.53 562.41 205.848 268.433 264.419 157.316 134.014 74.9433 69.9387 68.55 44.5271 50.62 34.1235 31.1829 28.6507 25.7836 24.9145 24.72 23.3575 23.2162 30.0585 21.0252 18.714 26.4018 34.4315 18.2721 16.8936 16.5354 14.9316 14.5132
threshold=38.228264500000009 -2.3965289999999997 17.295331500000007 102.89042500000001 8.7348700000000026 84.73360000000001 69.629245000000012 94.501740000000026 44.465817000000008 32.134028500000007 16.105218500000003 80.15958000000002 107.71097000000002 -44.338412999999996 97.234315000000009 98.868545000000026 22.488046000000004 4.567218500000001 32.134028500000007 14.260031500000002 86.664155000000008 82.133815000000013 100.17008000000001 24.556618500000003 95.22858500000001 20.723160500000002 54.321631000000004 9.880431500000002 106.51686000000001 13.097009000000002
decision_type=2 2 2 2 2 2 2 2 2 2 2 2 2 2 2 2 2 2 2 2 2 2 2 2 2 2 2 2 2 2
left_child=1 7 4 9 5 -3 -6 13 15 22 11 -8 16 -1 -11 -2 -5 -7 -18 20 -13 -15 23 -4 -25 -24 -10 -22 -9 -29
right_child=8 2 3 12 6 17 10 28 26 14 -12 19 -14 21 -16 -17 18 -19 -20 -21 27 -23 25 24 -26 -27 -28 29 -30 -31
leaf_value=-0.0073200901767463611 -0.027512124534917311 -0.014093394807424851 0.0037905310099527884 0.01190999064539155 -0.018311531905567942 0.008031956297302037 0.0087833348862292621 -0.0021557253381629116 -0.035633853912268386 -0.019033061077444513 0.014250426706440084 0.020872955935234264 0.04261457749212938 -0.020450611966051045 -0.00045640079177945128 -0.0044937905848341213 0.03181608091442014 0.016641128344385494 0.01190999064539155 0.024996811415561222 0.029512934972354757 -0.011814019407949277 0.004267238195189588 -0.010677615911202844 0.004267238195189588 0.01190999064539155 -0.046881779761123718 0.044192871622810485 0.015745654782339805 0.032234481588547463
leaf_weight=511.54173228144646 529.58760562539101 717.24747017025948 1778.048925563693 363.42596724629402 161.6071924418211 1977.3008114546537 237.26659788191319 1482.0931994467974 607.06877733767033 695.84873896837234 475.42433388531208 184.71648427844048 231.60298283398151 1428.3449995070696 295.78520213067532 157.93786622583866 385.92659494280815 1441.7968375086784 120.34517565369606 667.38353458046913 356.17906704545021 1390.8943025916815 186.38130448758602 990.50140374898911 514.98389191925526 477.47358193993568 741.66076934337616 907.96002113819122 126.42201524972916 352.11896923184395
leaf_count=2738 3664 3385 7376 1529 722 8037 973 6517 5225 4135 1923 765 1172 8895 1271 736 1827 5944 508 2771 1594 7185 746 4934 2195 1937 6806 4406 537 1602
internal_value=0.000850497 0.00482773 0.0101031 0.00323782 0.0156477 0.00719627 0.0261059 -0.00961142 -0.0352031 -0.00173944 0.0283625 0.0308422 0.0255594 -0.0138914 -0.013492 -0.0222244 0.0210176 0.0116624 0.0282048 0.0329626 0.0359144 -0.0161897 0.00121295 -0.000335025 -0.0052075 0.0088695 -0.041819 0.0381529 -0.000748758 0.0408512
internal_weight=20494.9 18458.6 13519.3 6040.32 7479 4136.35 3342.66 4939.3 2036.26 4939.02 3181.05 2705.62 1101.3 3330.78 991.634 687.525 869.698 3419.1 506.272 2468.36 1800.97 2819.24 3947.39 3283.53 1505.49 663.855 1348.73 1616.26 1608.52 1260.08
internal_count=102055 85624 59752 27630 32122 17366 14756 25872 16431 22594 14034 12111 5036 18818 5406 4400 3864 13981 2335 11138 8367 16080 17188 14505 7129 2683 12031 7602 7054 6008
is_linear=0
shrinkage=0.05


Tree=27
num_leaves=31
num_cat=0
split_feature=1 1 1 0 1 0 0 0 1 0 1 0 0 1 0 1 1 1 0 1 1 0 1 1 0 1 0 0 0 1
split_gain=1082.09 505.996 281.34 267.803 179.266 129.967 109.889 101.226 71.2302 51.3056 51.1439 50.1113 48.7809 45.963 23.9937 26.8201 22.0944 19.2659 18.3673 15.807 14.5853 31.7294 26.18 14.0403 13.6147 12.3651 12.2871 10.9082 10.3355 10.8399
threshold=39.738916500000009 1.0835570000000001 17.539817500000002 102.04927000000002 8.7348700000000026 73.006085000000013 89.032890000000023 95.575195000000022 29.178595000000005 106.51686000000001 15.615661000000001 95.342580000000012 78.809185000000014 44.465817000000008 81.885040000000018 -41.870221999999991 22.755851500000002 -10.436647499999998 98.868545000000026 -7.6324449999999997 10.346324000000001 95.459655000000012 14.260031500000002 61.091836500000007 106.94312000000001 30.114464000000005 105.39100000000001 82.592715000000013 84.73360000000001 13.097009000000002
decision_type=2 2 2 2 2 2 2 2 2 2 2 2 2 2 2 2 2 2 2 2 2 2 2 2 2 2 2 2 2 2
left_child=1 7 4 8 6 -6 27 14 -4 16 12 -10 -7 18 15 -1 -5 -9 -2 -16 21 -14 28 -15 -19 -18 -8 -3 -22 -30
right_child=13 2 3 9 5 10 26 17 11 -11 -12 -13 20 23 19 -17 25 24 -20 -21 22 -23 -24 -25 -26 -27 -28 -29 29 -31
leaf_value=-0.012325820583189984 -0.028528515408622213 -0.014133474932707682 0.0013425527225606948 0.0096357870310718463 -0.011785898318267908 0.0078776041903066227 0.011844848630107206 -0.0056247652430922966 -0.018183062347694897 0.038895868093074985 0.01602944472780405 -0.00073148240050891237 0.020312875679520583 -0.037829191919505942 -0.012325820583189984 -0.020381993139498625 0.027657299715414248 0.0024589400308268161 -0.0051214953145411008 -0.0056247652430922966 0.023855621598674132 0.036746762550405411 0.02537348928266929 -0.048974747103990905 0.018647604810020275 0.013422270738037371 0.021407306002664567 -0.0014125872942783487 0.04338616132588765 0.03301451989511691
leaf_weight=516.26658761501312 385.18031820654869 421.91958616673946 3125.9681509435177 367.82401084899902 224.75052963197231 140.38256838917732 1884.1733407974243 500.90655437111855 1045.5900751799345 346.53397868573666 742.34742803871632 678.12627200782299 198.74645379185677 890.38253325968981 1177.1678364872932 1506.6001095920801 357.90134356915951 1454.5120988488197 107.11612170934677 750.72370222210884 106.46814140677452 351.25213660299778 510.69390723109245 413.91837026923895 142.6091051697731 223.75931324064732 408.82150892913342 280.59799581766129 801.93164217472076 367.31781196594238
leaf_count=2823 2755 1968 13360 1519 994 571 7673 2300 6267 1781 3013 3059 822 8029 6245 9353 1625 6063 506 3374 437 1676 2140 3975 581 941 1720 1143 3950 1685
internal_value=0.000605637 0.00417866 0.00989078 0.00223844 0.0171941 0.0249746 0.00824899 -0.00770598 -0.00315717 0.0224287 0.0275411 -0.0113174 0.0309914 -0.0364529 -0.0124195 -0.0162235 0.0164187 0.00116999 -0.0234355 -0.00842816 0.0327481 0.0256284 0.0349402 -0.0413662 0.00390445 0.0226767 0.0135498 -0.00905253 0.0387699 0.0401279
internal_weight=20430.5 18633.9 12585.1 6145.7 6439.4 3443.89 2995.51 6048.79 4849.68 1296.02 3219.14 1723.72 2476.79 1796.6 3950.76 2022.87 949.485 2098.03 492.296 1927.89 2336.41 549.999 1786.41 1304.3 1597.12 581.661 2292.99 702.518 1275.72 1169.25
internal_count=102348 87083 56344 28552 27792 15288 12504 30739 22686 5866 14294 9326 11281 15265 21795 12176 4085 8944 3261 9619 10710 2498 8212 12004 6644 2566 9393 3111 6072 5635
is_linear=0
shrinkage=0.05


Tree=28
num_leaves=31
num_cat=0
split_feature=1 1 1 0 1 0 0 0 1 1 0 1 0 0 1 1 1 0 0 1 1 1 0 1 1 1 0 1 0 1
split_gain=1006.21 423.902 256.425 220.126 181.599 131.858 98.7026 95.7773 66.2903 43.6414 38.5348 36.811 65.6292 35.5186 29.0278 28.85 26.9293 21.102 19.4215 18.4527 20.6031 17.7452 15.1659 13.2489 12.8072 12.4293 12.027 29.5979 31.6384 16.8013
threshold=39.738916500000009 1.3600800000000002 17.295331500000007 103.00876000000001 8.5095730000000014 73.775245000000027 88.716680000000011 86.288080000000022 32.134028500000007 54.321631000000004 106.51686000000001 15.164761000000002 84.113545000000016 94.128095000000016 -8.4008324999999981 -39.718969499999993 12.179487500000002 98.868545000000026 80.432445000000016 9.6576005000000027 14.4870885 22.203251000000005 66.870785000000012 19.958431000000001 7.1819610000000011 30.114464000000005 100.37770500000001 24.842162500000004 95.342580000000012 24.556618500000003
decision_type=2 2 2 2 2 2 2 2 2 2 2 2 2 2 2 2 2 2 2 2 2 2 2 2 2 2 2 2 2 2
left_child=1 6 4 8 7 22 15 -3 26 17 21 12 16 -10 -8 -1 -7 -2 -17 -14 -21 -5 -6 -12 -9 -23 27 -4 -29 -28
right_child=9 2 3 10 5 11 14 24 13 -11 23 -13 19 -15 -16 18 -18 -19 -20 20 -22 25 -24 -25 -26 -27 29 28 -30 -31
leaf_value=-0.0074707853732626913 -0.032629917412201614 -0.01222893016803539 0.0032737690421239343 0.01022757827341917 -0.023810182011471795 0.0076172491939011629 -0.0069177576405253715 0.0094710491242441103 -0.020841089370209315 -0.045757608390383349 0.026050717081935144 0.017707053908196661 0.023038386650174048 -0.0032380892863545286 0.0026928937672100134 -0.020467283747319501 0.020522166171190306 -0.013199075403059909 -0.010838367539882925 0.037660727211531624 0.021705428718455797 0.026050717081935144 0.0013240381631183938 0.042549502806395079 0.018822891753606741 0.010904010528614325 0.0032737690421239343 -0.011160255472122604 0.0032737690421239343 0.01022757827341917
leaf_weight=615.1288335621357 883.45944661647081 530.75597047805786 1888.7495614886284 275.50291809439659 123.502082452178 161.5371670871973 1296.1329724043608 1792.089971601963 630.45360995829105 688.33307126909494 100.80777564644814 818.6107332110405 366.75021225214005 525.35987195372581 1995.0156749337912 1333.7403254956007 130.23754718899727 165.9783339202404 862.23200672864914 1440.7990486621857 235.38667099177837 271.40167331695557 116.75721991062164 254.99563947319984 460.08871234953403 155.15505085885525 363.21179766952991 958.59148921072483 515.95307819545269 283.26952554285526
leaf_count=3421 7479 2414 7841 1145 563 659 6246 7301 4018 6771 442 3343 1639 2525 8364 8399 530 947 4672 6994 998 1281 502 1402 1917 665 1460 4827 2189 1161
internal_value=0.00040281 0.0038194 0.00912856 0.00196554 0.016346 0.0241099 -0.00696898 0.00687856 -0.00228991 -0.0359739 0.0227451 0.0268304 0.0300292 -0.0128399 -0.00109201 -0.0138496 0.00784699 -0.0295567 -0.0166866 0.0331973 0.0354201 0.0159515 -0.0115959 0.03615 0.0113815 0.0227945 0.000751111 -0.000449451 -0.00577057 0.00699699
internal_weight=20240 18502.2 12400 6223.45 6176.52 3393.58 6102.25 2782.93 5165.59 1737.77 1057.86 3153.32 2334.71 1155.81 3291.15 2811.1 291.775 1049.44 2195.97 2042.94 1676.19 702.06 240.259 355.803 2252.18 426.557 4009.78 3363.29 1474.54 646.481
internal_count=102115 86918 55816 28956 26860 15228 31102 11632 24021 15197 4935 14163 10820 6543 14610 16492 1189 8426 13071 9631 7992 3091 1065 1844 9218 1946 17478 14857 7016 2621
is_linear=0
shrinkage=0.05


Tree=29
num_leaves=31
num_cat=0
split_feature=1 1 1 1 1 0 0 1 0 0 1 0 0 1 1 1 0 0 0 1 1 0 0 1 0 1 0 1 0 1
split_gain=922.711 400.501 160.643 91.4159 158.418 150.722 136.902 95.366 68.4534 62.9647 52.5095 59.2725 47.3321 46.6208 44.6067 44.129 19.0384 15.3793 13.9081 13.5423 13.4889 13.3829 12.8487 12.8316 12.7963 13.0208 76.5617 12.7577 12.7464 11.0697
threshold=39.738916500000009 -3.7598809999999996 32.134028500000007 4.567218500000001 17.058564500000003 75.173930000000027 102.89042500000001 9.6576005000000027 82.371305000000021 97.343340000000012 -63.053114499999992 89.65552000000001 91.265895000000015 47.142154500000011 22.755851500000002 15.392356500000002 80.15958000000002 98.00545000000001 93.39397000000001 8.5095730000000014 13.553831000000002 107.71097000000002 105.93683500000002 61.091836500000007 61.576250000000009 22.755851500000002 98.00545000000001 -44.338412999999996 102.04927000000002 -9.1881969999999988
decision_type=2 2 2 2 2 2 2 2 2 2 2 2 2 2 2 2 2 2 2 2 2 2 2 2 2 2 2 2 2 2
left_child=1 10 3 8 5 20 24 12 -3 -4 -1 27 -7 17 21 16 -9 -2 -10 -14 -5 -8 -13 -15 -6 -26 -27 -12 -11 -29
right_child=13 2 9 4 6 7 14 15 18 28 11 22 19 23 -16 -17 -18 -19 -20 -21 -22 -23 -24 -25 25 26 -28 29 -30 -31
leaf_value=0.019035303397800098 -0.028435034172550128 -0.017490922954631515 -0.017108276762114762 -0.018112984906291912 -0.014583137074476124 0.0045746753330906734 0.012319317546212965 0.011177128093092252 -0.0018167978648381369 -0.0010636865726774444 -0.0095672039368838481 -0.004716554847410067 0.015021839213146019 -0.03700087570491397 0.034220207788154121 0.015943780306159071 0.032340597810602355 -0.010272499005658263 0.0072247804194993841 0.026870585117236553 0.0026401391868005391 0.029331186325569289 0.012158359851796996 -0.04852262792667511 0.0056377440044321665 -0.0061376889479754322 0.012319317546212965 -0.01883167524241431 0.015355943221895091 -0.0095672039368838481
leaf_weight=161.21109266579151 492.89648135006428 393.16926065087318 810.0486361682415 262.91174474358559 115.44430434703827 455.52410344779491 393.24490861594677 112.81565472483635 559.22333377599716 291.53588001430035 333.82069556415081 1878.0581533610821 1169.6850833743811 654.71735948324203 453.47611710429192 636.56875745952129 1830.5773658156395 152.6498666703701 1776.3540891110897 303.778145596385 111.5048979818821 115.80744995176792 120.01018853485584 383.01576334238052 1675.7072060406208 1530.3438372015953 698.43874487280846 1630.5628724992275 198.79027503728867 373.09621688723564
leaf_count=802 3940 2080 5064 1241 530 1866 1672 455 2380 1300 1880 8687 4863 6375 2331 2602 8722 821 7192 1393 462 558 513 3960 6828 7308 2845 10177 844 2166
internal_value=0.000742605 0.00398557 0.00818299 0.00991048 0.0121508 0.0185506 0.00587823 0.0210819 0.00181068 -0.00854833 -0.00898441 -0.0100263 0.0126723 -0.0346904 0.0228159 0.0273695 0.031112 -0.0241402 0.00505989 0.0174646 -0.0119325 0.0126568 -0.003703 -0.0412534 0.00182269 0.00230776 -0.000195885 -0.0154314 0.00559323 -0.0170529
internal_weight=20075 18391.7 13894.9 12594.6 9865.83 4883.37 4982.46 4508.95 2728.75 1300.37 4496.76 4335.55 1928.99 1683.28 962.528 2579.96 1943.39 645.546 2335.58 1473.46 374.417 509.052 1998.07 1037.73 4019.93 3904.49 2228.78 2337.48 490.326 2003.66
internal_count=101857 86761 62536 55328 43676 21604 22072 19901 11652 7208 24225 23423 8122 15096 4561 11779 9177 4761 9572 6256 1703 2230 9200 10335 17511 16981 10153 14223 2144 12343
is_linear=0
shrinkage=0.05


Tree=30
num_leaves=31
num_cat=0
split_feature=1 1 1 1 1 0 0 0 0 1 0 1 1 0 0 1 0 1 0 1 0 1 0 1 1 0 0 1 1 1
split_gain=850.819 420.21 175.201 91.6383 162.095 140.676 89.7335 73.1359 67.314 59.4073 52.9355 45.0368 35.6771 28.813 28.1596 25.6652 20.4611 18.9729 48.8009 17.9065 37.3266 16.4412 16.2265 15.5362 14.9544 14.706 13.7139 13.6711 12.9395 12.8067
threshold=39.738916500000009 -3.7598809999999996 29.811994500000001 6.0289675000000011 16.105218500000003 76.16335500000001 97.786040000000014 82.133815000000013 105.57699500000003 10.115368500000002 94.501740000000026 47.142154500000011 20.207226500000001 88.563000000000002 62.478425000000009 -50.053425499999996 104.74346500000001 14.260031500000002 84.937825000000018 17.759863000000003 101.147845 21.699859500000006 98.325540000000004 -15.315342499999998 19.466933000000004 104.02382000000001 79.079865000000012 61.091836500000007 8.5095730000000014 13.316450000000001
decision_type=2 2 2 2 2 2 2 2 2 2 2 2 2 2 2 2 2 2 2 2 2 2 2 2 2 2 2 2 2 2
left_child=1 10 3 7 5 -5 -4 -3 14 13 15 22 -10 -7 -6 -1 -8 18 -11 -16 24 -22 -2 -17 -21 -9 -25 -13 -15 -20
right_child=11 2 6 4 8 9 16 25 12 17 -12 27 -14 28 19 23 -18 -19 29 20 21 -23 -24 26 -26 -27 -28 -29 -30 -31
leaf_value=-0.0071715481400032172 -0.027552809489678417 -0.015239724114385659 -0.014390418889949925 -0.010222211455193782 -0.018749800922787493 0.0067052443274535911 0.0043253403468894161 0.0044782093531019291 0.014985782839296503 0.0073367502713593356 -0.0013067261568283917 -0.035699305971943034 0.038303782754059504 0.015804911275719636 0.01394175361471018 -0.018295925928990452 0.026838794178690367 0.022555364957807109 0.039300438069211713 0.007955093854548359 0.007955093854548359 0.014985782839296503 -0.0086530944835302558 -0.018960961063679921 0.00015682067912275291 0.013339768061673325 -0.0071715481400032172 -0.047761186233775815 0.026374433641105401 0.027036165913332223
leaf_weight=372.30293269455433 496.85622905939817 456.62799227237701 1181.7868164926767 335.85996530950069 121.05678844451904 256.45147232711315 556.9713526070118 2260.4273253381252 220.32378076016903 165.53184562921524 1395.5188426226377 635.32386065274477 249.80631236732006 820.25437486171722 571.00932458043098 1581.6000285744667 123.25550000369549 696.67810858786106 884.72261588275433 454.00231257081032 316.20735731720924 461.97212947905064 147.21739518642426 345.58078074455261 2410.5068783909082 590.48139844834805 795.91339704394341 372.73940841108561 447.56214438378811 280.29750949144363
leaf_count=1955 4047 2406 7104 1513 535 1045 2364 9275 955 683 6197 6359 1418 3430 2309 9761 600 2943 4567 1819 1282 2027 791 2256 10541 2412 4150 4002 2093 1326
internal_value=0.000806871 0.00390068 0.00820705 0.0104213 0.0131166 0.0207077 -0.00606295 0.00333803 0.00697514 0.0236327 -0.00939147 -0.0335606 0.0249454 0.016175 0.00502616 -0.0130364 0.00840473 0.0292401 0.0327403 0.00570923 0.00441874 0.0141295 -0.0232329 -0.0150874 0.00178069 0.00631362 -0.0106419 -0.0401593 0.0195361 0.0363497
internal_weight=20004.8 18352.7 13861.8 11999.8 8692.24 3887.36 1862.01 3307.54 4804.88 3551.5 4490.92 1652.14 470.13 1524.27 4334.75 3095.4 680.227 2027.23 1330.55 4213.7 3642.69 778.179 644.074 2723.09 2864.51 2850.91 1141.49 1008.06 1267.82 1165.02
internal_count=102165 86966 62647 52579 38486 17600 10068 14093 20886 16087 24319 15199 2373 6568 18513 18122 2964 9519 6576 17978 15669 3309 4838 16167 12360 11687 6406 10361 5523 5893
is_linear=0
shrinkage=0.05


Tree=31
num_leaves=31
num_cat=0
split_feature=1 1 1 0 1 0 0 0 1 1 0 1 0 1 0 1 1 0 1 0 1 1 0 1 1 1 1 0 1 0
split_gain=773.313 350.075 176.827 168.756 128.012 104.789 70.3432 66.2473 63.7201 41.4907 29.466 24.811 42.9538 24.4436 23.311 21.6896 30.1162 21.1634 16.8012 29.3907 22.4996 16.0399 15.7005 15.2485 12.9574 10.6158 10.2315 60.5137 9.71449 9.51283
threshold=38.228264500000009 1.0835570000000001 17.295331500000007 102.76239500000001 8.0586450000000003 69.629245000000012 88.871230000000011 94.250140000000016 47.142154500000011 32.134028500000007 106.11286000000003 16.105218500000003 80.15958000000002 12.179487500000002 101.71017000000002 -58.220447499999999 -9.1881969999999988 97.234315000000009 14.260031500000002 86.84524500000002 10.115368500000002 13.316450000000001 106.94312000000001 19.958431000000001 24.842162500000004 64.806794500000009 22.488046000000004 98.549400000000006 30.443805000000001 80.669915000000017
decision_type=2 2 2 2 2 2 2 2 2 2 2 2 2 2 2 2 2 2 2 2 2 2 2 2 2 2 2 2 2 2
left_child=1 7 4 9 6 -6 -3 15 14 26 24 12 13 -7 -2 -1 -17 -11 19 -14 -21 -22 -9 -12 -5 -10 -4 -28 -26 -18
right_child=8 2 3 10 5 11 -8 22 25 17 23 -13 18 -15 -16 16 29 -19 -20 20 21 -23 -24 -25 28 -27 27 -29 -30 -31
leaf_value=-0.0053387381393069019 -0.023532597245396199 -0.0088875622365555389 0.0036348515996203947 0.0091661778017621248 -0.018361352602546635 0.0020582775312667557 0.010431123270680919 -0.0010901037557052909 -0.036420714301127796 -0.016003482298308076 0.022487984307936606 0.011779398586721288 0.01557422566710507 0.01557422566710507 0.0035588153335816075 -0.015559984067847392 -0.013364652758148575 0.00014943876511963665 0.019234581757416897 0.023156594376471849 0.038338900901917675 0.024270480405365377 0.014592718107893955 0.038214338985211045 0.022487984307936606 -0.048341868240754461 -0.0064671312772646219 0.0091661778017621248 0.0091661778017621248 -0.0053387381393069019
leaf_weight=229.75589276850224 733.47253873944283 610.94292762875557 1570.0251148939133 367.82323463261127 164.84797762334347 137.93308505415916 2060.0808765143156 2156.3769932091236 732.6458895355463 667.27961145341396 118.24230593442917 466.07381142675877 213.35051295161247 125.51182977855206 89.042518347501755 2249.3059679716825 369.96100620925426 291.30228970944881 654.0050710439682 618.14442758262157 848.83577665686607 266.12587383389473 172.34480184316635 270.7316613048315 181.13859924674034 250.63286186754704 1732.9195394963026 627.30876064300537 138.54465048015118 757.48699967563152
leaf_count=1145 5632 2757 6391 1573 757 577 8450 9292 7635 4158 527 1902 900 509 406 13778 2273 1257 2784 2838 4481 1275 713 1568 864 2800 8238 2552 590 3549
internal_value=0.000328914 0.00344725 0.00831561 0.00217837 0.0142532 0.0205516 0.00601236 -0.0065033 -0.0308691 -0.00176787 0.0201002 0.0224779 0.024219 0.00498047 -0.0205998 -0.010748 -0.0122169 -0.0110948 0.026168 0.0284976 0.030739 0.034981 7.05556e-05 0.031098 0.0138779 -0.0394594 0.000506951 -0.00157373 0.0213758 -0.00554737
internal_weight=19872.2 18066.4 12131.2 5965.32 6165.85 3494.83 2671.02 5935.23 1805.79 4888.84 1076.48 3329.98 2863.91 263.445 822.515 3606.51 3376.75 958.582 2600.46 1946.46 1733.11 1114.96 2328.72 388.974 687.506 983.279 3930.25 2360.23 319.683 1127.45
internal_count=102171 85698 54948 27718 27230 16023 11207 30750 16473 22596 5122 15266 13364 1086 6038 20745 19600 5415 12278 9494 8594 5756 10005 2095 3027 10435 17181 10790 1454 5822
is_linear=0
shrinkage=0.05


Tree=32
num_leaves=31
num_cat=0
split_feature=1 1 1 0 1 1 0 0 0 1 0 0 1 0 1 1 1 0 0 0 1 1 0 1 1 1 0 0 1 1
split_gain=729.892 341.917 153.498 67.665 61.5006 179.656 113.93 92.9636 55.6169 45.2767 43.1573 35.6104 36.6201 67.0772 30.9319 24.1133 18.3993 18.2189 16.47 14.2508 27.7152 19.3832 12.671 12.4446 11.3003 10.7292 10.5075 10.4101 9.63657 13.5699
threshold=39.738916500000009 -2.3965289999999997 32.134028500000007 59.601255000000002 17.058564500000003 9.6576005000000027 104.30429000000001 91.265895000000015 95.683350000000019 47.142154500000011 95.575195000000022 73.775245000000027 14.260031500000002 87.205500000000015 7.1819610000000011 22.755851500000002 -53.860727499999989 85.352210000000014 98.218310000000017 100.17008000000001 20.723160500000002 21.699859500000006 105.93683500000002 12.179487500000002 61.091836500000007 3.2632700000000008 101.81990500000002 107.71097000000002 13.097009000000002 10.5517035
decision_type=2 2 2 2 2 2 2 2 2 2 2 2 2 2 2 2 2 2 2 2 2 2 2 2 2 2 2 2 2 2
left_child=1 8 3 -3 5 7 19 -5 16 18 -4 -7 13 23 25 27 -1 -18 -2 21 -21 -6 -16 -13 -11 -9 -12 -8 29 -15
right_child=9 2 10 4 6 11 15 14 -10 24 26 12 -14 28 22 -17 17 -19 -20 20 -22 -23 -24 -25 -26 -27 -28 -29 -30 -31
leaf_value=-0.0057972173369559045 -0.02629647844850877 -0.018109226711179247 -0.017670363539368378 -0.0042424694533068725 0.0041738595512529151 -0.0016636375690997436 0.013629663216854108 0.0052072629818747983 9.5311627764840486e-05 -0.034934051294785343 -0.0040658995340026706 0.011195423418952731 0.017005194382905035 0.026984022525006104 0.017084070714571454 0.035693576192924709 -0.016352346043418894 -0.0085181069711181071 -0.0072447577895501216 0.0041738595512529151 0.013629663216854108 -0.0022586626608484205 0.035118167992104425 0.022728137371961672 -0.046239133933632388 0.011864096497966338 0.00999240347075467 0.029576611433601803 0.026912539096852192 0.040773075001491688
leaf_weight=309.97604568302631 468.4566795155406 224.0746898651123 685.02618543803692 1190.6816468536854 1138.7238964885473 142.0421991199255 241.07781012356281 1357.0508956760168 1424.9446601122618 606.73689447343349 383.74379314482212 153.29302810132504 1072.7671618163586 246.77282628417015 581.20469124615192 287.58962173759937 1786.3105386197567 1269.5245553255081 149.68746986985207 303.539516299963 666.37065435945988 2106.6373104304075 117.00948709249496 124.68270549178123 347.73004558682442 1092.6793235242367 203.34609450399876 111.37559172511101 326.50312441587448 644.16867715120316
leaf_count=1598 3964 1103 4522 5327 4621 623 1063 5483 6228 6428 1818 645 4511 1281 2549 1658 11553 6519 811 1221 2795 9746 554 525 4020 4509 869 556 1596 3478
internal_value=0.000454921 0.0032801 0.00737878 0.0091119 0.00962429 0.012607 0.00529406 0.00629801 -0.00818444 -0.0322252 -0.00914461 0.0227066 0.0240545 0.0291114 0.0108225 0.0249498 -0.0116897 -0.0130977 -0.021683 0.00230956 0.00762748 0.000720238 0.0201063 0.0111954 -0.0390527 0.00817648 0.000803374 0.0161832 0.0342609 0.0369538
internal_weight=19763.7 18191.1 13400.4 12128.2 11904.2 7048.86 4855.31 4338.63 4790.76 1572.61 1272.12 2710.23 2568.19 1495.42 3147.94 640.043 3365.81 3055.84 618.144 4215.27 969.91 3245.36 698.214 277.976 954.467 2449.73 587.09 352.453 1217.44 890.942
internal_count=102174 86951 61053 53844 52741 31081 21660 18422 25898 15223 7209 12659 12036 7525 13095 3277 19670 18072 4775 18383 4016 14367 3103 1170 10448 9992 2687 1619 6355 4759
is_linear=0
shrinkage=0.05


Tree=33
num_leaves=31
num_cat=0
split_feature=1 1 1 0 1 1 0 0 1 0 0 1 1 0 0 1 1 1 1 0 0 1 1 0 1 1 0 0 0 1
split_gain=674.599 304.217 115.507 68.0174 66.6904 157.879 69.8023 58.1144 56.259 54.1764 43.0335 40.8993 34.2913 42.767 30.6093 28.1757 24.4059 23.2289 19.8181 17.6152 12.2204 16.7444 9.45407 9.29449 8.50281 9.47584 8.79016 8.00144 7.94338 7.72756
threshold=38.228264500000009 -3.7598809999999996 30.443805000000001 59.601255000000002 7.1819610000000011 16.105218500000003 79.376530000000017 104.15735000000002 51.601718000000012 88.871230000000011 97.786040000000014 22.755851500000002 -63.053114499999992 92.62157000000002 102.89042500000001 10.115368500000002 13.097009000000002 14.260031500000002 17.759863000000003 95.913820000000015 100.37770500000001 21.699859500000006 19.958431000000001 98.439625000000021 -15.315342499999998 -41.870221999999991 79.079865000000012 105.93683500000002 102.15991500000003 3.2632700000000008
decision_type=2 2 2 2 2 2 2 2 2 2 2 2 2 2 2 2 2 2 2 2 2 2 2 2 2 2 2 2 2 2
left_child=1 12 3 -3 9 6 16 18 14 -5 -4 -9 -1 24 23 19 -6 -17 -7 -8 22 -22 -20 -2 25 -14 -26 -21 -12 -11
right_child=8 2 10 4 5 7 15 11 -10 29 28 -13 13 -15 -16 17 -18 -19 20 27 21 -23 -24 -25 26 -27 -28 -29 -30 -31
leaf_value=0.014452214537672675 -0.026490098983686608 -0.018714626960721643 -0.012905304170216994 -0.0048126874546347738 -0.0048126874546347738 0.011430044611603612 0.010834016260108442 0.011430044611603612 -0.040562144372832398 0.0046838678318942657 -0.00038859527926275169 0.034983415489725569 -0.0084086917419496469 -0.0026786248454333922 0.011562455772267536 0.030316626578991875 0.010834016260108442 0.018749272317364309 0.0042938865008656504 0.01844939015527677 0.0042938865008656504 0.011430044611603612 -0.00082108143662772538 -0.013144326930051721 -0.01628466887769954 -0.017261117888387339 -0.0078277025433663213 0.032162774045480423 0.011696690734259347 0.0099308194285393225
leaf_weight=161.5645569562912 808.60800927132368 224.13727667927742 917.99625957012177 795.51901070773602 230.95813299715519 538.93706224858761 369.53835761547089 433.78213068842888 692.85319648683071 1726.9475992321968 322.5871456861496 260.80837698280811 397.40037141740322 1638.3415641337633 63.273905292153358 1226.8045723438263 121.71496477723122 671.60633881390095 551.08754037320614 533.00931672751904 289.53439286351204 478.18247218430042 2266.8603165596724 155.55775545537472 333.74919752776623 1263.176209717989 626.69531165063381 132.89012794196606 235.02753785252571 1182.0341375917196
leaf_count=803 7234 1114 5592 3806 1015 2183 1519 1969 7972 7023 1363 1527 2331 7399 311 6385 501 2882 2208 2440 1165 2027 10093 915 2248 8148 3404 656 1059 4876
internal_value=0.000357499 0.00322695 0.0069525 0.00857141 0.00908925 0.0116293 0.0200793 0.00586671 -0.0295513 0.00353144 -0.00625052 0.0192466 -0.00815801 -0.00901565 -0.0221261 0.0226057 -0.000937651 0.0262244 0.00361352 0.015971 0.0022595 0.00785184 0.000735935 -0.0243369 -0.0129768 -0.0151426 -0.00923215 0.0211861 0.0047052 0.00681591
internal_weight=19651.2 17930.9 13510 12034.4 11810.2 8105.71 3286.52 4819.19 1720.29 3704.5 1475.61 694.591 4420.93 4259.36 1027.44 2933.85 352.673 1898.41 4124.6 1035.44 3585.66 767.717 2817.95 964.166 2621.02 1660.58 960.445 665.899 557.615 2908.98
internal_count=102168 85736 61403 53389 52275 36570 15398 21172 16432 15705 8014 3496 24333 23530 8460 13882 1516 9267 17676 4615 15493 3192 12301 8149 16131 10479 5652 3096 2422 11899
is_linear=0
shrinkage=0.05


Tree=34
num_leaves=31
num_cat=0
split_feature=1 1 1 1 1 0 0 0 0 1 1 0 1 1 0 0 1 1 1 0 0 0 0 1 0 0 0 1 1 1
split_gain=630.46 257.36 97.5466 62.6605 131.97 105.379 88.6961 59.1737 37.5999 35.8462 32.9001 31.9181 30.4114 22.2319 20.3514 18.6766 31.6658 17.8831 16.6171 13.8214 12.497 11.3604 11.0984 11.0403 10.9606 10.7768 8.68999 8.39159 6.59212 4.94791
threshold=40.265485500000004 -5.1525904999999996 32.134028500000007 6.0289675000000011 17.295331500000007 104.74346500000001 73.775245000000027 82.371305000000021 95.575195000000022 9.6576005000000027 51.601718000000012 97.020830000000004 14.260031500000002 22.755851500000002 92.876560000000012 100.17008000000001 24.297458000000002 22.488046000000004 -41.870221999999991 103.37742000000001 88.058325000000011 104.15735000000002 64.182775000000007 10.5517035 98.549400000000006 98.439625000000021 105.93683500000002 8.5095730000000014 67.705214500000011 19.466933000000004
decision_type=2 2 2 2 2 2 2 2 2 2 2 2 2 2 2 2 2 2 2 2 2 2 2 2 2 2 2 2 2 2
left_child=1 11 3 7 6 15 22 -3 -4 14 25 18 23 29 -8 17 -17 -6 -1 -10 -20 -9 -5 -11 -19 -2 27 -16 -12 -7
right_child=10 2 8 4 5 13 9 21 19 12 28 -13 -14 -15 26 16 -18 24 20 -21 -22 -23 -24 -25 -26 -27 -28 -29 -30 -31
leaf_value=-0.0052773616500317025 -0.027483087269483699 -0.014032562781663588 -0.014798569080677948 -0.023645072089507606 0.0033246703307957086 0.013197698210420295 0.0033207198766618557 0.0028547521433120622 -0.0017970408128047861 0.017325580499069581 -0.036949894719848698 0.00012075902198060415 0.015272225857421651 0.036563176903417101 0.0098111378448069789 0.0033246703307957086 0.013197698210420295 -0.0050847567071302417 -0.01514686107372493 0.016592621721502821 -0.0080323495873241887 0.010495834486250633 -0.003272577459051676 0.02836816516685331 0.0033246703307957086 -0.012524767489535677 0.025393182921203957 0.019255790905182441 -0.048574266373692866 0.023146755372324756
leaf_weight=561.70336532592773 617.41711933910847 510.55185693502426 711.10844619572163 109.52485129237175 1313.9206617772579 142.66240327060223 404.25792047381401 2526.5245854407549 475.76464839279652 281.7030303478241 511.35331854224205 872.45588807761669 1145.8917013853788 233.4930649548769 580.24434526264668 574.09488767385483 447.33152177929878 1715.9001700282097 1620.6421643197536 130.1195467710495 996.93995422124863 602.42017447948456 171.5806752294302 1151.94151866436 257.16137623786926 149.5824413523078 175.08316484093666 236.89499895274639 160.16288183629513 144.41551664471626
leaf_count=3152 5913 2793 4831 525 5364 626 1655 10459 2230 1441 5994 3862 4834 1438 2445 2348 1926 8203 10620 576 5043 2472 767 5972 1038 910 821 1119 1999 728
internal_value=0.000217713 0.00275052 0.00595359 0.00729421 0.00951476 0.00385694 0.0159326 0.00175056 -0.00700029 0.0178516 -0.0316411 -0.00835074 0.0213447 0.0251059 0.0113992 0.00128949 0.00719497 -0.000545629 -0.0106755 0.00215232 -0.0124372 0.0043259 -0.0112101 0.0261984 -0.00357558 -0.0245659 0.0152844 0.0131184 -0.0397224 0.0157872
internal_weight=19532.8 18094.3 14042.6 12725.6 9086.1 4828.98 4257.12 3639.5 1316.99 3976.02 1438.52 4051.74 2579.54 520.571 1396.48 4308.41 1021.43 3286.98 3179.29 605.884 2617.58 3128.94 281.106 1433.64 1973.06 767 992.223 817.139 671.516 287.078
internal_count=102104 87288 64611 56974 41250 21671 19579 15724 7637 18287 14816 22677 12247 2792 6040 18879 4274 14605 18815 2806 15663 12931 1292 7413 9241 6823 4385 3564 7993 1354
is_linear=0
shrinkage=0.05


Tree=35
num_leaves=31
num_cat=0
split_feature=1 1 1 0 1 1 0 0 0 1 1 0 1 1 1 1 0 1 0 1 1 0 0 0 1 1 1 1 1 0
split_gain=556.305 226.237 104.84 47.5278 48.3199 126.16 81.9402 56.0957 47.5333 42.0709 37.5974 37.291 37.0429 32.9821 31.6026 22.4137 26.9453 17.2027 18.0168 20.5405 18.7421 14.5883 14.5155 13.7907 11.2759 8.65893 8.11619 7.65689 7.09946 6.68982
threshold=40.265485500000004 -3.7598809999999996 32.467588000000006 59.601255000000002 6.9597870000000013 16.105218500000003 78.809185000000014 104.45099500000002 91.265895000000015 -63.053114499999992 9.6576005000000027 94.871545000000012 -13.164982999999998 22.755851500000002 54.321631000000004 14.260031500000002 86.84524500000002 17.759863000000003 99.405805000000015 22.488046000000004 21.948019000000006 100.91538000000001 95.913820000000015 95.913820000000015 13.097009000000002 13.774837500000002 13.316450000000001 0.55094750000000003 10.5517035 90.264230000000012
decision_type=2 2 2 2 2 2 2 2 2 2 2 2 2 2 2 2 2 2 2 2 2 2 2 2 2 2 2 2 2 2
left_child=1 9 3 25 8 6 24 17 -5 -1 23 -4 29 -9 21 16 -12 -7 19 -19 -20 -2 -14 -8 -6 -3 28 -10 -18 -11
right_child=14 2 11 4 5 7 10 13 27 12 15 -13 22 -15 -16 -17 26 18 20 -21 -22 -23 -24 -25 -26 -27 -28 -29 -30 -31
leaf_value=0.017824635162693517 -0.026072364312758597 -0.0048286578655137987 -0.01660277329117495 -0.0036913073980362533 -0.0036913073980362533 0.010769868074853068 0.0081991575789707796 0.010769868074853068 0.0028037474290446267 -0.014062013862266116 0.0095537247957912033 0.00074741519099310618 -0.0069864817959414162 0.032437145076942828 -0.039238215739138507 0.016370639235242793 0.025182828955394976 0.003472735769578838 0.003472735769578838 -0.0035754996717811422 0.010769868074853068 -0.0044174486244452794 0.0017035491711927882 0.017112742499609403 0.0081991575789707796 -0.024164160575869259 0.022621081803264199 0.0084672966885015691 0.035257344626876214 -0.0079678664980454405
leaf_weight=162.42737275362015 771.91863008588552 108.98359152674675 621.89302583038807 973.84569112956524 229.3568436652422 547.22605608403683 359.53798446059227 400.73018278181553 913.14241734147072 1669.0122989118099 177.85672308504581 616.91115254163742 1052.6173965483904 261.06787602603436 550.52093940228224 647.50026586651802 235.75731648504734 1069.262658894062 414.99472254514694 1837.0817627906799 727.30677823722363 86.48727036267519 884.18546894192696 614.19743005931377 116.66648863255978 123.53479218482971 258.60151310265064 1722.5413489639759 677.10961726307869 616.73251165449619
leaf_count=804 7536 605 4313 4569 1016 2223 1469 1850 3716 10815 771 2920 5883 1601 6849 2802 1267 4372 1673 8743 3063 490 3840 2806 481 576 1297 7057 3825 3028
internal_value=0.000371397 0.00273461 0.0059076 0.00729146 0.00771881 0.00976181 0.0173981 0.00494476 0.00286576 -0.0071463 0.0200896 -0.00796257 -0.00810685 0.0185548 -0.0298875 0.0240177 0.0276873 0.00298493 0.00185812 -0.000232964 0.00717844 -0.0238906 -0.00301933 0.0120344 -0.00369131 -0.0151014 0.0304404 0.00650514 0.0326555 -0.0124177
internal_weight=19449 18040.1 13655.1 12416.3 12183.8 8574.25 3316.58 5257.67 3609.53 4384.98 2970.56 1238.8 4222.55 661.798 1408.93 1996.83 1349.33 4595.87 4048.65 2906.34 1142.3 858.406 1936.8 973.735 346.023 232.518 1171.47 2635.68 912.867 2285.74
internal_count=102260 87385 63015 55782 54601 39259 15734 23525 15342 24370 14237 7233 23566 3451 14875 9962 7160 20074 17851 13115 4736 8026 9723 4275 1497 1181 6389 10773 5092 13843
is_linear=0
shrinkage=0.05


Tree=36
num_leaves=31
num_cat=0
split_feature=1 1 1 0 1 1 0 1 0 0 1 0 1 0 1 1 0 1 1 0 1 0 1 0 1 0 1 1 0 0
split_gain=534.956 242.916 104.642 50.683 54.0456 120.011 79.0556 38.2934 72.1698 32.1442 31.6879 30.7908 28.9129 25.735 20.2725 20.1705 57.8826 18.3268 10.5498 9.5443 9.23286 8.89492 7.88304 17.7176 7.58158 7.37131 15.6401 14.7292 15.8334 6.99487
threshold=40.265485500000004 -4.8145869999999986 32.134028500000007 61.576250000000009 6.0289675000000011 17.058564500000003 104.15735000000002 10.5517035 92.490150000000014 97.343340000000012 46.477814000000002 94.631550000000018 22.755851500000002 89.504690000000025 8.7348700000000026 14.4870885 81.885040000000018 -39.718969499999993 64.806794500000009 102.52294500000001 -11.344117999999998 106.72323500000002 13.097009000000002 91.122125000000011 -10.877669999999998 101.147845 24.556618500000003 21.699859500000006 98.00545000000001 103.88744000000001
decision_type=2 2 2 2 2 2 2 2 2 2 2 2 2 2 2 2 2 2 2 2 2 2 2 2 2 2 2 2 2 2
left_child=1 13 3 -3 11 7 25 8 -6 -4 -2 -5 -8 17 19 16 -9 -1 -12 -10 -15 -13 23 -18 -19 27 -27 -7 -29 -11
right_child=10 2 9 4 5 6 12 15 14 29 18 21 -14 20 -16 -17 22 24 -20 -21 -22 -23 -24 -25 -26 26 -28 28 -30 -31
leaf_value=-0.0075905414464514064 -0.019489910216540528 -0.014473613014996943 -0.013900621754618406 -0.0034039901092119242 -0.0034039901092119242 0.0037693413606157723 0.011562874803922509 -0.00037122101943359468 0.0081036955507539227 -0.00098874925011983839 -0.032297101841344371 0.0048066897866118584 0.033258024545402616 -0.0074300968419073942 0.02630303392816661 0.015118709294643937 0.015045676636761202 -0.016380933675315072 -0.045132623491652438 0.019329228280069014 -0.00029009625286402279 0.014647704791825759 0.023710943971646067 0.036373492010018826 -0.0084140079261356675 0.0037693413606157723 0.011422221471109122 -0.0034039901092119242 0.0037693413606157723 0.013039815442074132
leaf_weight=593.08554492890835 490.11334256082773 264.05010941624641 800.6190148666501 1275.8086465597153 556.02477613091469 1224.3052973598242 354.77081249654293 196.95291392505169 465.0344412624836 390.2753180116415 676.99008163809776 1940.1246065199375 270.78473998606205 845.38069041073322 418.40762764215469 1028.4954492598772 118.84284859895706 1304.2373718619347 209.66804312169552 319.40833806991577 974.9274358600378 260.43941235542297 413.48290590941906 539.07998737692833 387.29472301900387 405.9217195212841 289.03884333372116 1725.0022339522839 518.02763572335243 115.05215740203857
leaf_count=3424 4020 1354 5392 5904 2353 4959 1652 836 1953 1723 8042 7902 1670 4184 2188 4352 564 8755 2805 1434 4373 1077 2064 3170 2375 1663 1260 8220 2099 516
internal_value=0.000346648 0.00264492 0.00580303 0.00720109 0.00766563 0.00974196 0.00438113 0.0160705 0.0105185 -0.00766856 -0.0296926 0.00238365 0.0209541 -0.00804123 0.0174151 0.020322 0.0245414 -0.0115751 -0.0353323 0.0126745 -0.00360603 0.00597139 0.029121 0.032521 -0.0145568 0.00189037 0.00659033 0.000948355 -0.0015896 0.00220525
internal_weight=19371.6 17994.9 13889.9 12584 12320 8843.58 4787.85 4055.73 1758.88 1305.95 1376.77 3476.37 625.556 4104.93 1202.85 2296.85 1268.36 2284.62 886.658 784.443 1820.31 2200.56 1071.41 657.923 1691.53 4162.3 694.961 3467.34 2243.03 505.327
internal_count=102283 87416 64305 56674 55320 40437 21523 18914 7928 7631 14867 14883 3322 23111 5575 10986 6634 14554 10847 3387 8557 8979 5798 3734 11130 18201 2923 15278 10319 2239
is_linear=0
shrinkage=0.05


Tree=37
num_leaves=31
num_cat=0
split_feature=1 1 1 0 0 0 1 1 0 0 1 0 1 0 0 1 1 1 0 0 1 0 1 0 1 1 0 0 0 1
split_gain=485.113 182.623 128.006 66.3448 49.1207 41.9733 37.2919 95.0143 64.8973 48.459 37.165 20.5247 24.8676 19.4127 14.5474 20.5497 13.8875 13.3453 12.9811 10.15 10.1088 15.0065 10.0586 9.89463 9.00354 8.43541 8.25778 7.56208 6.94058 6.91192
threshold=40.265485500000004 1.3600800000000002 29.811994500000001 62.478425000000009 100.26885500000002 96.697305000000014 17.058564500000003 9.6576005000000027 105.39100000000001 93.003945000000016 51.601718000000012 73.403825000000012 15.392356500000002 79.079865000000012 81.885040000000018 -34.219322999999996 8.7348700000000026 22.755851500000002 94.631550000000018 104.89764000000001 14.007322500000003 87.205500000000015 33.586376000000008 102.15991500000003 64.806794500000009 -10.436647499999998 106.72323500000002 83.480975000000015 107.71097000000002 13.097009000000002
decision_type=2 2 2 2 2 2 2 2 2 2 2 2 2 2 2 2 2 2 2 2 2 2 2 2 2 2 2 2 2 2
left_child=1 5 3 -3 18 14 7 9 -8 27 23 -9 13 -13 15 -1 26 28 22 -6 21 -15 -4 -2 -12 -7 -11 -5 -10 -23
right_child=10 2 4 6 19 25 8 11 17 16 24 12 -14 20 -16 -17 -18 -19 -20 -21 -22 29 -24 -25 -26 -27 -28 -29 -30 -31
leaf_value=-0.0076896326808271161 -0.022551111261052012 -0.017568460349385424 -0.0093763730141311862 -0.0042892175559112568 0.0038769655399054103 -0.0030087842880775042 0.0034310975217187924 -0.0010865659521874245 0.014042471060579445 0.00736158360207526 -0.033398432490992246 0.0093224109738573712 0.011167907840420842 0.016729305054231453 -0.0046633668894174325 -0.015256455091528799 0.022074560620504877 0.036587459746575603 -0.0043768847401229796 0.020952867671955578 0.017989618044474198 0.031111699573012238 -0.019185322663312163 -0.00018615390779483677 -0.046289664384782013 0.0033273188671822454 0.01702595436579676 0.0015980541167978394 0.027755766007757213 0.022803650353751412
leaf_weight=675.97903271019459 670.33201553672552 240.85693998634815 382.3829498142004 418.62506563961506 348.78974820673466 427.35907801985741 3825.4733589738607 124.39519852399826 140.90676766633987 1661.6940372139215 414.0192139595747 118.2209342867136 630.17681330442429 171.59520100057125 2112.7600412517786 1196.8133131712675 214.07304149866104 147.42267471551895 517.89648488163948 115.95569545030594 480.58243682980537 814.17332495748997 487.27749601751566 53.393357910215855 201.30063527077436 1493.7023735642433 254.94438114762306 567.459507599473 109.33146998286247 240.56655007600784
leaf_count=4105 6502 1177 2298 1929 1462 1969 16487 546 657 6908 5236 479 2630 753 10769 8142 1067 1011 2564 596 2173 4708 3510 286 2797 6183 1121 2305 565 1264
internal_value=0.000447999 0.00261728 0.00615671 0.00836045 -0.00593156 -0.00458116 0.00899003 0.0116297 0.00542948 0.00575487 -0.0285819 0.0187275 0.0197314 0.0226882 -0.00750742 -0.0107159 0.00999616 0.0246538 -0.0106438 0.00813747 0.0241362 0.026545 -0.0143759 -0.0209011 -0.0376158 0.00148985 0.0086471 -0.00340962 0.0176234 0.028878
internal_weight=19258.5 17919.4 12012.8 10160.5 1852.3 5906.61 9919.64 5696.51 4223.13 3116.8 1339.05 2579.71 2455.32 1825.14 3985.55 1872.79 2130.71 397.661 1387.56 464.745 1706.92 1226.34 869.66 723.725 615.32 1921.06 1916.64 986.085 250.238 1054.74
internal_count=102199 87378 56210 45780 10430 31168 44603 25883 18720 13330 14821 12553 12007 9377 23016 12247 9096 2233 8372 2058 8898 6725 5808 6788 8033 8152 8029 4234 1222 5972
is_linear=0
shrinkage=0.05


Tree=38
num_leaves=31
num_cat=0
split_feature=1 1 1 1 0 1 1 0 0 0 0 1 1 1 1 0 0 0 1 1 1 0 0 0 1 1 1 0 1 1
split_gain=465.311 160.132 77.0808 37.2459 37.1221 41.055 109.495 54.9501 38.4335 35.1315 29.7631 23.1471 21.791 17.6408 23.8737 22.5466 15.1829 13.8717 23.9573 13.4955 12.5257 24.3878 11.7931 11.5401 9.80481 7.43814 5.87911 7.38447 5.65499 5.5673
threshold=41.38483200000001 -3.7598809999999996 32.467588000000006 -63.053114499999992 59.601255000000002 7.1819610000000011 16.105218500000003 79.079865000000012 108.71568000000001 91.265895000000015 104.59421500000001 61.091836500000007 -15.315342499999998 10.5517035 14.260031500000002 95.794150000000016 95.575195000000022 103.37742000000001 23.003462500000001 13.097009000000002 19.466933000000004 98.654590000000013 101.81990500000002 100.91538000000001 8.9645635000000023 21.699859500000006 -41.870221999999991 81.155595000000019 12.381252500000002 1.6478435000000002
decision_type=2 2 2 2 2 2 2 2 2 2 2 2 2 2 2 2 2 2 2 2 2 2 2 2 2 2 2 2 2 2
left_child=1 3 4 -1 28 9 7 19 17 -6 16 23 26 15 -15 -9 -4 20 -19 -7 -8 25 -14 -2 -17 -22 -5 -28 -3 -11
right_child=11 2 10 12 5 6 8 13 -10 29 -12 -13 22 14 -16 24 -18 18 -20 -21 21 -23 -24 -25 -26 -27 27 -29 -30 -31
leaf_value=0.017562737113019988 -0.02760258422583068 -0.0046362184683016025 -0.013361385052462685 -0.005503302107105229 -0.0035464641259887681 -0.0035464641259887681 0.0059456017687159329 0.0076065899771766577 0.030171040105715998 0.0026465372904312468 0.021762118238861674 -0.042312419842466954 -0.0052069491405636499 0.026144525453091566 0.013939706772689185 0.014122219636113065 -0.00215517269424992 0.0059456017687159329 0.01674816760241566 0.0076065899771766577 0.0019214223986464664 0.0059456017687159329 0.0048360413803028406 -0.0066624661911531095 0.025989406222271597 -0.0035464641259887681 -0.015858835277731475 -0.0089413848147887869 -0.020401163160546652 0.0072367868498764143
leaf_weight=159.88157160580158 849.18951661139727 99.623636722564697 702.74394601583481 402.49759343266487 995.38591055572033 228.78263463079929 1033.572477966547 420.34443643689156 136.90661293268204 1172.9146374315023 86.725650042295456 283.83435529470444 1861.0571047216654 1024.8928731828928 657.87487882375717 422.31965026259422 530.37852378189564 449.66360986232758 292.32432915270329 120.32436300814152 480.25275357067585 972.24490608274937 346.77570240199566 71.320850938558578 296.0792348086834 1862.6966543197632 747.35820631682873 797.48626120388508 132.59086354076862 1512.191784247756
leaf_count=790 9562 571 5081 2391 4677 1011 4171 1770 808 4760 396 4047 9833 5703 2886 1911 2528 2010 1674 496 1972 3983 1491 468 1652 8873 5353 4429 632 6249
internal_value=0.000256558 0.00227561 0.00493302 -0.0061189 0.00616414 0.00654483 0.00847457 0.0158054 0.00402836 0.00214147 -0.00655027 -0.0298293 -0.00703011 0.0181208 0.0213731 0.0133147 -0.00854148 0.0033253 0.00964401 -0.00290761 0.00224719 0.000712218 -0.00362954 -0.0259802 0.0190131 -0.00210276 -0.0108856 -0.0122879 -0.0136378 0.00523166
internal_weight=19150.2 17945.9 13630.8 4315.06 12311 12078.8 8398.28 3170.62 5227.66 3680.49 1319.85 1204.34 4155.17 2821.51 1682.77 1138.74 1233.12 5090.75 741.988 349.107 4348.77 3315.19 2207.83 920.51 718.399 2342.95 1947.34 1544.84 232.215 2685.11
internal_count=102178 88101 63814 24287 55809 54606 38920 15429 23491 15686 8005 14077 23497 13922 8589 5333 7609 22683 3684 1507 18999 14828 11324 10030 3563 10845 12173 9782 1203 11009
is_linear=0
shrinkage=0.05


Tree=39
num_leaves=31
num_cat=0
split_feature=1 1 1 0 1 1 0 0 0 0 1 1 1 0 0 1 0 1 1 1 0 1 0 0 0 1 0 0 1 1
split_gain=432.524 144.135 99.1874 40.5015 36.71 89.5358 49.7246 47.4762 33.1282 29.6095 24.971 36.0049 20.4994 15.4178 15.0006 13.1594 24.7654 12.8496 11.0431 16.0394 14.8322 10.0966 9.1191 8.56948 7.56396 6.66979 6.60979 6.3876 11.0954 9.82225
threshold=42.012649000000003 0.55094750000000003 31.096620500000004 59.601255000000002 17.058564500000003 8.7348700000000026 104.74346500000001 91.265895000000015 100.91538000000001 73.775245000000027 -63.053114499999992 -11.766539499999999 51.601718000000012 108.71568000000001 80.669915000000017 15.392356500000002 83.267410000000012 12.179487500000002 14.007322500000003 10.5517035 95.459655000000012 23.259810500000004 94.250140000000016 106.94312000000001 90.121750000000006 66.215195000000008 106.31403500000002 101.484435 21.948019000000006 19.958431000000001
decision_type=2 2 2 2 2 2 2 2 2 2 2 2 2 2 2 2 2 2 2 2 2 2 2 2 2 2 2 2 2 2
left_child=1 10 3 -3 5 7 27 -5 22 -7 -1 24 -2 21 -13 16 17 -11 19 20 -18 -8 -4 -16 -12 -14 -9 29 -29 -6
right_child=12 2 8 4 6 9 13 26 -10 15 11 14 25 -15 23 -17 18 -19 -20 -21 -22 -23 -24 -25 -26 -27 -28 28 -30 -31
leaf_value=0.014827705350413273 -0.022645139858648165 -0.015353541421767369 -0.013048594720315068 -0.0038653385909372204 0.0042089562806031421 -0.0038653385909372204 0.010830290231916803 0.00703197347347587 0.0077142312454061045 0.0069864644408496705 -0.011249197116292818 -0.010100687588880726 -0.032850946443236391 0.035362848180787033 -0.00042072637050012164 0.011415119317532951 0.014402299311316253 0.014402299311316253 0.014892643442602396 0.028148299228473162 0.025248363597130077 0.024877178083374127 -0.0045400796050402035 0.012865760862402605 -0.0052068953608990021 -0.044842940059662939 0.014810959060683493 0.0042089562806031421 0.010830290231916803 -0.00012020030589171397
leaf_weight=166.1684063076973 541.56412357091904 195.38379830121994 778.33744895458221 829.81958976387978 788.81336905062199 161.41423507034779 239.70465064048767 1902.6695422530174 349.98622943460941 135.61396905779839 1672.3427801728249 406.17999303340912 416.80136275291443 113.96611274778843 2446.4245047569275 615.1773256957531 167.22346952557564 123.88788144290447 437.14450696110725 868.57492181658745 344.27482640743256 139.7196584045887 528.89507718384266 127.6940898001194 750.33459924161434 160.63704095035791 318.83458940684795 302.45982956886292 369.71218121051788 2595.8583430945873
leaf_count=815 5597 981 5619 3663 3162 717 1141 7880 1540 557 11176 2688 5602 706 10918 2578 740 514 2007 5033 1914 917 2779 519 3722 2411 1400 1230 1654 11585
internal_value=0.000522988 0.00241064 0.00543074 0.00720135 0.00762286 0.0102238 0.0042478 0.00426985 -0.00594826 0.0165909 -0.0042636 -0.00485076 -0.0296331 0.0192356 -0.00117072 0.0178383 0.019741 0.00698646 0.0218181 0.0240118 0.0169877 0.0143915 -0.00960612 0.000238375 -0.00937782 -0.036187 0.00814843 0.00242499 0.00687707 0.00154084
internal_weight=18995.6 17876.6 12307.5 10650.3 10454.9 5904.63 4550.23 3051.32 1657.22 2853.31 5569.14 5402.98 1119 493.39 2980.3 2691.9 2076.72 259.502 1817.22 1380.07 511.498 379.424 1307.23 2574.12 2422.68 577.438 2221.5 4056.84 672.172 3384.67
internal_count=101765 88155 58317 48379 47398 27003 20395 12943 9938 14060 29838 29023 13610 2764 14125 13343 10765 1071 9694 7687 2654 2058 8398 11437 14898 8013 9280 17631 2884 14747
is_linear=0
shrinkage=0.05


Tree=40
num_leaves=31
num_cat=0
split_feature=1 1 1 0 1 0 0 0 1 0 1 1 0 0 1 0 1 1 0 0 1 1 0 1 1 1 1 1 1 1
split_gain=402.122 149.904 82.1389 80.1982 70.8945 50.264 43.0651 38.8819 30.8339 25.8657 21.2294 20.6254 36.5593 12.651 12.4969 13.5552 12.3152 11.979 10.4701 9.76947 7.62988 7.0535 17.9154 11.0964 10.2411 6.13735 5.78962 5.72948 5.55363 4.72775
threshold=41.38483200000001 1.3600800000000002 17.295331500000007 103.00876000000001 9.6576005000000027 86.108395000000016 95.575195000000022 69.629245000000012 33.586376000000008 109.13606000000001 56.169397500000009 15.164761000000002 80.15958000000002 106.72323500000002 -58.220447499999999 81.885040000000018 23.003462500000001 29.811994500000001 101.147845 94.128095000000016 -10.436647499999998 14.007322500000003 90.561050000000009 11.940788500000002 12.632285500000002 -5.1525904999999996 7.4040830000000009 67.705214500000011 10.115368500000002 -34.219322999999996
decision_type=2 2 2 2 2 2 2 2 2 2 2 2 2 2 2 2 2 2 2 2 2 2 2 2 2 2 2 2 2 2
left_child=1 6 4 8 5 -3 14 -6 -4 16 18 12 -9 26 -1 29 -5 -18 -2 -10 -8 22 23 -14 28 -17 -7 -12 -24 -16
right_child=10 2 3 9 7 13 20 11 19 -11 27 -13 21 -15 15 25 17 -19 -20 -21 -22 -23 24 -25 -26 -27 -28 -29 -30 -31
leaf_value=-0.0030423643058588822 -0.024983318938474899 -0.0082766497214413742 0.00087246895303853291 0.0068448399227722502 -0.0096723680821908919 0.0049876111753783675 -0.0030423643058588822 0.0037549604806322275 -0.013720745536141844 0.038440187341395642 -0.033313836253592001 0.010663773523006152 0.013307036122137867 0.017828140113542348 -0.0087227437436298832 -0.0076484409267928823 0.02454133345027543 0.0084358350821143371 -0.0038001826656340978 -0.0036810040132128521 0.0030758123583932845 0.016964624133652965 0.021200588235606072 0.020612796521599062 0.020612796521599062 -0.0030423643058588822 0.010675726645456338 -0.046004809487190525 0.033761185995867179 -0.013590242801509812
leaf_weight=234.47206158936024 671.78599347174168 604.0822262018919 4192.430356323719 399.34085308015347 142.34962852299213 1647.7679852098227 504.26611998677254 178.52696798741817 516.18243230134249 102.43420322239399 281.0917504504323 820.87422373890877 120.57548148930073 278.35610748827457 460.29606661200523 1292.9646604210138 262.35699379444122 206.19571588933468 63.879028707742691 456.68445762246847 1644.1449278593063 381.57543797791004 106.18405015766621 109.87820672988892 305.46756161749363 558.55798105895519 614.07149989902973 130.09312257170677 513.96346598863602 1171.6104884594679
leaf_count=1170 7597 2792 18736 1807 662 6764 2353 736 3909 639 4016 3454 561 1273 3071 7186 1530 970 401 2403 6825 1771 589 525 1749 2471 2777 2033 3222 8158
internal_value=0.000468483 0.00231485 0.00552618 0.00148916 0.00977944 0.00468689 -0.00423188 0.0157556 -0.000988462 0.0146781 -0.0282298 0.0171823 0.0203002 0.00776974 -0.00748845 -0.00852571 0.0118736 0.0174538 -0.023144 -0.00900788 0.00140372 0.0228591 0.0248047 0.013307 0.0279186 -0.0055975 0.00653189 -0.0373291 0.0316105 -0.011848
internal_weight=18972.5 17825.6 11959.3 6135.63 5823.67 3144.28 5866.31 2679.4 5165.3 970.328 1146.85 2537.05 1716.17 2540.2 3717.9 3483.43 867.894 468.553 735.665 972.867 2148.41 1537.64 1156.07 230.454 925.615 1851.52 2261.84 411.185 620.148 1631.91
internal_count=102150 88103 56869 29994 26875 13606 31234 13269 25048 4946 14047 12607 9153 10814 22056 20886 4307 2500 7998 6312 9178 8417 6646 1086 5560 9657 9541 6049 3811 11229
is_linear=0
shrinkage=0.05


Tree=41
num_leaves=31
num_cat=0
split_feature=1 1 1 0 1 1 1 0 0 0 0 1 1 0 1 1 0 1 1 0 0 0 1 1 0 0 1 0 1 0
split_gain=360.924 129.401 89.5757 31.0724 25.4935 24.8788 74.0067 48.9107 28.0832 24.3548 23.7499 23.668 21.4328 22.724 21.283 26.1513 16.6567 13.6623 13.4723 8.35861 7.57876 5.99161 9.57537 8.98333 7.2379 5.89623 5.729 19.6815 5.13393 10.0443
threshold=42.012649000000003 -0.86249949999999986 32.134028500000007 59.601255000000002 54.321631000000004 7.1819610000000011 16.105218500000003 76.16335500000001 106.51686000000001 97.234315000000009 88.871230000000011 19.721826000000004 10.5517035 93.39397000000001 -63.053114499999992 -10.877669999999998 76.474970000000013 9.6576005000000027 14.007322500000003 101.03494500000001 104.30429000000001 103.88744000000001 17.759863000000003 23.259810500000004 101.36771500000002 106.51686000000001 24.842162500000004 95.22858500000001 -39.718969499999993 80.432445000000016
decision_type=2 2 2 2 2 2 2 2 2 2 2 2 2 2 2 2 2 2 2 2 2 2 2 2 2 2 2 2 2 2
left_child=1 14 3 -3 19 10 7 -7 21 -4 -5 -10 13 -9 -1 28 -17 -15 -14 -2 -11 22 -8 -23 26 -18 -24 -28 -16 -30
right_child=4 2 9 5 -6 6 8 12 11 20 -12 -13 18 17 15 16 25 -19 -20 -21 -22 23 24 -25 -26 -27 27 -29 29 -31
leaf_value=0.012898276469094761 -0.023369555507104442 -0.013230501472694667 -0.012491750559968066 -0.003411397567068976 -0.037167076593750605 -0.003411397567068976 0.0057715083369553593 0.0061897514651935992 0.010920837384577999 -0.0020022886836044084 0.0049190186311235604 0.03187406013812228 0.023251334451705463 0.012613171684688312 -0.0041904746424712555 -0.014331280155826347 -0.00093715041172121342 0.028362456727788594 0.014268370986382579 -0.0034068084723548743 0.012600198595879193 0.0057715083369553593 0.0025761276159618138 0.010920837384577999 0.0057715083369553593 0.010523035646473403 -0.003411397567068976 0.0032472720050680348 -0.014541263551952441 -0.0073648680584213217
leaf_weight=162.92143997550011 558.40506902337074 205.14018350839615 866.54861790686846 618.88982523977757 448.20767426490784 244.06457929313183 521.69644984602928 353.386455103755 135.5177845209837 451.79415161907673 2255.0672773122787 177.3364310413599 963.29896518588066 621.47743146121502 456.02963465452194 234.73992812633514 2013.2782460600138 176.89865896105766 736.51936385035515 57.870789483189583 110.60930782556534 261.36111587285995 1854.273568123579 159.31786654889584 555.8969465047121 118.86211240291595 868.92803658545017 615.29973435401917 778.67616187036037 1304.2628401517868
leaf_count=795 6431 1051 6275 2883 6730 1084 2131 1481 625 2040 9269 1254 5553 2918 2795 1621 9259 1062 3309 380 509 1152 7685 903 2354 484 4481 2606 5730 7169
internal_value=0.000188245 0.00187748 0.00456344 0.00605196 -0.0280938 0.00640771 0.00780403 0.0139137 0.00413128 -0.00723302 0.00240172 0.0186495 0.0157909 0.0105248 -0.00488054 -0.00547096 -0.00169002 0.0161028 0.0193591 -0.021495 0.000869619 0.00319221 0.00264906 0.00889395 0.0016239 -0.00029827 0.000723036 -0.00159207 -0.00899564 -0.0100477
internal_weight=18886.6 17822.1 12753.3 11324.4 1064.48 11119.2 8245.27 3095.65 5149.63 1428.95 2873.96 312.854 2851.58 1151.76 5068.77 4905.85 2366.88 798.376 1699.82 616.276 562.403 4836.77 4416.09 420.679 3894.4 2132.14 3338.5 1484.23 2538.97 2082.94
internal_count=102019 88478 60625 51801 13541 50750 38598 15407 23191 8824 12152 1879 14323 5461 27853 27058 11364 3980 8862 6811 2549 21312 19257 2055 17126 9743 14772 7087 15694 12899
is_linear=0
shrinkage=0.05


Tree=42
num_leaves=31
num_cat=0
split_feature=1 1 1 1 1 0 0 0 0 1 1 1 1 1 0 0 1 0 0 0 0 1 0 1 1 0 0 0 0 1
split_gain=321.895 103.279 70.7102 34.4897 82.5167 53.9364 33.997 32.8118 31.1559 30.6674 26.9388 18.9137 17.9732 22.1698 17.0263 16.7636 14.9743 11.9575 9.25123 8.58736 8.28957 8.07528 43.0656 12.7768 7.37254 6.77221 5.82973 4.95238 4.9054 4.1354
threshold=43.160387000000007 -7.294513499999999 32.467588000000006 6.7407555000000006 16.105218500000003 78.809185000000014 106.31403500000002 105.05617500000001 74.486650000000012 20.207226500000001 -58.220447499999999 61.091836500000007 10.115368500000002 14.260031500000002 105.93683500000002 103.25822500000001 13.553831000000002 94.250140000000016 89.504690000000025 61.576250000000009 91.808785000000015 19.466933000000004 98.868545000000026 24.297458000000002 24.297458000000002 101.03494500000001 96.697305000000014 97.343340000000012 89.188945000000018 39.738916500000009
decision_type=2 2 2 2 2 2 2 2 2 2 2 2 2 2 2 2 2 2 2 2 2 2 2 2 2 2 2 2 2 2
left_child=1 10 3 8 5 16 19 17 -3 -8 -1 25 14 -14 20 27 -5 -4 -12 -6 -7 -21 24 -24 -23 -2 -26 -10 -13 -19
right_child=11 2 7 4 6 12 9 -9 15 -11 18 28 13 -15 -16 -17 -18 29 -20 21 -22 22 23 -25 26 -27 -28 -29 -30 -31
leaf_value=0.0098558211901484168 -0.025274322927860998 -0.014247791765238627 -0.013410787957912389 -0.010960075357695685 -0.011697803028737583 0.0053013379531175161 0.0098332687562348656 0.023979622698978072 -0.0011074417591812791 0.03371129465642763 -0.0097496852259265701 -0.043841047787625514 0.022626260068408857 0.010960845201063985 0.026173122529122413 0.0083063320749819525 0.0053013379531175161 -0.0019147059268976596 -0.0042812601832055213 0.0054934472972558365 0.011453483082534468 8.7495725716686237e-05 0.0024859470507208083 0.0098332687562348656 -0.0048919742920549378 -0.0052194098377281416 0.0024859470507208083 0.0029024346205250226 -0.026778092788477821 -0.0087250071686419441
leaf_weight=242.86386248469353 665.01841774582863 309.69445645809174 699.29130686819553 286.72577470541 118.70362624526024 280.55933494865894 159.35522221028805 80.616542369127274 1899.4843379557133 174.2335039973259 1818.4310487061739 191.90083095803857 1092.3094028234482 649.44738771021366 146.76560205221176 881.5938183516264 116.20256581902504 536.85271896421909 1345.8304007798433 1189.6463596522808 737.05320772528648 1018.6877595931292 574.9431421905756 700.07554285228252 1128.5252905040979 44.93948096036911 245.21831628680229 1294.9351381510496 53.967456545680761 126.31399614363909
leaf_count=1205 8546 1901 5453 1312 577 1148 743 375 8456 1279 12442 3156 6405 2897 775 3662 484 2612 6552 4836 3428 4284 2434 3126 5741 349 1049 5311 859 802
internal_value=0.000125232 0.00163861 0.00348535 0.00465061 0.00648748 0.0126847 0.00262509 -0.00701528 0.00104094 0.0180774 -0.00619213 -0.028144 0.0150616 0.0182766 0.0102524 0.00220257 -0.00445893 -0.00884925 -0.00742384 0.00158913 0.00795625 0.00191385 0.000752707 0.0081746 -0.0032027 -0.0240049 -0.00489197 0.000518059 -0.0400958 -0.00403923
internal_weight=18810.2 17854.4 14447.2 13004.2 8618.45 3309.06 5309.39 1443.07 4385.71 333.589 3407.13 955.826 2906.13 1741.76 1164.38 4076.01 402.928 1362.46 3164.26 4975.8 1017.61 4857.1 3667.45 1275.02 2392.43 709.958 1373.74 3194.42 245.868 663.167
internal_count=102199 89289 69090 59848 40518 16449 24069 9242 19330 2022 20199 12910 14653 9302 5351 17429 1796 8867 18994 22047 4576 21470 16634 5560 11074 8895 6790 13767 4015 3414
is_linear=0
shrinkage=0.05


Tree=43
num_leaves=31
num_cat=0
split_feature=1 1 1 0 1 1 0 1 1 1 0 0 1 0 0 0 1 0 0 1 0 1 1 0 1 1 0 1 1 1
split_gain=311.777 105.107 59.9666 29.6167 24.1011 20.8864 20.7681 20.6031 49.5643 41.8237 61.1726 29.3009 28.2919 18.1419 17.936 16.1766 10.742 13.3705 8.82776 8.64254 7.79562 6.99082 5.82638 15.5196 10.8772 6.09861 19.902 4.42204 4.18012 4.15459
threshold=41.38483200000001 -3.7598809999999996 32.467588000000006 59.601255000000002 54.321631000000004 -63.053114499999992 95.342580000000012 4.567218500000001 16.105218500000003 10.5517035 89.188945000000018 106.11286000000003 21.457533000000002 95.575195000000022 76.16335500000001 81.885040000000018 8.7348700000000026 95.794150000000016 103.00876000000001 14.4870885 100.91538000000001 64.806794500000009 17.759863000000003 101.484435 19.211891000000005 24.842162500000004 96.585910000000013 -15.315342499999998 46.477814000000002 33.973648500000003
decision_type=2 2 2 2 2 2 2 2 2 2 2 2 2 2 2 2 2 2 2 2 2 2 2 2 2 2 2 2 2 2
left_child=1 5 3 -3 20 -1 -4 15 9 10 -9 22 -13 -7 -11 -5 -12 -18 29 -16 28 -6 -10 25 -25 -24 -27 -15 -2 -8
right_child=4 2 6 7 21 13 18 8 11 14 16 12 -14 27 19 -17 17 -19 -20 -21 -22 -23 23 24 -26 26 -28 -29 -30 -31
leaf_value=0.012421186764656455 -0.017287506869201826 -0.012847652475767954 -0.01216039211481173 -0.0036088348811568294 -0.029992336042956459 -0.0077430121878287895 0.0042327493623787347 -0.0036088348811568294 0.0071504564862019384 9.0892322858904064e-05 0.0089231145985035447 0.0099195808163206126 0.033943011159322328 -0.0041072841109772952 0.020727807131176113 0.0034324925440600315 0.003819415205085901 0.023211398874486547 0.011239366417220207 0.013143201753614506 -0.0031538413071944115 -0.043149965092640054 0.0022772842168865422 0.0041321519683574217 0.0099195808163206126 -0.0036088348811568294 0.0041321519683574217 0.0011161578493946991 -0.025828956731949956 -0.0054474415474442782
leaf_weight=168.38366092741489 290.06600061804056 220.89650602638721 668.36829009652138 305.07008041441441 266.12444804608822 2842.878232806921 117.18971639871597 551.79475511610508 586.94364643096924 151.43334063887596 1270.5677029192448 198.72964404523373 156.62165673822165 228.1178817898035 1072.1316952705383 2324.9724295586348 113.6261800378561 322.76023885607719 146.84289881587029 578.11903586983681 64.368768334388733 162.65191749110818 1847.5185420811176 115.26385152339935 722.99750779569149 1028.2170819193125 528.41374026238918 1000.3316238671541 282.98273661732674 361.7664989605546
leaf_count=814 2940 1174 5054 1703 4032 17997 508 2400 2412 655 5472 969 1193 1077 6200 9558 521 1881 652 2560 409 2808 7654 472 3299 5306 2195 4389 3790 1847
internal_value=0.000437861 0.00202571 0.00419808 0.00529255 -0.0258178 -0.00483528 -0.00603149 0.00562998 0.00674079 0.0108777 0.00634557 0.00350097 0.0173578 -0.00554898 0.0165595 0.00172525 0.0112477 0.0180157 0.000514318 0.0180708 -0.0196522 -0.0349835 0.00248136 0.00183538 0.0079296 0.000334701 -0.00197089 -0.000471556 -0.0215054 -0.00277387
internal_weight=18696.2 17630 13390.2 12096.1 1066.19 4239.71 1294.17 11875.2 9245.14 4060.43 2258.75 5184.71 355.351 4071.33 1801.68 2630.04 1706.95 436.386 625.799 1650.25 637.418 428.776 4829.35 4242.41 838.261 3404.15 1556.63 1228.45 573.049 478.956
internal_count=101941 87962 63685 55624 13979 24277 8061 54450 43189 19689 10274 23500 2162 23463 9415 11261 7874 2402 3007 8760 7139 6840 21338 18926 3771 15155 7501 5466 6730 2355
is_linear=0
shrinkage=0.05


Tree=44
num_leaves=31
num_cat=0
split_feature=1 1 1 1 1 1 0 0 1 0 1 0 0 0 1 0 1 0 1 1 1 1 0 0 0 0 1 1 1 0
split_gain=280.053 109.447 69.4858 30.3868 37.7349 37.8436 47.7546 29.6999 25.6286 23.7211 33.9896 22.7265 20.1866 15.6806 14.7549 13.0549 11.0208 10.0313 8.8386 8.5649 8.41727 8.37053 8.12825 7.75948 6.8088 6.23418 5.95113 5.23507 3.94145 3.93703
threshold=43.160387000000007 -7.294513499999999 32.467588000000006 3.7995745000000003 16.105218500000003 10.5517035 88.392405000000011 71.816360000000017 -63.053114499999992 103.37742000000001 23.003462500000001 94.128095000000016 80.669915000000017 92.62157000000002 64.806794500000009 104.89764000000001 17.759863000000003 99.946610000000007 8.9645635000000023 7.1819610000000011 21.948019000000006 20.474534000000002 106.94312000000001 104.30429000000001 106.94312000000001 101.25781500000001 -41.870221999999991 8.5095730000000014 47.142154500000011 80.432445000000016
decision_type=2 2 2 2 2 2 2 2 2 2 2 2 2 2 2 2 2 2 2 2 2 2 2 2 2 2 2 2 2 2
left_child=1 8 3 12 5 6 18 -7 -1 16 -11 -4 -3 26 25 27 -6 21 -5 -17 -19 -18 -14 -13 -12 28 -10 -8 -2 -28
right_child=14 2 11 4 9 7 15 -9 13 10 24 23 22 -15 -16 19 17 20 -20 -21 -22 -23 -24 -25 -26 -27 29 -29 -30 -31
leaf_value=0.012719594108404293 -0.019096419325233708 -0.0098477157511261595 -0.013498648756652866 -0.0031049889995140752 0.006445899122367183 -0.0092366142726364019 0.005717317951083609 0.016767719432777505 -0.0061833583649272793 0.006445899122367183 0.020043542342595387 -0.0029040941635174291 0.001356623962901894 -0.0024923887090958826 -0.040718211662918502 0.012572367951960865 0.0027834918938342678 0.0027834918938342678 -0.017050324719306332 0.025875444349518568 0.006445899122367183 -0.0018110939425714297 0.012143206973045391 0.011844502558371372 0.036661929817240403 -0.0053376294247866841 -0.013489694343072015 0.012318188252619062 -0.027336956018599298 -0.0087441017736481393
leaf_weight=166.70216552913189 203.43121584504843 406.39259114861488 678.87838956713676 454.79774352908134 522.12221010029316 117.34938180446625 1150.1319591701031 1706.8449276834726 384.3324089050293 523.43799456208944 233.35826043784618 644.32930698990822 2668.3594696968794 1085.1100296974182 156.75521250069141 208.37527413666248 673.41898930072784 282.44570578634739 151.46299111843109 178.55758284032345 508.2720927298069 2468.3123064488173 186.88204817473888 103.50698626041412 83.758439421653748 42.860216252505779 903.83234116435051 406.547483086586 506.10987971350551 846.24885097146034
leaf_count=802 2278 2513 5389 2044 2141 546 4812 9041 2365 2461 1330 3381 11276 5116 2809 924 2707 1134 671 1017 2125 11464 763 475 697 330 6758 2115 7434 5149
internal_value=0.000302629 0.00168943 0.00359649 0.0047519 0.00615964 0.00959634 0.00566265 0.0150949 -0.00639651 0.00332073 0.0110248 -0.00687534 0.000578627 -0.00738632 -0.0267631 0.00948423 0.00186701 0.000900071 -0.00658897 0.0177035 0.00593382 -0.000366834 0.00206263 -0.000862761 0.0244329 -0.0238557 -0.00987433 0.00744122 -0.0249743 -0.011195
internal_weight=18652.9 17743.8 14357.5 12930.8 9669.19 4374.07 2549.87 1824.19 3386.23 5295.13 840.555 1426.71 3261.63 3219.52 909.157 1943.61 4454.57 3932.45 606.261 386.933 790.718 3141.73 2855.24 747.836 317.117 752.401 2134.41 1556.68 709.541 1750.08
internal_count=102067 89216 69026 59781 45229 21170 11583 9587 20190 24059 4488 9245 14552 19388 12851 8868 19571 17430 2715 1941 3259 14171 12039 3856 2027 10042 14272 6927 9712 11907
is_linear=0
shrinkage=0.05


Tree=45
num_leaves=31
num_cat=0
split_feature=1 1 1 1 0 0 1 0 0 1 1 0 1 1 1 0 0 1 0 0 0 0 0 1 1 1 1 1 1 1
split_gain=269.743 83.3964 65.5908 29.9715 46.7123 45.4736 36.3608 55.3109 20.0461 19.5548 18.9564 17.5071 13.8302 12.9634 9.49125 13.6912 9.1555 6.55902 6.29269 5.32801 5.06684 4.7452 4.39592 3.67358 3.22167 3.17809 3.13178 4.19027 3.04696 2.86722
threshold=43.160387000000007 1.3600800000000002 32.134028500000007 17.539817500000002 69.152480000000011 103.76316000000001 10.5517035 91.536440000000013 97.020830000000004 23.259810500000004 13.553831000000002 105.05617500000001 61.091836500000007 8.5095730000000014 -53.860727499999989 80.903885000000017 95.575195000000022 -7.6324449999999997 106.11286000000003 107.43079000000002 98.00545000000001 107.17891000000002 106.31403500000002 9.880431500000002 -32.710995499999989 37.738118000000007 -13.709303499999999 -2.0786639999999994 -1.1622599999999996 46.477814000000002
decision_type=2 2 2 2 2 2 2 2 2 2 2 2 2 2 2 2 2 2 2 2 2 2 2 2 2 2 2 2 2 2
left_child=1 8 3 4 -3 -5 7 -6 14 19 -8 16 20 22 -1 24 -4 -17 -11 -7 29 28 -9 -15 -16 -18 -26 -28 -10 -2
right_child=12 2 11 5 6 9 10 13 21 18 -12 -13 -14 23 15 17 25 -19 -20 -21 -22 -23 -24 -25 26 -27 27 -29 -30 -31
leaf_value=-0.0024294020135296802 -0.019103590160261592 -0.013801709103206961 -0.010891066540821384 0.00016507178922413554 -0.0026813037937690842 0.0074292658614061174 0.019348735728891689 0.0064180364303760692 -0.0012547185594428037 0.01853350094407177 0.0098626440129468956 0.016611100482033701 -0.037734933012947419 0.013951788171790019 -0.007260632468419452 -0.0066683042257927099 -0.00031568283559827007 -0.0024294020135296802 0.034379643843166913 0.018690040968489013 -0.012417264350676232 0.0087604979894521078 0.013119764373940988 0.023943361648801131 -0.014610610053365228 -0.0068551508645860459 -0.007260632468419452 -0.016455661993911117 0.0038190790798365093 -0.027132023597689472
leaf_weight=311.39793425798416 150.37147887051105 246.52052070200443 797.18142000585794 4019.6655811816454 895.98167745769024 260.64193654805422 824.61333396285772 1664.0061450153589 1271.4442096054554 146.97512730956078 1457.4859238415956 80.654414564371109 220.7396716363728 319.29845198988914 416.8802400380373 1269.9913204312325 425.01915474236012 948.32068760693073 109.19994612038136 105.11381804198027 92.176502615213394 167.34853862226009 286.87427607178688 129.22661326825619 524.74362088739872 203.0617168918252 356.00904658436775 143.43674530088902 385.64710961282253 427.00540225952864
leaf_count=1608 1734 1259 6277 17740 3863 1203 4968 6935 5496 822 6546 386 3989 1685 2929 7273 1907 4284 909 612 843 692 1291 831 3997 1164 2585 830 1549 6321
internal_value=-2.41669e-05 0.00132165 0.00370507 0.00510897 0.00749769 0.00211174 0.0084391 0.00507955 -0.00360191 0.0146935 0.0132903 -0.00605153 -0.0268814 0.00916572 -0.00559523 -0.00659588 -0.00733399 -0.00413087 0.0252882 0.00742927 -0.0233032 0.000736428 0.00740352 0.0168305 -0.0103904 -0.00281924 -0.0119132 -0.00907917 -7.39174e-05 -0.0250411
internal_weight=18657 17766.7 11971.5 10465.6 5824.01 4641.6 5577.49 3295.39 5795.22 621.931 2282.1 1505.92 890.293 2399.41 3970.78 3659.38 1425.26 2218.31 256.175 365.756 669.553 1824.44 1950.88 448.525 1441.07 628.081 1024.19 499.446 1657.09 577.377
internal_count=102528 89641 58398 48664 27378 21286 26119 14605 31243 3546 11514 9734 12887 10742 23506 21898 9348 11557 1731 1815 8898 7737 8226 2516 10341 3071 7412 3415 7045 8055
is_linear=0
shrinkage=0.05


Tree=46
num_leaves=31
num_cat=0
split_feature=1 1 1 1 1 1 0 0 0 1 0 0 1 0 1 1 1 0 0 1 0 0 0 1 1 0 1 0 1 1
split_gain=248.642 50.4381 62.1303 27.4901 42.8837 31.6588 42.499 30.9976 29.0988 21.3564 20.9522 20.1653 15.8433 23.9037 12.4965 11.8542 9.03758 13.2775 8.13662 7.33029 6.76805 5.7607 4.68437 4.24192 3.45971 3.62413 3.06168 2.78712 12.5646 2.55931
threshold=44.465817000000008 -10.436647499999998 32.467588000000006 4.567218500000001 16.357406500000003 10.5517035 86.664155000000008 106.94312000000001 80.669915000000017 -58.220447499999999 74.134540000000001 93.894055000000023 14.260031500000002 84.323730000000026 66.215195000000008 19.721826000000004 8.7348700000000026 95.459655000000012 103.88744000000001 12.632285500000002 95.575195000000022 100.17008000000001 100.91538000000001 39.738916500000009 1.0000000180025095e-35 91.673515000000009 8.9645635000000023 104.15735000000002 22.755851500000002 -5.1525904999999996
decision_type=2 2 2 2 2 2 2 2 2 2 2 2 2 2 2 2 2 2 2 2 2 2 2 2 2 2 2 2 2 2
left_child=1 9 3 8 5 6 26 27 -3 -1 -7 -4 13 -12 22 -9 -8 -18 23 -15 24 -11 -2 -13 29 -26 -5 -6 -29 -10
right_child=14 2 11 4 7 10 16 15 20 21 12 18 -14 19 -16 -17 17 -19 -20 -21 -22 -23 -24 -25 25 -27 -28 28 -30 -31
leaf_value=0.0091258680711993473 -0.0255615830699472 -0.01080099230892745 -0.013322266305556288 -0.0057728688072155969 0.0009066282496509267 -0.0042964085986560733 0.006406469649920303 0.01053842106278354 -0.0027211083790458172 -0.0069179544020390926 0.0054600083965357484 -0.0013069049186614846 0.0097070162929656072 0.027076720494141657 -0.041762755084897678 0.029536702462990883 0.0010518949208314454 0.01996519099377788 0.010355778969563099 0.017786257962687953 0.0034693501635176477 0.001653717151234523 -0.0068406143158201184 -0.0074881127435458498 -0.004478593921775376 0.0012280643599059421 -0.014647938649712457 0.0030871008247938224 0.01053842106278354 0.0012280643599059421
leaf_weight=250.63990534842014 624.57293052226305 519.90692487359047 697.14584969729185 344.7483396679163 4533.9732163101435 149.3039422929287 1338.7005358040333 97.397428691387177 418.11511762440205 2286.5768364518881 151.40964843332767 516.28440889716148 747.6493386477232 448.56975104659796 125.67380426451564 138.34853002429008 129.88313016295433 324.96013216674328 119.66236329078674 403.12631669640541 2322.0782593488693 214.39118552207947 35.303201861679554 153.78982209414244 270.37191765010357 187.77775329351425 135.31785061955452 238.27952426671982 160.3129023462534 444.91480354964733
leaf_count=1233 9342 3325 5770 1565 19989 679 5775 463 2147 14867 645 2587 3351 2972 2426 1085 595 1944 544 2376 9594 984 318 1081 1134 756 599 1067 998 2026
internal_value=0.000215124 0.00143382 0.00257588 0.0036439 0.00514982 0.00891956 0.00493864 0.00210556 0.000264689 -0.00478869 0.0136831 -0.00712481 0.0152164 0.0193228 -0.0273121 0.0198178 0.00847532 0.0145644 -0.00165396 0.0226793 0.0018438 -0.00618316 -0.02456 -0.00379867 -0.00101322 -0.00447859 -0.00827451 0.00125903 0.00526757 0.000851117
internal_weight=18529.2 17743.6 14992 13505.1 9341.98 4173.67 2273.61 5168.31 4163.16 2751.61 1900.06 1486.88 1750.76 1003.11 785.55 235.746 1793.54 454.843 789.737 851.696 3643.26 2500.97 659.876 670.074 1321.18 458.15 480.066 4932.57 398.592 863.03
internal_count=102237 90151 73067 63085 44103 20501 10478 23602 18982 17084 10023 9982 9344 5993 12086 1548 8314 2539 4212 5348 15657 15851 9660 3668 6063 1890 2164 22054 2065 4173
is_linear=0
shrinkage=0.05


Tree=47
num_leaves=31
num_cat=0
split_feature=1 1 1 1 1 1 0 1 0 0 1 1 0 0 1 1 0 1 0 1 1 0 1 1 0 0 0 0 1 0
split_gain=223.257 66.3194 50.9402 21.1741 21.1399 29.4548 32.2062 30.0301 21.5987 21.1064 16.6317 16.0146 14.4376 13.8957 9.17243 8.69346 8.28443 7.91344 7.18626 12.3777 6.21328 12.2911 5.81471 5.58884 5.44284 5.43067 4.36607 3.49427 3.46252 3.25566
threshold=43.160387000000007 -9.5991719999999976 33.586376000000008 -58.220447499999999 3.7995745000000003 16.105218500000003 76.16335500000001 10.5517035 106.94312000000001 95.794150000000016 19.721826000000004 56.169397500000009 94.128095000000016 94.631550000000018 14.260031500000002 9.6576005000000027 100.17008000000001 -13.164982999999998 102.89042500000001 18.963075500000006 18.737256500000004 99.405805000000015 2.4477240000000005 12.179487500000002 103.88744000000001 103.37742000000001 106.11286000000003 74.486650000000012 67.705214500000011 71.816360000000017
decision_type=2 2 2 2 2 2 2 2 2 2 2 2 2 2 2 2 2 2 2 2 2 2 2 2 2 2 2 2 2 2
left_child=1 3 4 -1 13 6 23 9 18 -8 -10 -2 -4 22 -9 26 -5 -18 20 -20 -7 -22 27 -6 -15 -14 -11 -3 29 -13
right_child=11 2 12 16 5 8 7 14 10 15 -12 28 25 24 -16 -17 17 -19 19 -21 21 -23 -24 -25 -26 -27 -28 -29 -30 -31
leaf_value=0.0085620065248572692 -0.019240201408708312 -0.0074902930001786413 -0.012839453404583838 -0.0076393253239070954 -0.010027545105731586 0.0037853409729559314 0.0018220257484923123 0.017687418344387251 0.0093867034011039449 0.0069958066474942945 0.029420468146629367 -0.045119167099587673 -0.0040540214367577442 0.001595236469857091 0.0099857104510543207 0.021347612652595976 -0.0028519364826069659 0.012006685564304441 0.0037853409729559314 0.0093867034011039449 -0.001406954288223998 0.0037853409729559314 -0.011960442803338566 0.0018220257484923123 0.0072988239516263284 0.007928856968769887 0.014475040743227306 -0.00087828251493471485 -0.041146194653665098 -0.027683893790138577
leaf_weight=247.37732964754105 516.81811820715666 244.53342868387699 567.57654368132353 2393.3998669087887 256.93676896393299 789.4497793763876 898.22946733236313 971.3416661247611 108.66467346251011 1046.6164409220219 138.82205090671778 30.847962871193886 500.39845223724842 1652.1014196872711 642.17064948379993 143.93108323216438 133.95688386261463 115.50503216683865 198.86470168828964 517.90076337754726 2932.7023369222879 796.19501197338104 167.85061272978783 130.07729326188564 560.08596190810204 116.58029174804688 239.84129618108273 1092.664827644825 98.938723929226398 202.76333266124129
leaf_count=1212 6825 1662 4741 15489 1292 3213 3764 5910 516 4663 1104 545 2739 6832 2913 963 616 521 848 2644 13690 3256 757 566 2292 507 1172 5395 1991 3502
internal_value=0.00029008 0.00149812 0.0028583 -0.00542623 0.00372884 0.00494538 0.00802834 0.00937959 0.00251103 0.00574697 0.0169447 -0.0247475 -0.00708422 0.00051775 0.0146222 0.00969402 -0.00673555 0.00193545 0.00182868 0.00647983 0.00109085 0.000184928 -0.00318851 -0.00573554 0.00303928 -0.00178981 0.0083902 -0.00208742 -0.0333065 -0.0299862
internal_weight=18453.1 17603.8 14713.5 2890.24 13529 9811.74 4329.14 3942.13 5482.6 2328.62 247.487 849.368 1184.56 3717.24 1613.51 1430.39 2642.86 249.462 5235.11 716.765 4518.35 3728.9 1505.05 387.014 2212.19 616.979 1286.46 1337.2 332.55 233.611
internal_count=102140 89277 71439 17838 63452 46514 21243 19385 25271 10562 1620 12863 7987 16938 8823 6798 16626 1137 23651 3492 20159 16946 7814 1858 9124 3246 5835 7057 6038 4047
is_linear=0
shrinkage=0.05


Tree=48
num_leaves=31
num_cat=0
split_feature=1 1 1 1 1 1 0 1 0 0 1 0 0 1 1 1 0 1 0 0 0 1 0 1 0 0 1 0 0 0
split_gain=207.714 67.2632 33.4353 22.1231 20.4146 27.0111 37.0008 26.2142 21.1289 20.1654 27.3829 19.2702 19.1248 14.0776 12.9361 10.2122 14.6663 8.8374 8.49826 8.32445 7.19564 7.14747 26.6162 9.82805 7.05729 6.05209 5.58419 5.2488 4.49783 4.49417
threshold=43.160387000000007 -9.5991719999999976 33.586376000000008 -58.220447499999999 3.7995745000000003 16.105218500000003 74.809610000000006 10.5517035 92.876560000000012 104.30429000000001 19.211891000000005 95.342580000000012 80.669915000000017 64.806794500000009 8.5095730000000014 14.260031500000002 84.937825000000018 12.632285500000002 108.35049500000001 100.17008000000001 60.626150000000003 19.466933000000004 98.549400000000006 24.043171500000003 95.22858500000001 103.37742000000001 23.515903500000004 101.71017000000002 106.11286000000003 104.02382000000001
decision_type=2 2 2 2 2 2 2 2 2 2 2 2 2 2 2 2 2 2 2 2 2 2 2 2 2 2 2 2 2 2
left_child=1 3 4 -1 12 6 -6 8 -8 20 -11 -4 -3 27 28 16 -9 -18 -12 -5 -7 -22 23 -23 -25 -13 -24 -2 -10 -14
right_child=13 2 11 19 5 9 7 15 14 10 18 25 29 -15 -16 -17 17 -19 -20 -21 21 22 26 24 -26 -27 -28 -29 -30 -31
leaf_value=0.0085005622085493216 -0.022554273125681475 -0.0095362715217639192 -0.01165645285633201 -0.0081535174672444574 -0.0087517862591008407 -0.011378056915698495 -4.2707530955916897e-05 0.0025288970371344908 0.0045855094735888944 0.0057016824500523682 0.0162895101529895 -0.0015160540863015655 0.00054196164084317842 -0.039123797950686996 0.016050413888400474 0.0087373223105371989 0.02432748603922474 0.013900847395423955 0.034174487574486871 0.0014900853089223438 0.0048064615496837704 0.001245037925861498 0.0014480949537864496 -0.0050631261358047019 0.0014480949537864496 0.011326828568195132 0.0057016824500523682 -0.0027807437187955513 0.012706061911618122 0.0055191601700982432
leaf_weight=243.90985208749771 662.86581351980567 458.22418262064457 620.97298330068588 2371.4813296049833 330.12236581742764 115.53172601759434 694.75804625451565 151.39819180965424 1048.6467358618975 225.18239377439022 322.22655580937862 445.5396523475647 2719.4577962905169 136.24091553688049 419.54532241076231 654.61262980103493 436.41526434570551 380.33341187238693 83.66457112133503 247.09415705502033 1088.4513439834118 930.91396650671959 425.03611212968826 1115.6719811856747 400.71748155355453 115.51535622775555 765.10704816877842 35.35053163766861 203.63085809350014 544.32486215233803
leaf_count=1191 9812 2959 5178 15441 1618 574 2911 656 4463 1017 1939 2331 11764 2805 2437 2974 2984 2290 681 1124 4417 3910 1739 5919 1785 502 3246 283 953 2229
internal_value=-4.83092e-05 0.00111003 0.00247583 -0.00590199 0.00318117 0.00437929 0.00733516 0.00866637 0.00531012 0.00204622 0.0104529 -0.00558818 2.90993e-05 -0.0244219 0.00845173 0.013561 0.0168226 0.0194721 0.0199761 -0.00724353 0.000950416 0.0012518 0.000188127 -0.00280549 -0.00506313 0.00112816 0.00570168 -0.0215531 0.00590598 0.00137205
internal_weight=18392.9 17558.5 14696 2862.49 13514 9791.97 4319.46 3989.34 2366.58 5472.5 631.074 1182.03 3722.01 834.457 1671.82 1622.76 968.147 816.749 405.891 2618.58 4841.43 4725.9 3637.45 2447.3 1516.39 561.055 1190.14 698.216 1252.28 3263.78
internal_count=102132 89232 71476 17756 63465 46513 21286 19668 10764 25227 3637 8011 16952 12900 7853 8904 5930 5274 2620 16565 21590 21016 16599 11614 7704 2833 4985 10095 5416 13993
is_linear=0
shrinkage=0.05


Tree=49
num_leaves=31
num_cat=0
split_feature=1 1 1 1 1 1 1 0 1 0 1 1 0 0 0 0 0 0 0 1 1 1 0 1 1 0 1 1 0 1
split_gain=180.857 47.1677 39.4358 25.6048 19.9673 18.2405 24.829 38.0335 26.6818 22.9256 20.2583 14.2161 10.717 10.4981 8.9733 7.68099 7.49762 4.94059 4.6734 4.32841 4.2989 4.10135 3.87866 2.77136 2.73936 10.1371 16.2377 3.35486 25.6007 2.66825
threshold=41.38483200000001 -8.4008324999999981 33.201237000000006 -63.053114499999992 57.089142000000002 3.2632700000000008 16.105218500000003 80.15958000000002 9.6576005000000027 108.71568000000001 14.007322500000003 12.632285500000002 94.128095000000016 80.669915000000017 95.913820000000015 60.626150000000003 90.414470000000009 87.882545000000007 98.00545000000001 -41.870221999999991 11.003336000000003 -15.315342499999998 106.31403500000002 7.8331740000000005 17.058564500000003 102.76239500000001 23.259810500000004 23.515903500000004 96.585910000000013 64.806794500000009
decision_type=2 2 2 2 2 2 2 2 2 2 2 2 2 2 2 2 2 2 2 2 2 2 2 2 2 2 2 2 2 2
left_child=1 3 5 -1 18 13 7 11 14 15 20 -7 -4 -3 -9 -8 19 29 -2 -5 -10 -21 23 -16 -17 27 -27 -26 -29 -6
right_child=4 2 12 16 17 6 9 8 10 -11 -12 -13 -14 -15 22 24 -18 -19 -20 21 -22 -23 -24 -25 25 26 -28 28 -30 -31
leaf_value=0.013870015491870794 -0.018764376863320623 -0.0079167495861303949 -0.012242915793981932 -0.0051557583810898002 -0.031154445666694265 -0.010343286194377178 -0.01176199575589928 0.0017471625266486533 0.012767066322633913 0.023190278949074796 0.0064058179885564497 0.0017471625266486533 -0.0023967238664805552 0.00071254502838637331 0.0045984591802776895 0.005691594131760287 -0.0025535412814288328 -0.023093909352951206 -0.0079619544376355114 -0.010825584998939854 0.019648300252381696 -0.0051557583810898002 0.012995804511926022 0.0095301383734602996 0.0016812911358818192 0.0032356557697138504 0.012186985771393481 -0.0051492601910855511 0.0032356557697138504 -0.042891973619653183
leaf_weight=175.75159172713757 535.17848770692945 401.26110684871674 510.79401924461126 370.25550369918346 95.590463481843472 430.79642167687416 112.1555837392807 769.89314424991608 331.43396975845098 121.04864577203989 680.17770400643349 170.84770414233208 602.153444416821 2897.4393900334835 857.35418389737606 356.74990837275982 1117.1320605576038 93.288588643074036 123.16416224092245 1038.6199616938829 720.09180753678083 409.62481981515884 244.37848094105721 301.9067672342062 1883.6047911196947 447.20486641675234 342.67017156630754 1299.4279333204031 859.83695669472218 98.117280140519142
leaf_count=833 7417 2608 4153 2315 1732 2071 560 3156 2077 831 3175 727 3068 12340 3640 1496 5507 1727 979 7646 4607 2805 1193 1517 7711 2058 2036 6675 3588 2108
internal_value=-0.000240843 0.000912918 0.00212364 -0.00466765 -0.0215413 0.00288416 0.0039543 0.00669685 0.00849971 0.00167494 0.0131299 -0.00500538 -0.00691569 -0.000337141 0.00481072 0.00118369 -0.00577747 -0.0325471 -0.0167434 -0.00775798 0.0174794 -0.00915258 0.00727124 0.00606447 0.00146348 0.00115136 0.00633215 0.000139162 -0.00120609 -0.0370998
internal_weight=18397.9 17452.6 14341.2 3111.38 945.339 13228.3 9929.58 4506.88 3905.24 5422.7 1731.7 601.644 1112.95 3298.7 2173.53 5301.65 2935.63 286.996 658.343 1818.5 1051.53 1448.24 1403.64 1159.26 5189.49 4832.74 789.875 4042.87 2159.26 193.708
internal_count=102356 88393 69287 19106 13963 62066 47118 22163 19365 24955 9859 2798 7221 14948 9506 24124 18273 5567 8396 12766 6684 10451 6350 5157 23564 22068 4094 17974 10263 3840
is_linear=0
shrinkage=0.05


Tree=50
num_leaves=31
num_cat=0
split_feature=1 1 1 1 1 0 1 0 1 1 1 1 0 0 0 0 0 1 1 1 0 0 1 1 0 1 1 0 1 0
split_gain=178.415 60.7907 30.5968 22.2206 31.5722 30.7909 30.1537 19.588 19.2706 22.0269 18.5703 14.0653 10.0811 9.30019 8.63379 8.09361 6.82043 6.7036 5.51315 5.34331 4.89365 4.63476 13.0739 5.57424 4.86015 4.79938 4.02877 11.5969 3.614 6.33251
threshold=41.38483200000001 -9.5991719999999976 33.201237000000006 4.0639495000000005 16.105218500000003 82.592715000000013 12.632285500000002 108.71568000000001 9.880431500000002 13.553831000000002 51.601718000000012 -69.750482999999988 103.88744000000001 94.128095000000016 105.93683500000002 98.325540000000004 100.26885500000002 66.215195000000008 9.4328050000000001 15.392356500000002 80.669915000000017 104.02382000000001 22.755851500000002 17.539817500000002 100.37770500000001 20.723160500000002 -32.710995499999989 79.079865000000012 21.699859500000006 98.549400000000006
decision_type=2 2 2 2 2 2 2 2 2 2 2 2 2 2 2 2 2 2 2 2 2 2 2 2 2 2 2 2 2 2
left_child=1 11 3 12 5 6 18 21 14 -10 15 -1 20 -4 -7 -2 26 -12 -5 -11 -3 23 -23 -6 28 -26 -13 -28 -25 -30
right_child=10 2 13 4 7 8 -8 -9 9 19 17 16 -14 -15 -16 -17 -18 -19 -20 -21 -22 22 -24 24 25 -27 27 -29 29 -31
leaf_value=0.01457619360804592 -0.017919829727615882 -0.0058483335077853501 -0.010427406789341495 -0.0059790905594303148 0.0034224549946121259 0.004977249044096143 0.0039021868268488873 0.022079389062267751 0.01951739294484477 0.0106550582349782 -0.025196119615420506 -0.0036922763613852026 0.0060607900417922857 -0.0012196374969675129 0.014967227407197227 -0.0023000001199663975 0.0019096673903937066 -0.039568125453449204 -0.016856949756891209 0.0039021868268488873 -0.00030523783551804476 0.0034224549946121259 0.011799733411761194 0.0014386578258641289 0.0014386578258641289 0.0034224549946121259 -0.013978167770257025 -0.0053425062601649247 -0.0029491389641426806 0.0014386578258641289
leaf_weight=85.343649446964264 399.49777764827013 465.57739147543907 506.11019349098206 289.85294489562511 455.57509019970894 1645.4279202818871 203.37106946110725 118.47173865139484 810.98147579282522 537.05595310032368 322.11890667676926 737.16536265611649 578.69638991355896 598.56904198974371 249.00824484229088 104.6602940261364 246.40508675575256 108.45338315889239 194.73764985799789 232.10451477766037 2750.1016381978989 339.43459540605545 216.50924033671618 1072.8230074346066 227.79198321700096 612.37612095475197 569.45920118689537 1225.2320527434349 1985.1565435528755 335.14316211640835
leaf_count=402 5254 3029 4150 1388 1886 7213 873 832 5409 2714 5648 4779 2373 3049 1256 768 1121 2415 880 1021 11879 1581 1477 4352 918 2623 4460 7118 9719 1351
internal_value=8.67149e-05 0.00123708 0.00255811 0.00322126 0.00451014 0.00777758 -0.00188673 0.00197422 0.0096911 0.0137683 -0.0211902 -0.00541733 -1.44766e-05 -0.00543819 0.00629035 -0.0146772 -0.0060315 -0.0288162 -0.0103505 0.00770655 -0.00110779 0.00152008 0.00583663 0.00100828 0.000300375 0.00342245 -0.00680434 -0.00808262 -0.000545139 -0.00166762
internal_weight=18223.2 17288.5 14424.9 13320.2 9525.82 4162.54 687.962 5363.28 3474.58 1580.14 934.73 2863.61 3794.38 1104.68 1894.44 504.158 2778.26 430.572 484.591 769.16 3215.68 5244.81 555.944 4688.87 4233.29 840.168 2531.86 1794.69 3393.12 2320.3
internal_count=101938 87853 69973 62774 45493 20754 3141 24739 17613 9144 14085 17880 17281 7199 8469 6022 17478 8063 2268 3735 14908 23907 3058 20849 18963 3541 16357 11578 15422 11070
is_linear=0
shrinkage=0.05


Tree=51
num_leaves=31
num_cat=0
split_feature=1 1 1 1 1 0 0 1 0 1 0 1 0 1 0 0 1 1 0 0 0 0 1 0 0 0 1 1 0 1
split_gain=152.357 45.9063 26.5461 20.9053 28.5804 24.2211 21.0725 20.1668 12.8147 21.8759 11.7409 9.88673 16.0935 9.9741 16.1296 9.17931 8.31516 7.79238 6.52077 6.18124 5.87975 4.90349 4.22129 6.35996 4.01098 3.34529 3.31454 2.98036 2.97314 2.97055
threshold=41.38483200000001 -9.1881969999999988 32.134028500000007 7.1819610000000011 16.105218500000003 74.809610000000006 80.669915000000017 61.091836500000007 106.31403500000002 21.457533000000002 104.74346500000001 10.5517035 86.664155000000008 14.260031500000002 83.901600000000016 98.11258500000001 13.097009000000002 -63.053114499999992 105.57699500000003 100.17008000000001 93.894055000000023 106.11286000000003 -27.443423499999998 78.809185000000014 61.576250000000009 68.048840000000027 -20.520321499999998 46.477814000000002 84.113545000000016 29.178595000000005
decision_type=2 2 2 2 2 2 2 2 2 2 2 2 2 2 2 2 2 2 2 2 2 2 2 2 2 2 2 2 2 2
left_child=1 17 3 6 5 25 -3 15 24 -10 20 12 -7 14 -13 27 -16 -1 -14 22 -4 -8 -19 -24 -6 -5 -25 -2 -9 -26
right_child=7 2 10 4 8 11 21 28 9 -11 -12 13 18 -15 16 -17 -18 19 -20 -21 -22 -23 23 26 29 -27 -28 -29 -30 -31
leaf_value=0.0060015384753276391 -0.013891542355532457 -0.0083331835379741124 -0.009093022079657084 -0.012118030163297773 -0.0073797005894028871 0.0018627525693710831 0.0012664110480631542 -0.039938607754949118 0.0071978826785936232 0.029902379459190043 0.014031348246279322 0.0018627525693710831 0.0083854787069492197 0.007795945483359496 0.022300668536607622 -0.0034764647028367717 0.011703603810333241 -0.0029780266122420044 0.020151106853609983 0.0022331519528980505 -0.0021896877711530724 0.0069191204482057294 -0.012390842534988939 -0.0088762846165879906 0.0026083723760476729 -0.00050741616959728317 -0.0039547744488943768 -0.02108831636609922 -0.027122058763718593 -0.0010192048335138091
leaf_weight=170.71979661285877 231.97807595878839 579.20691406726837 586.7614778354764 123.71610544621944 114.00867089629173 191.95456781983376 3935.0523380041122 103.57986884191632 179.09080938994884 122.5895773395896 82.37019070237875 135.52268822491169 797.92929905653 651.42283406853676 521.09708254039288 124.86935551092029 287.1049911826849 870.28778007626534 138.15219777822495 266.20149679481983 650.29152958095074 425.09132322669029 444.27442574501038 229.94614465534687 4109.4772412478924 124.44155053794384 937.44431149959564 378.70691387355328 80.351566683501005 654.18119944632053
leaf_count=803 2731 3593 4732 629 557 793 16771 2304 908 1094 396 581 3930 2983 3658 1027 1703 5970 842 1208 3316 1817 3504 1440 17815 550 5276 6327 1709 3301
internal_value=0.000301957 0.00135438 0.00251265 0.003194 0.00474948 0.00865851 0.000627211 -0.0195316 0.00250691 0.0125074 -0.00424701 0.0100213 0.00643867 0.0125547 0.0158396 -0.0158288 0.0185362 -0.00436362 0.0101219 -0.00500752 -0.00546409 0.00181752 -0.00578412 -0.00729939 0.00188839 -0.00629575 -0.00536173 -0.0183545 -0.0343396 0.00211021
internal_weight=18247.8 17328.3 14409.5 13090 8150.69 2971.34 4939.35 919.486 5179.35 301.68 1319.42 2723.18 1128.04 1595.15 943.725 735.554 808.202 2918.87 936.081 2748.15 1237.05 4360.14 2481.95 1611.66 4877.67 248.158 1167.39 610.685 183.931 4763.66
internal_count=102268 88170 69969 61525 39344 15669 22181 14098 23675 2002 8444 14490 5565 8925 5942 10085 5361 18201 4772 17398 8048 18588 16190 10220 21673 1179 6716 9058 4013 21116
is_linear=0
shrinkage=0.05


Tree=52
num_leaves=31
num_cat=0
split_feature=1 1 1 0 0 1 0 0 1 0 1 1 1 0 1 0 1 1 0 1 0 0 1 1 0 1 0 0 1 1
split_gain=133.486 39.3892 25.1443 37.227 23.2047 19.8001 17.5178 17.3654 14.4151 34.7698 15.9391 12.2642 9.88211 8.89661 8.82092 8.64819 7.90403 6.13567 5.45936 4.14537 3.47513 3.1498 3.96203 3.07736 3.04357 2.79453 21.6693 2.28067 2.23759 2.02302
threshold=41.38483200000001 3.7995745000000003 17.295331500000007 108.71568000000001 69.152480000000011 61.091836500000007 91.122125000000011 102.89042500000001 10.763017500000002 91.808785000000015 9.6576005000000027 22.755851500000002 14.007322500000003 102.89042500000001 -41.870221999999991 76.474970000000013 33.586376000000008 34.741900500000007 106.94312000000001 -7.294513499999999 91.808785000000015 95.22858500000001 34.355009000000003 7.8331740000000005 101.03494500000001 22.755851500000002 97.234315000000009 98.325540000000004 66.215195000000008 -32.710995499999989
decision_type=2 2 2 2 2 2 2 2 2 2 2 2 2 2 2 2 2 2 2 2 2 2 2 2 2 2 2 2 2 2
left_child=1 6 4 7 -3 13 14 16 9 -6 23 -9 -10 27 -1 29 25 -13 -8 -17 28 22 -18 24 -11 -4 -27 -2 -7 -16
right_child=5 2 3 -5 8 20 18 11 12 10 -12 17 -14 -15 15 19 21 -19 -20 -21 -22 -23 -24 -25 -26 26 -28 -29 -30 -31
leaf_value=-0.0019361673461651685 -0.017055150354857562 -0.010647523267588083 0.0019246103861995879 0.030672051369967413 -0.001998617877464966 -0.028709512972531381 0.00011701572286997482 0.0032817724973833763 0.013902078586272563 0.0030452183043344718 0.02101885380147811 0.015596849037172098 0.0068500827751544081 0.0095259840843518583 -0.0066918144528954702 -0.0060967794795671231 -0.019032429519251711 0.0032817724973833763 0.0078021055804798614 -0.0019361673461651685 -0.015651157025682334 -0.0014505447656513266 -0.00573343961390178 0.009870363769262154 0.0076234509744248519 -0.0043532449913120637 0.0032817724973833763 -0.0083118112272166107 -0.040942105874759112 -0.010841166350506009
leaf_weight=537.67836776375771 602.38536220788956 202.5316326469183 1664.2115021049976 104.18166830390692 726.66794218122959 62.697409447282553 3297.7364592254162 379.8821506947279 844.45896556973457 557.67693912982941 209.93597677350044 375.3485768660903 1206.6119095385075 35.999629803001881 169.11032491922379 859.37754510343075 63.9573665112257 91.733854651451111 248.50550274550915 636.21979103982449 24.249885447323322 395.03834370523691 450.36650339514017 441.33830107748508 551.91926927864552 1615.3602461218834 881.38836780190468 85.123856998980045 92.592822384089231 814.06707324832678
leaf_count=3119 9068 1047 6782 773 3122 1321 14427 1738 5341 2309 1434 2246 5400 229 1312 5756 472 384 1032 3123 498 2024 3794 2230 2472 8277 3653 743 2219 6078
internal_value=0.000349264 0.00132612 0.00318778 0.0010433 0.00591136 -0.018392 -0.00172694 0.000521647 0.00665029 0.00409157 0.00808905 0.00714895 0.0097535 -0.0147039 -0.00452789 -0.00606781 -0.000585401 0.012913 0.000655554 -0.00367327 -0.0332544 -0.00480824 -0.0073872 0.00633886 0.00493422 0.000337485 -0.000720415 -0.0159726 -0.0360033 -0.00971036
internal_weight=18228.4 17325.3 10762.6 6021.47 4741.14 903.049 6562.7 5917.29 4538.61 2487.54 1760.87 846.965 2051.07 723.509 3016.45 2478.77 5070.32 467.082 3546.24 1495.6 179.54 909.362 514.324 1550.93 1109.6 4160.96 2496.75 687.509 155.29 983.177
internal_count=102423 88345 53498 30143 23355 14078 34847 29370 22308 11567 8445 4368 10741 10040 19388 16269 25002 2630 15459 8879 4038 6290 4266 7011 4781 18712 11930 9811 3540 7390
is_linear=0
shrinkage=0.05


Tree=53
num_leaves=31
num_cat=0
split_feature=1 1 1 1 0 1 1 0 0 1 1 0 1 1 1 1 0 0 1 0 0 0 1 1 0 0 1 0 0 1
split_gain=132.351 39.8689 25.2979 14.4229 13.0099 12.937 17.2932 26.0571 22.053 16.6074 12.8544 12.8448 11.9317 9.8704 7.62406 7.14958 6.96264 6.26374 6.47951 6.14656 5.75116 5.20456 6.26601 4.73287 3.94549 3.13945 2.70368 2.55874 2.30384 2.88197
threshold=43.160387000000007 -8.0202984999999973 32.467588000000006 -69.750482999999988 105.05617500000001 4.567218500000001 16.357406500000003 76.16335500000001 106.51686000000001 10.346324000000001 15.164761000000002 95.794150000000016 61.091836500000007 19.721826000000004 12.632285500000002 8.9645635000000023 61.576250000000009 88.563000000000002 -32.710995499999989 79.079865000000012 101.25781500000001 93.39397000000001 -1.1622599999999996 3.2632700000000008 95.575195000000022 108.35049500000001 -15.870294499999998 84.113545000000016 103.88744000000001 -1.4691159999999999
decision_type=2 2 2 2 2 2 2 2 2 2 2 2 2 2 2 2 2 2 2 2 2 2 2 2 2 2 2 2 2 2
left_child=1 3 5 -1 24 21 7 14 16 11 -11 -9 20 -10 -7 -13 -8 18 -5 26 -2 22 -3 28 -4 -15 -20 -14 -23 -30
right_child=12 2 4 17 -6 6 8 9 13 10 -12 15 27 25 -16 -17 -18 -19 19 -21 -22 23 -24 -25 -26 -27 -28 -29 29 -31
leaf_value=0.016288345353626769 -0.018059944386458169 2.0873683939287049e-05 -0.0077754211997722719 -0.0040334241717808802 0.015691067210093761 -0.011238596445161647 -0.010847950096172128 0.00093634926484569697 0.0088150728719521391 0.013947741922663468 0.0037982466636298931 0.0061782647061952118 -0.03717131024320422 0.018515372637738527 0.00093634926484569697 0.016092217028387611 0.0017102536433893157 -0.0017377533227746153 -0.014759553231282155 -0.0046716272963025869 0.0019511835949924741 0.00018430807026193096 -0.005554962889733994 0.0077297700279662668 -0.0022250788256270269 0.033320444592887237 -0.0085012850442485362 -0.024888748584519491 0.0086848589225403151 0.0021363455507742218
leaf_weight=86.742754653096199 538.95447259023786 634.07330825924873 702.93106250464916 696.1976118683815 78.710674375295639 249.74132795631886 112.9884038567543 763.84662769734859 121.49945342540741 1279.8892736136913 412.50730592012405 990.60788087546825 95.786082979291677 78.096520647406578 127.26279290020466 222.74750076979399 4766.3597685024142 1286.7594530880451 393.58878976106644 470.93872646987438 38.467442698776722 1572.3748890459538 665.58223800361156 311.87627331912518 588.03616262227297 66.126491703093052 196.61334266513586 76.081476241350174 212.21311296522617 285.21278417110443
leaf_count=406 8463 3631 5910 4592 377 1266 558 3197 590 7738 1823 4490 2283 629 549 1405 21285 6503 3180 3174 310 6473 3142 1292 2906 612 1541 1704 862 1164
internal_value=0.000405878 0.00129324 0.00241624 -0.00381544 -0.00404399 0.0031036 0.00410672 0.00655218 0.00218336 0.00783821 0.0114739 0.00472623 -0.0201691 0.0162107 -0.00596551 0.00799827 0.00141945 -0.00438831 -0.0063291 -0.00893171 -0.0167268 0.000598983 -0.00194601 0.00198776 -0.00524724 0.0253035 -0.0123309 -0.0317341 0.00112256 0.00408838
internal_weight=18122.8 17373.5 14242.7 3130.84 1369.68 12873 9191.67 4046.6 5145.07 3669.6 1692.4 1977.2 749.289 265.722 377.004 1213.36 4879.35 3044.1 1757.34 1061.14 577.422 3681.33 1299.66 2381.68 1290.97 144.223 590.202 171.868 2069.8 497.426
internal_count=102055 89295 69899 19396 9193 60706 44142 20468 23674 18653 9561 9092 12760 1831 1815 5895 21843 18990 12487 7895 8773 16564 6773 9791 8816 1241 4721 3987 8499 2026
is_linear=0
shrinkage=0.05


Tree=54
num_leaves=31
num_cat=0
split_feature=1 1 1 0 1 0 1 1 0 0 1 0 1 0 0 1 1 0 1 0 1 1 0 1 1 0 1 1 1 1
split_gain=123.828 30.9026 23.2862 16.8373 15.2068 12.9871 7.96885 18.7349 30.5791 16.0241 8.55304 8.44365 9.20826 7.2224 6.21931 16.1414 5.58754 5.32724 4.33652 7.61727 7.27978 3.89569 3.84735 3.72859 3.63831 4.02221 3.63009 3.24342 2.17512 3.98881
threshold=41.38483200000001 1.3600800000000002 33.586376000000008 59.601255000000002 56.169397500000009 97.343340000000012 17.058564500000003 10.346324000000001 92.235045000000014 108.35049500000001 8.7348700000000026 71.816360000000017 15.164761000000002 94.128095000000016 102.15991500000003 24.297458000000002 -53.860727499999989 80.669915000000017 19.958431000000001 97.890790000000024 24.842162500000004 -1.7779734999999997 106.31403500000002 47.142154500000011 67.705214500000011 71.816360000000017 23.515903500000004 -25.216032999999999 -34.219322999999996 -13.164982999999998
decision_type=2 2 2 2 2 2 2 2 2 2 2 2 2 2 2 2 2 2 2 2 2 2 2 2 2 2 2 2 2 2
left_child=1 5 3 -3 23 16 7 8 -5 14 22 -9 -13 -4 18 -16 -1 21 -8 20 -20 28 -10 -2 25 -6 -21 -19 -18 -30
right_child=4 2 13 6 24 -7 9 11 10 -11 -12 12 -14 -15 15 -17 17 27 19 26 -22 -23 -24 -25 -26 -27 -28 -29 29 -31
leaf_value=-0.00070916444377634984 -0.0099236776611475643 -0.011095625335825988 -0.0089202946038435833 -0.0036406352743620003 -0.042705903597761663 0.0018691626701377582 0.0033939806305227764 -0.0036406352743620003 0.0038133758252307474 0.021053603088854428 0.013527283752640663 0.011979434279728876 0.0048875446349465109 -0.0005203106471660064 0.0033939806305227764 0.011496913602120675 -0.0045415779849481558 -0.0045415779849481558 0.00099600238629800721 0.00099600238629800721 -0.0036406352743620003 -0.015213557896390333 0.01022305316227104 -0.017836619466883624 -0.036815967344909238 -0.021292673802266706 0.0033939806305227764 -0.0016362988081747402 -0.010155124565298178 -0.0045415779849481558
leaf_weight=307.12113910913467 330.08786745369434 192.89143145084381 468.16541086137295 978.92690220475197 25.183697134256363 1778.253020837903 832.54377807676792 103.04999500513077 1643.1679309755564 112.19335427880287 322.54755474627018 1318.6558727398515 701.05334793031216 564.3875370323658 545.84121712297201 350.79381003975868 360.71885618567467 231.07729668915272 941.34840998053551 291.76825352013111 1272.3985273987055 117.87640564143658 273.01304960250854 271.16859076544642 78.362257834523916 169.74349547550082 617.33237318694592 2013.9496287852526 540.97044010460377 324.60735714435577
leaf_count=1579 3611 1035 3967 4317 536 7533 3341 467 6945 877 1933 7943 3042 2908 2559 1982 2601 1477 4010 1184 6689 710 1276 4450 2004 3430 2522 10351 4393 2456
internal_value=0.000416113 0.00134906 0.00283567 0.00354038 -0.0179375 -0.00167154 0.00381435 0.00515493 0.00274952 0.00237219 0.00599458 0.00880102 0.0095178 -0.00432891 0.00194022 0.00570004 -0.00328749 -0.00404211 0.00108792 0.000199103 -0.00140198 -0.00653157 0.00472661 -0.0134924 -0.027717 -0.0240592 0.00339398 -0.00255158 -0.00569703 -0.00740055
internal_weight=18079.2 17204.7 11530.1 10497.5 874.546 5674.57 10304.6 5340.41 3217.66 4964.22 2238.73 2122.76 2019.71 1032.55 4852.03 896.635 3896.32 3589.2 3955.39 3122.85 2213.75 1344.17 1916.18 601.256 273.289 194.927 909.101 2245.03 1226.3 865.578
internal_count=102128 88097 56997 50122 14031 31100 49087 25923 14471 23164 10154 11452 10985 6875 22287 4541 23567 21988 17746 14405 10699 10160 8221 8061 5970 3966 3706 11828 9450 6849
is_linear=0
shrinkage=0.05


Tree=55
num_leaves=31
num_cat=0
split_feature=1 1 1 1 0 1 0 0 0 0 1 1 1 1 1 0 0 1 0 1 1 1 1 1 0 1 1 1 1 1
split_gain=100.954 30.6444 23.5152 14.4346 11.7236 11.6679 9.66255 5.86586 5.37908 4.91689 5.49562 20.6738 6.091 4.02083 3.28958 3.78102 3.26273 3.01923 3.10885 3.00352 2.99064 4.74664 2.4655 2.07456 2.06977 1.60275 2.77001 2.41227 1.51606 2.67831
threshold=44.465817000000008 -3.7598809999999996 33.586376000000008 -58.220447499999999 104.89764000000001 67.705214500000011 59.601255000000002 100.26885500000002 100.91538000000001 111.08359 17.058564500000003 10.763017500000002 15.164761000000002 13.774837500000002 56.169397500000009 71.816360000000017 96.91510000000001 59.143156000000005 87.882545000000007 38.228264500000009 -10.877669999999998 -34.219322999999996 -4.4654964999999995 3.2632700000000008 78.809185000000014 2.4477240000000005 1.6478435000000002 0.8188215000000002 21.948019000000006 29.178595000000005
decision_type=2 2 2 2 2 2 2 2 2 2 2 2 2 2 2 2 2 2 2 2 2 2 2 2 2 2 2 2 2 2
left_child=1 3 6 -1 16 8 13 20 14 10 11 23 -13 -3 -2 -16 19 -17 -19 -4 21 -5 -22 25 -23 26 27 -8 -12 -30
right_child=5 2 4 7 -6 -7 9 -9 -10 -11 28 12 -14 -15 15 17 -18 18 -20 -21 22 24 -24 -25 -26 -27 -28 -29 29 -31
leaf_value=0.0084406998162998154 -0.015420789418095968 -0.0027588719528178476 -0.0054068996323082047 -0.0020797238604862416 0.014611124850251084 -0.037759577720060278 0.0011401552110435855 0.00063029066913863831 0.0021163625043252401 0.01285051346019501 6.2220102251718469e-05 0.0076621621169277593 0.0030639187000949721 -0.014320412883898957 -0.042125383311082676 -0.030601910677749335 -0.0026304068097086622 -0.02307081380190781 -0.0080678416847673844 -0.011671551103985205 -0.0020797238604862416 -0.0097368627710117377 -0.0095740448496854369 0.0025666989336646379 -0.0059581125909849266 -0.0027588719528178476 0.0056511951479970108 -0.0027588719528178476 0.0028652166697238006 -0.00033728207465974253
leaf_weight=249.42832355201244 354.71539778634906 94.939748197793961 390.94228477030993 519.44749088585377 72.261116459965706 76.975101828575134 1333.7899573892355 588.40216501057148 34.475249510258436 115.28438406437635 1837.8883711397648 1246.0916213169694 720.45607170462608 121.2071872651577 24.036328826099634 53.690710820257664 416.61884611099958 66.231220599263906 43.494976408779621 333.65783347934484 1025.8920190930367 544.15341950953007 118.21997591853142 2670.0450118407607 1084.8301525861025 275.51851098239422 274.18328049778938 277.3438777923584 2119.4075282886624 943.49958915263414
leaf_count=1208 5750 594 2978 3603 326 2038 5865 2554 330 699 7678 7344 3121 612 531 1024 2062 1468 905 3368 5479 4441 605 12431 6483 1161 1152 1172 10107 5016
internal_value=-0.000184267 0.000541483 0.00171422 -0.00321864 -0.00491953 -0.0194751 0.00238339 -0.00396799 -0.0170343 0.00257507 0.00247381 0.003394 0.00766216 -0.00809282 -0.018252 -0.0236096 -0.00615619 -0.0208862 -0.0161321 -0.00818339 -0.00478974 -0.0058894 -0.00272477 0.00163458 -0.00722038 0.000482801 0.00100536 0.00021473 0.0011975 0.00187872
internal_weight=18027.1 17373.5 13243.1 4130.37 1213.48 653.619 12029.7 3880.95 576.644 11813.5 11698.2 6797.43 1966.55 216.147 542.169 187.453 1141.22 163.417 109.726 724.6 3292.54 2148.43 1144.11 4830.88 1628.98 2160.84 1885.32 1611.13 4900.8 3062.91
internal_count=102105 90059 65686 24373 8734 12046 56952 23165 10008 55746 55047 32246 10465 1206 9678 3928 8408 3397 2373 6346 20611 14527 6084 21781 10924 9350 8189 7037 22801 15123
is_linear=0
shrinkage=0.05


Tree=56
num_leaves=31
num_cat=0
split_feature=1 1 1 1 1 0 1 0 1 1 0 0 0 1 1 0 0 0 1 0 1 1 1 0 0 1 0 1 1 1
split_gain=111.481 25.0217 13.5842 13.1001 12.7275 14.0844 12.9232 24.4989 14.3678 11.7038 9.95867 9.23625 8.83123 7.0576 13.4386 9.28207 4.2822 3.88184 3.52055 2.90538 3.06471 2.72199 2.39154 5.52179 2.28111 2.18526 1.92483 1.71934 1.68595 1.37492
threshold=44.465817000000008 -15.315342499999998 32.467588000000006 -69.750482999999988 7.1819610000000011 57.065445000000004 15.615661000000001 82.592715000000013 13.097009000000002 64.806794500000009 105.05617500000001 93.39397000000001 108.35049500000001 10.115368500000002 13.097009000000002 105.93683500000002 103.25822500000001 71.816360000000017 54.321631000000004 94.128095000000016 39.738916500000009 1.0835570000000001 -34.219322999999996 78.238170000000011 79.885140000000021 -2.7319224999999996 99.729785000000021 6.273041000000001 10.763017500000002 15.164761000000002
decision_type=2 2 2 2 2 2 2 2 2 2 2 2 2 2 2 2 2 2 2 2 2 2 2 2 2 2 2 2 2 2
left_child=1 3 4 -1 11 -6 7 8 -7 18 19 17 -8 15 28 -9 -13 25 26 -4 -21 -18 -5 -24 -11 -3 -2 -19 -15 -16
right_child=9 2 10 22 5 6 12 13 -10 24 -12 16 -14 14 29 -17 21 27 -20 20 -22 -23 23 -25 -26 -27 -28 -29 -30 -31
leaf_value=0.014258204547148726 -0.015774114145611067 -0.0044945353175672069 -0.0066208087983468684 -0.0031341134908904455 -0.013709651189440709 -0.0051516247204536573 0.0016383204013664854 0.0030704891084572467 0.002067702271757114 -0.044819567961269222 0.01459729579883825 0.00054230900731584133 0.014493078188238704 0.011488018137397683 0.0072130457094432138 0.018475752499397449 0.0024346765066160631 -0.0011046687527399301 -0.022815523698718466 0.00027714418759284371 -0.0043019577143208086 0.006943325600068201 -0.011429974146453727 -0.0043101679584036587 -0.029756384267516298 -0.011738215570345406 -0.003885795248931817 -0.0044945353175672069 0.017635131164741424 0.002067702271757114
leaf_weight=88.196204796433449 301.45677966251969 180.9910953193903 656.57097079604864 699.61231228709221 122.02790392935276 323.10739323496819 5154.2609969303012 789.2137573286891 138.29451441764832 41.955389890819788 74.040889009833336 2635.7523124217987 137.16386210918427 146.78040170669556 565.30071026086807 111.60663890093565 524.63236165046692 1723.7582924738526 198.25139147788286 543.71789965033531 151.64223360270262 518.52804426848888 420.1805123090744 773.88071943074465 62.685567803680897 158.92963556945324 38.383110649883747 109.3384222984314 464.62561969459057 153.04554484784603
leaf_count=409 4895 1418 5868 4484 630 1442 23315 3759 593 1152 360 11205 1003 1017 3102 668 2159 9007 3974 2688 1078 2265 3473 4687 1638 992 365 456 3385 698
internal_value=-4.72212e-05 0.000709634 0.00139087 -0.00457818 0.00186579 0.00314872 0.0034064 0.00622681 -0.0042608 -0.0204958 -0.00325757 8.88235e-05 0.00197154 0.00839621 0.0107111 0.00497912 0.00161548 -0.00249579 -0.0175204 -0.00423543 -0.00198311 0.00432704 -0.00545547 -0.00681557 -0.0357959 -0.0074033 -0.0144314 -0.00158577 0.0161594 0.00607383
internal_weight=18007.9 17365.2 15383.3 1981.87 13957.4 8105.43 7983.4 2691.97 461.402 642.732 1425.97 5851.93 5291.42 2230.57 1329.75 900.82 3678.91 2173.02 538.091 1351.93 695.36 1043.16 1893.67 1194.06 104.641 339.921 339.84 1833.1 611.406 718.346
internal_count=102185 90161 77108 13053 67114 39612 38982 14664 2035 12024 9994 27502 24318 12629 8202 4427 15629 11873 9234 9634 3766 4424 12644 8160 2790 2410 5260 9463 4402 3800
is_linear=0
shrinkage=0.05


Tree=57
num_leaves=31
num_cat=0
split_feature=1 1 1 1 0 0 1 1 1 0 0 0 1 0 1 1 0 1 0 0 0 1 1 1 1 1 0 1 0 1
split_gain=104.714 26.0397 22.8935 11.6941 11.0492 9.23843 8.81003 5.83375 15.8068 12.5679 11.9983 9.07658 5.89562 6.1878 5.27744 4.91729 14.2923 8.40256 4.0768 3.63993 3.0311 9.46452 3.00396 2.72794 2.60247 2.27625 3.81339 2.97565 9.39405 2.42902
threshold=37.738118000000007 -3.7598809999999996 56.169397500000009 33.586376000000008 58.349885000000008 104.30429000000001 13.774837500000002 4.8165495000000016 16.357406500000003 108.35049500000001 76.16335500000001 91.122125000000011 10.346324000000001 88.058325000000011 -63.053114499999992 14.260031500000002 84.937825000000018 12.632285500000002 94.128095000000016 106.94312000000001 104.15735000000002 22.755851500000002 12.179487500000002 64.806794500000009 47.142154500000011 17.539817500000002 101.147845 21.699859500000006 98.218310000000017 19.721826000000004
decision_type=2 2 2 2 2 2 2 2 2 2 2 2 2 2 2 2 2 2 2 2 2 2 2 2 2 2 2 2 2 2
left_child=1 14 5 4 6 24 -3 11 10 20 22 -6 13 -12 -1 16 -14 -18 -5 -16 25 -22 -9 -4 -2 -10 27 -27 -29 -28
right_child=2 3 23 18 7 -7 -8 8 9 -11 12 -13 15 -15 19 -17 17 -19 -20 -21 21 -23 -24 -25 -26 26 29 28 -30 -31
leaf_value=0.0065887805746709209 -0.0097657234756880641 -0.0029323434051122181 -0.023049917334103262 -0.0086532189654198351 -0.0029323434051122181 0.012100946737159701 -0.019353253179424799 -0.0029323434051122181 0.0031204725757034194 0.017559924521062791 0.0019802547459290116 0.0027418552709176391 0.0019802547459290116 0.0065384501145272769 -0.0027148845016576393 0.0059705298196369092 0.018912686769824733 0.0085952445011465966 -0.00062041039767778681 0.0077313745410485012 0.0031204725757034194 0.0095095401062882355 0.0019802547459290116 -0.0336343058708811 -0.015736110254238662 0.0015583424349956848 0.0015583424349956848 -0.0029323434051122181 0.0015583424349956848 0.0031204725757034194
leaf_weight=166.936154961586 650.861148070544 90.571940407156944 153.49177552387118 278.51274862140417 719.99295072257519 43.68934678286314 107.72219380736351 189.28742970526218 368.4420096129179 124.14945381134748 321.63521847128868 2013.293816357851 134.00795614719391 1555.3680688217282 3843.3972208425403 719.99139067530632 435.24150263518095 361.02271658927202 364.89174848794937 85.238929495215416 298.08956807851791 196.11120726168156 116.45104070007801 100.88849737867713 253.65911944210529 1109.931739538908 129.74667017161846 1917.2773483097553 537.59418012201786 548.52745571732521
leaf_count=778 6234 570 3208 2238 3600 220 548 938 1525 943 1337 8213 596 7395 23120 3325 3250 2335 1765 360 1406 1384 495 2780 4376 4491 525 9499 2175 2394
internal_value=0.000322347 0.00134652 -0.0139286 0.00246936 0.00282162 -0.0103554 -0.00888307 0.00301838 0.00362902 0.00184136 0.00606814 0.000993664 0.00689285 0.00497613 -0.00211825 0.00907293 0.0114741 0.0142348 -0.0040976 -0.00248823 0.00145916 0.0051806 -0.00293234 -0.0272477 -0.01144 0.00106034 0.000680425 -3.78771e-06 -0.00100562 0.00312047
internal_weight=17936 16733.4 1202.59 12637.9 11994.5 948.21 198.294 11796.2 9062.87 5229.87 3833.01 2733.29 3527.27 1877 4095.57 1650.26 930.272 796.264 643.404 3928.64 5105.72 494.201 305.738 254.38 904.52 4611.52 4243.08 3564.8 2454.87 678.274
internal_count=102023 85205 16818 60947 56944 10830 1118 55826 44013 24342 19671 11813 18238 8732 24258 9506 6181 5585 4003 23480 23399 2790 1433 5988 10610 20609 19084 16165 11674 2919
is_linear=0
shrinkage=0.05


Tree=58
num_leaves=31
num_cat=0
split_feature=1 1 1 1 1 0 1 0 0 0 0 0 1 1 1 1 0 1 1 0 0 1 1 1 0 1 1 0 1 0
split_gain=104.004 26.342 12.5228 9.34007 16.263 20.4029 12.3178 27.464 9.95039 8.87203 7.98224 7.49528 7.19993 6.84573 3.68748 3.56434 15.5937 7.05106 3.08356 4.24913 2.79129 2.69317 3.49198 2.61517 2.52283 3.51335 2.51237 2.23007 2.02111 2.00898
threshold=43.160387000000007 -9.1881969999999988 33.586376000000008 4.567218500000001 16.105218500000003 69.152480000000011 10.763017500000002 86.664155000000008 108.71568000000001 102.27801500000001 95.575195000000022 100.48595500000002 64.806794500000009 -63.053114499999992 9.880431500000002 14.4870885 84.113545000000016 13.097009000000002 2.4477240000000005 89.817520000000016 79.885140000000021 -15.315342499999998 -27.443423499999998 47.142154500000011 105.93683500000002 7.1819610000000011 45.777952500000005 73.006085000000013 3.2632700000000008 95.342580000000012
decision_type=2 2 2 2 2 2 2 2 2 2 2 2 2 2 2 2 2 2 2 2 2 2 2 2 2 2 2 2 2 2
left_child=1 13 3 10 5 -5 7 -7 -6 12 18 29 23 -1 24 16 -8 -18 -3 -20 -14 22 -15 26 -9 -26 -2 -23 -12 -4
right_child=9 2 11 4 8 6 15 14 -10 -11 28 -13 20 21 -16 -17 17 -19 19 -21 -22 27 -24 -25 25 -27 -28 -29 -30 -31
leaf_value=0.0062516182033630838 -0.016589634061725419 -0.001307602880072479 -0.0070501306020653645 -0.011469993344154085 0.0011330726726488513 -0.0025193728353075056 -0.001772067365265712 0.0054607347241746682 0.01636838773934798 0.0089705922636703784 0.0016908127905112076 0.0041928699457546579 -0.042775363781733605 -0.0028289266926499615 0.013797056339187928 0.0067750195054417988 0.018808643368627628 0.0092534580534657865 -0.011982382038860239 -1.6623107750643982e-05 -0.025590466314750357 -0.0089205982234124136 -0.007258880368331758 -0.019966907281355514 0.008338470168549092 0.018534399648331538 -0.0054496522154982123 -0.00089117015312944114 0.0062202945597434637 -0.0019786187623171024
leaf_weight=175.00344720482826 123.08570798486471 1386.4234466403723 580.85440483689308 166.24208478629589 5319.3339598998427 406.14829827845097 175.43139435350895 1381.5936163663864 109.37454598397017 27.780130006372929 1942.9869368523359 269.38249059021473 38.694375619292259 873.23280476033688 180.2424848228693 589.85748982429504 450.16985706239939 338.05888547003269 173.10277497768402 124.00163175165653 60.691613465547562 96.744331248104572 906.79759450256824 390.29277119413018 118.75035372376442 102.08240456879139 52.134634979069233 814.63929128646851 282.03031867742538 294.16573612391949
leaf_count=814 1548 7254 5177 880 24457 1770 761 6201 841 223 7988 1176 1143 6047 1266 2709 3387 2012 841 498 1686 777 6086 7446 562 607 774 4451 1178 1685
internal_value=0.00028366 0.00104619 0.00191806 0.00235161 0.00321063 0.00566986 0.00643125 0.00401457 0.00144003 -0.0187132 0.000299465 -0.00310001 -0.0198699 -0.00333084 0.00701658 0.0098362 0.01171 0.0147106 -0.00229819 -0.00692072 -0.0322811 -0.00395392 -0.00508567 -0.0176887 0.0062539 0.0112162 -0.0126141 -0.0017435 0.00226494 -0.00534518
internal_weight=17949.3 17256.7 14390.2 13245.8 9337.29 3908.58 3742.33 2188.82 5428.71 692.679 3908.55 1144.4 664.899 2866.42 1782.67 1553.52 963.66 788.229 1683.53 297.104 99.386 2691.41 1780.03 565.513 1602.43 220.833 175.22 911.384 2225.02 875.02
internal_count=102245 89425 71250 63212 45453 20155 19275 10406 25298 12820 17759 8038 12597 18175 8636 8869 6160 5399 8593 1339 2829 17361 12133 9768 7370 1169 2322 5228 9166 6862
is_linear=0
shrinkage=0.05


Tree=59
num_leaves=31
num_cat=0
split_feature=1 1 1 0 1 1 1 0 1 1 0 0 1 1 0 0 1 0 1 0 1 1 0 1 0 0 1 0 1 0
split_gain=79.9427 23.7539 15.3895 14.601 10.8136 10.7386 9.04874 8.70998 7.83888 14.1272 33.7056 11.4514 21.3879 9.6359 5.80328 5.37785 7.33218 9.06002 7.27689 3.5361 3.41909 3.16492 3.14039 3.07366 2.90074 2.71943 2.67993 3.62013 2.24039 2.54733
threshold=46.477814000000002 -13.164982999999998 32.134028500000007 105.57699500000003 -63.053114499999992 3.7995745000000003 64.806794500000009 57.065445000000004 16.105218500000003 11.003336000000003 93.003945000000016 106.11286000000003 20.474534000000002 10.115368500000002 71.816360000000017 72.237370000000013 14.4870885 84.113545000000016 12.381252500000002 94.250140000000016 54.321631000000004 -2.7319224999999996 103.88744000000001 33.973648500000003 84.323730000000026 90.264230000000012 17.058564500000003 104.15735000000002 -35.828337999999995 81.885040000000018
decision_type=2 2 2 2 2 2 2 2 2 2 2 2 2 2 2 2 2 2 2 2 2 2 2 2 2 2 2 2 2 2
left_child=1 4 5 19 -1 14 20 -7 9 10 -9 26 -13 -12 21 -11 17 -17 -19 -4 -2 -3 -16 -21 -8 28 -10 -28 -6 -30
right_child=6 2 3 -5 25 7 24 8 11 15 13 12 -14 -15 22 16 -18 18 -20 23 -22 -23 -24 -25 -26 -27 27 -29 29 -31
leaf_value=0.0077117307060077193 -0.012043199080577492 -0.0035332353904711207 -0.0067582685654238878 0.019138780595764567 -0.0042875029720713708 -0.009805775712051816 -0.040295949322718204 -0.0033557344707895172 0.0055539834636230438 -0.0033557344707895172 0.0055980474503493438 0.006155658214816946 0.026672913880504853 0.019565975239647086 -0.0002391053387166168 0.0029356911344386501 0.0047942587984970905 0.021057726133826813 0.010684114579360702 0.0036835437335653119 -0.021073415001343562 -0.013998125113966399 0.0036688474180325658 -0.0037246263253808498 -0.022598858959694799 -0.0022710771436833385 0.00048658151895639287 0.006155658214816946 -0.0097265903802940899 -0.0043260899202005581
leaf_weight=177.65109483897686 236.24681410938501 148.59408737719059 744.46811832487583 69.441977649927139 512.61863565444946 132.74519467353821 56.64066506922245 879.91835077106953 325.31177781522274 89.443983316421509 1542.7159749567509 161.86979089677334 145.11875012516975 134.2138436883688 3420.8837581649423 150.0977381169796 568.36315986514091 263.02344425022602 473.18876364827156 185.72327193617821 188.42762108892202 107.47542372345924 604.9876993894577 568.90984272956848 39.166459709405899 585.81398490071297 4158.6196471601725 271.24284814298153 605.15129618346691 341.61354732513428
leaf_count=824 4013 1164 6991 356 3454 709 1717 3903 1368 409 7264 809 1334 1058 15887 650 2623 2021 3035 841 4005 696 2493 3379 1087 3018 18338 1400 4996 2299
internal_value=0.000127109 0.000705699 0.00141405 -0.0032751 -0.00412096 0.00195575 -0.0191813 0.00291009 0.00309431 0.00471911 0.00243854 0.00177802 0.0111375 0.00671598 -0.00011607 0.00849542 0.00922712 0.0120698 0.0143903 -0.00431337 -0.0160499 -0.00741463 0.000348162 -0.0019014 -0.0330613 -0.00514878 0.00117378 0.000852117 -0.00630393 -0.00777797
internal_weight=17889.7 17369.2 15146.4 1568.54 2222.85 13577.8 520.482 9295.87 9163.13 4100.97 2556.85 5062.16 306.989 1676.93 4281.94 1544.12 1454.67 886.31 736.212 1499.1 424.674 256.07 4025.87 754.633 95.8071 2045.2 4755.17 4429.86 1459.38 946.765
internal_count=102141 91319 76728 11567 14591 65161 10822 44921 44212 20963 12225 23249 2143 8322 20240 8738 8329 5706 5056 11211 8018 1860 18380 4220 2804 13767 21106 19738 10749 7295
is_linear=0
shrinkage=0.05


Tree=60
num_leaves=31
num_cat=0
split_feature=1 1 1 1 1 0 1 1 1 1 0 1 0 1 0 0 0 0 0 1 0 0 1 0 1 1 1 1 1 1
split_gain=81.1826 26.891 17.7012 11.1459 13.3709 19.368 10.2991 9.04641 9.16179 8.49416 8.4467 8.03147 7.36941 8.59536 5.34364 5.3358 5.04759 4.27298 3.18859 2.93783 2.81082 2.4819 2.55153 2.24636 2.2089 2.19675 1.74736 1.70567 3.37557 1.37497
threshold=44.465817000000008 -9.5991719999999976 34.741900500000007 6.9597870000000013 15.615661000000001 79.376530000000017 61.091836500000007 11.003336000000003 14.007322500000003 -69.750482999999988 82.371305000000021 12.179487500000002 93.526890000000023 10.115368500000002 108.71568000000001 105.93683500000002 104.45099500000002 100.17008000000001 104.02382000000001 38.228264500000009 99.946610000000007 81.637115000000009 67.705214500000011 100.91538000000001 -14.219619 -53.860727499999989 11.699244000000002 -2.0786639999999994 1.6478435000000002 -17.104385499999996
decision_type=2 2 2 2 2 2 2 2 2 2 2 2 2 2 2 2 2 2 2 2 2 2 2 2 2 2 2 2 2 2
left_child=1 9 3 10 5 11 23 12 26 -1 27 -5 -7 15 -6 -14 19 25 -12 20 -4 -8 -23 -2 -19 -11 -9 -3 -29 -27
right_child=6 2 16 4 14 7 21 8 -10 17 18 -13 13 -15 -16 -17 -18 24 -20 -21 -22 22 -24 -25 -26 29 -28 28 -30 -31
leaf_value=0.011750451140785332 -0.015243052330973492 -0.0019492202524141397 -0.0050700811714026158 -0.0102928687129784 0.001686579092403872 0.0017964233828616429 -0.037247547420839786 0.019749775370666162 0.0058648089008542757 -0.0013610766539482156 0.00044029839328927494 0.0017964233828616429 0.0047422393478834578 0.019620291262948841 0.012529007422033762 0.015501003756947058 0.0084135660510879767 -0.0013610766539482156 0.0039647919041600459 -0.0084055327586878125 0.001373595800006092 -0.016020633226671147 -0.030573139537234208 -0.0015314791562409931 0.0067079983942552809 -0.0062910133339525763 0.013485018472269589 -0.012669140746716004 -0.0033941362713258011 -0.0037293171153844513
leaf_weight=86.460572302341461 421.45337539166212 242.9473245292902 360.52241045236588 233.73758988082409 5678.9092052727938 364.08417424559593 61.727189999073744 141.42263338714838 501.30416657030582 224.73199073970318 3456.3983027040958 153.67806354165077 595.0659307539463 127.99169308692217 115.95854619145393 119.27052935212851 68.305577367544174 117.70746976137161 788.0256577283144 478.12138079851866 95.978998780250549 46.92466888204217 32.959607485681772 32.149202689528465 129.99812990427017 1362.4884210899472 522.64725740253925 158.94890837371349 256.23996718227863 850.97299707680941
leaf_count=396 7659 1805 2615 1108 26372 1582 1838 1057 2464 1190 14758 668 2975 1034 879 718 295 542 3345 4272 404 1154 985 300 585 9783 3588 952 1348 5251
internal_value=0.000208649 0.00083574 0.00170062 0.00217821 0.00326761 0.00613241 -0.0179461 0.00782547 0.0109673 -0.00367512 0.000277419 -0.00423262 0.00479049 0.00768806 0.00190354 0.00555009 -0.00470744 -0.00417168 0.00109466 -0.00566637 -0.00279749 -0.0297174 -0.0238987 -0.0142712 0.00208519 -0.00480734 0.0148192 -0.0049931 -0.00694493 -0.00530616
internal_weight=17827.1 17231.9 14459.6 13456.6 8554.07 2759.2 595.214 2371.79 1165.37 2772.36 4902.56 387.416 1206.41 842.328 5794.87 714.336 1002.93 2685.9 4244.42 934.623 456.501 141.611 79.8843 453.603 247.706 2438.19 664.07 658.136 415.189 2213.46
internal_count=101922 89986 72239 64653 42445 15194 11936 13418 7109 17747 22208 1776 6309 4727 27251 3693 7586 17351 18103 7291 3019 3977 2139 7959 1127 16224 4645 4105 2300 15034
is_linear=0
shrinkage=0.05


Tree=61
num_leaves=31
num_cat=0
split_feature=1 1 1 1 1 0 1 0 1 0 1 1 0 0 0 0 0 1 1 1 1 0 1 1 0 1 1 0 1 1
split_gain=70.3196 18.9323 16.2649 9.28895 8.542 7.48352 5.4381 17.5542 13.8036 15.5982 19.5804 12.8638 4.92259 4.18456 3.83589 3.37718 3.30639 4.46849 3.03311 2.87319 2.87242 2.86924 2.77691 2.61992 2.75309 2.49966 2.45124 2.73794 2.34642 2.31247
threshold=39.738916500000009 -10.877669999999998 61.091836500000007 33.586376000000008 -58.220447499999999 103.62818500000002 10.5517035 82.371305000000021 14.4870885 84.937825000000018 12.632285500000002 12.632285500000002 106.94312000000001 100.17008000000001 109.13606000000001 94.128095000000016 59.601255000000002 17.058564500000003 8.0586450000000003 11.003336000000003 28.868387000000002 74.486650000000012 37.285711000000006 67.705214500000011 81.637115000000009 -41.870221999999991 -2.0786639999999994 87.882545000000007 63.499521000000009 18.963075500000006
decision_type=2 2 2 2 2 2 2 2 2 2 2 2 2 2 2 2 2 2 2 2 2 2 2 2 2 2 2 2 2 2
left_child=1 4 5 6 -1 -2 7 18 9 10 -8 19 26 25 16 -5 -10 -18 21 -11 29 -3 -17 24 -4 -6 -9 -28 -26 -19
right_child=2 3 23 15 13 -7 8 12 14 11 -12 -13 -14 -15 -16 22 17 20 -20 -21 -22 -23 -24 -25 28 -27 27 -29 -30 -31
leaf_value=0.005757458908272688 -0.011475966703774675 -0.007420090512550658 -0.034772905917760361 -0.0069196966422988343 -0.00083035133597385573 0.010541260324244545 -0.016085454580701958 -5.794113535719652e-05 -0.0066752209594233662 0.010229896251552203 0.0047359769871473207 0.0056713370762068163 0.0073205798604636775 0.0029716802517370539 0.011348934985839575 -0.0030445864632071547 0.0051580906833196116 -0.00049502838874225183 -0.012118385826205093 0.020759721887659427 -0.00096657383451859656 -0.0018024179116541347 0.0053037433549814085 -0.036478295591029358 -0.025003839292029425 -0.0053402903793341241 -0.0018024179116541347 0.0027820847339776948 -0.0052795335289889779 0.002612958859728239
leaf_weight=250.03316450119019 759.1655158251524 372.07758456468582 29.128505693748593 377.38896579295397 298.47078135609627 40.661170437932014 142.97786335647106 1601.0122544914484 111.7466796040535 83.201136469841003 124.12036561965942 416.64336416870356 400.23606296628714 198.03778642416 108.08115717023611 340.41286191344261 943.41463957726955 739.58278587460518 148.16267849504948 292.65060125291348 1016.0548177659512 370.39341227710247 140.81457158178091 62.534181013703346 20.634540732949972 1795.2886017635465 359.97487008571625 3121.5120940133929 26.685758896172047 3137.2360651195049
leaf_count=1198 10978 2513 818 3222 1980 232 666 7291 578 657 560 2667 1928 908 792 1639 4201 3030 683 2318 5377 2111 788 2007 488 12422 1521 13682 692 14208
internal_value=0.000218966 0.000959309 -0.0131001 0.00166391 -0.00301792 -0.0103567 0.00198489 0.000924103 0.00293501 0.00819984 -0.00224977 0.0117217 0.00198172 -0.0039753 0.00201386 -0.00337868 0.00184423 0.00200735 -0.00558655 0.0184288 0.00139984 -0.0042831 -0.000601736 -0.028888 -0.0226792 -0.00463238 0.00156129 0.00230592 -0.0152348 0.00202005
internal_weight=17828.3 16889.5 938.81 14347.7 2541.83 799.827 13489.1 6373.37 7115.71 1059.59 267.098 792.495 5482.74 2291.8 6056.12 858.616 5948.03 5836.29 890.634 375.852 4892.87 742.471 481.227 138.983 76.4488 2093.76 5082.5 3481.49 47.3203 3876.82
internal_count=102155 86940 15215 70432 16508 11210 64783 29729 35054 6868 1226 5642 24422 15310 28186 5649 27394 26816 5307 2975 22615 4624 2427 4005 1998 14402 22494 15203 1180 17238
is_linear=0
shrinkage=0.05


Tree=62
num_leaves=31
num_cat=0
split_feature=1 1 1 1 1 1 0 1 1 0 0 0 1 1 1 1 1 1 1 1 1 1 0 0 1 1 1 1 1 1
split_gain=75.5862 15.6821 10.9252 9.3966 9.26732 5.72696 8.4197 6.93388 7.09546 5.67352 3.59667 2.76534 2.69265 2.61172 2.35162 4.26024 1.97189 1.80452 1.77457 1.88875 1.75903 1.69355 1.89311 1.59524 3.05915 1.62892 1.48826 1.57708 1.37738 1.31423
threshold=44.465817000000008 -11.766539499999999 32.134028500000007 -69.750482999999988 56.169397500000009 4.567218500000001 57.065445000000004 16.583148000000005 10.5517035 80.669915000000017 97.234315000000009 103.88744000000001 67.705214500000011 38.228264500000009 15.164761000000002 14.928189000000001 2.6990795000000003 14.4870885 18.963075500000006 17.759863000000003 39.226540000000007 -0.27649149999999995 91.673515000000009 88.563000000000002 -27.443423499999998 -46.88710249999999 -3.4101339999999998 -5.1525904999999996 2.6990795000000003 41.38483200000001
decision_type=2 2 2 2 2 2 2 2 2 2 2 2 2 2 2 2 2 2 2 2 2 2 2 2 2 2 2 2 2 2
left_child=1 3 5 -1 -2 9 -7 8 -8 16 13 21 -6 -4 15 17 -3 -10 19 -9 -15 26 -23 25 -25 -5 27 -11 -24 -22
right_child=4 2 10 23 12 6 7 18 14 11 -12 -13 -14 20 -16 -17 -18 -19 -20 -21 29 22 28 24 -26 -27 -28 -29 -30 -31
leaf_value=0.01302344076226161 -0.012572965509729962 -0.0033767866809367867 -0.0027729230931501469 -0.0032422989106912986 -0.022211567615306939 -0.010207698155192228 0.0022549848002053207 0.0016680309499725828 0.0076915149637820177 0.0011382349998851689 0.00019518316765263302 0.0039339519728046109 -0.034463752656705197 -0.015865460821853316 0.0037239435471303111 0.018713476207086657 -0.012117349940744905 0.0020624831227943076 0.0018433896972338494 -0.0027883318753998878 -0.0029091475738228681 -0.0018585997723187893 -0.00064840008641198514 0.0060570517913168427 -0.0030615738013097301 -0.0056568110574578981 0.0021227680327122155 -0.0018585997723187893 0.0021227680327122155 -0.010066449544284751
leaf_weight=87.529807657003403 353.15654909610748 450.69722199440002 555.19606801122427 332.53609113395214 167.52076749876142 129.46920168399811 2164.5363736823201 474.96719098091125 1025.9157517775893 1012.4722450524569 592.86412799358368 631.34137582778931 61.234455179423094 63.878783710300922 537.60606989264488 81.692874729633331 75.309763357043266 165.31797857582569 3942.7798871919513 476.1075138002634 124.59467946738005 287.87131357192993 555.02112726867199 105.81962041556835 703.1499665081501 1191.7933862656355 662.78597572445869 320.31097204983234 345.52177546918392 132.18073970079422
leaf_count=398 6009 3170 4155 1930 3995 692 10311 1994 6698 4902 2833 2615 2033 582 2372 390 421 793 18586 1969 1213 1217 2234 565 3720 9274 2797 1429 1403 1588
internal_value=7.22238e-05 0.000670829 0.00128074 -0.00306006 -0.0176513 0.00173138 0.00245097 0.00263576 0.00418699 0.000239853 -0.0028122 0.000910996 -0.0254913 -0.0048479 0.00649675 0.00766782 -0.0046282 0.00691032 0.00137577 -0.000562822 -0.00844062 0.000311584 -0.0011827 -0.0036634 -0.00186879 -0.00461581 0.00120147 0.000107195 0.0005618 -0.00659352
internal_weight=17811.2 17229.3 14808.4 2420.83 581.912 13339.7 8998.39 8868.92 3975.07 4341.33 1468.71 3815.32 228.755 875.85 1810.53 1272.93 526.007 1191.23 4893.85 951.075 320.654 3183.98 1188.41 2333.3 808.97 1524.33 1995.57 1332.78 900.543 256.775
internal_count=102288 90251 74364 15887 12037 63993 43805 43113 20564 20188 10371 16597 6028 7538 10253 7881 3591 7491 22549 3963 3383 13982 4854 15489 4285 11204 9128 6331 3637 2801
is_linear=0
shrinkage=0.05


Tree=63
num_leaves=31
num_cat=0
split_feature=1 1 1 1 1 1 0 0 0 1 1 0 0 1 0 1 0 0 0 1 0 1 1 0 1 1 0 0 1 1
split_gain=54.7346 26.1088 9.84652 9.84083 10.5799 15.1782 10.6134 10.4829 8.06647 7.83147 6.50579 12.3616 5.81891 4.31847 9.42258 6.50146 3.70871 3.5668 3.30988 3.24325 2.81167 9.69868 3.8467 3.37996 4.37546 3.55521 2.79889 2.29343 2.28044 2.23079
threshold=44.465817000000008 -9.1881969999999988 -69.750482999999988 32.134028500000007 6.7407555000000006 16.105218500000003 82.371305000000021 71.403535000000019 108.35049500000001 64.806794500000009 10.5517035 91.808785000000015 105.05617500000001 14.4870885 84.937825000000018 13.097009000000002 93.894055000000023 105.93683500000002 101.25781500000001 -4.8145869999999986 103.88744000000001 18.963075500000006 17.539817500000002 100.37770500000001 19.211891000000005 20.474534000000002 89.817520000000016 106.94312000000001 40.265485500000004 -28.643111499999996
decision_type=2 2 2 2 2 2 2 2 2 2 2 2 2 2 2 2 2 2 2 2 2 2 2 2 2 2 2 2 2 2
left_child=1 2 -1 4 6 7 19 -6 20 18 11 -9 16 14 -12 -16 -5 -13 -2 -3 22 -22 -7 24 -24 -25 -11 -8 -18 -4
right_child=9 3 29 12 5 8 27 10 -10 26 13 17 -14 -15 15 -17 28 -19 -20 -21 21 -23 23 25 -26 -27 -28 -29 -30 -31
leaf_value=0.012783305387500396 -0.013808462969909334 -0.0025756188960807309 -0.0023184793978681204 -0.0059265313015160644 -0.0060894722250592987 0.002495582362900331 0.00058009208554831923 0.00021078160246594085 0.014147602841741429 -0.033509056214168255 0.00049754647546096104 0.0062459876620384091 0.010475735183158552 0.0052666161283797261 0.016957525594557949 0.007701671215881326 0.00079713477117390882 0.015018361505428552 0.002967172317226124 -0.0082519485787943825 0.002495582362900331 0.0075709509640796277 0.00086794227441129275 0.00086794227441129275 -0.0017701964127686529 0.002495582362900331 -0.010023097309079704 0.005173764612289058 -0.0033535068804655373 -0.0053585692606750758
leaf_weight=86.340843960642815 456.69075977802277 141.84322056174278 896.19717901945114 659.43364735692739 175.29610686004162 447.04972085356712 3823.1565552353859 404.79847951233387 119.33448527008295 69.143759809434414 181.80717951059341 749.14455036073923 82.410466186702251 571.63432684540749 459.23484046012163 323.27605608105659 617.76443639397621 137.07552542537451 31.426543410867453 489.07652050256729 170.97765851020813 367.60620066523552 440.71752922236919 205.29702313244343 2808.4993586689234 575.42077998816967 15.535847794264553 292.49688476324081 128.65702960640192 1847.1554158404469
leaf_count=391 8894 1070 6059 6033 893 1864 16255 1714 937 2332 801 3840 407 2655 3655 1984 3105 869 297 2906 756 2235 1768 828 12780 2477 455 1262 968 11705
internal_value=4.15315e-05 0.000547842 -0.00384218 0.00141219 0.00185687 0.00295119 -1.9149e-05 0.00577532 0.00129998 -0.0151635 0.00651104 0.00389477 -0.00243734 0.00871009 0.0107513 0.0131337 -0.0031943 0.00760285 -0.0127284 -0.0060578 0.000994299 0.00440747 0.000583692 -4.35402e-05 -0.000759698 0.00249558 -0.0292002 0.000906561 -0.000780482 -0.00436543
internal_weight=17774.5 17201.7 2829.69 14372 12883.7 8137.17 4746.57 3002.27 5134.9 572.797 2826.97 1291.02 1488.27 1535.95 964.318 782.511 1405.86 886.22 488.117 630.92 5015.57 538.584 4476.98 4029.93 3249.22 780.718 84.6796 4115.65 746.421 2743.35
internal_count=102195 90217 18155 72062 61549 40056 21493 16411 23645 11978 15518 6423 10513 9095 6440 5639 10106 4709 9191 3976 22708 2991 19717 17853 14548 3305 2787 17517 4073 17764
is_linear=0
shrinkage=0.05


Tree=64
num_leaves=31
num_cat=0
split_feature=1 1 1 1 1 0 1 0 1 0 1 0 1 1 1 0 0 1 0 1 0 1 1 1 1 1 1 0 1 1
split_gain=55.4251 12.1898 11.0533 8.41739 6.78153 8.92213 7.12169 6.93315 13.6897 6.1067 5.49149 5.28047 12.7537 5.29294 5.89262 4.79093 4.5015 2.7777 2.36232 2.33868 29.6531 4.44447 2.26911 2.20826 2.08987 1.96219 1.76111 1.49708 1.46198 1.43347
threshold=46.477814000000002 -15.315342499999998 32.134028500000007 -41.870221999999991 7.4040830000000009 57.065445000000004 16.357406500000003 106.31403500000002 21.457533000000002 73.006085000000013 51.601718000000012 80.15958000000002 13.774837500000002 14.4870885 10.5517035 90.264230000000012 105.39100000000001 38.228264500000009 101.71017000000002 24.297458000000002 95.22858500000001 27.080267500000001 17.759863000000003 -17.734739499999996 66.215195000000008 49.969406500000005 -2.7319224999999996 79.885140000000021 37.285711000000006 -9.1881969999999988
decision_type=2 2 2 2 2 2 2 2 2 2 2 2 2 2 2 2 2 2 2 2 2 2 2 2 2 2 2 2 2 2
left_child=1 3 4 -1 9 -6 11 19 -9 26 25 12 -7 14 -13 23 17 28 -11 22 21 -21 -8 -5 -12 -2 29 -26 -4 -3
right_child=10 2 16 15 5 6 7 8 -10 18 24 13 -14 -15 -16 -17 -18 -19 -20 20 -22 -23 -24 -25 27 -27 -28 -29 -30 -31
leaf_value=0.0019393733523018703 -0.012527812275405354 -0.0087415177418746545 -0.0026535747059746287 -0.0063921240463152484 -0.011244612913063523 -0.0043209822763410231 0.0031054884357977074 0.0051614108281057974 0.024020960258185762 -5.548186256586565e-05 -0.018311595100169619 0.0041914506485270639 0.0023520848348925361 0.0023520848348925361 0.009962090483460995 -0.00086223538251185101 0.0091879083969453029 -0.0063915405304435478 0.0022768290264410583 0.00042021427588238673 0.0051614108281057974 -0.0043209822763410231 -0.0006120958529467962 -0.013681956036858492 -0.037074453460792738 -0.00016679237063058251 -0.0095272029879002896 -0.022153541884889268 0.0027891790134889826 -0.0026928114189807752
leaf_weight=557.72211964428425 117.09908552467823 97.957873210310936 815.27777932584286 835.21801301836967 118.10113075375557 268.59916949272156 503.61118380725384 158.8725513368845 109.09733221679926 4017.17837587744 251.21961496956646 935.41874752193689 114.81748297810555 607.77348762750626 839.3258011713624 414.82432207465172 72.057261876761913 558.7833648994565 1487.7818778306246 387.8984569311142 1030.3268395736814 569.06640288233757 2219.209010578692 118.64228493720293 27.844596590846777 44.2320955991745 181.63959857821465 42.42448984272778 107.23094244301319 102.6708467900753
leaf_count=3230 2025 806 4983 6606 625 1217 2091 856 1105 18706 5633 4867 480 2824 5920 2177 366 5500 6335 1826 4664 3117 9275 922 1024 793 1156 1408 774 804
internal_value=4.19689e-05 0.000510191 0.000982066 -0.00323822 0.00143374 0.00239464 0.00260265 0.00147241 0.00929548 0.000150503 -0.0166662 0.00463682 -0.000809056 0.00551323 0.00692055 -0.00534802 -0.0030159 -0.00360955 0.000574853 0.00102734 0.00233146 -0.00432098 7.55063e-05 -0.00729884 -0.0204437 -0.0091388 -0.00596048 -0.0280661 -0.00192444 -0.00273133
internal_weight=17711.9 17229.1 15302.7 1926.41 13749.3 7862.12 7744.02 4978.08 267.97 5887.23 482.82 2765.93 383.417 2382.52 1774.74 1368.68 1553.35 1481.29 5504.96 4710.11 1987.29 956.965 2722.82 953.86 321.489 161.331 382.268 70.2691 922.509 200.629
internal_count=102115 91232 78297 12935 66674 38867 38242 22934 1961 27807 10883 15308 1697 13611 10787 9705 11623 11257 25041 20973 9607 4943 11366 7528 8065 2818 2766 2432 5757 1610
is_linear=0
shrinkage=0.05


Tree=65
num_leaves=31
num_cat=0
split_feature=1 1 1 1 0 1 0 0 0 1 0 1 1 1 1 1 0 1 1 1 0 1 1 1 1 1 1 1 1 1
split_gain=53.9616 9.91722 7.98609 7.92723 15.7277 6.04643 5.30256 3.51943 3.19662 3.36226 2.75396 7.47655 4.20233 5.37687 7.56034 2.98031 3.53648 2.76977 2.15151 1.88549 1.75194 1.60713 1.25242 2.96898 2.09097 1.23984 1.18222 1.11739 0.972361 0.963082
threshold=44.465817000000008 61.091836500000007 -7.294513499999999 29.811994500000001 105.57699500000003 -69.750482999999988 89.188945000000018 97.890790000000024 89.504690000000025 -34.219322999999996 59.601255000000002 13.774837500000002 3.2632700000000008 16.105218500000003 10.763017500000002 1.0000000180025095e-35 81.155595000000019 -1.1622599999999996 18.963075500000006 33.973648500000003 99.729785000000021 17.295331500000007 -15.315342499999998 -18.409059999999997 -10.012410999999998 36.404865500000007 31.441918000000005 -20.520321499999998 5.5605090000000006 37.285711000000006
decision_type=2 2 2 2 2 2 2 2 2 2 2 2 2 2 2 2 2 2 2 2 2 2 2 2 2 2 2 2 2 2
left_child=2 20 5 10 7 -1 -3 25 9 -7 11 -4 15 14 28 16 -12 -18 21 26 -2 -15 23 27 -24 -5 -9 -11 -14 -21
right_child=1 6 3 4 -6 8 -8 19 -10 22 12 -13 13 18 -16 -17 17 -19 -20 29 -22 -23 24 -25 -26 -27 -28 -29 -30 -31
leaf_value=0.011236224237321998 -0.01292389650744737 -0.033701121342214695 -0.0014489053008820267 -0.003288652359015569 0.018941328377146783 -0.0020199278833006556 -0.0098210301768878686 -0.00087629778927507179 -0.00040550660709652423 -0.0061032838842743353 -0.0014489053008820267 -0.015642289182584274 0.0031029078739128434 0.0015512247978104934 0.0060668435589042412 -0.0014489053008820267 0.0011046629671906704 0.0062459210823729789 0.0014334030018983185 -0.0022893805692518377 -0.0022006620334280185 -0.0014489053008820267 -0.0020199278833006556 -0.013014675043106714 -0.0081749957344773288 -0.0065123150917718465 0.0053771943604071538 -0.0020199278833006556 0.0010321922205204399 0.0013690300118499536
leaf_weight=85.211979165673256 389.59104507416487 94.734521416947246 106.94848604500294 771.59960980713367 85.476301543414593 644.85028000175953 30.805411549285054 128.54628728330135 1332.9040455669165 492.68289412558079 199.86065180599689 101.47975546121597 819.95632378757 462.36168548464775 1548.1793059408665 1098.555069938302 1338.707445114851 325.70120093226433 3384.3644752502441 174.48367631435394 42.217177420854568 661.80039961636066 268.82899525016546 145.90593773126602 153.8696975260973 486.22104498744011 183.41263633966446 97.888422921299934 1837.1541834324598 181.51809628307819
leaf_count=384 7568 3136 721 4985 520 4270 848 554 6653 3966 1422 505 3544 1965 9069 4662 5819 1341 15689 747 442 2744 1992 1155 1038 4814 772 771 9021 964
internal_value=-0.00016114 -0.0154717 0.000337347 0.000857375 -0.00204563 -0.00190541 -0.0278413 -0.00297714 -0.00226239 -0.00363435 0.00134864 -0.00434814 0.00145033 0.00200343 0.00328945 -0.000176375 0.00111433 0.00211073 0.000803897 -4.39751e-05 -0.0118755 -0.00109127 -0.00538262 -0.00662772 -0.00321324 -0.00453479 0.00280037 -0.00504977 0.00167119 -0.00228938
internal_weight=17675.8 557.348 17118.5 13896.3 2011.26 3222.14 125.54 1925.78 3136.93 1804.03 11885.1 208.428 11676.6 8713.82 4205.29 2962.82 1864.27 1664.41 4508.53 667.961 431.808 1124.16 1159.18 736.477 422.699 1257.82 311.959 590.571 2657.11 356.002
internal_count=102081 11994 90087 69858 13356 20229 3984 12836 19845 13192 56502 1226 55276 42032 21634 13244 8582 7160 20398 3037 8010 4709 8922 5892 3030 9799 1326 4737 12565 1711
is_linear=0
shrinkage=0.05


Tree=66
num_leaves=31
num_cat=0
split_feature=1 1 1 1 1 0 1 1 0 1 0 1 0 1 1 1 0 0 0 1 0 1 0 1 1 0 1 0 1 1
split_gain=51.3403 9.86846 9.73088 5.22421 4.32394 5.19772 4.11024 8.47576 14.6389 10.4863 8.16123 8.16123 6.92178 6.56314 5.81846 4.31899 3.09974 3.08879 3.02668 3.18752 2.88881 1.93131 6.01064 2.29153 2.03635 1.67489 1.50236 1.46789 2.29953 2.04475
threshold=46.477814000000002 64.806794500000009 -13.164982999999998 -69.750482999999988 37.738118000000007 103.37742000000001 6.0289675000000011 15.164761000000002 82.592715000000013 12.179487500000002 71.816360000000017 10.763017500000002 93.39397000000001 10.115368500000002 10.115368500000002 14.260031500000002 79.885140000000021 109.13606000000001 97.343340000000012 2.1760235000000008 105.93683500000002 -34.219322999999996 81.885040000000018 -25.216032999999999 -16.506661999999995 79.376530000000017 -2.7319224999999996 98.325540000000004 47.81764350000001 61.091836500000007
decision_type=2 2 2 2 2 2 2 2 2 2 2 2 2 2 2 2 2 2 2 2 2 2 2 2 2 2 2 2 2 2
left_child=2 27 3 -1 6 -6 10 8 9 13 26 12 -10 -8 20 -13 -3 -9 19 25 -14 -5 23 -23 -25 -12 -4 28 -2 -30
right_child=1 16 4 21 5 -7 7 17 11 -11 18 15 14 -15 -16 -17 -18 -19 -20 -21 -22 22 -24 24 -26 -27 -28 -29 29 -31
leaf_value=0.0093785728330285228 -0.025501210227332174 -0.044756932244369295 -0.0044371228601680591 -0.0008101088761192746 -0.0042981601788445924 0.011996594396259268 -0.0040971709418207393 0.00073853114511607503 0.001159712482479635 0.001159712482479635 -0.0037127823724937142 0.011432073151704802 0.0035653604259049199 -0.018427057683251733 0.017561453858066969 0.0040425956122464709 -0.024462946845405644 0.0093918453287760578 0.0018777558997470597 -0.0037127823724937142 0.010982962921627627 -0.004794470701647742 -0.0014389605461066733 -0.013402430934317745 -0.004794470701647742 0.00061954012649018738 -0.011660950564466666 -0.0039078070412241015 -0.010845606530351611 -0.02264312282469064
leaf_weight=89.121791169047356 38.080362875014544 30.262480104342103 144.03572707623243 687.15732220560312 584.09020089358091 53.41470605134964 224.89956468343735 6302.5717509016395 365.30218409001827 172.95497752726078 200.59741286933422 692.54807865619659 810.79766722768545 123.93623177707195 97.833584696054459 276.76267549395561 49.747370563447475 104.8403292670846 2393.1977385133505 588.99944750964642 156.61389871686697 226.77270628511906 859.23398861289024 228.90362176299095 89.764931134879589 1596.8649969696999 143.86366388201714 41.030103206634521 265.54187267646194 42.623587224632502
leaf_count=400 700 1172 1152 4478 5801 233 1060 30136 1564 766 1405 5131 3946 574 800 1387 1679 791 10022 2498 914 1933 5025 1974 758 7719 943 526 5607 1174
internal_value=0.000200056 -0.0161527 0.000643936 -0.00247716 0.0010967 -0.00293287 0.00127514 0.0018978 0.00412967 -0.00346055 0.000128854 0.00577998 0.00337984 -0.00918837 0.00594133 0.00932219 -0.0321388 0.00088012 0.000621313 -0.000638676 0.00476619 -0.00298227 -0.00404488 -0.00814998 -0.0108977 0.000407915 -0.00804688 -0.0128501 -0.0139097 -0.0124774
internal_weight=17682.4 467.286 17215.1 2180.95 15034.1 637.505 14396.6 9329.06 2921.65 521.791 5067.56 2399.86 1430.55 348.836 1065.25 969.311 80.0099 6407.41 4779.66 2386.46 967.412 2091.83 1404.68 545.441 318.669 1797.46 287.899 387.276 346.246 308.165
internal_count=102268 10858 91410 14568 76842 6034 70808 47069 16142 2400 23739 13742 7224 1634 5660 6518 2851 30927 21644 11622 4860 14168 9690 4665 2732 9124 2095 8007 7481 6781
is_linear=0
shrinkage=0.05


Tree=67
num_leaves=31
num_cat=0
split_feature=1 1 1 1 0 1 0 1 1 0 1 1 0 0 0 1 1 1 1 0 1 1 1 1 1 1 0 1 1 0
split_gain=55.5219 9.72705 5.19149 10.546 14.2123 14.6003 7.77895 5.05009 4.72661 5.22971 4.27227 5.80842 8.56851 4.57447 4.22519 3.57302 3.79815 2.99811 2.8189 2.81865 2.6199 2.54918 2.44122 2.37393 2.08301 1.70449 20.1694 4.84712 3.95258 3.22741
threshold=43.160387000000007 64.806794500000009 7.1819610000000011 15.392356500000002 83.689775000000012 13.097009000000002 109.13606000000001 37.738118000000007 -58.220447499999999 81.155595000000019 14.260031500000002 11.003336000000003 105.93683500000002 94.370435000000015 102.40187000000002 -34.219322999999996 -16.506661999999995 13.553831000000002 10.115368500000002 84.937825000000018 -20.520321499999998 10.115368500000002 -15.315342499999998 -31.135034499999996 54.321631000000004 26.788501500000006 97.786040000000014 25.106426000000003 30.114464000000005 94.250140000000016
decision_type=2 2 2 2 2 2 2 2 2 2 2 2 2 2 2 2 2 2 2 2 2 2 2 2 2 2 2 2 2 2
left_child=2 14 8 4 5 21 7 25 -1 15 11 12 13 -6 24 -10 20 -13 -15 -3 23 -4 -11 -17 -2 27 29 -5 -28 -27
right_child=1 19 3 6 10 -7 -8 -9 9 22 -12 17 -14 18 -16 16 -18 -19 -20 -21 -22 -23 -24 -25 -26 26 28 -29 -30 -31
leaf_value=0.0061701882869906015 -0.011223123307297654 -0.039317810438631771 -0.0060007446788767306 0.00044018594183767328 0.0013054751638190574 0.0013054751638190574 0.014246827221154416 -0.0048583708270085423 -0.0015658803967762243 -0.0015658803967762243 0.0013054751638190574 0.012850927533379523 0.016778751770501001 0.0043356704409067649 0.0067832814630184469 -0.014841158931803357 -0.0027885748040408702 0.0049564567170026549 0.0098937274747805427 -0.019876353115378598 -0.015477034715740698 -0.014400359710907501 0.00048081106206723941 -0.0042169338960163678 -0.018073660804732196 -0.0060215114102938044 0.0071690562729230817 0.0057599834980925817 0.002205340497831746 -0.00056144472037922537
leaf_weight=261.89997141063213 344.80618533119559 45.692371854558587 181.68130320310593 3478.6727946251631 292.17424221336842 147.39661033451557 98.485586106777191 478.38067119568586 417.65809535235167 790.73736014962196 340.83539642393589 467.43548005819321 129.08661729842424 514.32297839969397 27.244556438177824 66.212048321962357 782.91236263513565 161.92767404019833 98.529407247900963 31.493046578019857 105.7361176609993 179.64141085743904 5024.7243929952383 255.36387319862843 163.6196782104671 967.01896729320288 348.00699024647474 488.28993476182222 535.06617972254753 375.82806676626205
leaf_count=1248 5822 1788 837 15011 1317 648 754 4008 3036 4752 1694 3665 899 2654 222 563 5385 1018 801 1044 927 830 22198 2216 3955 6283 1706 2353 2384 1933
internal_value=-5.70428e-06 -0.0147909 0.000527683 0.00132402 0.00409009 -0.00337349 0.000297219 9.12853e-05 -0.000431696 -0.000663989 0.00598444 0.00703252 0.0047276 0.0030087 -0.0123998 -0.00316898 -0.00485795 0.0108198 0.00609552 -0.0313853 -0.00864941 -0.0101768 3.72148e-05 -0.00640445 -0.0134277 0.000473631 -0.000633745 0.001095 0.00523542 -0.00449338
internal_weight=17600.9 612.856 16988 9282.78 2513.03 508.719 6769.75 6671.26 7705.24 7443.34 2004.31 1663.48 1034.11 905.027 535.67 1627.88 1210.22 629.363 612.852 77.1854 427.312 361.323 5815.46 321.576 508.426 6192.88 2225.92 3966.96 883.073 1342.85
internal_count=101951 12831 89120 48795 14363 2315 34432 33678 40325 39077 12048 10354 5671 4772 9999 12127 9091 4683 3455 2832 3706 1667 26950 2779 9777 29670 12306 17364 4090 8216
is_linear=0
shrinkage=0.05


Tree=68
num_leaves=31
num_cat=0
split_feature=1 1 1 1 0 1 0 1 0 1 1 0 0 0 1 1 1 1 0 1 1 0 1 0 1 1 1 1 1 1
split_gain=39.5114 8.10092 7.57138 9.22679 8.27582 7.27583 13.9496 13.6554 7.26584 11.2111 4.33711 3.65184 3.11609 2.86457 1.95012 2.1364 1.92039 2.76962 1.70998 3.09456 1.61537 2.53383 1.60444 11.8514 4.09671 2.85972 2.764 1.44496 1.43483 1.50466
threshold=44.465817000000008 67.705214500000011 1.6478435000000002 16.105218500000003 73.403825000000012 10.763017500000002 95.794150000000016 8.7348700000000026 108.35049500000001 20.474534000000002 33.201237000000006 100.91538000000001 93.130965000000018 105.93683500000002 39.738916500000009 37.285711000000006 12.381252500000002 11.940788500000002 85.154250000000019 -2.0786639999999994 56.169397500000009 72.237370000000013 18.963075500000006 100.91538000000001 18.491520500000004 19.466933000000004 24.556618500000003 6.498139000000001 10.115368500000002 9.210126500000003
decision_type=2 2 2 2 2 2 2 2 2 2 2 2 2 2 2 2 2 2 2 2 2 2 2 2 2 2 2 2 2 2
left_child=2 11 13 4 -4 6 -6 27 10 -10 22 20 -12 18 15 -14 17 -7 19 -1 -2 -22 24 25 -5 -24 -25 -8 29 -9
right_child=1 -3 3 8 5 16 7 28 9 -11 12 -13 14 -15 -16 -17 -18 -19 -20 -21 21 -23 23 26 -26 -27 -28 -29 -30 -31
leaf_value=-0.0018879230417542144 -0.010524321213767777 -0.03251583791757684 -0.0051112744190630402 -7.6861033133740822e-05 -0.00090129679040909625 0.0065931818560067612 0.0041236684401121148 0.017906581504318814 0.0055746274011828773 0.027700105358952266 -0.0059325769819111879 0.005036906822014838 -0.0011452769561786 0.0038368687713965311 -0.0033895463039188959 0.0055746274011828773 0.0052144465229264619 0.016404892971944064 -0.00071088704471017729 -0.0084115480307346748 -0.033775139806379161 -0.014356227141349565 0.0023962574174406382 0.0023962574174406382 -0.0083400545320040462 -0.0011789826971857174 0.0055746274011828773 0.0019379612792007055 0.020014706280220482 0.0092764404860984362
leaf_weight=1771.3439192920923 304.43118942528963 50.45758998952806 312.01810245215893 927.18297855556011 1223.7030028551817 243.69206387549639 1033.9635004848242 78.219110652804375 65.207040399312973 66.719566136598587 526.42372664064169 31.362183447927237 386.33851803839207 276.07997478544712 169.93342471122742 147.47676532715559 1094.7313497439027 102.03946728259325 3436.5629781484604 202.57544180750847 19.325098186731339 128.47793780826032 132.76474030315876 507.42445345968008 178.94508908689022 3011.3807765692472 465.54692777991295 507.82522168755531 83.920740649104118 142.55059090256691
leaf_count=12999 5745 1998 1681 3858 5245 1833 4386 475 364 663 5055 313 1918 1139 1285 876 6022 769 16236 1168 570 3389 532 2413 730 13932 2473 2405 727 936
internal_value=-5.90383e-05 -0.0134514 0.000359356 0.00110229 0.00276392 0.00330868 0.00193318 0.00477722 -0.000114585 0.0115013 -0.000352047 -0.0114623 -0.00302298 -0.00113106 -0.000846516 0.00081267 0.0062404 0.00948902 -0.00138456 -0.00255742 -0.0126065 -0.0168952 0.000277007 0.000731228 -0.00141365 -0.000761075 0.00555359 0.00286575 0.0144496 0.0123341
internal_weight=17628.6 534.054 17094.6 11408 4822.66 4510.65 3070.18 1846.48 6585.34 131.927 6453.42 483.596 1230.17 5686.56 703.749 533.815 1440.46 345.732 5410.48 1973.92 452.234 147.803 5223.24 4117.12 1106.13 3144.15 972.971 1541.79 304.69 220.77
internal_count=102135 12015 90120 58578 24479 22798 14174 8929 34099 1027 33072 10017 9134 31542 4079 2794 8624 2602 30403 14167 9704 3959 23938 19350 4588 14464 4886 6791 2138 1411
is_linear=0
shrinkage=0.05


Tree=69
num_leaves=31
num_cat=0
split_feature=1 1 1 1 0 0 0 0 0 1 1 0 1 1 1 1 1 0 1 0 1 0 1 1 1 1 0 1 1 1
split_gain=31.2639 7.9138 7.57206 7.54571 8.20945 8.04321 7.26996 5.06382 4.70291 3.37047 2.83259 21.1878 3.53848 3.02479 3.12595 3.27831 2.60289 2.5809 7.59373 2.43545 2.332 1.93582 1.84673 1.47085 2.10123 2.52383 1.40254 1.35916 1.21588 2.1364
threshold=42.012649000000003 61.091836500000007 7.6177815000000004 29.489829000000004 101.81990500000002 59.601255000000002 91.808785000000015 88.392405000000011 98.00545000000001 -2.7319224999999996 28.550513000000002 94.987440000000007 17.058564500000003 18.963075500000006 26.788501500000006 25.659429500000005 11.243997000000002 95.342580000000012 30.114464000000005 106.72323500000002 35.143657000000005 69.152480000000011 -2.3965289999999997 15.392356500000002 14.928189000000001 14.4870885 81.637115000000009 67.705214500000011 13.774837500000002 13.316450000000001
decision_type=2 2 2 2 2 2 2 2 2 2 2 2 2 2 2 2 2 2 2 2 2 2 2 2 2 2 2 2 2 2
left_child=2 8 7 5 17 -4 26 9 -2 -1 12 -12 16 -14 15 -15 -7 18 -5 -9 -6 -11 -21 24 25 28 -3 -28 29 -18
right_child=1 6 3 4 20 10 -8 19 -10 21 11 -13 13 14 -16 -17 23 -19 -20 22 -22 -23 -24 -25 -26 -27 27 -29 -30 -31
leaf_value=-0.001369524446479906 -0.010298070481280203 -0.034207777620592822 -0.0099870695819919211 -0.020578390502736753 0.0093867884359052096 0.0016257962606885303 0.0077235034442095247 -0.00010858048374639661 0.0015163025600296344 -0.011283680043810317 -0.003807503136330684 0.02215330576403185 -0.0016368892529052223 0.0018913268483246393 -0.0018521942780223987 0.0072351857066514473 0.0063291281580695928 -0.00053190571217504306 -0.0033148750239264634 0.0091434631693220973 0.0014820771325257283 -0.0042104847498698238 0.0019103847641504549 0.0027419009847010527 0.010963973277501215 -0.00083869183353025016 -0.014572810935532553 -0.028151549494525363 0.009244395230748428 -0.0010319011048763329
leaf_weight=2039.7850415036082 461.46302264928818 46.547517746686935 134.1664901226759 68.911186397075653 192.22609169781208 1136.4857701212168 16.74517036229372 4679.7478011548519 103.04250609502196 113.53765975683928 104.75262695550919 124.75153130292892 759.72211846709251 2279.0888499394059 473.40159910172224 328.34611342102289 495.36840680986643 669.65229242295027 842.285286039114 119.86400562524796 131.35523881018162 653.5416564643383 285.94063203036785 630.24441570043564 165.24528376758099 161.80021902918816 28.199760032817721 20.920383606106043 213.02718262374401 123.05615125596523
leaf_count=14712 8687 1810 705 382 1026 6300 471 20840 978 754 554 613 3154 10218 2374 1586 3590 3258 6753 501 554 3160 1289 2746 788 785 844 816 1193 760
internal_value=-1.72333e-05 -0.010554 0.000404155 0.00139263 -0.00140332 0.00213948 -0.022669 -0.000727276 -0.00814152 -0.00243203 0.00237206 0.00783496 0.00218676 0.00118882 0.00188563 0.00256426 0.00349695 -0.00288854 -0.00462047 0.000213629 0.00585269 -0.00525741 0.00392935 0.0046858 0.00574332 0.00487477 -0.0279887 -0.0220953 0.00598661 0.00486441
internal_weight=17603.2 676.918 16926.3 9033.89 1904.43 7129.46 112.413 7892.42 564.506 2806.86 6995.29 229.504 6765.79 3840.56 3080.84 2607.43 2925.23 1580.85 911.196 5085.55 323.581 767.079 405.805 1788.74 1158.5 993.252 95.6677 49.1201 831.452 618.425
internal_count=102201 13606 88595 47339 11973 35366 3941 41256 9665 18626 34661 1167 33494 17332 14178 11804 16162 10393 7135 22630 1580 3914 1790 9862 7116 6328 3470 1660 5543 4350
is_linear=0
shrinkage=0.05


Tree=70
num_leaves=31
num_cat=0
split_feature=1 1 1 1 0 1 0 1 1 0 0 1 0 1 1 1 1 1 0 1 1 1 1 1 1 0 0 1 1 1
split_gain=26.2364 6.68301 8.22169 6.01588 5.85703 5.1994 3.2234 3.01818 8.98871 8.3216 5.33788 2.66375 7.08167 3.27194 3.71662 3.0921 3.02867 2.63479 2.05407 2.065 1.59356 2.06454 1.29079 2.26713 1.8533 1.73463 1.29077 3.43313 3.85051 1.76547
threshold=51.601718000000012 -6.2120219999999993 37.738118000000007 -58.220447499999999 103.00876000000001 67.705214500000011 106.11286000000003 6.7407555000000006 16.105218500000003 82.371305000000021 108.35049500000001 14.928189000000001 81.885040000000018 7.8331740000000005 14.4870885 12.632285500000002 15.392356500000002 10.115368500000002 106.72323500000002 -4.4654964999999995 -2.0786639999999994 1.6478435000000002 42.012649000000003 40.851167000000011 49.969406500000005 94.250140000000016 87.552700000000016 13.097009000000002 10.5517035 12.381252500000002
decision_type=2 2 2 2 2 2 2 2 2 2 2 2 2 2 2 2 2 2 2 2 2 2 2 2 2 2 2 2 2 2
left_child=1 3 7 -1 22 -2 -5 9 11 20 -10 12 15 -14 26 17 -13 -9 19 -11 -3 -22 23 25 -24 -4 -15 28 -28 -30
right_child=5 2 4 6 -6 -7 -8 8 10 18 -12 16 13 14 -16 -17 -18 -19 -20 -21 21 -23 24 -25 -26 -27 27 -29 29 -31
leaf_value=0.0057915028606637005 -0.011789226162393444 -0.0023908049489900301 -0.0091937532764771648 -0.0023783481414903556 0.0099600787551147041 -0.029971542744637522 0.0076277976712017101 -0.0012116389870947576 0.00042697314688527622 0.0027875199997520138 0.01097960766973932 0.012857701063737341 0.0011325733859356723 0.0023445815852619822 0.0011325733859356723 0.0011325733859356723 0.0043381458975994139 -0.010253048101893623 0.0049590150893587285 0.00013447393349137914 -0.012014055576063576 -0.0045493212509171953 -0.008828796335421071 0.0022859969447425635 0.0022859969447425635 -0.0012447496166239351 0.0060607383972842701 0.0046152928540144989 0.014219042729139111 0.0069270462691574846
leaf_weight=260.01373243331909 241.80353731289506 135.58320804685354 147.512561224401 3099.4353718087077 68.108528815209866 46.953103153035045 82.631710156798363 182.6598906069994 5906.4846510216594 344.98751729726791 122.31758943945169 168.44683937728405 385.63763257861137 176.57546678185463 141.80899769067764 119.51638135313988 274.0103689879179 144.18033134937286 297.00516609847546 2922.292668402195 151.16915160417557 239.18059368431568 313.51979438215494 81.73040746897459 40.489097449928522 128.34478298574686 661.32254623621702 297.04684656113386 300.43874406814575 114.69287955760956
leaf_count=1239 6005 1019 1486 19822 335 1967 355 865 28262 1537 991 807 1715 857 702 526 1228 670 1293 12147 935 1292 4659 768 772 806 3737 1893 2585 943
internal_value=0.000201566 0.000450951 0.000940496 -0.00152099 -0.0040474 -0.0147458 -0.00211851 0.00123771 0.00174976 0.000111596 0.000641074 0.00400307 0.00337572 0.00460336 0.0055628 -0.00233822 0.00758161 -0.00520011 0.000977918 0.000616025 -0.00575953 -0.00744016 -0.00538808 -0.00326925 -0.00752834 -0.00549542 0.00636867 0.006886 0.00843003 0.0122044
internal_weight=17595.9 17307.1 13865.1 3442.08 779.705 288.757 3182.07 13085.4 8995.14 4090.22 6028.8 2966.34 2523.88 2077.52 1691.89 446.357 442.457 326.84 3564.29 3267.28 525.933 390.35 711.597 357.588 354.009 275.857 1550.08 1373.5 1076.45 415.132
internal_count=102218 94246 72830 21416 8826 7972 20177 64004 45781 18223 29253 16528 14493 12432 10717 2061 2035 1535 14977 13684 3246 2227 8491 3060 5431 2292 10015 9158 7265 3528
is_linear=0
shrinkage=0.05


Tree=71
num_leaves=31
num_cat=0
split_feature=1 1 1 0 1 1 0 1 0 0 1 1 1 0 1 0 1 1 0 0 0 1 1 1 0 1 1 0 1 1
split_gain=28.0374 7.22727 8.75594 13.7346 5.49786 4.6072 2.67146 2.42471 2.04686 1.98099 1.9033 2.98702 1.59556 5.60883 5.20888 7.88423 2.94264 2.85153 10.1234 2.12894 2.08205 2.65159 1.51774 1.1227 1.13543 1.10028 0.838281 1.0323 1.20642 0.994747
threshold=54.321631000000004 -3.7598809999999996 32.134028500000007 105.75682000000002 -69.750482999999988 64.806794500000009 111.08359 41.38483200000001 79.885140000000021 106.94312000000001 42.53721500000001 43.79700350000001 6.9597870000000013 82.371305000000021 16.357406500000003 76.16335500000001 12.632285500000002 10.763017500000002 91.957685000000012 106.72323500000002 106.31403500000002 19.211891000000005 15.164761000000002 40.265485500000004 98.96912500000002 52.466590500000002 -3.0679349999999994 93.39397000000001 2.1760235000000008 5.3001155000000013
decision_type=2 2 2 2 2 2 2 2 2 2 2 2 2 2 2 2 2 2 2 2 2 2 2 2 2 2 2 2 2 2
left_child=1 4 6 7 -1 -2 12 23 -7 -6 -9 -12 13 -3 15 16 -14 18 -17 26 -16 -22 -19 24 -4 -13 -15 28 -28 -29
right_child=5 2 3 -5 9 8 -8 10 -10 -11 11 25 14 19 20 17 -18 22 -20 -21 21 -23 -24 -25 -26 -27 27 29 -30 -31
leaf_value=0.010247282623015533 -0.012859356259552084 -0.0050044121053765015 -0.0038055944597299263 0.020400344308771249 -0.0022186848144034503 -0.039489629089067405 0.0090601033524953332 -0.013663567572140368 -0.021716229199250009 0.0054618556371992324 0.0039794667017895293 -0.008343672753755799 -0.0088937999780801021 0.0028133238450045311 0.00025814015144512236 -0.00026837411490968289 -0.00026837411490968289 0.0050631487194750576 0.0050631487194750576 0.0050631487194750576 0.0026606444354600901 0.0050631487194750576 0.0018512924585660315 0.0030053539121271851 -0.00031690327457038444 0.00069221773456367222 -0.00019667792824687837 0.0015457162589064362 -0.002029160616285634 -0.00019667792824687837
leaf_weight=92.994478389620781 158.79479946754873 454.02603463828564 787.82838040590286 62.232917383313179 3870.662054091692 25.7235535569489 105.4730801731348 78.805141642689705 43.749540105462074 85.814604863524437 72.921833977103233 277.63522860780358 172.66691741347313 142.74624808132648 4774.7913319021463 352.08466947078705 126.97029767930508 1038.0275721997023 837.81983488053083 241.73048259317875 89.644037321209908 136.417276263237 400.12601017951965 90.894529737532139 331.30059184134007 38.342887919396162 343.76825171709061 1643.8548850268126 355.74586632847786 371.22206582129002
leaf_count=415 4009 2687 5941 340 23626 1173 688 768 1653 360 811 4722 882 607 21353 1494 552 6810 4662 1065 439 1225 1806 800 1433 794 1486 6697 1450 1608
internal_value=-0.000148465 8.02344e-05 0.000642326 -0.00266496 -0.00176965 -0.0175578 0.00113896 -0.00352053 -0.0282971 -0.0020521 -0.00657792 -0.00514211 0.00106619 0.000185716 0.00146077 0.00313573 -0.00454861 0.00401186 0.00215934 0.000946091 0.000480183 0.00506315 0.00506315 -0.00233878 -0.00277282 -0.0072472 0.000563499 0.000343527 -0.00131136 0.000918006
internal_weight=17604.8 17376.5 13327.1 1739.96 4049.47 228.268 11587.1 1677.73 69.4731 3956.48 467.705 388.9 11481.6 3553.09 7928.55 2927.7 299.637 2628.06 1189.9 3099.07 5000.85 226.061 1438.15 1210.02 1119.13 315.978 2857.34 2714.59 699.514 2015.08
internal_count=102356 95521 71120 15609 24401 6835 55511 15269 2826 23986 7095 6327 54823 15600 39223 16206 1434 14772 6156 12913 23017 1664 8616 8174 7374 5516 11848 11241 2936 8305
is_linear=0
shrinkage=0.05


Tree=72
num_leaves=31
num_cat=0
split_feature=1 1 1 1 1 0 1 0 1 0 1 0 1 0 1 1 0 0 1 1 1 0 1 1 0 0 1 1 1 1
split_gain=30.6635 5.19718 4.84413 4.39126 6.7282 2.84168 1.86704 4.88389 1.68449 24.4029 6.76301 3.55668 3.24868 3.87768 3.11816 2.24308 9.24722 8.24194 7.03615 5.81803 2.76131 3.88133 3.23095 2.75647 2.43005 2.33069 2.22347 3.09231 1.95005 1.87814
threshold=46.477814000000002 64.806794500000009 37.738118000000007 -15.315342499999998 -41.870221999999991 84.323730000000026 -17.734739499999996 90.121750000000006 26.788501500000006 97.786040000000014 32.134028500000007 102.27801500000001 34.355009000000003 95.22858500000001 29.178595000000005 10.5517035 60.626150000000003 86.664155000000008 8.5095730000000014 15.164761000000002 7.4040830000000009 105.93683500000002 -12.670013999999998 14.928189000000001 71.816360000000017 106.94312000000001 29.811994500000001 33.201237000000006 1.0000000180025095e-35 -2.0786639999999994
decision_type=2 2 2 2 2 2 2 2 2 2 2 2 2 2 2 2 2 2 2 2 2 2 2 2 2 2 2 2 2 2
left_child=2 -2 3 4 -1 -3 -6 -8 15 12 11 14 13 26 -11 17 -17 18 24 23 22 -22 -19 -18 -5 29 -10 -28 -27 -24
right_child=1 5 -4 8 6 -7 7 -9 9 10 -12 -13 -14 -15 -16 16 19 20 -20 -21 21 -23 25 -25 -26 28 27 -29 -30 -31
leaf_value=0.0031633700939736257 -0.010527362344235101 -0.034957390329432812 -0.0036635090276143085 -0.0049711640124892069 -0.0024582752284641324 -0.014153926075818384 -0.014984287171051665 -0.00082989831407766961 -0.010115362094327987 0.011090995843345509 0.0010853593070901161 0.015373015973534923 0.00015892337369756472 0.00010834736400466442 0.0023640687065502376 -0.012383543834271156 0.0048167135315241791 0.007008590582115188 -0.012225738790482957 0.0015090760408078858 0.0030358472247862972 0.013523596552682541 -0.00047173145620446301 0.014474316379513671 -0.00047173145620446301 0.010228195738506043 -0.0036003299432422007 -0.013309547118067514 0.002777963385709438 0.0014559974949418903
leaf_weight=564.93517772853374 360.32700832560658 37.042759651318192 621.79786616191268 347.18925719708204 1105.4938501790166 29.47787662781775 111.91785323619843 133.80358339846134 378.57047581672668 147.86511397361755 365.03346814960241 191.78535670042038 305.04098323732615 224.69094417989254 181.70131170749664 107.78752233088017 1139.7702462747693 226.10986086726189 167.56101007759571 4109.117698520422 713.84021765738726 100.65728316456079 1680.1402058154345 79.006248876452446 938.98293080925941 116.10489277541637 348.30182760953903 89.65334115922451 204.08137813210487 2458.2032779753208
leaf_count=3272 7928 1692 5992 2552 8170 1085 901 699 1971 609 1620 1243 2363 1044 743 537 7478 1202 764 18207 3739 706 7647 389 5276 470 2204 695 938 10175
internal_value=0.000339694 -0.0128979 0.00066899 0.00083189 -0.00141876 -0.0257386 -0.00333452 -0.00727675 0.00112685 -0.000137347 0.00630484 0.00995936 -0.00437893 -0.00570837 0.00680898 0.00135468 0.00211559 0.000759798 -0.00258837 0.00240892 0.00164491 0.00433194 0.00117773 0.00544276 -0.00133283 0.00088202 -0.00730901 -0.00488318 0.00499189 0.000564037
internal_weight=17586 426.848 17159.1 16537.3 1916.15 66.5206 1351.22 245.721 14621.2 2232.64 886.385 521.352 1346.26 1041.22 329.566 12388.6 5435.68 6952.87 1453.73 5327.89 5499.14 814.498 4684.64 1218.78 1286.17 4458.53 816.526 437.955 320.186 4138.34
internal_count=102311 10705 91606 85614 13042 2777 9770 1600 72572 12492 4215 2595 8277 5914 1352 60080 26611 33469 8592 26074 24877 4445 20432 7867 7828 19230 4870 2899 1408 17822
is_linear=0
shrinkage=0.05


Tree=73
num_leaves=31
num_cat=0
split_feature=1 1 1 1 0 1 0 0 1 1 1 0 1 1 1 1 1 1 1 0 1 1 0 1 1 1 0 1 1 1
split_gain=25.5859 4.64048 5.91942 4.87217 6.90726 12.2929 5.47117 4.57415 3.34743 3.29966 3.21461 3.73805 2.4766 2.34492 3.52722 1.52218 1.49331 3.12297 1.42897 1.26999 1.79293 1.54449 1.09323 1.35355 1.11606 1.05825 2.57981 1.0378 0.987448 2.61017
threshold=46.477814000000002 33.586376000000008 6.0289675000000011 17.295331500000007 104.74346500000001 22.755851500000002 68.048840000000027 105.05617500000001 27.391326500000002 10.763017500000002 64.806794500000009 90.264230000000012 11.699244000000002 -58.220447499999999 -10.877669999999998 5.5605090000000006 12.866850500000002 13.553831000000002 6.498139000000001 98.325540000000004 47.81764350000001 56.169397500000009 71.816360000000017 -2.7319224999999996 -10.012410999999998 3.7995745000000003 92.101130000000026 12.381252500000002 1.0000000180025095e-35 -0.86249949999999986
decision_type=2 2 2 2 2 2 2 2 2 2 2 2 2 2 2 2 2 2 2 2 2 2 2 2 2 2 2 2 2 2
left_child=1 2 13 6 -5 -6 -4 -3 -7 18 19 -12 -11 -1 -15 22 27 -18 -8 20 -2 -22 23 -16 -24 28 -27 -14 29 -26
right_child=10 7 3 4 5 8 9 -9 -10 12 11 -13 16 14 15 -17 17 -19 -20 -21 21 -23 24 -25 25 26 -28 -29 -30 -31
leaf_value=0.0041631188045530088 -0.021595003272370045 -0.0033285004994539876 -0.0065591851548361842 -0.00017142013986935195 0.0031523861192074955 0.023718504742953585 0.0058111829094502458 0.010205863851538176 0.0097087378678911151 0.0098485777669003391 -0.027840810861346238 0.0031758632565156257 0.0032494213674697167 -0.0023050227292190357 -0.0012768592617816714 -0.0043596015728184206 0.01091324817549981 0.0037657440346074503 0.0010223922005429865 -0.0017034771006083022 -0.0069493745689412113 -0.014410034118913805 0.0049447554502940827 -0.0068949027954615591 -1.8294549768956246e-06 -0.0012768592617816714 0.0043297029861134413 -0.0016732959250420718 -0.0011576888195840842 0.0053257096572679142
leaf_weight=259.13892267644405 36.824451491236687 1185.0647368840873 149.32296460866928 4491.4295235425234 255.3615422770381 95.816147990524769 174.78535471856594 65.898834675550461 76.822884500026703 202.28094428777695 53.534338923171163 11.867281619459389 157.12426500022411 2258.510272808373 108.00955016165972 183.95150198042393 173.61274633556604 1276.466793358326 1432.6029903516173 39.43653567135334 176.33983290195465 114.35619908757508 134.58577729016542 130.06374324858189 2047.148609623313 165.5902891010046 445.58780220150948 101.07098236680031 1230.1940284073353 258.99616986513138
leaf_count=1228 730 9713 797 20309 1395 878 766 309 655 1539 2397 404 1198 15407 868 812 1156 6097 7309 522 3768 3109 721 882 9541 725 1897 749 5154 1105
internal_value=1.15459e-05 0.00031598 0.000547958 0.00143526 0.000406936 0.00647619 0.00281471 -0.00261553 0.0174843 0.00321259 -0.0120004 -0.0222128 0.00461715 -0.00050705 -0.000680867 9.89103e-05 0.00399769 0.00462149 0.00154312 -0.0101803 -0.011201 -0.00988431 0.000280352 -0.00301742 0.000463699 0.00031829 0.00223945 0.0004943 -1.37398e-05 0.00059649
internal_weight=17491.8 17059.4 15808.5 8586.7 4919.43 428.001 3667.27 1250.96 172.639 3517.94 432.359 65.4016 1910.56 7221.78 6962.64 4704.13 1708.27 1450.08 1607.39 366.957 327.52 290.696 4520.18 238.073 4282.1 4147.52 611.178 258.195 3536.34 2306.14
internal_count=102140 91210 81188 42848 23237 2928 19611 10022 1533 18814 10930 2801 10739 38340 37112 21705 9200 7253 8075 8129 7607 6877 20893 1750 19143 18422 2622 1947 15800 10646
is_linear=0
shrinkage=0.05


Tree=74
num_leaves=31
num_cat=0
split_feature=1 1 1 0 1 1 1 0 1 0 1 1 1 1 1 0 0 1 1 0 1 1 1 1 1 1 0 1 0 1
split_gain=27.8534 7.67182 7.0094 19.7969 6.55131 4.81125 4.53881 3.23532 7.16974 2.71534 3.30266 2.56827 3.70862 2.73934 2.37986 1.99299 1.98319 1.79782 1.61887 1.41575 1.37801 1.70768 1.49592 1.21862 1.2145 1.31014 1.1502 1.03531 1.01312 0.918548
threshold=44.465817000000008 -3.7598809999999996 27.684526500000004 95.342580000000012 30.114464000000005 29.489829000000004 56.169397500000009 59.601255000000002 13.774837500000002 101.25781500000001 45.777952500000005 6.9597870000000013 17.058564500000003 18.737256500000004 11.003336000000003 104.74346500000001 101.147845 47.142154500000011 -63.053114499999992 93.526890000000023 66.215195000000008 69.206020500000008 58.121141000000001 33.973648500000003 49.969406500000005 51.601718000000012 85.921030000000016 19.721826000000004 106.94312000000001 9.880431500000002
decision_type=2 2 2 2 2 2 2 2 2 2 2 2 2 2 2 2 2 2 2 2 2 2 2 2 2 2 2 2 2 2
left_child=1 18 7 5 16 -4 9 8 -3 10 -2 -9 14 -14 29 23 -5 -12 -1 20 22 -22 -8 -6 -19 -26 -24 -15 -20 -13
right_child=6 2 3 4 15 -7 19 11 -10 -11 17 12 13 27 -16 -17 -18 24 28 -21 21 -23 26 -25 25 -27 -28 -29 -30 -31
leaf_value=0.0029521490017746263 -0.021515125130996703 -0.0019163550749231499 -0.01271655061786698 0.0056952460397668575 0.0019432509573516794 -0.0046294649401188853 -0.027531900181482244 0.00038457423027311703 -0.016879763695758755 0.0070120388478979133 -0.0012719357068216378 0.0023862608209810833 -0.0019163550749231499 0.0040836590199033913 0.0044779781215606197 0.0069265630880702136 0.013647730203580866 -0.014406721694617965 -0.0020433995118020617 -0.0074030788879653406 -0.039547311294151954 -0.019989411489445042 -0.021176252988612781 -0.0016774531311198378 -0.0012719357068216378 -0.0099173604259573563 -0.013634939273104191 0.0012532274178117279 0.0033087977267380973 -0.00080412497202181669
leaf_weight=178.5771267414093 48.221421964466572 88.70055215805769 225.12279286980629 196.15891194343567 384.65896028280258 1004.7098733708262 24.425893515348434 3500.38212800771 89.24160523712635 27.011690646409988 42.710758078843355 1050.6965038180351 660.84616039693356 369.65820369124413 1822.9489210024476 112.79854106158018 130.58744581788778 74.25347787886858 3761.0027710795403 26.692012470215559 17.101689498871565 32.129441933706403 50.623376116156578 466.66742100566626 39.510366208851337 88.08398250117898 31.33666262589395 2563.8988625258207 90.545705422759056 287.2978825494647
leaf_count=811 776 598 1196 827 1672 8378 633 15252 436 245 743 5120 2748 1528 10247 645 782 1503 23127 662 739 1524 1556 2571 781 1965 867 11828 380 1976
internal_value=-0.000139694 0.00020341 0.000796122 -0.00157012 0.00275491 -0.00610982 -0.0117458 0.00136779 -0.00531648 -0.00815647 -0.00955591 0.00148377 0.00205333 0.000954709 0.0033026 0.000681283 0.00887354 -0.00719782 -0.00170179 -0.018042 -0.0198668 -0.0267833 -0.0166661 -0.000146201 -0.00932263 -0.00636395 -0.0136349 0.00160989 -0.00191758 0.00170121
internal_weight=17486.6 16984.5 12954.4 2520.7 1290.87 1229.83 502.101 10433.7 177.942 319.792 292.78 10255.7 6755.35 3594.4 3160.94 964.125 326.746 244.559 4030.13 182.309 155.617 49.2311 106.386 851.326 201.848 127.594 81.96 2933.56 3851.55 1337.99
internal_count=102116 90122 65804 16071 6497 9574 11994 49733 1034 6013 5768 48699 33447 16104 17343 4888 1609 4992 24318 5981 5319 2263 3056 4243 4249 2746 2423 13356 23507 7096
is_linear=0
shrinkage=0.05


Tree=75
num_leaves=31
num_cat=0
split_feature=1 0 1 1 1 0 1 0 1 0 1 1 0 1 0 1 1 1 1 1 1 1 1 0 1 1 0 0 1 1
split_gain=23.4588 13.8935 8.27498 7.42953 4.18255 3.0706 2.58262 2.38821 1.99244 1.98903 1.5422 1.40219 1.29279 1.21974 3.70814 3.12801 1.72508 1.53126 2.26624 1.92703 1.40476 1.82705 1.23171 9.4424 8.30541 3.10259 6.27532 5.54552 5.60582 3.45224
threshold=37.738118000000007 105.21992500000002 56.169397500000009 -14.219619 -69.750482999999988 72.237370000000013 -26.326897999999996 77.082595000000012 67.705214500000011 92.365875000000003 34.741900500000007 58.121141000000001 94.128095000000016 1.0835570000000001 79.632635000000008 -12.190182499999999 -1.7779734999999997 1.0000000180025095e-35 -1.1622599999999996 -5.8465179999999988 -7.294513499999999 -6.5672764999999993 17.058564500000003 104.15735000000002 19.721826000000004 10.763017500000002 68.609160000000017 87.205500000000015 8.5095730000000014 9.880431500000002
decision_type=2 2 2 2 2 2 2 2 2 2 2 2 2 2 2 2 2 2 2 2 2 2 2 2 2 2 2 2 2 2
left_child=3 2 -2 4 -1 -4 9 -8 11 -6 13 -7 -12 14 16 -16 -5 18 19 20 -17 -22 25 -24 -25 27 -27 28 -15 -29
right_child=1 -3 5 10 6 8 7 -9 -10 -11 12 -13 -14 22 15 17 -18 -19 -20 -21 21 -23 23 24 -26 26 -28 29 -30 -31
leaf_value=0.0081807019143552897 -0.006166258256118236 0.024598170357462548 -0.034694082350285975 -0.0025406430266269424 -0.0016617361991166748 -0.022129119787258671 -0.009084263943768392 -0.0032495552369513365 -0.025065359612791341 0.0068766309354041689 -0.0052376326662221277 -0.0094110684497031999 0.00033673424619618431 -0.0005099339109403266 0.0065574403488233056 0.00060035140618323434 -0.010315020346209182 -0.0017546944184247773 0.0046315428713251368 -0.001272653197681037 0.0086443576305080191 0.00073097597016074072 -1.7499593428723502e-05 0.0034488675680774739 0.012023946717768838 -0.0091422387970301697 0.0040747312546332405 0.0014917181781989352 -0.010142525074205086 0.0090055768098369193
leaf_weight=90.613491743803024 826.70364170521498 33.180644989013672 23.847639836370945 317.31107246130705 924.06809918582439 28.260488145053387 231.98470070213079 718.72591537982225 35.590811438858509 73.643123656511307 182.81341039389372 92.965154392644763 241.29065556079149 533.18833841383457 217.51696502417326 777.58262756466866 92.054151743650436 330.69976313412189 332.86347696185112 1096.4738741517067 145.19182695448399 146.57569445669651 4654.1924029439688 176.99372225999832 372.1003096550703 94.510067999362946 1804.8818766847253 2545.0962952375412 198.48779986798763 162.63599851727486
leaf_count=402 10683 163 932 2536 6562 713 2074 4408 1649 365 1578 2747 1200 2603 1208 3898 601 1360 1376 4754 666 667 21308 843 2707 468 10295 11364 908 1244
internal_value=4.46811e-05 -0.00723616 -0.00828472 0.000504911 -0.00232012 -0.0179786 -0.00280847 -0.00467329 -0.0154366 -0.0010315 0.000904311 -0.0123759 -0.00206614 0.000994306 0.00017918 0.000779482 -0.00428887 0.000335286 0.000790534 0.000200213 0.00171044 0.0046689 0.00126155 0.0007141 0.00691523 0.0017951 0.00341708 0.000899375 -0.00296289 0.00194303
internal_weight=17502 1040.55 1007.37 16461.5 2039.04 180.664 1948.42 950.711 156.816 997.711 14422.5 121.226 424.104 13998.4 3456.27 3046.9 409.365 2829.39 2498.69 2165.82 1069.35 291.768 10542.1 5203.29 549.094 5338.8 1899.39 3439.41 731.676 2707.73
internal_count=102282 16887 16724 85395 13811 6041 13409 6482 5109 6927 71584 3460 2778 68806 17066 13929 3137 12721 11361 9985 5231 1333 51740 24858 3550 26882 10763 16119 3511 12608
is_linear=0
shrinkage=0.05


Tree=76
num_leaves=31
num_cat=0
split_feature=1 1 1 1 0 0 1 0 1 1 1 0 1 1 1 1 1 1 1 1 1 1 1 1 1 0 1 1 1 1
split_gain=21.8774 7.86576 6.63609 5.32326 4.45313 3.31276 2.03643 1.54759 3.0869 1.52121 2.64224 1.60881 1.52884 1.20646 1.16006 4.32462 1.61508 3.28413 1.3138 1.67003 1.23142 1.56857 1.17404 1.28787 1.20335 0.977458 2.40589 0.91741 0.907866 0.906238
threshold=61.091836500000007 39.738916500000009 -9.5991719999999976 -69.750482999999988 81.637115000000009 103.62818500000002 67.705214500000011 88.563000000000002 -27.443423499999998 1.3600800000000002 1.0000000180025095e-35 106.94312000000001 31.096620500000004 31.782682500000004 21.457533000000002 17.759863000000003 11.003336000000003 11.475824000000001 15.164761000000002 14.928189000000001 2.4477240000000005 3.2632700000000008 26.788501500000006 25.106426000000003 28.550513000000002 91.673515000000009 0.55094750000000003 32.467588000000006 63.499521000000009 40.265485500000004
decision_type=2 2 2 2 2 2 2 2 2 2 2 2 2 2 2 2 2 2 2 2 2 2 2 2 2 2 2 2 2 2
left_child=1 2 3 -1 -2 29 28 -5 -9 10 11 -4 14 -14 15 16 20 -18 19 -19 -11 -22 23 -16 -24 -12 -27 -15 -6 -3
right_child=4 5 9 7 6 -7 -8 8 -10 12 25 -13 13 27 22 -17 17 18 -20 -21 21 -23 24 -25 -26 26 -28 -29 -30 -31
leaf_value=0.010131954108179249 -0.036118184353006622 -0.012505781664259997 0.00038577456517311536 -0.0030756688208810421 -0.015959776430721138 0.0093218785835875728 -0.025312510982368416 0.0074960045679846338 -0.0015066351660787246 0.0038197793981695712 -0.0070732366901909705 0.0065715312021994545 -0.0046490071060129078 0.0039663367348208214 0.0023140310096512154 -0.0013072602459526126 0.011380440582440936 0.0030892741003299379 0.0011434741076326829 0.010580228946374849 -0.0027732567539965696 0.0011430381804408787 -0.00076505179608421427 0.0053480980628126994 0.002556667249072882 -0.0045369519327215658 0.0018817104130389216 -0.00029608662009594647 -0.00024084185543552869 -0.005084146425367613
leaf_weight=92.276526495814323 39.821462955325842 43.968242980539799 2272.1175153702497 1578.4965712875128 16.699055785313249 39.549575671553612 22.265449332073331 105.9015257358551 943.93622115254402 373.56304562091827 132.6039105206728 110.21201087534428 142.41387356817722 143.72676249593496 1209.3963957577944 1412.0396964251995 107.54643306136131 944.11321088671684 1017.7431293427944 80.767912983894348 282.09965570271015 2729.7346444278955 485.69358136504889 492.05552282184362 621.57975826412439 136.37976893782616 198.23723462224007 1037.4540263935924 20.416338806971908 637.71452735364437
leaf_count=408 1837 380 10930 11892 487 221 985 569 4927 1593 670 444 788 798 5610 5947 810 6044 4437 402 1209 13268 2458 2413 3250 550 801 6821 669 10614
internal_value=0.000231718 0.000365426 0.000586865 -0.0016718 -0.023182 -0.00474662 -0.0145068 -0.00208621 -0.000598501 0.00102801 -2.31941e-06 0.000671942 0.00129299 -0.000301596 0.00150932 0.00116266 0.00179271 0.00286436 0.00241598 0.00367961 0.00111207 0.000776223 0.00236682 0.00319148 0.00109963 -0.00344033 -0.00200067 0.000222568 -0.00731315 -0.00556284
internal_weight=17470.5 17371.3 16650.1 2720.61 99.2023 721.232 59.3808 2628.33 1049.84 13929.5 2849.55 2382.33 11079.9 1323.59 9756.33 6947.61 5535.57 2150.17 2042.62 1024.88 3385.4 3011.83 2808.73 1701.45 1107.27 467.221 334.617 1181.18 37.1154 681.683
internal_count=102232 98254 87039 17796 3978 11215 2141 17388 5496 69243 13395 11374 55848 8407 47441 33710 27763 11693 10883 6446 16070 14477 13731 8023 5708 2021 1351 7619 1156 10994
is_linear=0
shrinkage=0.05


Tree=77
num_leaves=31
num_cat=0
split_feature=1 1 1 1 1 0 0 1 0 1 1 0 1 1 1 1 1 0 0 1 1 1 1 1 1 1 1 1 0 1
split_gain=23.6119 5.188 4.48479 3.72026 2.61243 1.95082 1.53972 1.45544 16.5483 5.1857 2.7462 1.44997 2.3752 1.32807 1.20717 1.13378 1.94094 2.77314 2.76883 1.33472 4.17776 1.38225 1.36295 1.75845 1.22968 1.32046 1.13115 4.24519 1.08363 1.05238
threshold=51.601718000000012 -8.0202984999999973 -39.718969499999993 39.738916500000009 66.215195000000008 79.632635000000008 84.73360000000001 27.684526500000004 95.22858500000001 31.782682500000004 29.178595000000005 101.147845 32.134028500000007 27.080267500000001 -69.750482999999988 -6.9356264999999988 0.55094750000000003 74.486650000000012 59.601255000000002 17.058564500000003 11.003336000000003 9.4328050000000001 21.457533000000002 22.488046000000004 1.0000000180025095e-35 -6.2120219999999993 -25.216032999999999 -16.506661999999995 97.57407000000002 -0.86249949999999986
decision_type=2 2 2 2 2 2 2 2 2 2 2 2 2 2 2 2 2 2 2 2 2 2 2 2 2 2 2 2 2 2
left_child=1 2 14 7 -2 26 -6 13 9 -9 -10 -12 -13 15 -1 -3 17 -17 -18 20 21 -20 -21 -24 25 -19 -4 -28 29 -27
right_child=4 3 5 -5 6 -7 -8 8 10 -11 11 12 -14 -15 -16 16 18 24 19 22 -22 -23 23 -25 -26 28 27 -29 -30 -31
leaf_value=0.007646729373578214 -0.012255561755058403 0.004551495254161683 -0.0030953590145465894 -0.0032193150876636007 -0.032287384903742222 -0.0015264586492429698 -0.014393783828235158 -0.0087406593494229971 0.009250412700015068 -0.0015662133626224096 0.0012202603127021681 0.010630426228090697 0.0032233443755477773 0.0057672085569480599 0.0014177825363252275 -0.0071728902270074254 -0.0053092602302782831 -0.0035004243938976881 0.0013661351124057469 -0.000281311977671938 0.0039480581458506926 -0.0016514532609793104 0.0048473521527107807 0.00091160770278557706 -0.0035004243938976881 -0.0014831748371896094 -0.011953425889510694 -0.0030953590145465894 0.0023260628976842718 0.0010009612590370317
leaf_weight=91.179933235049248 214.03100417554379 239.29642958194017 304.67893458902836 547.33291599154472 29.420151341706514 1713.6256929785013 20.329923205077648 465.24188148975372 198.96286868304014 549.16749937832355 576.7527093142271 135.37888158857822 235.8618420958519 157.69216934591532 529.35601903498173 137.98117573559284 151.80730168521404 153.79811514914036 3159.2189720571041 1690.2894595786929 1813.0657063350081 431.30393306910992 355.60490280389786 1405.5347908437252 174.95770215988159 641.74350914359093 193.15359900891781 198.91301527619362 786.41411690413952 115.24723969399929
leaf_count=402 5583 1206 2621 7183 1569 9715 849 2620 988 4555 2721 766 1056 793 3295 1048 854 722 14041 7090 10246 2780 1579 6694 731 3091 1746 1675 3197 511
internal_value=0.000191113 0.000419404 -0.0014576 0.000822234 -0.0146546 -0.00243348 -0.0249753 0.000985182 -0.000204544 -0.00485665 0.00390995 0.0027891 0.00522643 0.00121047 0.00233305 0.00114663 0.00107268 -0.000332133 0.0013862 0.00150099 0.00199159 0.00100365 0.000732896 0.0017063 0.000172041 0.000584752 -0.00466426 -0.00649933 0.00102622 -0.00032414
internal_weight=17417.3 17153.6 3030.91 14122.7 263.781 2410.37 49.7501 13575.3 2161.37 1014.41 1146.96 947.993 371.241 11414 620.536 11256.3 11017 2010.14 9006.83 8855.02 5403.59 3590.52 3451.43 1761.14 1872.16 1697.2 696.746 392.067 1543.4 756.991
internal_count=101927 93926 19454 74472 8001 15757 2418 67289 12706 7175 5531 4543 1822 54583 3697 53790 52584 9300 43284 42430 27067 16821 15363 8273 8252 7521 6042 3421 6799 3602
is_linear=0
shrinkage=0.05


Tree=78
num_leaves=31
num_cat=0
split_feature=1 1 1 1 0 0 0 1 0 1 1 1 0 1 1 1 0 1 0 1 1 1 1 0 1 1 1 0 1 1
split_gain=15.4183 5.53601 3.61603 3.46615 6.30503 4.35457 2.75777 3.49649 2.2253 1.72326 1.49941 2.45843 22.3356 3.12489 1.83363 1.76314 1.9227 2.8358 1.63454 1.4962 1.25005 1.15719 1.0366 6.80611 2.17023 1.33412 0.930211 1.59013 1.24177 1.90631
threshold=44.465817000000008 64.806794500000009 9.6576005000000027 15.164761000000002 109.13606000000001 79.632635000000008 88.563000000000002 2.6990795000000003 84.323730000000026 -27.443423499999998 33.586376000000008 25.106426000000003 95.794150000000016 29.811994500000001 27.391326500000002 17.539817500000002 105.39100000000001 20.474534000000002 93.130965000000018 0.55094750000000003 5.0671040000000014 12.632285500000002 10.5517035 94.987440000000007 12.381252500000002 11.940788500000002 5.3001155000000013 96.249005000000011 2.1760235000000008 2.9825150000000007
decision_type=2 2 2 2 2 2 2 2 2 2 2 2 2 2 2 2 2 2 2 2 2 2 2 2 2 2 2 2 2 2
left_child=2 -2 6 5 10 21 7 -1 -3 -8 11 15 13 14 -13 -5 -17 -18 -12 -11 -9 -4 23 -7 25 -24 27 -21 -29 -30
right_child=1 8 3 4 -6 22 9 20 -10 19 18 12 -14 -15 -16 16 17 -19 -20 26 -22 -23 24 -25 -26 -27 -28 28 29 -31
leaf_value=-0.0008265412695562988 -0.0067650859797622146 -0.032092831212722404 -0.0059951431343861546 0.0018389381615634968 0.012892247764724358 0.00080300185096258492 0.0063280319928893511 -0.0086440280128498807 -0.012589454908219465 -0.00068412483183775117 -0.0035072459534653483 -0.0027552164767379456 0.0066260973982241777 0.00037740193534698864 -0.0081186839585792349 -0.0010889675969992818 0.0015920839954314326 0.0066260973982241777 0.00032042667651511477 -0.00072872232861499622 -0.0036124042301298913 0.00080300185096258492 0.0065028309540570602 0.01249151367687629 0.0034581935916245411 0.013662604481333244 -7.8177859187931336e-06 0.0011244589432249604 0.0089618566932825605 0.0026844886700906172
leaf_weight=2403.7732136622071 428.90311697684228 31.775420002639294 133.36865942180157 886.11653378605843 101.87029648572206 83.239737942814827 112.85020537674427 177.29367551207542 27.097974438220263 2932.78989392519 481.47698073834181 336.64343096315861 1020.064983703196 391.70367452502251 302.58501355350018 2513.5024852901697 95.852485671639442 83.237893372774124 662.9453737065196 359.4066301882267 406.37145695090294 115.35699169337749 253.34444014728069 124.79721418023109 684.04432964324951 87.546584106981754 1242.8044080734253 312.31072163581848 162.38688591122627 473.86841115355492
leaf_count=16852 9287 1713 639 3866 801 405 597 884 1100 13419 4815 1612 4883 2504 1606 10536 467 642 3892 1450 1848 503 2091 976 4271 722 5871 1269 663 2017
internal_value=2.56548e-05 -0.00873859 0.000277992 0.00101829 0.000545617 0.0032118 -0.000442803 -0.00166943 -0.0231159 0.000211988 0.000359947 0.00069534 0.00207552 -0.00313919 -0.00529407 -9.56579e-05 -0.000732322 0.00427314 -0.00128994 8.61216e-05 -0.00514081 -0.00282323 0.00442923 0.0012113 0.0050824 0.00834158 0.000971723 0.00190246 0.00297764 0.00428662
internal_weight=17429.3 487.777 16941.6 8357.7 6876 1481.7 8583.86 2987.44 58.8734 5596.42 6774.13 5629.71 2051 1030.93 639.228 3578.71 2692.59 179.09 1144.42 5483.57 583.665 248.726 1232.97 208.037 1024.94 340.891 2550.78 1307.97 948.566 636.255
internal_count=102201 12100 90101 45231 35624 9607 44870 19584 2813 25286 34823 26116 10605 5722 3218 15511 11645 1109 8707 24689 2732 1142 8465 1381 7084 2813 11270 5399 3949 2680
is_linear=0
shrinkage=0.05


Tree=79
num_leaves=31
num_cat=0
split_feature=1 1 1 1 1 0 1 0 0 0 1 1 1 0 1 1 0 1 1 1 0 1 1 0 1 1 0 1 0 1
split_gain=12.1156 4.63074 3.70101 3.8923 3.20342 13.2614 5.3822 3.06354 2.70477 2.68152 3.59148 3.239 2.87222 6.71702 2.3664 1.84395 4.47322 1.67938 1.69106 1.61811 1.66929 1.59571 1.49917 1.42659 7.20124 1.31443 1.54704 1.73182 1.28433 1.64031
threshold=46.477814000000002 64.806794500000009 -13.164982999999998 -69.750482999999988 17.295331500000007 108.35049500000001 10.5517035 68.048840000000027 105.39100000000001 105.57699500000003 20.207226500000001 37.738118000000007 23.003462500000001 98.868545000000026 3.2632700000000008 -27.443423499999998 83.901600000000016 24.842162500000004 30.114464000000005 73.039727000000013 80.432445000000016 -23.299055999999997 14.007322500000003 93.39397000000001 8.7348700000000026 28.868387000000002 95.575195000000022 27.391326500000002 98.654590000000013 47.81764350000001
decision_type=2 2 2 2 2 2 2 2 2 2 2 2 2 2 2 2 2 2 2 2 2 2 2 2 2 2 2 2 2 2
left_child=2 28 3 -1 6 9 8 -8 23 11 -11 12 -6 17 -10 -5 -17 -14 25 20 -3 -18 -9 24 -4 26 27 -19 29 -2
right_child=1 19 4 15 5 -7 7 22 14 10 -12 -13 13 -15 -16 16 21 18 -20 -21 -22 -23 -24 -25 -26 -27 -28 -29 -30 -31
leaf_value=0.0082957604585020186 -0.017710817627066777 -0.040485676372193163 -5.4966598419006536e-05 -0.00053439732996930257 -0.0020145962478464634 0.016931356438672909 -0.0055307491523040597 0.0054535743533834016 0.001748319234898277 0.0017007306535665357 0.008125462104938105 -0.0044246907080432388 0.00011620273192139404 0.0017007306535665357 0.0066106253508251486 -0.0076552028674761255 -0.0043889028638501738 -0.0020799370672511413 -0.00063780620876152791 -0.0074915063563675156 -0.019572899233072604 -6.1495339710087324e-05 0.0026349994400002939 0.00073108012787231262 -0.0091034929080086677 -0.0073168851540729475 0.00011620273192139404 -0.0079670489811750362 0.0025199545246891116 -0.0061153249493934008
leaf_weight=93.198954179883003 34.300141554325819 14.377865379676221 2192.6777264252305 957.71657303720713 1962.2210552841425 108.81182768940926 92.392155066132545 797.82221288979053 357.22136233747005 86.544293969869614 171.69968454539776 586.67958883941174 374.93159152567387 1025.7525255233049 329.94901818782091 413.71540732681751 94.558183416724205 369.16973987221718 897.20635244995356 14.940834730863569 28.371616747230291 620.28375382721424 1154.3889062851667 3551.041434623301 238.22767651081085 195.95397809147835 182.35174454748631 188.81330198049545 36.470859602093697 275.21633371524513
leaf_count=410 710 818 11729 6622 8067 955 463 5787 1470 408 1264 5895 1641 4565 1846 3612 590 1770 5950 795 1199 3528 5380 15692 1103 1025 785 994 481 6834
internal_value=1.99658e-05 -0.00854136 0.000222744 -0.00170142 0.000504883 -0.000368834 0.00112155 0.00336584 0.000433503 -0.000680432 0.0043045 -0.000903035 -0.000505436 0.000410193 0.00340442 -0.00214802 -0.00351737 -0.00146833 -0.00218901 -0.021656 -0.0266065 -0.0011226 0.00378688 9.22228e-05 -0.000841013 -0.00367546 -0.00271164 -0.00407205 -0.00635461 -0.00740032
internal_weight=17447 403.678 17043.3 2179.47 14863.9 6150.14 8713.72 2044.6 6669.12 6041.32 258.244 5783.08 5196.4 3234.18 687.17 2086.27 1128.56 2208.43 1833.5 57.6903 42.7495 714.842 1952.21 5981.95 2430.91 936.289 740.335 557.983 345.987 309.516
internal_count=102388 10837 91551 14762 76789 33319 43470 11630 31840 32364 1672 30692 24797 16730 3316 14352 7730 12165 10524 2812 2017 4118 11167 28524 12832 4574 3549 2764 8025 7544
is_linear=0
shrinkage=0.05


Tree=80
num_leaves=31
num_cat=0
split_feature=1 1 1 1 0 1 1 0 1 1 0 1 1 1 1 0 0 1 1 1 1 0 0 1 1 1 0 1 1 1
split_gain=19.6663 2.98761 4.03303 2.43114 2.64157 1.73123 1.8809 3.92689 1.09681 4.29257 8.91904 12.5889 4.98083 3.69434 7.58376 2.31264 1.44711 1.58778 1.43549 1.23228 1.13193 13.4074 7.55066 5.24341 8.73269 2.81104 1.81868 1.61689 1.07358 2.06694
threshold=51.601718000000012 -15.315342499999998 -58.220447499999999 41.38483200000001 98.325540000000004 52.466590500000002 61.091836500000007 82.371305000000021 6.7407555000000006 15.164761000000002 83.267410000000012 12.866850500000002 10.115368500000002 13.553831000000002 10.5517035 73.403825000000012 106.72323500000002 2.4477240000000005 -0.5651989999999999 13.097009000000002 18.737256500000004 108.02142500000001 100.91538000000001 24.556618500000003 30.114464000000005 19.466933000000004 98.868545000000026 22.488046000000004 59.143156000000005 56.169397500000009
decision_type=2 2 2 2 2 2 2 2 2 2 2 2 2 2 2 2 2 2 2 2 2 2 2 2 2 2 2 2 2 2
left_child=1 2 -1 8 -5 -2 28 -8 15 10 11 12 -10 14 -12 -3 17 18 -17 -16 -11 22 25 -24 -25 -22 -27 -28 29 -7
right_child=5 3 -4 4 -6 6 7 -9 9 20 13 -13 -14 -15 19 16 -18 -19 -20 -21 21 -23 23 24 -26 26 27 -29 -30 -31
leaf_value=0.0042904823538592795 -0.028353251857686824 -0.0037359328845471759 -0.0024674237177382922 -0.0054742912582273952 0.003837988554634934 -0.0058262959610386076 -0.030275744730645943 -0.0093120668949135659 -0.0045632578730841729 -0.00092756515260594566 0.0029421725465702208 0.00052329042653978357 -0.016293027471804163 0.00052329042653978357 0.011353435513156877 0.00010209129185999235 0.0035332890622783615 -0.0013038113588729348 0.0018486833895995888 0.0050545518362815371 0.0015500296309846103 0.019104184497927803 0.0015500296309846103 0.0097160908790253422 0.0015500296309846103 -0.0016042871769107554 -7.8657426806710067e-05 0.0015500296309846103 -0.00053765530196534406 -0.019568848312397913
leaf_weight=255.50970141589642 18.535304147750139 364.29594625532627 1623.9521204009652 313.69763974845409 100.56744107604027 70.714715871959925 38.434001905843616 53.341291984543204 206.62358713150024 1398.9245330542326 1107.3585447594523 142.49301236867905 161.04001642763615 414.27571167051792 433.311000213027 2646.8488514125347 341.06676225364208 1335.8660200536251 877.35982021689415 94.597906209528446 199.06345325708389 96.849017359316349 530.36170671135187 316.1530123129487 348.87747782468796 3223.204082377255 121.75116300582886 453.8120139092207 30.083553113043308 44.629118375480175
leaf_count=1207 407 2742 11688 5319 793 1619 1947 2010 964 6030 5754 635 756 2342 3714 12944 1482 5657 3665 674 798 917 2495 1771 1589 17685 490 1909 804 1199
internal_value=0.000126373 0.00033211 -0.0015487 0.000564235 -0.00321363 -0.0136366 -0.0124866 -0.0180913 0.00066988 0.00100362 0.00274492 -0.00317085 -0.009701 0.00421743 0.00529318 0.000115271 0.000385015 0.000164078 0.000720487 0.0102247 0.000337269 0.000671746 0.000327997 0.00381459 0.00692861 -0.000714529 -0.00114198 0.00144697 -0.00894962 -0.0111436
internal_weight=17363.6 17107.9 1879.46 15228.4 414.265 255.738 237.203 91.7753 14814.1 9248.7 2559.7 510.157 367.664 2049.54 1635.27 5565.44 5201.14 4860.07 3524.21 527.909 6689 5290.07 5193.22 1195.39 665.03 3997.83 3798.77 575.563 145.427 115.344
internal_count=102006 94020 12895 81125 6112 7986 7579 3957 75013 48523 14839 2355 1720 12484 10142 26490 23748 22266 16609 4388 33684 27654 26737 5855 3360 20882 20084 2399 3622 2818
is_linear=0
shrinkage=0.05


Tree=81
num_leaves=31
num_cat=0
split_feature=1 1 1 0 1 1 1 1 1 0 0 1 1 1 1 1 1 1 1 1 1 1 1 0 1 1 1 1 1 1
split_gain=13.4665 2.54803 5.4513 2.43783 2.24451 2.04066 2.1453 1.66863 1.89569 1.65882 1.40718 4.78466 1.38638 1.17653 1.50991 1.12839 1.08221 2.10888 1.07116 1.03883 0.960549 0.839672 1.22041 1.1551 0.839309 0.817327 0.743989 1.59578 1.40448 1.07055
threshold=45.118771000000002 4.8165495000000016 16.105218500000003 109.13606000000001 64.806794500000009 7.1819610000000011 5.5605090000000006 16.804834500000002 33.586376000000008 79.885140000000021 95.683350000000019 2.4477240000000005 6.0289675000000011 15.846398000000002 15.164761000000002 70.92989900000002 34.355009000000003 34.741900500000007 6.498139000000001 3.5382615000000004 10.763017500000002 45.777952500000005 46.477814000000002 100.91538000000001 14.4870885 10.346324000000001 31.441918000000005 32.134028500000007 29.811994500000001 28.550513000000002
decision_type=2 2 2 2 2 2 2 2 2 2 2 2 2 2 2 2 2 2 2 2 2 2 2 2 2 2 2 2 2 2
left_child=1 3 5 10 21 6 -3 -4 26 15 11 -1 -8 14 20 -6 -10 -18 -14 -13 25 -2 -23 -24 -22 -7 28 -28 29 -9
right_child=4 2 7 -5 9 13 12 8 16 -11 -12 19 18 -15 -16 -17 17 -19 -20 -21 24 22 23 -25 -26 -27 27 -29 -30 -31
leaf_value=-0.00028496156170467965 -0.015718054836229043 0.0043730997788093608 -0.0034789102537353626 0.0073491788434370256 -0.041137258990288056 0.0030264054107853374 -0.0045793041364763946 0.00074615890937970112 -0.0055695200181791775 -0.011320623913863646 0.00066716319951704885 -0.0097240425211172071 0.0035555792774168873 0.0089568737785783933 -0.00038267451681817295 -0.020462322205180791 0.0079250733389521193 -0.0013671776555881188 -0.0014064511053958014 -0.004073099267682216 0.0053005726251313381 0.0043532483089445415 -0.0077317374739001386 0.004217819050560824 0.0020141920376683005 -0.001429892418177805 0.0070732913541669568 0.00061824750882012052 -0.0022256348039631549 0.0038058620897539366
leaf_weight=3588.7493263483047 24.681598540395498 272.89037548005581 279.33231899142265 108.44981433451176 10.281301885843279 1101.2669032663107 184.41911515593529 3983.6007412299514 133.58654868602753 36.355334226042032 2712.1344369500875 146.21302028000355 180.19609746336937 91.799484252929688 264.84548768401146 8.5507681220769864 65.089721217751503 986.04043797031045 274.35541801154613 183.26715484261513 930.77317608892918 25.534982211887836 320.65671364404261 21.584843616932631 245.52788335084915 113.49774578213692 148.49098961055279 269.53941050171852 374.85945658385754 307.98655766993761
leaf_count=22842 388 1206 1204 461 621 5633 817 18065 818 1643 11532 675 802 413 1221 538 408 8037 1220 829 6469 393 7829 241 1215 822 814 1572 1999 1602
internal_value=0.000441749 0.000667855 0.00116599 -8.67288e-05 -0.00811814 0.00271161 0.000662052 0.000302233 0.000470707 -0.0175596 -0.000208355 -0.000814374 -0.000922855 0.00339179 0.00319943 -0.029604 -0.0013305 -0.000791768 0.000560627 -0.00658081 0.0035962 -0.00679048 -0.00619135 -0.00697809 0.00461461 0.00261005 0.000890399 0.00291118 0.000709373 0.000965739
internal_weight=17394.6 16946.9 10208.1 6738.81 447.646 3659.57 911.861 6548.53 6269.19 55.1874 6630.36 3918.23 638.971 2747.71 2655.91 18.8321 1184.72 1051.13 454.552 329.48 2391.07 392.458 367.777 342.242 1176.3 1214.76 5084.48 418.03 4666.45 4291.59
internal_count=102329 90676 54337 36339 11653 19818 4045 34519 33315 2802 35878 24346 2839 15773 15360 1159 9263 8445 2022 1504 14139 8851 8463 8070 7684 6455 24052 2386 21666 19667
is_linear=0
shrinkage=0.05


Tree=82
num_leaves=31
num_cat=0
split_feature=1 1 1 1 0 0 1 1 1 1 1 1 1 1 1 1 0 1 1 1 1 1 1 1 1 1 0 1 1 1
split_gain=12.527 3.77971 2.04239 2.24358 1.77227 1.24632 2.18679 1.17805 1.12815 3.21093 1.66251 1.43249 1.23731 1.15573 1.14554 1.84448 1.09456 2.37476 3.84544 1.07929 1.0421 1.71433 1.81139 1.26643 0.943311 0.806359 0.734862 0.728841 0.692293 1.21724
threshold=44.465817000000008 67.705214500000011 1.3600800000000002 32.134028500000007 58.349885000000008 98.439625000000021 45.118771000000002 0.8188215000000002 11.003336000000003 14.4870885 2.4477240000000005 3.2632700000000008 24.297458000000002 21.699859500000006 11.475824000000001 11.940788500000002 88.058325000000011 -2.0786639999999994 -0.5651989999999999 73.039727000000013 46.477814000000002 59.143156000000005 56.169397500000009 52.466590500000002 5.3001155000000013 21.204332000000004 82.825310000000016 31.441918000000005 26.788501500000006 27.963477500000003
decision_type=2 2 2 2 2 2 2 2 2 2 2 2 2 2 2 2 2 2 2 2 2 2 2 2 2 2 2 2 2 2
left_child=2 5 7 4 -4 6 -2 16 10 14 -6 -12 13 25 -10 -16 17 -1 -19 26 -8 22 23 -22 -13 -11 -3 28 -14 -30
right_child=1 19 3 -5 8 -7 20 -9 9 12 11 24 27 -15 15 -17 -18 18 -20 -21 21 -23 -24 -25 -26 -27 -28 -29 29 -31
leaf_value=-0.0006964715662735434 -0.023682321884775322 -0.040626132533170697 -0.0043905823942228242 -0.0011654147011621377 0.0034817669648004044 0.00031338783571461073 -0.003707137369917104 -0.0043692913534200614 0.0092414702391270861 0.000699206938489945 -0.0016775737519660009 0.0018777654656053904 0.002915353444787066 -0.0011933881948591044 -0.0016775737519660009 0.0045986079423207598 0.0002482711717603175 -0.013412970802303928 -0.00047823161957001272 -0.012862387957657049 -0.011114783875787623 -0.003707137369917104 -0.019909458472720097 -0.003707137369917104 -0.00023398458778984101 0.0041821572350053751 -0.022224308903345716 0.0053872774816974642 -0.0016775737519660009 0.0019490909815556819
leaf_weight=2012.0626221075654 20.314435288310051 9.8257667180150765 152.85107855498791 1432.6395019590855 362.59576809406281 55.287393264472485 38.778848927468061 188.80730433762074 102.30739138275385 2550.4766065329313 268.74433480203152 724.01377575099468 727.48099091649055 841.54581414163113 102.5801033526659 648.58316745609045 3144.2490625679493 99.329456850886345 93.729728579521179 14.437581783160566 133.91509571298957 78.550735703669488 40.627292405813932 63.118589352816343 1961.5333722159266 177.76017832756042 12.114131653681396 145.47220253944397 311.12349638342857 819.36519799381495
leaf_count=14716 358 634 878 10438 1536 682 675 812 786 11051 1143 3151 3547 3888 805 4346 14498 574 526 801 2900 2684 1150 1518 9870 777 576 794 1574 4288
internal_value=7.5584e-05 -0.00800269 0.000299231 0.000683915 0.00095163 -0.0066952 -0.00772766 -0.00048769 0.00103543 0.00142195 0.000286538 -0.000105629 0.000984595 0.00042648 0.0042779 0.00360187 -0.000350688 -0.00120473 -0.00650185 -0.0234792 -0.00681465 -0.00807519 -0.0102965 -0.00831433 0.000335336 0.000926141 -0.0304656 0.00197906 0.00171221 0.000937972
internal_weight=17334.2 466.97 16867.3 11329.1 9896.43 430.592 375.305 5538.18 9743.58 6426.7 3316.89 2954.29 5573.22 3569.78 853.471 751.163 5349.37 2205.12 193.059 36.3775 354.991 316.212 237.661 197.034 2685.55 2728.24 21.9399 2003.44 1857.97 1130.49
internal_count=101976 11978 89998 58872 48434 9967 9285 31126 47556 31856 15700 14164 25919 15716 5937 5151 30314 15816 1100 2011 8927 8252 5568 4418 13021 11828 1210 10203 9409 5862
is_linear=0
shrinkage=0.05


Tree=83
num_leaves=31
num_cat=0
split_feature=1 1 0 1 1 1 0 1 1 1 1 1 1 1 1 1 1 1 1 1 1 1 1 1 1 1 1 1 1 1
split_gain=12.3924 3.98828 3.07482 2.86166 1.75322 1.68042 0.912389 0.840046 4.5307 1.08873 2.39416 1.62565 0.641265 0.620873 0.549834 0.506267 0.780805 1.48747 2.24223 1.58444 0.941423 0.524943 0.633467 0.532678 0.50081 0.631397 0.499658 0.766461 0.90465 0.802037
threshold=47.142154500000011 -13.164982999999998 101.147845 -22.291405499999996 -69.750482999999988 64.806794500000009 111.08359 15.615661000000001 11.940788500000002 21.457533000000002 20.965705000000003 22.488046000000004 49.969406500000005 73.039727000000013 67.705214500000011 4.567218500000001 2.4477240000000005 1.3600800000000002 1.0000000180025095e-35 0.55094750000000003 3.2632700000000008 -2.3965289999999997 -10.012410999999998 -9.1881969999999988 16.583148000000005 17.539817500000002 35.985189000000013 39.226540000000007 39.738916500000009 38.228264500000009
decision_type=2 2 2 2 2 2 2 2 2 2 2 2 2 2 2 2 2 2 2 2 2 2 2 2 2 2 2 2 2 2
left_child=1 3 5 4 -1 12 7 8 15 10 24 -11 -2 14 -7 16 17 18 21 -20 -18 22 -3 -24 -9 -26 -13 29 -29 -28
right_child=2 6 -4 -5 -6 13 -8 9 -10 11 -12 26 -14 -15 -16 -17 20 -19 19 -21 -22 -23 23 -25 25 -27 27 28 -30 -31
leaf_value=0.0064099099363048003 -0.012688400295092453 0.0017419272610566174 0.011191543059750113 -0.003975876030339596 -0.00075404889996788461 -0.015078972034593558 0.0050453577921115147 -0.0019761361467673668 0.0027949302015089607 0.0027949302015089607 -0.0062504403412862071 0.00056499419502526241 -0.0072487618374235388 -0.0093445678960463307 -0.027007341355524569 0.00096232478133285364 -0.0037516123938663194 0.0027949302015089607 -0.0068333661344902111 -0.00082073137095978698 -3.6297314442965218e-05 0.0017004505954057562 -0.0031493999056237351 -3.3081302703245727e-05 0.0018774608517462027 -0.00043675029077051581 -0.0010920423170449355 0.0027949302015089607 -0.00051182105248479231 -0.0062817730652271198
leaf_weight=91.934731245040894 71.372504811733961 483.74984742701054 17.94650000333786 852.69182970374823 1201.9896301776171 17.969960149377584 113.46640212833881 359.09075932204723 1064.6275537312031 363.51540216803551 182.7491552606225 3282.5783397108316 224.91775595955551 14.423769893124698 20.892738565802574 2432.8637150526047 273.33283670246601 369.05217333137989 183.39964316785336 272.17478850483894 453.21959000825882 721.80392602086067 150.41869693994522 1551.7702547758818 379.17872224748135 1323.5231314077973 287.76757485419512 50.652574002742767 422.08911154419184 100.42754776030779
leaf_count=403 1532 2822 210 5681 8519 798 755 1583 6320 1603 791 17059 5886 812 1196 12643 1174 1582 797 1181 1969 3211 812 7621 1606 5514 1986 409 4816 806
internal_value=9.04851e-05 0.000287231 -0.00899301 -0.00172703 -0.000245042 -0.0100292 0.000578959 0.000544503 0.00089259 0.000134298 -0.000765426 0.000582368 -0.0085591 -0.0182037 -0.0214917 0.000382162 6.56154e-05 0.000357538 2.03271e-05 -0.00324123 -0.00143402 0.000531335 0.000145289 -0.000308464 -0.000279256 7.86069e-05 0.000283804 -0.000788317 0.000563577 -0.00243465
internal_weight=17335.6 16968.1 367.523 2146.62 1293.92 349.577 14821.5 14708 7956.41 6751.57 2244.54 4507.03 296.29 53.2865 38.8627 6891.79 4458.92 3732.37 3363.32 455.574 726.552 2907.74 2185.94 1702.19 2061.79 1702.7 4143.52 860.937 472.742 388.195
internal_count=102097 91663 10434 14603 8922 10224 77060 76305 40132 36173 9494 26679 7418 2806 1994 33812 21169 18026 16444 1978 3143 14466 11255 8433 8703 7120 25076 8017 5225 2792
is_linear=0
shrinkage=0.05


Tree=84
num_leaves=31
num_cat=0
split_feature=1 1 1 1 1 1 1 0 1 0 1 1 1 1 1 1 1 1 1 1 1 1 1 1 1 0 1 1 1 1
split_gain=8.02648 2.16664 2.63443 3.2672 1.64496 1.33726 2.34115 1.05894 2.24612 1.04207 1.09737 1.02403 0.920281 0.904392 0.889663 1.59453 2.39918 1.59097 1.75318 0.993137 0.932966 0.679133 0.630585 1.27252 0.626657 3.48703 2.19237 1.11296 1.00031 0.700427
threshold=54.321631000000004 5.5605090000000006 29.178595000000005 28.550513000000002 67.705214500000011 23.259810500000004 26.788501500000006 106.72323500000002 -2.0786639999999994 70.991260000000025 63.499521000000009 21.699859500000006 70.92989900000002 29.489829000000004 18.963075500000006 14.007322500000003 12.866850500000002 12.381252500000002 11.940788500000002 19.958431000000001 21.204332000000004 14.928189000000001 11.475824000000001 11.003336000000003 2.4477240000000005 93.003945000000016 4.3217105000000009 -1.4691159999999999 3.2632700000000008 -44.338412999999996
decision_type=2 2 2 2 2 2 2 2 2 2 2 2 2 2 2 2 2 2 2 2 2 2 2 2 2 2 2 2 2 2
left_child=1 7 3 5 9 11 -7 24 -9 -2 -11 14 -6 -4 15 16 17 18 22 -16 -21 -17 23 -3 27 26 -26 29 -27 -1
right_child=4 2 13 -5 12 6 -8 8 -10 10 -12 -13 -14 -15 19 21 -18 -19 -20 20 -22 -23 -24 -25 25 28 -28 -29 -30 -31
leaf_value=0.0010804020539047527 -0.019327914242593534 0.00087986610992764509 -0.0059437145097936545 0.0085415326881026678 -0.029534604000368558 0.003799058108774045 -0.00040977773561148308 0.0081325796539694108 0.0010804020539047527 -0.0084118987297087805 0.0026866143616359143 -0.0012377958005668956 -0.01300721339764397 -0.00038929596018114516 0.0043766663563286753 -0.0025116446711430157 0.0056943983892835306 -0.0048798512188944227 0.0076891310403180138 -1.1064834973188885e-05 0.0042341217404330877 6.29225482110084e-05 -0.0028474828664664699 0.006467410824548674 -0.0090426931938689861 -0.0024753890055197458 -0.0024753890055197458 0.0010804020539047527 0.0010804020539047527 -0.00076288153751580257
leaf_weight=490.23201298713684 17.026790205389261 1915.3306091204286 75.713912278413773 154.33921064436436 14.019251720979808 1073.8896126896143 477.23464901745319 126.86229462921619 197.01968622207642 113.4887725468725 27.710439440794289 531.19509606808424 21.098770189099014 2285.1228183582425 389.56652534008026 306.0730976909399 308.29787054657936 109.5882582962513 102.15891931951046 462.53725851327181 179.70753042399883 1570.2535612732172 102.24669590592384 107.62319813668728 204.35423292219639 170.33947059512138 146.98289558291435 1195.5511456727982 493.53592304885387 3971.3866590410471
leaf_count=2770 599 9751 399 799 813 5181 2436 526 860 3138 1074 2416 1215 18832 1616 1598 2022 817 802 1984 790 6816 797 826 975 690 681 5213 2067 23651
internal_value=0.00031492 0.000429147 0.000895752 0.00133918 -0.00981561 0.0011936 0.00250412 -0.000247849 0.00254418 -0.00764287 -0.00623381 0.000859513 -0.019605 -0.000567431 0.00106013 0.000757812 0.00154861 0.00100168 0.00129106 0.00238492 0.00117679 -0.00035705 0.000983499 0.00117713 -0.000383376 -0.00152722 -0.00555532 -0.000178107 0.000604544 -0.000541908
internal_weight=17340.5 17147.1 10150.9 7790.04 193.344 7635.7 1551.12 6996.26 323.882 158.226 141.199 6084.58 35.118 2360.84 5553.38 4521.57 2645.25 2336.95 2227.36 1031.81 642.245 1876.33 2125.2 2022.95 6672.38 1015.21 351.337 5657.17 663.875 4461.62
internal_count=102154 95315 57882 38651 6839 37852 7617 37433 1386 4811 4212 30235 2028 19231 27819 23429 15015 12993 12176 4390 2774 8414 11374 10577 36047 4413 1656 31634 2757 26421
is_linear=0
shrinkage=0.05


Tree=85
num_leaves=31
num_cat=0
split_feature=1 0 1 0 1 0 1 1 0 0 1 1 1 1 1 1 0 1 1 1 1 1 1 1 1 1 1 0 1 1
split_gain=6.59795 9.73892 2.88273 2.63013 2.30221 1.3768 1.10835 0.897721 2.04366 0.779706 1.14443 1.22658 0.814639 2.12149 0.709066 0.606891 0.892898 0.743337 0.736213 0.862253 0.670808 0.600363 0.593087 0.586685 3.04719 2.1357 1.21183 0.764447 1.47778 0.662781
threshold=37.738118000000007 105.57699500000003 61.091836500000007 91.957685000000012 -63.053114499999992 77.082595000000012 -13.164982999999998 -27.443423499999998 91.673515000000009 85.352210000000014 -23.299055999999997 -20.520321499999998 -16.506661999999995 -19.778000499999997 -12.190182499999999 49.969406500000005 98.654590000000013 51.601718000000012 47.142154500000011 39.226540000000007 59.143156000000005 -17.734739499999996 -14.219619 7.8331740000000005 16.105218500000003 16.583148000000005 10.5517035 104.02382000000001 -1.7779734999999997 17.058564500000003
decision_type=2 2 2 2 2 2 2 2 2 2 2 2 2 2 2 2 2 2 2 2 2 2 2 2 2 2 2 2 2 2
left_child=4 2 15 5 -1 -4 7 8 -6 10 -9 -12 13 -11 -8 16 18 -17 19 -2 -19 -13 -14 27 26 -26 -25 -16 -29 -27
right_child=1 -3 3 -5 6 -7 14 9 -10 12 11 21 22 -15 23 17 -18 20 -20 -21 -22 -23 -24 24 25 29 -28 28 -30 -31
leaf_value=0.0058104248897427151 -0.0090772454370703515 0.024416131631396509 -0.028589411539762612 0.005660143285215212 -0.00050739500691520463 -0.013203329908664511 0.0039425507413737241 -0.0021692028466398306 0.0082604416432077582 -0.0021692028466398306 -0.01085425818467245 -0.0021692028466398306 -0.0021692028466398306 0.0045441438023699071 -0.00039739550763736708 0.004682293987373555 -0.0015697129333961909 -0.0046569072094774537 -0.010813080609591585 -0.0038444994013869731 0.0036915522549258572 -0.0059556182224578466 0.0020232163827320218 0.0005231920571658335 -0.0054053629127594101 0.0030051453456054465 0.0028269434324666083 0.0045992856179270045 0.00040436780555117675 -2.9413536768596582e-05
leaf_weight=180.09893527626991 102.53717564046383 29.20769040286541 20.095328053459525 14.811185738071798 775.76363775879145 52.590783656574786 130.93370741605759 127.99149025976658 72.687861353158951 202.72217538952827 81.175494693219662 96.841503813862801 184.03256948292255 189.66960917413235 4777.4524315446615 38.221462462097406 167.2988049313426 128.1495842076838 63.613030198961496 339.0052694119513 29.62393755838275 148.02496310323477 94.94171866774559 897.34161472320557 183.88514089584351 185.908243060112 1568.8448967635632 242.09640963375568 638.08769226074219 5601.5461492240429
leaf_count=812 957 147 1142 485 5711 2398 793 1113 364 1215 712 848 1012 1084 22449 777 1045 3222 1420 4434 812 1267 514 4858 795 800 9644 996 2836 27592
internal_value=-5.05363e-05 -0.00402465 -0.00489362 -0.0135439 0.000188481 -0.0174571 0.00012598 -0.000984314 0.000243756 -0.00191017 -0.00351053 -0.00552786 -0.000827874 0.000706299 0.000280032 -0.00402209 -0.00473567 -0.00157381 -0.00578419 -0.00505967 -0.00308938 -0.00376212 -0.0021692 0.00024601 0.000510158 -0.000100488 0.00198871 -0.000147928 0.00120613 6.80645e-05
internal_weight=17365.2 985.154 955.947 87.4973 16380 72.6861 16199.9 1973.85 848.451 1125.4 454.033 326.042 671.366 392.392 14226.1 868.449 672.454 195.995 505.155 441.542 157.774 244.866 278.974 14095.2 8437.53 5971.34 2466.19 5657.64 880.184 5787.45
internal_count=102254 16839 16692 4025 85415 3540 84603 13840 6075 7765 3940 2827 3825 2299 70763 12667 7856 4811 6811 5391 4034 2115 1526 69970 43689 29187 14502 26281 3832 28392
is_linear=0
shrinkage=0.05


Tree=86
num_leaves=31
num_cat=0
split_feature=1 1 1 1 1 1 1 1 1 1 1 1 1 1 1 1 1 1 1 1 1 1 1 1 1 1 1 1 1 1
split_gain=6.42471 3.56558 3.19988 5.05677 2.65666 1.28307 1.96328 1.28085 1.26831 1.2215 0.867801 0.956416 1.93216 1.58128 1.86478 1.23317 0.90156 0.832486 0.665168 0.644744 1.80092 0.557291 0.919267 1.58803 1.25951 1.16341 1.37642 0.468078 2.33233 0.467823
threshold=39.738916500000009 66.215195000000008 0.55094750000000003 1.0000000180025095e-35 28.868387000000002 -10.877669999999998 -41.870221999999991 28.253007500000006 29.489829000000004 -10.012410999999998 27.684526500000004 12.866850500000002 13.316450000000001 2.4477240000000005 3.5382615000000004 2.9825150000000007 6.498139000000001 38.673755500000006 69.206020500000008 -12.190182499999999 -15.315342499999998 25.917081500000005 19.466933000000004 21.457533000000002 18.963075500000006 20.965705000000003 19.958431000000001 42.53721500000001 43.160387000000007 43.79700350000001
decision_type=2 2 2 2 2 2 2 2 2 2 2 2 2 2 2 2 2 2 2 2 2 2 2 2 2 2 2 2 2 2
left_child=2 27 3 5 7 6 -1 10 -6 -7 11 13 -13 -4 15 -15 -16 -10 -3 20 -8 22 24 25 -14 26 -24 -2 -29 -30
right_child=1 18 4 -5 8 9 19 -9 17 -11 -12 12 21 14 16 -17 -18 -19 -20 -21 -22 -23 23 -25 -26 -27 -28 28 29 -31
leaf_value=0.0012898929697642018 -0.0055054211282425797 -0.027176360462446439 0.0027345599316174031 -0.0090919657255162309 -0.0054154311811940728 0.0046965990470327571 -0.002622412435225908 0.0055370820203254718 -0.00089576523805777485 2.911967312614688e-05 -0.0026980327092861692 0.0079124478164918112 0.0015343220595783061 -0.00044907901922664855 0.0016082552430648673 -0.0062355361320922224 -0.0001875164401114106 0.0038048674523564995 -0.013953967357166516 -0.0046800711416785865 0.0012277527753446088 0.0029658892122007142 -0.0037435368566467982 0.001419689700459434 0.0057642347230748804 -0.0048953454366884499 0.0014520090604664378 0.0091785712650739992 -0.0093832632569892781 -0.0032736046994822961
leaf_weight=568.38351413607597 221.71669836342335 14.664190666750072 652.139199629426 176.34206803143024 149.99841921031475 148.64258787035942 1318.6685383692384 157.28373225033283 1602.7894597575068 2460.3365174755454 157.06462861597538 115.0884740576148 2066.5781107544899 186.05281828343868 1087.4644528180361 182.28130502998829 1956.2087940722704 100.07071340829134 27.069415161386132 208.54864377528429 394.60855650901794 486.81639654189348 192.21657735109329 1466.1645237579942 192.36815170943737 181.32758408039808 378.48213373124599 37.917509034276009 33.674649372696877 450.37949377857149
leaf_count=3274 2029 785 2810 770 781 827 9695 812 9622 11811 809 807 9622 800 4794 789 11301 792 1616 1217 2418 2414 800 6874 797 789 1622 403 408 10032
internal_value=3.99409e-05 -0.0043788 0.000249189 -0.000767699 0.000723498 -0.000479826 -0.00129165 0.00106268 -0.00100778 0.000295042 0.000987008 0.00105031 0.00150776 0.000478634 4.74574e-05 -0.00331268 0.000454089 -0.000619527 -0.0186 -0.00205515 -0.00173563 0.00135926 0.00118457 0.00046156 0.00189453 -0.00140643 -0.000297899 -0.00358074 -0.0027632 -0.00369864
internal_weight=17371.3 785.422 16585.9 5275.53 11310.4 5099.19 2490.21 9457.54 1852.86 2608.98 9300.25 9143.19 5079.04 4064.15 3412.01 368.334 3043.67 1702.86 41.7336 1921.83 1713.28 4963.95 4477.14 2218.19 2258.95 752.026 570.699 743.688 521.972 484.054
internal_count=102320 15273 87047 30012 57035 29242 16604 45840 11195 12638 45028 44219 23725 20494 17684 1589 16095 10414 2401 13330 12113 22918 20504 10085 10419 3211 2422 12872 10843 10440
is_linear=0
shrinkage=0.05


Tree=87
num_leaves=31
num_cat=0
split_feature=1 1 1 1 0 1 1 0 1 1 0 1 1 1 1 1 1 1 1 0 1 1 0 1 1 1 1 0 1 0
split_gain=8.85531 3.24286 2.09109 1.90726 1.93271 4.03693 1.22629 1.42527 1.08899 1.0655 1.07431 0.93263 0.931912 0.926199 1.26823 2.31604 0.924277 0.94425 0.888358 0.8006 0.690095 0.840758 2.24716 1.72685 1.26475 1.04239 0.861359 1.11282 0.676773 1.16338
threshold=44.465817000000008 -3.7598809999999996 32.134028500000007 56.169397500000009 90.264230000000012 60.045394500000008 32.815520000000014 93.130965000000018 33.973648500000003 60.045394500000008 81.637115000000009 -2.7319224999999996 38.228264500000009 33.973648500000003 38.673755500000006 40.265485500000004 70.92989900000002 64.806794500000009 39.226540000000007 105.93683500000002 -4.4654964999999995 -21.397047999999995 79.079865000000012 -10.012410999999998 -12.190182499999999 -14.743123999999998 -6.2120219999999993 94.501740000000026 -26.326897999999996 80.432445000000016
decision_type=2 2 2 2 2 2 2 2 2 2 2 2 2 2 2 2 2 2 2 2 2 2 2 2 2 2 2 2 2 2
left_child=1 19 11 -2 9 -6 -4 8 -8 -5 16 -3 -10 -9 -15 -16 17 -11 -14 20 21 28 24 -24 25 -23 -25 -28 -1 -30
right_child=3 2 6 4 5 -7 7 13 12 10 -12 -13 18 14 15 -17 -18 -19 -20 -21 -22 22 23 26 -26 -27 27 -29 29 -31
leaf_value=-0.0015075908399813957 -0.0045445746149429525 0.0037545721102210205 -0.0056410234879880174 -0.0086939827567955163 -0.0086939827567955163 0.013168864460766684 -0.0083569936903384254 0.0045956859937091466 -0.0010349520072432132 -0.022508421876851634 -0.012383890571519054 0.00071797889913015225 -0.01100060826621478 -0.0010349520072432132 0.009552157645077719 -0.00093788893968879423 -0.018337413035559656 -0.041421629839778956 -0.0029333365441635492 0.0028623027197549008 -0.0044939294950153722 -0.0045150316587124258 0.00083158638829248306 -0.0019205177569249375 -0.0019205177569249375 -0.012452966116793564 -0.0019205177569249375 0.00083158638829248306 -0.0081920638487808384 -0.0014877521488213478
leaf_weight=1057.8211405053735 300.15171410515904 258.69548079371452 142.79874656349421 36.314644057303667 19.870372243225574 24.644981233403087 73.995613679289818 124.36373176425695 240.24120555073023 17.260806865990165 38.485102001577616 11205.123676769435 42.245325572788715 396.62027835100889 84.448694750666618 139.59567143768072 9.36234053224325 10.684111945331095 177.53724002093077 125.28516206145287 152.62652722001076 140.98533971607685 1000.0439090132713 651.45706567168236 182.57012238353491 58.525621011853218 123.63290160894394 218.81207218766212 112.43802063912153 152.43036067485809
leaf_count=7189 6010 1202 821 1070 517 806 572 608 2096 636 1608 54257 443 2073 535 1083 643 720 2171 525 753 1309 5720 3136 1480 505 633 919 1032 984
internal_value=-9.09001e-06 0.000176991 0.000562185 -0.00687847 -0.0113511 -0.00253684 -0.00124641 -0.000755774 -0.00272721 -0.0148511 -0.0182449 0.000786503 -0.00182165 0.000657309 -0.000131831 0.00301611 -0.0242909 -0.0297395 -0.00448398 -0.00107117 -0.00119913 -0.00106317 -0.000500722 0.000172383 -0.00401342 -0.00684359 -0.00145214 0.000711025 -0.00207353 -0.00433377
internal_weight=17319.1 16862.3 12885.7 456.774 156.622 44.5154 1421.85 1279.05 534.019 112.107 75.7924 11463.8 460.024 745.028 620.665 224.044 37.3073 27.9449 219.783 3976.63 3851.34 3698.72 2376.03 1993.95 382.081 199.511 993.902 342.445 1322.69 264.868
internal_count=102056 90046 65861 12010 6000 1323 10402 9581 5282 4677 3607 55459 4710 4299 3691 1618 1999 1356 2614 24185 23660 22907 13702 10408 3294 1814 4688 1552 9205 2016
is_linear=0
shrinkage=0.05


Tree=88
num_leaves=31
num_cat=0
split_feature=1 1 1 1 1 0 0 0 1 1 1 0 1 1 1 1 1 1 1 1 0 1 1 0 1 1 1 1 0 1
split_gain=8.5403 2.27224 1.43789 1.34755 1.28212 20.2935 10.0033 5.27461 4.7043 8.66221 3.26247 3.17124 1.53646 1.69137 1.62651 3.21961 1.52759 1.47033 2.1948 1.39997 1.04906 1.00296 0.989708 0.784241 0.594363 0.568124 2.39075 2.93415 1.37036 2.29278
threshold=44.465817000000008 67.705214500000011 -7.294513499999999 73.039727000000013 21.699859500000006 106.11286000000003 98.868545000000026 108.02142500000001 30.114464000000005 25.106426000000003 31.782682500000004 69.152480000000011 21.204332000000004 19.958431000000001 11.003336000000003 15.615661000000001 0.8188215000000002 1.0000000180025095e-35 -0.86249949999999986 1.3600800000000002 64.182775000000007 37.738118000000007 -6.5672764999999993 82.825310000000016 -1.7779734999999997 -15.870294499999998 -13.164982999999998 -12.190182499999999 83.689775000000012 -20.520321499999998
decision_type=2 2 2 2 2 2 2 2 2 2 2 2 2 2 2 2 2 2 2 2 2 2 2 2 2 2 2 2 2 2
left_child=2 -2 25 23 11 6 10 -7 9 -8 -6 16 13 14 17 -16 -4 18 22 -19 -18 -12 -13 -3 -24 28 -27 -28 29 -1
right_child=1 3 4 -5 5 7 8 -9 -10 -11 21 12 -14 -15 15 -17 20 19 -20 -21 -22 -23 24 -25 -26 26 27 -29 -30 -31
leaf_value=-0.00031001910889370539 -0.0056690573815125662 -0.039030672801302332 -0.0094010402679867138 -0.0072857840749755778 -0.0037418441993965438 0.0099629849276633362 0.00014033730316164746 0.029024013458274014 0.00014033730316164746 0.0085538461516273586 0.00014033730316164746 0.0048450748763520452 0.005676044069909611 -0.0012859461365553743 0.004040085729665 0.00063745164661850682 -0.0052271955744423795 -0.0012859461365553743 0.0060015484775449391 0.00047736820882157086 -0.0012859461365553743 -0.0025440420651181603 0.0001551163489027537 -0.018809615669753241 0.0027796671372424878 -0.0052052900246596819 0.0066617551922431703 -0.001288172471046938 0.0017468320912865959 -0.0072912744270993632
leaf_weight=1025.7790088877082 416.59575056657195 8.5807412760332245 87.806587629020214 13.76202519610524 1847.7304566651583 86.73214490711689 347.13545654714108 62.411019437015057 561.49440694600344 405.97161090373993 638.47067001461983 156.33861583471298 175.82113280892372 443.43672231584787 1215.7095536440611 1623.7419363558292 175.41248728334904 453.29527716338634 263.81536911427975 3252.1029489859939 116.01363565027714 364.0053975880146 1140.4254272654653 10.867927862331269 266.03751960396767 319.85171204805374 133.4144129306078 892.43424855172634 657.93015915155411 132.837456561625
leaf_count=7473 9966 648 685 827 8820 717 1553 670 2545 1919 4530 758 769 1900 7732 6871 975 1923 1129 15293 579 3980 5265 570 1149 2006 808 4848 3886 1200
internal_value=0.000126981 -0.00667244 0.000308531 -0.0192589 0.000530593 -0.000182688 -0.000831644 0.0179393 0.00277651 0.00540788 -0.00249583 0.000858989 0.00104791 0.000955594 0.00112149 0.00209429 -0.0036198 0.000622176 0.00178317 4.98522e-05 -0.00187791 -0.000199222 0.00107107 -0.0277311 0.00065156 -0.000652393 -0.00143104 -0.000254263 -7.55675e-05 -0.00111043
internal_weight=17296 449.806 16846.2 33.2107 13683.9 4313.95 4164.81 149.143 1314.6 753.107 2850.21 9369.96 8990.72 8814.9 8371.47 2839.45 379.233 5532.02 1826.62 3705.4 291.426 1002.48 1562.8 19.4487 1406.46 3162.25 1345.7 1025.85 1816.55 1158.62
internal_count=101994 12011 89983 2045 69762 24734 23347 1387 6017 3472 17330 45028 42789 42020 40120 14603 2239 25517 8301 17216 1554 8510 7172 1218 6414 20221 7662 5656 12559 8673
is_linear=0
shrinkage=0.05


Tree=89
num_leaves=31
num_cat=0
split_feature=1 0 1 1 1 1 1 1 1 1 1 1 1 1 0 1 1 0 0 1 0 0 0 1 0 1 1 1 1 0
split_gain=6.67646 1.89433 1.23957 2.94258 2.01745 1.22916 0.996907 0.913427 2.16427 1.2051 0.790868 0.88134 1.24603 1.02839 6.36724 5.7984 2.19894 7.09636 1.6166 1.26463 0.852812 0.734195 0.663521 1.16399 0.651031 0.631255 1.20524 0.689047 2.03894 1.40991
threshold=44.465817000000008 102.64296500000002 1.6478435000000002 1.0000000180025095e-35 2.4477240000000005 67.705214500000011 73.039727000000013 52.466590500000002 54.321631000000004 60.045394500000008 3.2632700000000008 32.467588000000006 42.53721500000001 28.550513000000002 95.22858500000001 29.489829000000004 27.684526500000004 96.145080000000021 59.601255000000002 30.114464000000005 92.876560000000012 95.22858500000001 105.05617500000001 41.38483200000001 98.654590000000013 -69.750482999999988 -63.053114499999992 -27.443423499999998 -15.315342499999998 73.403825000000012
decision_type=2 2 2 2 2 2 2 2 2 2 2 2 2 2 2 2 2 2 2 2 2 2 2 2 2 2 2 2 2 2
left_child=2 5 3 25 24 7 -7 -2 -9 -10 -6 13 22 16 19 -16 18 -18 -12 -15 -14 -5 23 -13 -4 -1 -27 -28 -29 -30
right_child=1 -3 4 21 10 6 -8 8 9 -11 11 12 20 14 15 -17 17 -19 -20 -21 -22 -23 -24 -25 -26 26 27 28 29 -31
leaf_value=0.0040728456149735142 -0.0081077230394055455 0.0093772596703318757 0.0024066010143284494 -0.0062234371890283989 -0.0022322760048429477 -0.023668694146083649 -0.0056924531307724442 0.0013619336117825607 -0.010460152836858111 -0.0014210661657391467 -0.004763171688217843 -0.0010467206509333321 0.00013198735775479879 -0.0055412649804559783 0.015700506941708835 0.0030032543596768511 -0.01272125590263426 0.004916356640802616 0.00068648239863451871 5.072194841755155e-05 0.0090131822022340331 -0.0024588360109248798 0.0035092981520658192 -0.0074011769708630694 0.0071921898489477462 -0.0058875407866195075 0.0012949127779362855 -0.0024514033267617561 -0.003373772958967851 0.00059855704476024466
leaf_weight=91.780830085277557 216.15798913687468 19.249830413609743 151.83965502679348 208.48833410441875 280.49611254036427 18.401363887824122 13.277509073726831 33.833797790110111 85.510451687499881 64.82880689855665 138.4253721088171 1099.9224838092923 56.08564055711031 174.97274303436279 119.33139551430941 364.73993593454361 120.52679345011711 108.24837331473827 8043.7049478217959 239.48850874602795 52.176655426621437 341.90417909622192 71.147300019860268 77.119101159274578 133.59629875421524 88.71633680164814 841.60543122142553 852.0348748639226 241.54169396311045 2970.6492169499397
leaf_count=401 4318 176 672 1000 1206 1190 801 779 2375 2375 766 7671 780 972 600 1750 640 552 39308 1488 472 1381 364 799 552 412 6042 6084 1969 14328
internal_value=3.24591e-05 -0.00596956 0.000193022 -0.000412011 0.00049666 -0.00665339 -0.0161343 -0.00590315 -0.00331571 -0.00656235 0.000388451 0.000457372 -0.00073333 0.000630865 0.0022387 0.00613333 0.000459101 -0.00437576 0.000594285 -0.00231004 0.00441225 -0.00388486 -0.00117963 -0.00146306 0.00464646 -3.6213e-05 -0.000111722 -7.27284e-06 -0.000276925 0.000299856
internal_weight=17319.8 451.26 16868.5 5636.72 11231.8 432.01 31.6789 400.331 184.173 150.339 10946.4 10665.9 1356.45 9309.44 898.533 484.071 8410.91 228.775 8182.13 414.461 108.262 550.393 1248.19 1177.04 285.436 5086.33 4994.55 4905.83 4064.23 3212.19
internal_count=102223 12014 90209 31617 58592 11838 1991 9847 5529 4750 57368 56162 10086 46076 4810 2350 41266 1192 40074 2460 1252 2381 8834 8470 1224 29236 28835 28423 22381 16297
is_linear=0
shrinkage=0.05


Tree=90
num_leaves=31
num_cat=0
split_feature=1 1 1 1 1 1 1 1 1 1 1 1 1 1 1 1 1 1 1 1 1 1 1 1 1 1 1 1 1 1
split_gain=5.64489 3.41481 2.45564 1.09425 1.03214 1.6031 0.991475 3.22681 1.33847 1.024 0.846797 0.603041 0.650679 1.59316 0.793252 1.7616 2.8764 0.653071 0.60882 2.90463 1.40061 0.586283 0.780783 0.571608 2.74835 1.17798 1.70444 0.695697 0.613438 2.3015
threshold=50.752696000000007 -15.315342499999998 -69.750482999999988 52.466590500000002 29.178595000000005 28.550513000000002 39.226540000000007 37.738118000000007 36.831210000000006 39.738916500000009 53.412377500000012 -13.709303499999999 6.0289675000000011 6.498139000000001 16.105218500000003 10.5517035 9.6576005000000027 4.8165495000000016 12.381252500000002 12.866850500000002 11.940788500000002 16.804834500000002 17.295331500000007 1.3600800000000002 1.0000000180025095e-35 2.4477240000000005 3.2632700000000008 4.0639495000000005 -6.2120219999999993 -6.9356264999999988
decision_type=2 2 2 2 2 2 2 2 2 2 2 2 2 2 2 2 2 2 2 2 2 2 2 2 2 2 2 2 2 2
left_child=1 2 -1 -2 5 11 7 8 -6 -8 -5 -3 17 -14 15 16 -15 23 20 -20 -17 -16 -23 24 28 -25 -27 -28 29 -13
right_child=3 4 -4 10 6 -7 9 -9 -10 -11 -12 12 13 14 21 18 -18 -19 19 -21 -22 22 -24 25 -26 26 27 -29 -30 -31
leaf_value=0.005834778189396937 -0.015578392763204975 0.0030620474676870141 -0.0024866839598756073 0.0040155466219285113 -0.0011144200189607146 0.0054255928488620882 0.0079154175999950754 -0.0082557887600398974 0.0045090272740760341 0.00036956397245474845 -0.0071485851453784097 0.00020948855513367549 0.0051261240963352724 0.0008268412845678062 -0.002195750388295514 0.0022344706815159098 -0.0050921524854853403 -0.0019799899417193173 -0.0063310102565559898 0.0024314080260029874 0.0090949874165144173 0.0033014650703448115 -9.8779606687992643e-07 0.0032703267668762214 -0.0039623406132760792 -0.0033372468612504914 0.0032659943789504226 -0.00026968679709905017 0.00086316614854372881 -0.0060511924485643883
leaf_weight=93.284167528152466 36.296104449778795 194.33839271962643 1786.6919244304299 18.545584909617901 1458.508345849812 154.29236177355051 49.268790759146214 155.54490575194359 114.09176664054394 514.03182367235422 201.86544496007264 1168.5440820977092 185.7992522418499 1172.7205741554499 284.10658439993858 308.43049175292253 248.80096283555031 458.19673486053944 103.999756090343 1043.7964378446341 98.04321926087141 187.88683466613293 3774.1282006427646 373.08086211979389 452.21227607131004 274.33233612775803 275.1497652977705 281.43263500928879 1655.2575193718076 167.88322591781616
leaf_count=407 787 1207 12592 415 8431 802 388 1208 803 6840 7212 6438 827 5614 1224 2386 1587 2028 790 5640 778 801 17187 1595 1968 1176 1202 1233 7665 835
internal_value=-0.000174743 -6.38373e-05 -0.00207377 -0.00753394 0.000185514 0.000359683 -0.000792139 -0.00138593 -0.00070644 0.00102956 -0.00620922 0.000298176 0.000255254 0.000554591 0.000436978 0.00106294 -0.000209127 -0.000179013 0.00222635 0.00163746 0.00388926 -1.70824e-06 0.000155621 -1.47021e-06 -0.000329323 0.000936316 -0.000111655 0.0014782 0.000219831 -0.000576984
internal_weight=17290.6 17033.9 1879.98 256.707 15153.9 12862.4 2291.45 1728.15 1572.6 563.301 220.411 12708.1 12513.8 7407.71 7221.91 2975.79 1421.52 5106.09 1554.27 1147.8 406.474 4246.12 3962.02 4647.89 3443.9 1204 830.915 556.582 2991.68 1336.43
internal_count=102066 93652 12999 8414 80653 62983 17670 10442 9234 7228 7627 62181 60974 36834 36007 16795 7201 24140 9594 6430 3164 19212 17988 22112 16906 5206 3611 2435 14938 7273
is_linear=0
shrinkage=0.05


Tree=91
num_leaves=31
num_cat=0
split_feature=1 1 1 1 0 1 1 0 1 1 0 1 0 1 1 0 1 1 1 1 0 0 1 1 1 1 1 1 1 1
split_gain=4.29357 2.41807 2.74994 1.6639 5.39466 1.65605 1.46264 4.45193 10.2192 8.48694 2.81929 2.18148 3.63218 2.19186 1.39877 9.28168 3.24731 3.62707 1.38877 1.31538 1.2321 0.904081 0.843958 1.8809 1.10363 0.810181 0.811123 1.94774 1.28882 0.974945
threshold=51.601718000000012 52.466590500000002 64.806794500000009 16.357406500000003 108.71568000000001 66.215195000000008 11.003336000000003 95.683350000000019 8.9645635000000023 8.9645635000000023 69.629245000000012 -1.1622599999999996 82.592715000000013 1.3600800000000002 18.963075500000006 100.91538000000001 29.811994500000001 24.297458000000002 18.491520500000004 19.466933000000004 88.563000000000002 101.71017000000002 59.143156000000005 57.089142000000002 61.091836500000007 40.851167000000011 43.160387000000007 49.969406500000005 46.477814000000002 45.118771000000002
decision_type=2 2 2 2 2 2 2 2 2 2 2 2 2 2 2 2 2 2 2 2 2 2 2 2 2 2 2 2 2 2
left_child=3 -2 22 6 14 -4 7 9 -9 11 -8 -1 -13 -14 18 19 17 -17 -5 -16 -11 -10 23 -3 -24 -21 -27 28 29 -28
right_child=1 2 5 4 -6 -7 10 8 21 20 -12 12 13 -15 15 16 -18 -19 -20 25 -22 -23 24 -25 -26 26 27 -29 -30 -31
leaf_value=0.00061110939413305885 -0.024970970525331218 -0.00095398557412979901 -0.034812448776076109 -0.0012591825045904506 0.011345118599239874 -0.011131450983740795 -0.0066574057153992346 0.0010419364168519425 0.0081252321202679792 -0.011222227682954597 0.0027004134121636561 -0.0051698280443957601 -0.0025162328007572068 0.00061110939413305885 0.0012251128334915436 0.0012251128334915436 0.0012251128334915436 0.0054548909824707007 -0.0060230207490378678 -0.0016454087356642989 -0.0046111116732733869 0.013765010034372586 0.0096275340450633542 -0.016283650504136469 -0.0035889954008655883 0.0012251128334915436 -0.0051729142852912132 0.0012251128334915436 -0.0092302627611268919 0.0012251128334915436
leaf_weight=3070.2044463902712 16.392029501497746 79.842851646244526 9.1074886498972756 821.29519882798195 98.651209995150566 38.982204993255436 85.225103825330734 3746.3525329381227 145.87057700753212 183.75512725114822 1448.026271790266 475.34522789716721 235.25484357774258 766.62564626336098 136.96015255153179 494.49209003895521 433.94086907804012 314.84470258653164 188.00950647890568 3756.9589409679174 114.31970362365246 138.55643743276596 29.21836281940341 26.701419144868851 34.38214030303061 129.87861350923777 77.27641111984849 36.462628338485956 86.554467715322971 43.093303713947535
leaf_count=20395 391 1989 403 3424 860 2403 420 16352 963 858 8754 2599 992 3137 549 2376 2135 1828 768 19726 599 1212 816 791 1203 1450 1120 777 1903 748
internal_value=0.000267553 -0.00645012 -0.00505898 0.000360115 -0.000259742 -0.0156163 0.000754222 0.000507894 0.00173563 -0.000513407 0.00218026 2.23351e-05 -0.0015704 0.000137362 -0.000435337 -0.000121904 0.00367978 0.00545489 -0.00214657 -0.00122955 -0.00868669 0.0108726 -0.00207507 -0.0047958 0.00248274 -0.00142468 0.000797013 -0.00170963 -0.00457682 -0.00123066
internal_weight=17262.6 234.626 218.234 17028 6618.42 48.0897 10409.5 8876.28 4030.78 4845.5 1533.25 4547.43 1477.23 1001.88 6519.77 5510.46 1243.28 809.337 1009.3 4267.18 298.075 284.427 170.145 106.544 63.6005 4130.22 373.265 243.387 206.924 120.37
internal_count=101941 7996 7605 93945 37664 2806 56281 47107 18527 28580 9174 27123 6728 4129 36804 32612 6339 4204 4192 26273 1457 2175 4799 2780 2019 25724 5998 4548 3771 1868
is_linear=0
shrinkage=0.05


Tree=92
num_leaves=31
num_cat=0
split_feature=1 1 1 0 1 1 0 1 1 0 0 1 0 0 1 1 1 0 1 1 1 1 1 1 0 1 1 1 1 1
split_gain=8.35489 2.94298 2.47773 2.37258 2.31056 1.86033 4.59256 1.88798 1.86596 3.76735 1.78426 1.719 1.44136 1.36495 1.13841 1.22248 1.07612 3.01609 1.18396 1.17652 0.944342 0.899965 0.873164 1.24533 1.36962 0.981425 0.819979 0.772267 1.03268 1.15845
threshold=51.601718000000012 -2.3965289999999997 52.466590500000002 106.94312000000001 -34.219322999999996 29.178595000000005 106.11286000000003 28.550513000000002 27.684526500000004 94.370435000000015 79.079865000000012 56.169397500000009 59.601255000000002 70.113820000000018 -25.216032999999999 -12.190182499999999 34.355009000000003 95.342580000000012 30.114464000000005 30.114464000000005 32.815520000000014 31.096620500000004 39.738916500000009 37.285711000000006 94.128095000000016 49.969406500000005 23.775770500000004 16.105218500000003 11.003336000000003 15.846398000000002
decision_type=2 2 2 2 2 2 2 2 2 2 2 2 2 2 2 2 2 2 2 2 2 2 2 2 2 2 2 2 2 2
left_child=1 3 -2 4 -1 7 16 8 12 -10 14 -4 -3 -13 -6 -16 17 19 -19 -7 -20 -21 23 -18 -25 -24 27 28 -14 -30
right_child=2 5 11 -5 10 6 -8 -9 9 -11 -12 13 26 -15 15 -17 22 18 20 21 -22 -23 25 24 -26 -27 -28 -29 29 -31
leaf_value=0.0010577284511612078 -0.028254802231353356 -0.0040129537736371219 -0.0015367323638591796 0.0060596084744883316 -0.0028320226874158148 -0.010275358683007335 0.01173527873398017 0.0060580097203634924 -0.011174960280809762 0.0017358068781623368 -0.0014184085122321555 -0.026085239658795528 0.00042805025311838473 -0.0096523195774456099 -0.0079523123065705446 -0.0030661951713812623 -0.00086810196237181725 0.0042720788799741815 -0.002756695728281534 -0.002756695728281534 0.0020891073311912678 -0.0060418195464433944 -0.002554887212279098 -0.00059476816146836957 0.0051599558297533007 0.0051599558297533007 0.0019067967782008047 -0.0002053041664887215 0.0016085490663912767 0.0075301921250969933
leaf_weight=759.04880359768867 16.59448342397809 169.4988828599453 66.853969149291515 108.12309688329697 183.51723578572273 100.04616314172745 68.408778131008148 152.68611173331738 101.7852875739336 127.00708703696728 2771.4150618389249 13.918537246994672 4491.6366669535637 137.19470830447972 277.88964035362005 237.350057721138 422.93910204619169 122.39494398236275 299.69470505416393 108.24709722399712 141.1151650249958 284.45896987617016 477.96493111550808 123.0422198921442 131.1663491949439 38.357258137315512 1126.6079330220819 2831.6836252659559 1326.1382647752762 88.076703697443008
leaf_count=4826 406 994 1604 448 1639 571 493 797 552 640 14513 687 20826 5312 2564 1919 2746 554 1325 634 627 2037 6369 1248 759 788 5499 12239 8240 398
internal_value=-0.000258067 -0.000129283 -0.00963041 -0.00125414 -0.00144112 0.000253886 -0.00102724 0.000538994 0.000456882 -0.00400794 -0.0019877 -0.00821248 0.000558691 -0.0111659 -0.00424564 -0.00570148 -0.00141537 -0.00257801 -7.85269e-05 -0.00543486 -0.00128651 -0.0042017 -0.000386685 0.000794264 0.00356002 -0.00193548 0.000637247 0.000473553 0.000799045 0.00197735
internal_weight=17304.9 17070.3 234.562 4337.34 4229.22 12733 2317.84 10415.1 10262.4 228.792 3470.17 217.967 10033.6 151.113 698.757 515.24 2249.43 1055.96 563.205 492.752 440.81 392.706 1193.47 677.148 254.209 516.322 9864.14 8737.54 5905.85 1414.21
internal_count=102254 94245 8009 25909 25461 68336 18151 50185 49388 1192 20635 7603 48196 5999 6122 4483 17658 5748 2506 3242 1952 2671 11910 4753 2007 7157 47202 41703 29464 8638
is_linear=0
shrinkage=0.05


Tree=93
num_leaves=31
num_cat=0
split_feature=1 1 1 0 1 1 0 1 1 1 1 1 1 0 1 1 1 1 1 1 1 1 1 1 1 1 1 1 1 1
split_gain=4.64798 2.08208 1.77782 2.81297 1.17628 2.1057 1.47067 1.43929 1.11177 1.0655 1.73434 0.844633 0.777833 1.42099 0.752085 0.751815 0.818324 1.23004 0.783168 1.49557 0.841176 0.811186 1.88857 0.91386 0.947354 1.08356 0.808418 0.621916 0.577016 0.569045
threshold=51.601718000000012 52.466590500000002 67.705214500000011 84.525195000000011 1.6478435000000002 1.0000000180025095e-35 106.94312000000001 32.134028500000007 -58.220447499999999 2.4477240000000005 3.2632700000000008 33.973648500000003 0.55094750000000003 95.913820000000015 54.321631000000004 31.441918000000005 16.105218500000003 16.804834500000002 12.866850500000002 12.381252500000002 11.940788500000002 11.475824000000001 11.003336000000003 8.9645635000000023 7.6177815000000004 5.0671040000000014 8.0586450000000003 4.567218500000001 63.499521000000009 43.79700350000001
decision_type=2 2 2 2 2 2 2 2 2 2 2 2 2 2 2 2 2 2 2 2 2 2 2 2 2 2 2 2 2 2
left_child=4 -2 14 -4 5 6 8 9 -1 -6 -11 -9 -7 -14 -3 16 18 -18 19 20 21 22 23 24 25 27 -26 -12 -16 -13
right_child=1 2 3 -5 7 12 -8 11 -10 10 15 29 13 -15 28 -17 17 -19 -20 -21 -22 -23 -24 -25 26 -27 -28 -29 -30 -31
leaf_value=0.0022070375840858767 -0.02435951229605901 0.0026850624409031775 -0.030319065765822724 4.8951533621043416e-05 0.0036510079259323468 -0.006184773342489451 0.0047415909295636556 -0.0032137517256902465 -0.00050828552526704473 -0.0033449973678366532 0.0011466150389040145 9.8544531264754842e-05 -0.0056594456477258477 0.0005339004930385512 -0.006885666590386131 0.0042245571264292736 -0.0030411957583475892 0.00034406711593113235 0.0022981720376559285 -0.0050491348292511463 0.0054308201936809778 -0.003630680927059027 0.0075801502070272407 -0.001100439426660263 0.0057694770256493562 -0.00049263266987150821 0.0015617205634480486 0.0045333705122023197 0.0011062795072031384 -0.0026038936364207025
leaf_weight=256.72181241214275 16.106440264731646 35.301241438835859 17.176065661944453 13.714175193570552 280.30473105609417 175.1566411703825 147.36785101890564 339.57072173058987 4666.4876310750842 281.20055158436298 465.375667065382 1038.5161319300532 163.56097234785557 213.51525098085403 123.28961276449263 144.08503301441669 284.8157075047493 4637.0675421357155 1028.2572432532907 108.90175145119429 99.720566391944885 101.49879493564367 102.53466553241014 575.85116822272539 176.63973039388657 978.29218435287476 322.66561558842659 191.26052540540695 27.650313148275018 239.7664834856987
leaf_count=1210 403 799 1287 730 1205 764 607 2013 27346 1213 2032 7967 764 864 3638 795 1228 21577 5577 815 796 811 801 3605 810 4368 1580 847 1187 4353
internal_value=-3.80001e-06 -0.00701427 -0.00572762 -0.0168367 9.22745e-05 -0.000499509 -0.000180191 0.000384253 -0.000327516 0.000612811 0.00052315 -0.000997175 -0.00343147 -0.00215253 -0.00388505 0.000641163 0.000584256 0.000148171 0.00110133 0.000707228 0.000915228 0.000760705 0.000919177 0.000667162 0.00114409 0.000561935 0.0030503 0.00213309 -0.00542164 -0.00040835
internal_weight=17252.4 233.238 217.131 30.8902 17019.1 5622.81 5070.58 11396.3 4923.21 9778.47 9498.17 1617.85 552.233 377.076 186.241 9216.97 9072.88 4921.88 4151 3122.74 3013.84 2914.12 2812.62 2710.08 2134.23 1634.93 499.305 656.636 150.94 1278.28
internal_count=101992 8044 7641 2017 93948 31555 29163 62393 28556 48060 46855 14333 2392 1628 5624 45642 44847 22805 22042 16465 15650 14854 14043 13242 9637 7247 2390 2879 4825 12320
is_linear=0
shrinkage=0.05


Tree=94
num_leaves=31
num_cat=0
split_feature=1 1 1 1 0 1 1 1 1 1 1 0 1 1 1 1 1 1 1 1 0 1 1 1 0 1 1 1 1 1
split_gain=8.11312 2.05718 2.05069 2.28092 1.6739 2.24581 1.34905 1.32926 1.0701 2.01125 0.961085 1.48827 0.888317 0.761674 1.72135 0.946907 0.794502 0.756366 1.05084 0.750232 2.99264 1.50428 0.889005 1.99491 2.40284 0.747009 1.1671 0.72179 0.664092 1.08383
threshold=51.601718000000012 64.806794500000009 9.6576005000000027 41.38483200000001 106.72323500000002 -2.0786639999999994 2.9825150000000007 48.550447500000011 53.412377500000012 54.321631000000004 8.9645635000000023 95.459655000000012 73.039727000000013 42.53721500000001 44.465817000000008 45.777952500000005 47.142154500000011 17.295331500000007 18.737256500000004 -0.27649149999999995 91.673515000000009 -4.8145869999999986 2.1760235000000008 4.567218500000001 82.592715000000013 -8.0202984999999973 -8.7903954999999989 5.5605090000000006 39.226540000000007 29.811994500000001
decision_type=2 2 2 2 2 2 2 2 2 2 2 2 2 2 2 2 2 2 2 2 2 2 2 2 2 2 2 2 2 2
left_child=2 8 4 17 10 -6 -7 13 -2 -10 19 -12 -3 -5 -15 -16 -17 -4 -19 21 22 25 -21 -24 -25 26 -1 -22 29 -20
right_child=1 12 3 7 5 6 -8 -9 9 -11 11 -13 -14 14 15 16 -18 18 28 20 27 -23 23 24 -26 -27 -28 -29 -30 -31
leaf_value=-0.00060396492125223402 -0.015113854084845472 -0.022997134963649198 0.0015379886118104744 -0.0089181445026013922 0.0082325907110813359 0.00088498288620120615 0.0050283462512101251 0.002809200865339978 0.010760720620509305 -0.0073162507549887363 -0.0078335888686844862 0.00052944769954122166 -0.0074917384776948303 0.0016376173546035098 -0.012447480652203215 0.00063714923621023957 -0.0091205907006051291 -0.0015661808529603646 0.0010630072586151717 -0.00071045413564411455 0.00088498288620120615 -0.0025548633020741913 -0.0071086004602612801 -0.0060179210351967126 -0.00071045413564411455 0.00088498288620120615 -0.0051574032431749711 -0.00064688243864333616 0.0035847184391465101 -0.00051972159057699758
leaf_weight=2816.5238746479154 33.484600014984608 33.963951888494194 2263.3690217584372 76.651607565581799 124.45506316423416 122.22843573987484 204.2286448776722 75.374657116830349 17.390517305582762 133.56284279935062 115.60172615945339 98.547986313700676 12.688021152280269 104.00461566448212 49.271750345826149 46.672756690531969 37.721052419394255 576.06399349868298 3504.1486063711345 234.62490199506283 1299.5413196980953 1152.4588137641549 228.87099468708038 223.25372919440269 272.26852643489838 700.49609329551458 148.1254840567708 804.02733117341995 190.08510179072618 1564.6111001521349
leaf_count=18531 797 2014 13206 781 515 509 1089 1571 398 4024 519 599 806 1203 808 800 814 2400 16404 1183 5327 5333 1111 1106 1103 3499 783 3669 1614 9590
internal_value=-9.43813e-05 -0.00940004 3.18687e-05 0.000582336 -0.000514909 0.00245004 0.000884983 -0.00315409 -0.00702744 -0.0052337 -0.000680078 -0.00398506 -0.0187801 -0.00458409 -0.00318631 -0.00693978 -0.00372422 0.000762136 0.000461182 -0.000590262 2.16239e-05 -0.000979243 -0.00230589 -0.00324777 -0.00146453 -0.000483809 -0.000831473 0.000884983 0.000683263 0.000574455
internal_weight=17264.3 231.09 17033.2 8487.97 8545.25 450.912 326.457 389.696 184.438 150.953 8094.34 214.15 46.652 314.322 237.67 133.666 84.3938 8098.28 5834.91 7880.19 3062.59 4817.6 959.018 724.393 495.522 3665.15 2964.65 2103.57 5258.84 5068.76
internal_count=102106 8039 94067 49191 44876 2113 1598 5977 5219 4422 42763 1118 2820 4406 3625 2422 1614 43214 30008 41645 13499 28146 4503 3320 2209 22813 19314 8996 27608 25994
is_linear=0
shrinkage=0.05


Tree=95
num_leaves=31
num_cat=0
split_feature=1 0 1 0 1 1 0 1 0 1 1 1 1 1 1 1 1 1 1 1 1 1 1 1 1 1 1 1 1 1
split_gain=2.71966 7.97093 3.02938 1.53843 1.43253 1.01055 2.57739 1.89222 0.963317 3.28597 1.03595 3.11358 0.955287 3.11241 1.26223 0.902546 2.37361 1.5904 0.916365 0.783531 0.783135 0.74313 1.79237 0.663485 1.00215 1.17246 0.879742 0.857096 0.655561 0.721113
threshold=32.467588000000006 105.75682000000002 9.6576005000000027 57.065445000000004 -63.053114499999992 64.806794500000009 79.885140000000021 70.92989900000002 80.669915000000017 8.0586450000000003 -32.710995499999989 -16.506661999999995 17.295331500000007 21.457533000000002 16.804834500000002 -6.5672764999999993 6.0289675000000011 2.6990795000000003 -0.27649149999999995 -10.436647499999998 -22.291405499999996 18.963075500000006 20.965705000000003 16.105218500000003 14.928189000000001 14.4870885 15.615661000000001 13.774837500000002 22.488046000000004 23.003462500000001
decision_type=2 2 2 2 2 2 2 2 2 2 2 2 2 2 2 2 2 2 2 2 2 2 2 2 2 2 2 2 2 2
left_child=2 5 4 -4 -1 -2 7 -7 9 10 -6 20 14 21 23 -13 17 18 -17 -10 -12 -14 -23 24 25 27 -26 -5 -15 -30
right_child=1 -3 3 12 8 6 -8 -9 19 -11 11 15 13 28 -16 16 -18 -19 -20 -21 -22 22 -24 -25 26 -27 -28 -29 29 -31
leaf_value=0.0040776699137434411 -0.002210350474774045 0.015988344418305416 -0.0050071621820616981 0.0012582780319143774 -0.00084076253280255327 -0.044305412497582082 -0.0016026247384227342 -0.014272609525226658 -0.00084076253280255327 -0.011917287367937041 -0.004458962898912908 -0.00084076253280255327 -0.0019327171327682452 0.0036860158283970289 0.0059714807941544006 -0.0054345483755823109 -0.00084076253280255327 -0.0097684882343656628 -0.00084076253280255327 0.00012083653623102529 -0.0092805269128592733 0.0012513851411450211 -0.0019327171327682452 -0.00063814574707184244 0.0060483065497317495 -0.0019327171327682452 0.0014277605556751148 0.0047960029731534638 -0.0017630849527832558 0.0016204539348323396
leaf_weight=178.45470736920834 1679.463441060856 60.943212017416954 103.25472411513329 989.39487712085247 506.91249523311853 7.8713728077709657 31.351279617287219 6.8872697297483683 1345.9531997144222 72.572599679231644 237.86732359230518 251.70853762328625 666.2903690636158 357.9204837679863 182.80463276803493 187.46944454312325 84.606694206595421 132.55259770154953 113.17324747145176 5282.9965794235468 130.37744453549385 749.24838519096375 189.65447005629539 277.45608355104923 246.10980994999409 156.6057680696249 177.181944206357 207.0322919934988 168.07999114692211 2494.89797045663
leaf_count=803 18856 340 568 7136 3645 631 1660 540 7887 355 2159 2131 2769 1595 778 1409 422 761 697 23284 1233 3161 823 1192 1185 778 803 1203 771 12609
internal_value=6.4042e-05 -0.00178319 0.000277082 0.00105058 -0.000354987 -0.00241084 -0.00971332 -0.0269426 -0.000449764 -0.00150516 -0.00104572 -0.0023695 0.00114173 0.000731547 0.00199014 -0.000840763 -0.00295758 -0.00520589 -0.00319425 -0.000176361 -0.00616604 -0.00104762 -0.000111162 0.00163576 0.00199094 0.00132667 0.00411423 0.00187045 0.00167693 0.00140689
internal_weight=17277.1 1786.52 15490.6 6965.93 8524.64 1725.57 46.1099 14.7586 8346.19 1717.24 1644.67 1137.76 6862.68 4626.09 2236.59 769.511 517.802 433.195 300.643 6628.95 368.245 1605.19 938.903 2053.78 1776.32 1353.03 423.292 1196.43 3020.9 2662.98
internal_count=102184 22027 80157 35371 44786 21687 2831 1171 43983 12812 12457 8812 34803 21728 13075 5420 3289 2867 2106 31171 3392 6753 3984 12297 11105 9117 1988 8339 14975 13380
is_linear=0
shrinkage=0.05


Tree=96
num_leaves=31
num_cat=0
split_feature=1 1 1 1 1 1 1 0 1 0 1 1 1 1 1 1 0 1 1 1 1 0 1 1 1 1 1 1 1 1
split_gain=1.96722 3.32465 1.87371 1.38533 0.690517 0.894827 0.574516 6.0357 1.40284 16.0319 2.30576 1.15078 1.01857 1.08525 0.896437 4.10549 2.81008 2.90384 2.03364 1.84305 1.83908 1.06408 0.936693 0.93387 1.25018 0.684045 0.928734 0.844114 0.756393 1.16878
threshold=51.601718000000012 52.466590500000002 67.705214500000011 73.039727000000013 -69.750482999999988 -50.053425499999996 31.096620500000004 105.75682000000002 27.080267500000001 95.22858500000001 29.811994500000001 31.441918000000005 30.114464000000005 28.253007500000006 15.615661000000001 8.7348700000000026 79.079865000000012 14.260031500000002 11.003336000000003 18.256268500000001 12.179487500000002 104.02382000000001 19.466933000000004 12.381252500000002 12.866850500000002 23.259810500000004 22.488046000000004 24.043171500000003 21.204332000000004 21.699859500000006
decision_type=2 2 2 2 2 2 2 2 2 2 2 2 2 2 2 2 2 2 2 2 2 2 2 2 2 2 2 2 2 2
left_child=4 -2 -3 -4 -1 -6 8 11 14 12 -11 -8 13 -10 15 21 20 18 -18 -16 -17 -7 -21 -20 -25 26 28 -27 -24 -30
right_child=1 2 3 -5 5 6 7 -9 9 10 -12 -13 -14 -15 19 16 17 -19 23 22 -22 -23 25 24 -26 27 -28 -29 29 -31
leaf_value=0.0044495529126336543 -0.026699128965255881 -0.00095341907652963923 -0.023964186071487481 -0.0018491736844844669 -0.0025902061589807976 -0.00027277412618621294 -0.0073625942707166219 0.013718936068908675 -0.0026101487687645148 0.010349162383639461 0.0032609309757404554 -0.00091726951936786758 -0.00032847640892516073 -0.0081620438173464413 -0.0022632826805986206 -0.006107537686261248 0.0024241141650570932 0.00065382702514820063 0.0089754417477263693 0.0021964013727088375 0.00065382702514820063 0.0014789833286471066 -0.0014016962535171147 0.00065382702514820063 0.0065947964166715558 0.0032955865288882705 -0.0036407854323442165 -4.4777693311558832e-06 0.0043327977524230885 -0.0008437253279159672
leaf_weight=95.016578048467636 15.688397500663994 181.52355225477368 16.783895447850231 12.249763675965367 287.55890209972858 6850.5430741235614 72.19003689289093 70.68900927901268 150.73527751863003 361.72978964075446 168.02197168022394 1702.7559074573219 108.43919871747494 211.56260751187801 1024.2654671669006 145.76651474833488 558.61298387497663 421.93700374662876 245.24014243483543 488.37481415271759 140.40134164690971 992.48503088951111 659.05704198777676 90.753600232303143 305.4686733186245 246.67013892531395 259.93499961495399 903.63076689839363 183.28977216035128 269.1864507496357
leaf_count=413 409 5571 1193 789 1601 36736 390 430 787 1824 799 14813 637 1174 4393 717 3541 2129 2105 2025 616 4408 2805 736 2127 1171 1201 4405 805 1204
internal_value=0.000137449 -0.00449423 -0.00283976 -0.0146335 0.000199038 0.000175168 0.00022298 -0.000608795 0.000326804 0.00213462 0.00810098 -0.00117941 -0.00457972 -0.00585216 0.000195602 0.000454947 0.00253491 0.00334085 0.00462974 -0.000431237 -0.0020332 -5.11004e-05 0.000192156 0.0065505 0.00504959 -0.000195994 -0.000950169 0.000703187 -0.000320962 0.00125319
internal_weight=17240.6 226.246 210.557 29.0337 17014.3 16919.3 16631.7 1845.63 14786.1 1000.49 529.752 1774.95 470.737 362.298 13785.6 9751.21 1908.18 1622.01 1200.08 4034.41 286.168 7843.03 3010.14 641.462 396.222 2521.77 1371.47 1150.3 1111.53 452.476
internal_count=101954 7962 7553 1982 93992 93579 91978 15633 76345 5221 2623 15203 2598 1961 71124 53115 11971 10638 8509 18009 1333 41144 13616 4968 2863 11591 6015 5576 4814 2009
is_linear=0
shrinkage=0.05


Tree=97
num_leaves=31
num_cat=0
split_feature=1 0 1 0 1 0 1 1 0 0 1 1 0 1 1 1 1 1 1 1 1 1 0 1 1 1 1 1 1 0
split_gain=6.22927 8.52776 1.24091 2.97375 1.67768 1.16903 0.81059 0.596702 14.3189 5.25085 2.89061 2.39175 2.3653 2.35567 2.2482 2.67025 1.51558 1.50297 2.00352 1.22291 1.10473 2.64983 1.48815 1.21106 1.01796 0.860706 0.771585 0.628068 0.487351 0.443181
threshold=34.741900500000007 105.75682000000002 60.045394500000008 78.512410000000003 67.705214500000011 89.032890000000023 35.543901500000011 21.457533000000002 98.218310000000017 106.31403500000002 26.488426000000004 24.297458000000002 94.370435000000015 27.391326500000002 16.105218500000003 10.346324000000001 12.381252500000002 30.114464000000005 27.391326500000002 20.965705000000003 30.114464000000005 25.917081500000005 101.36771500000002 23.259810500000004 15.846398000000002 18.737256500000004 25.659429500000005 19.958431000000001 33.586376000000008 98.325540000000004
decision_type=2 2 2 2 2 2 2 2 2 2 2 2 2 2 2 2 2 2 2 2 2 2 2 2 2 2 2 2 2 2
left_child=7 2 6 -4 5 -5 -2 14 11 20 -11 -9 17 -14 15 -1 -17 18 26 25 21 22 -10 -24 -18 -16 -13 -27 -19 -8
right_child=1 -3 3 4 -6 -7 29 8 9 10 -12 12 13 -15 19 16 24 28 -20 -21 -22 -23 23 -25 -26 27 -28 -29 -30 -31
leaf_value=3.1367542923074438e-05 -0.0075217362753381206 0.018622316976690961 -0.0250768131343467 -0.0064467159344726854 -0.014723899830101007 0.0073262861244195818 -0.0037317442438409409 0.0010359521941672824 0.0016046177421022126 0.023252682013516886 0.0097856750625214747 -0.0056479526350694149 -0.0018662283598212743 0.0016046177421022126 -0.0020182362616455642 0.004632822551706434 0.00082674700752026335 -0.0018662283598212743 -0.0085537688623168861 -0.0053510387186636475 0.0016046177421022126 0.0080742986926900257 0.0035848620530912149 0.0089485877587455898 0.0064047988669336661 0.0013015617194887593 -0.0018662283598212743 -0.0014307663134930843 -0.0058236084621158916 -0.0014722375054218606
leaf_weight=8764.9289880916476 116.74930585920811 43.115414373576641 23.14575525559485 26.679694849997759 20.379503130912781 22.076519435271621 836.38317021355033 575.7704389244318 241.98994515836239 59.534483730792999 46.655750900506973 180.84268264472485 154.3777242153883 305.02498170733452 1040.2754511982203 470.80680793523788 1051.3679366931319 308.99223457276821 292.90038189291954 181.18053119629622 321.58143611252308 377.18366888910532 124.13506084680557 141.43626211583614 88.690285578370094 486.99898174405098 227.58390033245087 370.19737165421247 81.14684372395277 293.05706135556102
leaf_count=46278 744 219 1417 1036 1271 682 12486 2476 981 665 525 839 685 1467 4394 3631 6040 2050 1610 788 1401 1781 566 744 403 2024 1098 1583 671 1806
internal_value=-4.43889e-05 -0.00326471 -0.00396974 -0.00956436 -0.00437099 0.0007036 -0.00355546 0.000235545 0.000818552 0.00492525 0.0155844 -0.00171602 -0.0027377 0.000272073 7.45537e-05 0.000375235 0.00224626 -0.00400453 -0.00539801 -0.00142632 0.00398695 0.00490007 0.00254121 0.00556511 0.00126069 -0.00105157 -0.00313488 0.000121551 -0.00186623 -0.00314547
internal_weight=17275.2 1381.59 1338.47 92.2815 69.1357 48.7562 1246.19 15893.6 3439.16 1312.52 106.19 2126.64 1550.87 459.403 12454.4 10375.8 1610.87 1091.47 701.327 2078.65 1206.33 884.745 507.561 265.571 1140.06 1897.47 408.427 857.196 390.139 1129.44
internal_count=102361 19661 19442 4406 2989 1718 15036 82700 17559 6663 1190 10896 8420 2152 65141 56352 10074 6268 3547 8789 5473 4072 2291 1310 6443 8001 1937 3607 2721 14292
is_linear=0
shrinkage=0.05


Tree=98
num_leaves=31
num_cat=0
split_feature=1 1 1 0 1 1 0 0 1 0 1 1 0 1 0 1 1 1 0 1 1 1 1 0 1 1 1 0 0 1
split_gain=2.37961 2.05948 1.55774 1.98029 0.966832 1.39675 1.89256 1.37631 0.863948 0.758529 1.17268 0.637406 13.9235 3.60837 3.96457 4.90235 3.77365 2.88655 2.20273 1.17021 1.77278 1.63223 1.97728 4.35159 26.3329 13.5626 1.99021 1.83105 1.44196 1.32323
threshold=-15.315342499999998 47.142154500000011 -27.443423499999998 91.673515000000009 67.705214500000011 63.499521000000009 85.921030000000016 84.525195000000011 -25.216032999999999 82.133815000000013 -16.506661999999995 21.457533000000002 106.94312000000001 21.699859500000006 97.890790000000024 32.134028500000007 24.842162500000004 26.788501500000006 101.25781500000001 18.003022500000004 16.583148000000005 15.392356500000002 11.940788500000002 91.396525000000011 9.880431500000002 10.115368500000002 11.243997000000002 101.25781500000001 105.39100000000001 12.381252500000002
decision_type=2 2 2 2 2 2 2 2 2 2 2 2 2 2 2 2 2 2 2 2 2 2 2 2 2 2 2 2 2 2
left_child=2 11 3 -1 5 -3 -7 -6 -4 -10 -11 19 13 -13 -15 16 -16 18 -18 20 21 22 23 24 -2 -25 27 -27 -21 -24
right_child=1 4 8 -5 7 6 -8 -9 9 10 -12 12 -14 14 15 -17 17 -19 -20 28 -22 -23 29 25 -26 26 -28 -29 -30 -31
leaf_value=-0.000775298789089353 -0.00027055141402366383 -0.003616124632801713 -0.0073565630934952194 0.0074759878851586789 -0.022090289224741572 -0.0044526875308504785 0.022119876073616415 -9.9439558259877206e-07 -0.0047412771258973684 0.00025386745849439345 -0.0030342509444136667 0.0100204911622448 0.019432562237095594 -0.00077424684113380196 0.00079208125564526497 0.00079208125564526497 0.0023758957736959218 0.0046108534000174574 0.0100204911622448 -0.0016083990554856958 0.0032155202020038784 -0.0025945017169985429 0.008090900134953399 0.00044618064111392596 -0.018789187104043301 0.011273575775567665 0.0065098154624470429 0.022180700700503958 0.0039395800218549378 0.0019952683316511255
leaf_weight=936.10525289922953 2081.5259770527482 286.13586812466383 102.08801322430372 78.839493572711945 15.763544690795245 13.949012161232533 12.8953113052994 12.759475654922424 242.29729046672583 404.62602141499519 90.584425762295723 88.97595126926899 100.47867120429873 2689.4092530421913 396.52118941396475 528.97116230800748 108.60536323487759 479.48662793636322 103.76505916565657 1201.4808360338211 571.41286905109882 449.23910917341709 99.112436942756176 4709.9888523593545 203.54885043203831 92.956708565354347 90.91877293586731 65.656752340495586 129.76725805550814 875.19943587481976
leaf_count=6448 11666 7285 806 387 1298 747 458 714 2268 2448 522 373 1052 17724 1818 2600 442 2255 577 4890 2413 2002 800 21001 1055 705 875 721 734 5228
internal_value=0.000239757 0.000443415 -0.00145234 -0.00013435 -0.00339618 -0.00259304 0.00831208 -0.0122089 -0.0030456 -0.00244886 -0.00132722 0.000530442 0.00102909 0.00060842 0.000402183 0.00235841 0.00465297 0.00688188 0.0100205 0.000318345 0.000518033 0.000340212 0.000500621 0.000216215 -0.00158911 0.00104801 0.0124077 0.0157885 -0.00106759 0.00261535
internal_weight=17263.1 15408.5 1854.54 1014.94 341.503 312.98 26.8443 28.523 839.596 737.508 495.21 15067 4496.21 4395.73 4306.76 1617.35 1088.38 691.857 212.37 10570.8 9239.56 8668.15 8218.91 7244.6 2285.07 4959.52 249.532 158.613 1331.25 974.312
internal_count=102312 89433 12879 6835 10502 8490 1205 2012 6044 5238 2970 78931 26841 25789 25416 7692 5092 3274 1019 52090 46466 44053 42051 36023 12721 23302 2301 1426 5624 6028
is_linear=0
shrinkage=0.05


Tree=99
num_leaves=31
num_cat=0
split_feature=1 1 1 1 1 1 1 1 1 1 1 1 1 1 1 1 1 1 1 1 1 1 1 1 1 1 1 1 1 1
split_gain=2.61703 1.29305 0.745906 1.09939 1.1353 1.06774 0.86534 2.07187 1.08392 3.15806 1.61299 0.994113 0.717611 0.661703 2.31981 3.35505 1.18129 0.896672 1.4596 0.821601 1.261 0.810668 1.27443 0.58045 1.02269 0.567597 1.27332 1.19867 0.682115 1.23091
threshold=44.465817000000008 61.091836500000007 -20.520321499999998 -18.409059999999997 -15.315342499999998 -44.338412999999996 -10.012410999999998 -11.766539499999999 -7.294513499999999 -6.5672764999999993 -5.1525904999999996 -12.670013999999998 52.466590500000002 1.0000000180025095e-35 1.3600800000000002 2.4477240000000005 7.4040830000000009 12.381252500000002 12.866850500000002 16.583148000000005 14.260031500000002 14.928189000000001 15.392356500000002 13.774837500000002 13.316450000000001 32.467588000000006 32.815520000000014 31.441918000000005 29.811994500000001 28.550513000000002
decision_type=2 2 2 2 2 2 2 2 2 2 2 2 2 2 2 2 2 2 2 2 2 2 2 2 2 2 2 2 2 2
left_child=2 12 5 -4 -5 -1 7 11 -8 -10 -11 -6 -2 -12 -15 -16 -17 -18 -19 20 23 -22 -23 24 -20 27 -27 28 29 -21
right_child=1 -3 3 4 6 -7 8 -9 9 10 13 -13 -14 14 15 16 17 18 19 25 21 22 -24 -25 -26 26 -28 -29 -30 -31
leaf_value=0.00078330220326961332 -0.0043623106484684745 -0.009816871686366465 0.0041138847695814254 -0.0029512985957754674 0.0012315419407494198 -0.0021049621020467596 -0.0021248285425199387 0.0051823121192674342 0.0070712133865554368 -0.0033636553002283371 0.0011758282791776552 -0.0038854432135114916 0.00028922517199602148 -0.0034841999783430987 0.0048143187456645585 -0.0011437831862858444 0.0013711037855718017 -0.0058659495748528542 0.0033519959085777894 0.0003658331484813478 -0.0045958652936897437 0.0026291194358883593 -0.0025387466646234272 0.0039630049548092464 -0.0032518654080197027 -0.0072246384906133627 -0.00021650591161802621 0.0042647931245942379 -0.0016374832252224255 0.0036444434497454044
leaf_weight=498.39905488491058 223.73964454978704 76.178014785051346 171.8711616024375 300.32588838785887 327.49263073503971 893.89381194859743 542.72110652178526 283.12814322113991 163.01839347928762 333.56147576123476 1421.8866990730166 133.65535859763622 131.73536218144 450.63141362369061 376.56851905584335 1833.2560351192951 1485.49677888304 103.59940814226866 110.74360216408968 4077.6967137306929 240.30238701403141 162.31979577243328 450.11499167978764 135.61077059805393 124.57280755788088 68.295172184705734 1271.6938277259469 211.96464744210243 370.74246964603662 307.89271252602339
leaf_count=2817 4436 3966 1215 2026 2033 6883 2843 1606 813 1634 6541 800 3590 1965 1616 8087 8925 789 797 18513 1222 806 2006 830 809 401 9624 1185 1989 1615
internal_value=-6.10592e-05 -0.00390534 3.74126e-05 0.000137244 9.25353e-05 -0.00107105 0.000153531 0.00181555 6.66796e-05 0.000153496 7.01893e-05 -0.000251523 -0.0026385 0.00015694 3.39719e-05 0.00017389 1.43696e-05 0.000247149 2.84833e-05 0.000109559 -0.00107613 -0.00213473 -0.00116905 0.00135753 -0.000143984 0.000339556 -0.000573689 0.000585866 0.000421915 0.00059601
internal_weight=17283.1 431.653 16851.5 15459.2 15287.3 1392.29 14987 744.276 14242.7 13700 13537 461.148 355.475 13203.4 11781.5 11330.9 10954.3 9121.05 7635.55 7531.95 1223.66 852.737 612.435 370.927 235.316 6308.29 1339.99 4968.3 4756.33 4385.59
internal_count=102382 11992 90390 80690 79475 9700 77449 4439 73010 70167 69354 2833 8026 67720 61179 59214 57598 49511 40586 39797 6470 4034 2812 2436 1606 33327 10025 23302 22117 20128
is_linear=0
shrinkage=0.05


Tree=100
num_leaves=31
num_cat=0
split_feature=1 1 1 1 1 0 1 1 1 0 1 1 0 1 1 0 1 1 0 1 1 1 1 1 1 1 1 1 1 1
split_gain=2.92212 2.35989 2.06096 1.62099 1.82189 2.06693 1.54632 2.09498 1.45081 1.37123 1.09997 1.50154 1.02851 2.25199 1.78739 1.5674 0.879205 1.02328 0.868408 0.811322 0.807791 0.764302 1.36384 0.784467 0.821501 0.712976 0.706197 0.674016 1.75252 1.52902
threshold=44.465817000000008 -3.7598809999999996 -5.5036999999999994 45.777952500000005 61.091836500000007 91.808785000000015 1.0000000180025095e-35 0.55094750000000003 -53.860727499999989 97.57407000000002 -1.7779734999999997 -2.7319224999999996 96.697305000000014 -14.743123999999998 -10.436647499999998 73.006085000000013 -7.294513499999999 -9.1881969999999988 72.237370000000013 -11.766539499999999 47.142154500000011 39.226540000000007 32.134028500000007 4.3217105000000009 2.4477240000000005 42.012649000000003 -10.012410999999998 15.392356500000002 18.963075500000006 12.866850500000002
decision_type=2 2 2 2 2 2 2 2 2 2 2 2 2 2 2 2 2 2 2 2 2 2 2 2 2 2 2 2 2 2
left_child=1 2 8 -2 20 18 9 -8 -1 10 11 -3 13 -10 -14 26 17 19 -6 -17 -5 22 23 24 -9 -23 -15 29 -29 -25
right_child=3 6 -4 4 5 -7 7 21 12 -11 -12 -13 14 15 -16 16 -18 -19 -20 -21 -22 25 -24 27 -26 -27 -28 28 -30 -31
leaf_value=0.0026135853875602806 -0.012835470271338904 0.0019359087543477779 -0.0042994226161639738 0.0048276698655730773 -0.028342966379115084 0.0070950505929368805 -0.0050644345384457017 0.00053267725288410586 -0.00043509061021076973 0.0040349372902547592 0.0022570646660152061 -0.0053495825933183028 -0.00043509061021076973 -0.011792463315148554 0.0029806142987558928 -0.0041800105379946667 -0.00043509061021076973 -0.00539103867710998 -0.011472910700256533 -0.00043509061021076973 -0.002376300619237211 0.0042864553061603234 -0.0014731577673806463 0.00057668352351584041 -0.0019861548477570394 -0.00020369824206116038 -0.00539103867710998 -0.0012715123368490788 0.00078258696368593362 0.0030930156203861758
leaf_weight=320.76004001498222 47.3825394064188 140.36130804568529 419.38566997647285 45.866383541375399 8.9103940390050393 14.459669046103953 183.27899424731731 649.14716909825802 1428.610638000071 528.87112009525299 273.46768854558468 142.54688584059477 406.96288596093655 70.816014729440212 457.83959685266018 229.67077481001616 199.06362273544073 194.84229227155447 53.018135707825422 225.36451824754477 256.68181409686804 228.68189999461174 1042.248459905386 2729.6393589526415 645.68315006792545 144.12792850285769 65.062678277492523 1410.0791556537151 3939.3564836084843 775.12454858422279
leaf_count=1607 791 730 2042 789 647 495 803 2797 10915 2130 1318 717 1930 614 1970 1455 1034 1070 2858 1333 6324 2018 6816 14763 2808 1635 535 6028 18916 4473
internal_value=-2.83238e-05 7.51036e-05 -0.000982288 -0.00411647 -0.00302624 -0.00992597 0.000406213 0.00023939 -0.000595746 0.00221201 0.000479192 -0.00173498 -0.000909765 -0.00143991 0.00056973 -0.00329709 -0.00249907 -0.00342625 -0.0139002 -0.00205407 -0.00128418 0.00032345 0.000249259 0.000426142 -0.00072337 0.00255057 -0.00828301 0.000594245 0.000241139 0.0011332
internal_weight=17277.3 16851 4018.38 426.319 378.936 76.3882 12832.6 11747.4 3598.99 1085.25 556.376 282.908 3278.23 2413.43 864.802 984.82 848.941 649.878 61.9285 455.035 302.548 11564.1 11191.3 10149 1294.83 372.81 135.879 8854.2 5349.44 3504.76
internal_count=102361 90457 24505 11904 11113 4000 65952 61057 22463 4895 2765 1447 20856 16956 3900 6041 4892 3858 3505 2788 7113 60254 56601 49785 5605 3653 1149 44180 24944 19236
is_linear=0
shrinkage=0.05


Tree=101
num_leaves=31
num_cat=0
split_feature=1 0 1 1 1 1 1 1 1 1 1 1 1 1 1 1 1 1 1 1 1 1 1 1 1 1 1 1 1 1
split_gain=2.54395 1.75191 0.920584 2.09839 1.53916 1.13416 0.874305 1.14499 0.572498 1.01668 0.593755 1.14939 1.32329 1.0759 1.06602 0.819767 0.536459 0.49079 0.415867 0.653717 0.382382 0.59155 0.375721 0.367904 0.691408 0.996689 0.924923 1.10269 0.842073 0.64829
threshold=49.314719000000004 111.08359 29.811994500000001 28.550513000000002 30.759384000000001 32.134028500000007 -17.104385499999996 -69.750482999999988 -2.7319224999999996 -3.7598809999999996 -5.8465179999999988 -9.5991719999999976 -12.190182499999999 -13.164982999999998 -11.344117999999998 -15.870294499999998 45.777952500000005 52.466590500000002 27.684526500000004 27.080267500000001 54.321631000000004 55.228108500000005 50.752696000000007 32.815520000000014 36.404865500000007 37.285711000000006 37.738118000000007 39.226540000000007 39.738916500000009 40.265485500000004
decision_type=2 2 2 2 2 2 2 2 2 2 2 2 2 2 2 2 2 2 2 2 2 2 2 2 2 2 2 2 2 2
left_child=1 2 3 6 -4 -6 7 -1 9 10 11 12 13 15 -14 -8 23 22 19 -10 -19 -22 -2 -7 -25 -26 -27 -28 -29 -30
right_child=17 -3 4 -5 5 16 8 -9 18 -11 -12 -13 14 -15 -16 -17 -18 20 -20 -21 21 -23 -24 24 25 26 27 28 29 -31
leaf_value=0.0033543734852054712 -0.0045196294478762992 0.0063470555694181505 -0.0044658664257545902 0.0033543734852054712 0.0027304358496857968 -0.0033959208947805311 0.0033543734852054712 -0.00099754700795401689 0.00037816685133652112 0.0033543734852054712 -0.00064670047850566613 0.0027272944778824366 -0.0056353297285892182 0.0033543734852054712 -0.0002308648931029063 -0.0010674429555886259 0.0028205055147917492 0.0016081821786534175 -0.001767677132178264 0.0033543734852054712 -0.013432831760764026 -0.0032030968493371435 -0.011728206335769681 0.00064126407010264884 -0.005858975888603791 0.0033543734852054712 -0.0051270388851488175 0.0033543734852054712 -0.0066096714906880684 -0.00029554070270237915
leaf_weight=92.594675093889236 38.259474605321884 123.15384058654308 231.71141576766968 300.90782740712166 289.59872517734766 136.55615781992674 121.1242219209671 1576.9241687580943 9820.7324116155505 258.82920031994581 503.70609645545483 784.77560438215733 134.74738917499781 130.65824979543686 282.60893885046244 319.73144651204348 102.29465520009398 35.099349334836006 220.04987985640764 158.70622898638248 15.507617473602293 159.30794664379209 34.265254080295563 569.32981942594051 119.44636641442776 54.881474874913692 153.62297133356333 50.760135345160961 46.683075726032257 314.66413679346442
leaf_count=402 806 796 1221 1568 1583 802 809 11261 47071 1209 2456 4013 799 792 1582 2025 2010 804 1158 804 409 6492 804 3567 814 396 1223 401 398 3570
internal_value=0.000326655 0.000405311 0.000361691 0.000500639 -0.000625662 -0.000141496 0.000408514 -0.000667349 0.000549549 0.00122182 0.000868268 0.00129851 0.000164616 0.00172765 -0.00197575 0.000267023 -0.000678692 -0.00437946 0.000382383 0.000429793 -0.00315434 -0.00411056 -0.00792542 -0.000926246 -0.000668684 -0.00167643 -0.000871436 -0.00151154 -0.000163776 -0.00111127
internal_weight=17181.2 16898.8 16775.6 14706.1 2069.55 1837.84 14405.2 1669.52 12735.7 2536.18 2277.35 1773.65 988.87 571.514 417.356 440.856 1548.24 282.44 10199.5 9979.44 209.915 174.816 72.5247 1445.94 1309.39 740.058 620.612 565.73 412.107 361.347
internal_count=102045 92730 91934 75949 15985 14764 74381 11663 62718 13685 12476 10020 6007 3626 2381 2834 13181 9315 49033 47875 7705 6901 1610 11171 10369 6802 5988 5592 4369 3968
is_linear=0
shrinkage=0.05


Tree=102
num_leaves=31
num_cat=0
split_feature=1 1 1 1 1 1 1 1 1 1 1 1 1 1 1 1 1 1 1 1 1 1 1 1 1 1 1 1 1 1
split_gain=1.47634 1.8971 1.00621 1.09434 1.98892 1.93546 1.12963 0.83419 1.18394 0.828459 1.1439 0.616929 0.550042 0.509673 1.85919 1.34777 0.745648 1.10101 0.692417 0.446656 0.836304 0.48872 0.486152 1.11531 0.64935 0.694902 0.595251 2.38608 0.889328 1.23244
threshold=29.811994500000001 30.114464000000005 -58.220447499999999 24.556618500000003 26.788501500000006 28.550513000000002 23.515903500000004 18.256268500000001 17.058564500000003 61.091836500000007 67.705214500000011 29.178595000000005 63.499521000000009 -37.669539499999992 -27.443423499999998 -41.870221999999991 -20.520321499999998 -22.291405499999996 -46.88710249999999 -15.870294499999998 -17.104385499999996 -18.409059999999997 -11.344117999999998 -10.012410999999998 -12.670013999999998 -14.219619 -7.294513499999999 -6.5672764999999993 -3.7598809999999996 -0.27649149999999995
decision_type=2 2 2 2 2 2 2 2 2 2 2 2 2 2 2 2 2 2 2 2 2 2 2 2 2 2 2 2 2 2
left_child=2 -2 -1 6 -5 -6 7 8 13 -3 12 -7 -11 15 -15 18 17 -16 -4 20 21 -18 24 -24 25 -21 -25 -28 -29 -30
right_child=1 9 3 4 5 11 -8 -9 -10 10 -12 -13 -14 14 16 -17 19 -19 -20 22 -22 -23 23 26 -26 -27 27 28 29 -31
leaf_value=0.003201885096541816 -0.0090659969941426031 -0.00077459278729449191 -0.0019344813837329925 0.0034208956348353928 -0.002341898590361009 0.0049928470120629365 -0.002900547224526991 0.00096833513590563859 -0.0025875236743372852 -0.0073888674281507045 -0.0142555085756921 0.00050108205322921728 0.0033648233044379161 0.0035522170224061202 -0.00052022404632829831 -0.0066160036492288318 0.0018534710069306078 -0.0064920063714318148 0.0029570005096525745 -0.0024292615748355405 0.0051190338018107379 -0.0023143062296685011 0.0035847174536926592 -0.0016881157601218435 -0.0037343792816739636 0.0017939792076086024 0.0060583245033163638 -0.0018543405678936439 0.0017028240032691561 -0.00021013225872289093
leaf_weight=263.56226909160614 74.361620798707008 2207.1982983648777 191.23976399004459 657.16428057849407 467.8231602050364 154.69974479824305 340.3919422775507 1956.5688582733274 477.48185642063618 21.549973407760262 27.39954022038728 151.11653783172369 26.530163350515068 361.0777740702033 257.47182445973158 106.24468488991261 172.2685920894146 110.22561736404896 116.37343162298203 190.24256982654333 119.52148482203484 118.875667065382 212.60506555438042 539.71477337926626 206.57492519170046 199.593336597085 160.68932177126408 658.28534782677889 987.34657397121191 5718.2223819494247
leaf_count=1236 401 20834 1259 3217 2411 808 1619 8516 1999 812 1999 797 1208 2844 2010 822 1216 812 807 1213 800 824 1209 2839 1225 1237 802 3228 4461 28883
internal_value=-4.40342e-05 -0.00120677 0.000139956 8.48017e-05 0.00139824 -0.000319891 -5.75567e-05 1.76909e-05 -0.000152888 -0.000950741 -0.00610171 0.00277328 -0.00145508 -4.13945e-05 2.96769e-05 -0.00176087 -0.000102105 -0.0023104 -8.39804e-05 -1.46438e-05 0.00159744 0.000151747 -8.9253e-05 1.00938e-05 -0.00146797 -0.000266991 -8.41471e-05 3.09012e-05 -0.000100625 7.15367e-05
internal_weight=17252.4 2357.04 14895.4 14631.8 1430.8 773.639 13201 12860.6 10904.1 2282.68 75.4797 305.816 48.0801 10426.6 10012.7 413.858 9651.64 367.697 307.613 9283.94 410.666 291.144 8873.27 8276.86 596.411 389.836 8064.26 7524.54 7363.85 6705.57
internal_count=102348 25254 77094 75858 7233 4016 68625 67006 58490 24853 4019 1605 2020 56491 53603 2888 50759 2822 2066 47937 2840 2040 45097 41422 3675 2450 40213 37374 36572 33344
is_linear=0
shrinkage=0.05


Tree=103
num_leaves=31
num_cat=0
split_feature=1 1 1 1 1 1 1 1 1 1 1 1 1 1 1 1 1 1 1 1 1 1 1 1 1 1 1 1 1 1
split_gain=2.45288 0.950374 1.38171 0.942801 0.654517 0.728216 0.671295 0.618972 0.487998 0.668857 1.88584 1.00589 0.993481 0.975753 0.807278 0.71508 0.621385 0.881867 0.482771 0.556424 0.492114 0.474447 0.418909 0.317494 1.79349 2.55253 1.35224 0.961853 0.611036 0.485854
threshold=34.741900500000007 -63.053114499999992 -31.135034499999996 35.143657000000005 -41.870221999999991 -35.828337999999995 -50.053425499999996 37.738118000000007 40.265485500000004 51.601718000000012 52.466590500000002 54.321631000000004 49.969406500000005 59.143156000000005 57.089142000000002 67.705214500000011 46.477814000000002 48.550447500000011 63.499521000000009 61.091836500000007 64.806794500000009 70.92989900000002 36.831210000000006 13.097009000000002 6.9597870000000013 6.498139000000001 14.928189000000001 14.007322500000003 7.4040830000000009 12.179487500000002
decision_type=2 2 2 2 2 2 2 2 2 2 2 2 2 2 2 2 2 2 2 2 2 2 2 2 2 2 2 2 2 2
left_child=1 -1 4 -2 6 -6 -3 22 -9 12 -11 -12 16 14 -13 18 -10 -18 19 -15 -20 -17 -5 24 25 -4 27 -25 -26 -30
right_child=3 2 23 7 5 -7 -8 8 9 10 11 13 -14 15 -16 21 17 -19 20 -21 -22 -23 -24 26 28 -27 -28 -29 29 -31
leaf_value=0.0036076167937683563 -0.0081369697098754076 -0.0027778308178150884 5.877082824639464e-05 -0.0012902780688676977 -0.0062889940568116786 -0.0014475920733094741 0.0014250071492719271 -0.0044760560494095988 -0.00055892966212066559 -0.021471673240005595 0.0049207645986610159 -0.0049761592188789462 0.0067548315822425183 0.0027956428022867658 -0.016202131314056852 -0.016796301472262312 -0.0089680576015406643 0.00097668059607503824 0.01438625235735071 -0.0080589367620143692 0.00068106188784882197 -0.003176533026370356 0.0023601389739433504 -0.00024333479722888916 0.0044498129866342214 -0.0059938485284177032 2.8769319646393757e-05 -0.0044384673828826065 0.0010386197654814508 0.0036388060349791663
leaf_weight=181.73463000357151 63.47808613628149 204.5599353313446 6503.5159906893969 252.00629349052906 158.45515057444572 152.34812091290951 177.4090950191021 248.37924662977457 348.61447114869952 14.71825712546706 33.935981277376413 43.588701834902167 39.382432095706463 27.424206424504519 25.315554078668356 10.318084527738394 57.868387565016747 36.261066175997257 11.373077426105739 20.731734255328774 15.444761833176015 16.814103432931006 114.20866235345602 247.7140733525157 178.87586618959904 178.98456391692162 5952.2849432118237 304.69837807118893 1409.7849616408348 205.89147770404816
leaf_count=814 398 1220 33630 1632 1235 1209 1221 2005 4050 406 775 1211 817 794 794 806 1217 788 406 783 801 1203 807 1623 812 795 28458 1613 8407 1583
internal_value=-0.000163311 1.26461e-05 -2.90349e-05 -0.00218526 -0.00221211 -0.00391586 -0.000825783 -0.00189826 -0.00257136 -0.00189725 -0.00418408 -0.00294257 -0.000855338 -0.004503 -0.0091006 -0.0014004 -0.00153227 -0.00513709 0.00111676 -0.00187739 0.00649324 -0.00835599 -0.00015185 7.19126e-05 0.000273539 -0.000103343 -0.000190851 -0.00255728 0.00167696 0.00136997
internal_weight=17236.1 15856.3 15674.5 1379.86 692.772 310.803 381.969 1316.39 950.17 701.791 219.664 204.946 482.126 171.01 68.9043 102.106 442.744 94.1295 74.9738 48.1559 26.8178 27.1322 366.215 14981.8 8477.05 6682.5 6504.7 552.412 1794.55 1615.68
internal_count=102313 82620 81806 19693 4885 2444 2441 19295 16856 14851 7979 7573 6872 6798 2005 4793 6055 2005 2784 1577 1207 2009 2439 76921 45227 34425 31694 3236 10802 9990
is_linear=0
shrinkage=0.05


Tree=104
num_leaves=31
num_cat=0
split_feature=1 1 1 1 1 1 0 1 1 1 1 1 1 1 1 1 1 1 1 1 1 1 1 1 1 1 1 1 1 1
split_gain=2.64035 2.18457 1.21168 1.08529 1.13915 0.930044 0.913018 1.47303 0.827383 1.1794 0.724756 1.84091 1.37075 1.1589 0.915401 1.57328 1.76365 1.08117 1.00435 1.45102 1.23193 1.13424 0.8405 0.824408 1.875 0.802136 0.731401 0.691215 0.72568 0.663419
threshold=1.6478435000000002 -28.643111499999996 2.4477240000000005 3.5382615000000004 4.3217105000000009 -25.216032999999999 75.509560000000008 -1.7779734999999997 -31.135034499999996 -34.219322999999996 7.4040830000000009 9.880431500000002 10.5517035 15.164761000000002 18.963075500000006 61.091836500000007 73.039727000000013 18.491520500000004 26.788501500000006 27.080267500000001 25.106426000000003 24.556618500000003 5.3001155000000013 21.457533000000002 20.965705000000003 53.412377500000012 49.969406500000005 63.499521000000009 67.705214500000011 19.466933000000004
decision_type=2 2 2 2 2 2 2 2 2 2 2 2 2 2 2 2 2 2 2 2 2 2 2 2 2 2 2 2 2 2
left_child=1 8 -2 -4 -5 -3 7 -7 9 -1 22 -12 -13 -14 17 18 27 -15 20 -20 21 23 -6 24 29 26 -21 -17 -29 -16
right_child=2 5 3 4 10 6 -8 -9 -10 -11 11 12 13 14 15 16 -18 -19 19 25 -22 -23 -24 -25 -26 -27 -28 28 -30 -31
leaf_value=0.0015569638124263868 0.0038195225870757046 -0.0050356881558065412 -0.0021819154303458969 0.0037483279416254383 0.0013197669234608555 -0.001982270904621651 -0.0008365037468868957 -0.0095246409457578479 0.0056321470468436224 -0.0041849798800785631 0.0028274415693492344 -0.003868119064716831 0.0019440074220352676 -0.00032847974246826418 0.003739438665606094 -0.010832433886229634 -0.024664654617589533 -0.0043805785692453371 -0.0065496958277603936 0.00017498300426634062 0.0036188754246319916 -0.0031832142528155655 -0.001578168740753665 0.0021433844615429713 -0.0044175356223070655 0.0043637270124231298 -0.0049211798490309024 0.0051224697191483062 -0.0084426738775560794 0.00033750269077164745
leaf_weight=768.05149427801371 277.5583119392395 154.13155347108841 371.55172841250896 274.14530327916145 361.27498523890972 411.69474598020315 3999.2215333133936 75.988633036613464 102.78716014325619 101.21480329334736 865.49720334261656 183.37572170048952 1195.3491764739156 1301.1742851287127 192.2120413929224 20.92560531757772 11.489773446694015 188.45880135893822 81.596771739423275 2794.7932538501918 491.1893625035882 161.76064372807741 813.86174821853638 1037.3632405549288 184.64824435859919 111.79203907214105 72.225360818207264 27.470522590912879 15.378303074277936 563.28327833861113
leaf_count=4866 1190 1212 1606 1195 1600 3637 19751 526 805 811 4346 1221 8033 5633 798 797 798 780 411 20109 2408 783 3633 4791 808 3161 1628 1238 1203 2390
internal_value=0.000124876 -0.000765328 0.000555694 0.000475673 0.000565856 -0.00121676 -0.00108557 -0.00312804 0.00139 0.000888389 0.000484127 0.000629025 0.000408662 0.000501461 0.000263809 0.000549261 -0.00663242 -0.000841125 0.000644241 2.84286e-05 0.00136071 0.00084222 -0.00068725 0.0011715 9.91174e-05 0.000208619 4.66015e-05 -0.00338368 0.000253984 0.00120302
internal_weight=17211.5 5613.09 11598.4 11320.8 10949.3 4641.04 4486.9 487.683 972.053 869.266 10675.1 9499.98 8634.49 8451.11 7255.76 5766.13 75.2642 1489.63 5690.86 3060.41 2630.46 2139.27 1175.14 1977.51 940.144 2978.81 2867.02 63.7744 42.8488 755.495
internal_count=102168 31608 70560 69370 67764 25126 23914 4163 6482 5677 66569 61336 56990 55769 47736 41323 4036 6413 37287 25309 11978 9570 5233 8787 3996 24898 21737 3238 2441 3188
is_linear=0
shrinkage=0.05


end of trees

feature_importances:
Column_1=2116
Column_0=1034

parameters:
[boosting: gbdt]
[objective: binary]
[metric: binary_logloss]
[tree_learner: serial]
[device_type: cpu]
[data_sample_strategy: bagging]
[data: ]
[valid: ]
[num_iterations: 105]
[learning_rate: 0.05]
[num_leaves: 31]
[num_threads: 0]
[seed: 42]
[deterministic: 0]
[force_col_wise: 0]
[force_row_wise: 0]
[histogram_pool_size: -1]
[max_depth: -1]
[min_data_in_leaf: 500]
[min_sum_hessian_in_leaf: 0.001]
[bagging_fraction: 0.8]
[pos_bagging_fraction: 1]
[neg_bagging_fraction: 1]
[bagging_freq: 1]
[bagging_seed: 400]
[bagging_by_query: 0]
[feature_fraction: 1]
[feature_fraction_bynode: 1]
[feature_fraction_seed: 30056]
[extra_trees: 0]
[extra_seed: 12879]
[early_stopping_round: 0]
[early_stopping_min_delta: 0]
[first_metric_only: 0]
[max_delta_step: 0]
[lambda_l1: 0]
[lambda_l2: 0]
[linear_lambda: 0]
[min_gain_to_split: 0]
[drop_rate: 0.1]
[max_drop: 50]
[skip_drop: 0.5]
[xgboost_dart_mode: 0]
[uniform_drop: 0]
[drop_seed: 17869]
[top_rate: 0.2]
[other_rate: 0.1]
[min_data_per_group: 100]
[max_cat_threshold: 32]
[cat_l2: 10]
[cat_smooth: 10]
[max_cat_to_onehot: 4]
[top_k: 20]
[monotone_constraints: 1,0]
[monotone_constraints_method: basic]
[monotone_penalty: 0]
[feature_contri: ]
[forcedsplits_filename: ]
[refit_decay_rate: 0.9]
[cegb_tradeoff: 1]
[cegb_penalty_split: 0]
[cegb_penalty_feature_lazy: ]
[cegb_penalty_feature_coupled: ]
[path_smooth: 0]
[interaction_constraints: ]
[verbosity: -1]
[saved_feature_importance_type: 0]
[use_quantized_grad: 0]
[num_grad_quant_bins: 4]
[quant_train_renew_leaf: 0]
[stochastic_rounding: 1]
[linear_tree: 0]
[max_bin: 255]
[max_bin_by_feature: ]
[min_data_in_bin: 3]
[bin_construct_sample_cnt: 200000]
[data_random_seed: 175]
[is_enable_sparse: 1]
[enable_bundle: 1]
[use_missing: 1]
[zero_as_missing: 0]
[feature_pre_filter: 1]
[pre_partition: 0]
[two_round: 0]
[header: 0]
[label_column: ]
[weight_column: ]
[group_column: ]
[ignore_column: ]
[categorical_feature: ]
[forcedbins_filename: ]
[precise_float_parser: 0]
[parser_config_file: ]
[objective_seed: 16083]
[num_class: 1]
[is_unbalance: 0]
[scale_pos_weight: 1]
[sigmoid: 1]
[boost_from_average: 1]
[reg_sqrt: 0]
[alpha: 0.9]
[fair_c: 1]
[poisson_max_delta_step: 0.7]
[tweedie_variance_power: 1.5]
[lambdarank_truncation_level: 30]
[lambdarank_norm: 1]
[label_gain: ]
[lambdarank_position_bias_regularization: 0]
[eval_at: ]
[multi_error_top_k: 1]
[auc_mu_weights: ]
[num_machines: 1]
[local_listen_port: 12400]
[time_out: 120]
[machine_list_filename: ]
[machines: ]
[gpu_platform_id: -1]
[gpu_device_id: -1]
[gpu_use_dp: 0]
[num_gpu: 1]

end of parameters

pandas_categorical:null
