tree
version=v4
num_class=1
num_tree_per_iteration=1
label_index=0
max_feature_idx=1
objective=binary sigmoid:1
feature_names=Column_0 Column_1
monotone_constraints=1 0
feature_infos=[29.938030000000001:119.57187] [-54.40813:77.411306999999994]
tree_sizes=2335 2362 2363 2374 2264 2374 2165 2369 2372 2369 2257 2372 2465 2151 2264 2482 2170 2371 2271 2376 2276 2380 2370 2267 2263 2275 2273 2363 2373 2478 2262 2374 2364 2483 2272 2369 2371 2470 2479 2385 2047 2382 2265 2175 2492 2489 2048 2271 2475 2164 2490 2487 2388 2385 2601 2383 2282 2279 2284 2386 2164 2061 2499 2387 2602 2383 2381 2804 2375 2185 2057 2071 2492 2398 2395 1833 2604 2506 2485 2492 2604 2510 2292 2172 2067 2511 2391 2507 1855 2498 2395 2411 3039 2508 2496 1969 2727 2295 2280 2087 2614 2480 2600 2596 2405 2078 2509 2944 2412 1860 2711 2285 2522 2182 2401 2189 2501 2834 1775 2518 2513 2285 2295 2183 2083 1964 2616 2305 2397 2090 2407 2395 2523 2408 2511 2638 2524 2621 2300 2096 2305 2399 2200 2414 2511 2082 2523 2956 2843 2941 2843 2515

Tree=0
num_leaves=21
num_cat=0
split_feature=1 0 1 1 0 0 0 0 1 0 1 0 0 1 0 1 0 1 1 0
split_gain=5742.67 1262.11 389.785 250.362 234.058 233.234 182.998 96.369 53.749 34.6916 12.1545 7.41393 5.73428 2.56627 0.964926 0.250064 0.100203 0.0110102 0.010826 0.0149781
threshold=21.355253000000001 94.886715000000024 24.954034500000002 18.351030500000004 104.76741000000001 103.73842500000002 88.856950000000012 101.56900500000002 28.912007000000006 99.579660000000018 17.191724000000004 104.76741000000001 98.450310000000016 28.680048500000002 107.87262000000003 29.586957000000002 104.33142000000001 0.89937650000000013 11.294609000000001 96.565635000000015
decision_type=2 2 2 2 2 2 2 2 2 2 2 2 2 2 2 2 2 2 2 2
left_child=3 6 5 10 9 -3 -2 8 -4 -5 14 13 -10 -9 16 -13 17 -1 -19 -20
right_child=1 2 7 4 -6 -7 -8 11 12 -11 -12 15 -14 -15 -16 -17 -18 18 19 -21
leaf_value=-0.44251969583774875 -0.43729942840071601 -0.33494754954523392 -0.30074388907409122 -0.43933067787587299 -0.33721111406093707 -0.27608599415768109 -0.35768286569116919 -0.25933031134373241 -0.27429996923748379 -0.40319774030416516 -0.4258126494367554 -0.24393228247481255 -0.26347085413109128 -0.24989537902980025 -0.43792084242397983 -0.24096490629600686 -0.44161584670758525 -0.44327884758743519 -0.44327884758743519 -0.4425951082632143
leaf_weight=131.72597312927246 125.4302464723587 234.87903296947479 174.34319972991943 126.64096313714981 123.97738647460938 204.85325968265533 169.98461973667145 124.2195298075676 137.29526978731155 139.71670311689377 128.8202531337738 154.00315976142883 165.14175307750702 171.679623067379 121.31380981206894 131.72597312927246 180.39678305387497 245.77548295259476 126.15667647123337 219.38185966014862
leaf_count=544 518 970 720 523 512 846 702 513 567 577 532 636 682 709 501 544 745 1015 521 906
internal_value=-0.357885 -0.297033 -0.278408 -0.428576 -0.393962 -0.317975 -0.391487 -0.261969 -0.278633 -0.420377 -0.440288 -0.248309 -0.265887 -0.253856 -0.442108 -0.242564 -0.44267 -0.442933 -0.443025 -0.442845
internal_weight=3337.46 1793.56 1498.14 1543.91 390.335 439.732 295.415 1058.41 476.78 266.358 1153.57 581.628 302.437 295.899 1024.75 285.729 903.437 723.04 591.314 345.539
internal_count=13783 7407 6187 6376 1612 1816 1220 4371 1969 1100 4764 2402 1249 1222 4232 1180 3731 2986 2442 1427
is_linear=0
shrinkage=1


Tree=1
num_leaves=21
num_cat=0
split_feature=1 0 1 0 1 0 0 1 0 0 0 1 0 1 0 0 1 1 1 1
split_gain=5176.06 1103.08 342.227 280.425 240.175 227.021 129.634 73.5896 30.6286 23.448 9.6689 9.25517 8.92817 7.20629 0.718095 0.529468 0.036616 0.01984 0.00252595 5.12223e-08
threshold=21.355253000000001 92.957855000000009 25.127249000000003 102.01477000000001 18.240351000000004 104.88120500000001 100.89485500000002 28.035833500000006 99.507815000000008 105.11545000000001 105.11545000000001 17.070639500000002 96.958825000000019 28.035833500000006 106.57971000000002 102.83535000000002 14.589744500000002 1.0000000180025095e-35 11.294609000000001 8.1699215000000027
decision_type=2 2 2 2 2 2 2 2 2 2 2 2 2 2 2 2 2 2 2 2
left_child=4 -2 3 -3 11 8 7 -4 -6 -5 13 14 -9 -8 16 -15 17 -1 19 -19
right_child=1 2 6 9 5 -7 10 12 -10 -11 -12 -13 -14 15 -16 -17 -18 18 -20 -21
leaf_value=-0.081305043161138346 -0.050108470107495001 0.010666166253332804 0.034955860341852572 0.0543700364622864 -0.078243395685223371 0.020856276767200782 0.087127626271215411 0.068746688774903086 -0.044817218204765058 0.083349167695589296 0.10946362996803034 -0.066953649669127549 0.084411153121742272 0.099270543111370776 -0.078137272989878923 0.10311603781850996 -0.081095358317256894 -0.08210495757084757 -0.081880332141634996 -0.08210626762693872
leaf_weight=122.40990734100342 211.46551129221916 204.19668337702751 129.39939448237419 122.83904318511486 125.12816436588764 126.80302748084068 128.7420834004879 128.88858839869499 151.51714181900024 161.67452749609947 246.35829326510429 130.92883382737637 214.27137260138988 126.89398738741875 171.11501315236092 127.74962849915028 195.75404095649719 172.16369937360287 210.99559758603573 131.68377429246902
leaf_count=514 881 840 530 503 525 522 524 528 631 659 1000 548 873 516 718 519 822 723 886 553
internal_value=-0.000316426 0.0571807 0.0714408 0.0366139 -0.0676791 -0.0345432 0.0868815 0.0670875 -0.0599361 0.0708374 0.101735 -0.0794571 0.0792037 0.0967684 -0.0810874 0.101643 -0.0816935 -0.0818772 -0.0820132 -0.0821055
internal_weight=3340.98 1802.48 1591.01 488.71 1538.5 403.448 1102.3 472.559 276.645 284.514 629.744 1135.05 343.16 383.386 1004.12 254.644 833.007 637.253 514.843 303.847
internal_count=13815 7373 6492 2002 6442 1678 4490 1931 1156 1162 2559 4764 1401 1559 4216 1035 3498 2676 2162 1276
is_linear=0
shrinkage=0.05


Tree=2
num_leaves=21
num_cat=0
split_feature=1 0 1 0 1 0 0 1 0 0 0 1 1 0 0 1 1 1 1 1
split_gain=4738.75 1002.24 310.214 251.209 239.626 245.655 117.562 70.6434 28.9156 19.5695 13.7767 8.31792 6.96665 5.1561 0.501644 0.333361 0.0127155 0.0226879 0.00307938 2.33861e-05
threshold=21.355253000000001 92.957855000000009 24.954034500000002 101.95412500000002 18.240351000000004 105.05712000000001 100.70855500000002 28.912007000000006 99.579660000000018 105.69440000000002 104.14552000000002 16.711468500000002 28.344123000000003 98.223670000000013 106.10191500000002 15.145972500000001 11.294609000000001 1.0000000180025095e-35 12.925922000000002 8.4871610000000022
decision_type=2 2 2 2 2 2 2 2 2 2 2 2 2 2 2 2 2 2 2 2
left_child=4 -2 3 -3 11 8 7 -4 -6 -5 12 15 -8 -9 -12 16 17 -1 -18 -19
right_child=1 2 6 9 5 -7 10 13 -10 -11 14 -13 -14 -15 -16 -17 18 19 -20 -21
leaf_value=-0.078839788338683159 -0.047116734294201608 0.010147905368666253 0.036060440627840223 0.053356795306960941 -0.07619159653999559 0.026497154715408446 0.078337228949710069 0.069344087820802258 -0.043502581922534519 0.079933432816441996 0.099329230046131423 -0.066698640847193499 0.093036738541955086 0.078337228949710069 0.10316786036021902 -0.076701805974948245 -0.078805969467910492 -0.0796048717487743 -0.079127273221598904 -0.079630762877996378
leaf_weight=127.79279112815857 216.32937289774418 197.69196474552155 167.52202019095421 138.60320523381233 124.02999651432037 124.06120245158672 130.10819655656815 171.82641249895096 148.82333141565323 138.46015501022339 147.96875853836536 165.39959412813187 208.74241811037064 131.43296678364277 200.35037139058113 152.59422601759434 120.7957060188055 208.82864823937416 194.8730740249157 149.76385605335236
leaf_count=547 911 812 682 563 530 509 525 696 625 559 595 704 840 530 805 653 517 894 834 641
internal_value=0.000277798 0.0540131 0.0674125 0.0333751 -0.0652205 -0.031838 0.0813678 0.06212 -0.0583619 0.0666383 0.0945544 -0.0770504 0.0873766 0.0765155 0.101537 -0.0788439 -0.0792514 -0.0794118 -0.0790043 -0.0796157
internal_weight=3366 1849.04 1632.71 474.755 1516.96 396.915 1157.95 470.781 272.853 277.063 687.17 1120.05 338.851 303.259 348.319 954.648 802.054 486.385 315.669 358.593
internal_count=13972 7518 6607 1934 6454 1664 4673 1908 1155 1122 2765 4790 1365 1226 1400 4086 3433 2082 1351 1535
is_linear=0
shrinkage=0.05


Tree=3
num_leaves=21
num_cat=0
split_feature=1 0 1 0 1 0 0 0 1 1 0 0 0 1 0 0 1 1 1 1
split_gain=4206.41 915.99 309.202 245.966 219.149 159.565 111.566 101.832 67.8866 22.3142 20.9289 18.3483 5.4875 1.7988 0.420155 0.0721691 0.0141737 0.00350121 0.00276499 0.00368959
threshold=21.826665500000001 94.886715000000024 18.682885500000001 103.46550000000001 24.121139500000002 88.856950000000012 103.73842500000002 102.54427000000001 26.659201500000005 17.542188000000003 98.961410000000015 99.151430000000019 104.26212000000002 16.211084000000003 107.27811000000001 106.57971000000002 14.589744500000002 11.506196500000003 8.8289255000000022 1.0000000180025095e-35
decision_type=2 2 2 2 2 2 2 2 2 2 2 2 2 2 2 2 2 2 2 2
left_child=2 5 9 10 6 -2 -3 8 -6 13 -4 -10 -9 15 -14 16 17 18 19 -1
right_child=1 4 3 -5 7 -7 -8 12 11 -11 -12 -13 14 -15 -16 -17 -18 -19 -20 -21
leaf_value=-0.076953574420050921 -0.073118047616386336 0.019225004126985707 -0.071893679832380888 0.020875760557631746 0.033209896017689304 0.0024993486729004981 0.066852264313098556 0.085819240342780045 0.061991676432862047 -0.053770472650320235 -0.042075739452844874 0.078460804433713477 0.095084150339364029 -0.070757900339775345 0.098465217715662731 -0.075862088242513767 -0.076575357116389978 -0.077344622479991174 -0.076878199769118513 -0.077311888042635266
leaf_weight=120.47687976062298 121.37209822237492 156.84209591150284 116.24492278695107 179.72507312893867 140.668133482337 164.07410770654678 136.16762244701385 178.87472908198833 232.70055331289768 126.68220336735249 119.18371446430683 263.21363151073456 232.53617955744267 139.76881021261215 151.91020238399506 148.64299675822258 120.297004789114 194.03913044929504 114.46727068722248 177.97809621691704
leaf_count=527 521 641 503 738 571 680 547 717 936 543 504 1056 931 608 608 649 526 849 501 779
internal_value=-0.000132137 0.0524123 -0.0601273 -0.0231724 0.0681033 -0.0296533 0.0293369 0.0775698 0.0638676 -0.0735575 -0.0567986 0.0725638 0.093054 -0.0760254 0.0964201 -0.076866 -0.0770712 -0.0771694 -0.0770871 -0.0771672
internal_weight=3335.87 1778.36 1557.51 415.154 1492.91 285.446 293.01 1199.9 636.582 1142.35 235.429 495.914 563.321 1015.67 384.446 875.901 727.258 606.961 412.922 298.455
internal_count=13935 7208 6727 1745 6007 1201 1188 4819 2563 4982 1007 1992 2256 4439 1539 3831 3182 2656 1807 1306
is_linear=0
shrinkage=0.05


Tree=4
num_leaves=20
num_cat=0
split_feature=1 0 1 0 1 0 0 1 0 0 1 1 1 0 0 0 1 1 1
split_gain=3873.93 846.719 269.119 217.013 207.512 194.86 91.5579 40.2867 25.3889 18.1473 9.82516 7.70903 3.33143 1.23777 0.295526 0.138997 0.00742168 0.00273786 7.27243e-05
threshold=21.355253000000001 92.957855000000009 25.127249000000003 103.17985500000002 18.240351000000004 104.88120500000001 99.151430000000019 29.378802500000003 99.507815000000008 102.54427000000001 17.191724000000004 31.078967000000002 28.035833500000006 107.87262000000003 105.11545000000001 104.33142000000001 0.89937650000000013 15.430146500000001 11.294609000000001
decision_type=2 2 2 2 2 2 2 2 2 2 2 2 2 2 2 2 2 2 2
left_child=4 -2 3 -3 10 8 7 -4 -6 11 13 -8 -11 15 -14 16 -1 18 -18
right_child=1 2 6 -5 5 -7 9 -9 -10 12 -12 -13 14 -15 -16 -17 17 -19 -20
leaf_value=-0.07491875056899959 -0.046289950242253519 0.0068919241846430723 0.02922085265580825 0.064142905148506096 -0.071630959117819401 0.020718226278706099 0.067107296640404962 0.064947591447235706 -0.040623688988177642 0.083165160247514691 -0.058642420227009287 0.080876519851971598 0.090081361451113368 -0.06935275361169406 0.093158108302490897 -0.073677321843315088 -0.075276318231921144 -0.075571762052653257 -0.075317269855878277
leaf_weight=119.86064945161343 211.28723391890526 254.0254532545805 126.08807717263699 241.53802365064621 119.03535042703152 127.35583080351353 183.34912018477917 210.87258151173592 148.22067573666573 179.39205104112625 112.15202866494656 126.48865576088428 147.44693346321583 111.98289452493191 165.81537625193596 170.95961733162403 225.93136517703533 113.50283792614937 208.42237727344036
leaf_count=537 910 1037 509 968 530 520 735 846 634 718 493 506 590 500 664 765 1013 507 934
internal_value=-0.000202704 0.0479017 0.0600738 0.0293143 -0.0611427 -0.0301798 0.0734515 0.0515789 -0.0544343 0.0826357 -0.072639 0.0731545 0.0885985 -0.0742902 0.0917099 -0.0749494 -0.0752751 -0.0753531 -0.075296
internal_weight=3303.73 1846.3 1635.02 495.563 1457.42 394.612 1139.45 336.961 267.256 802.492 1062.81 309.838 492.654 950.66 313.262 838.677 667.717 547.857 434.354
internal_count=13916 7483 6573 2005 6433 1684 4568 1355 1164 3213 4749 1241 1972 4256 1254 3756 2991 2454 1947
is_linear=0
shrinkage=0.05


Tree=5
num_leaves=21
num_cat=0
split_feature=1 0 1 0 1 0 0 0 1 1 0 0 1 1 1 0 1 1 1 1
split_gain=3560.01 726.242 276.791 212.411 178.063 135.75 93.2592 79.0131 64.8703 19.8852 8.76921 4.04256 3.975 1.93967 0.138138 0.129202 0.00539248 0.00146989 0.000104122 4.22218e-06
threshold=21.826665500000001 94.886715000000024 18.776802500000002 103.46550000000001 24.121139500000002 89.236120000000014 103.96202500000001 102.54427000000001 27.082220500000002 17.542188000000003 99.151430000000019 105.75930500000001 28.035833500000006 16.364561000000005 28.453457000000004 106.57971000000002 11.294609000000001 13.406494000000002 1.0000000180025095e-35 8.1699215000000027
decision_type=2 2 2 2 2 2 2 2 2 2 2 2 2 2 2 2 2 2 2 2
left_child=2 5 9 -4 6 -2 -3 8 -6 13 -10 12 -9 15 -13 16 18 -18 -1 -20
right_child=1 4 3 -5 7 -7 -8 11 10 -11 -12 14 -14 -15 -16 -17 17 -19 19 -21
leaf_value=-0.073513573844602664 -0.067142554842122767 0.017783627666887139 -0.052888105250229571 0.021163514686496562 0.031772046953341841 0.0035232463480352745 0.061103128725009406 0.07343588046767828 0.060107889837754315 -0.051674241094779083 0.071164125685454604 0.087496720941825243 0.084393308888887256 -0.066229343215894507 0.089828200207085818 -0.071704263220548153 -0.073053756340837994 -0.073277517364572567 -0.073451001656936993 -0.073463454384066901
leaf_weight=112.0368244946003 117.15589660406113 156.63639324903488 224.26877975463867 170.42917715013027 169.62338910996914 161.84930865466595 136.98224125802517 128.98275578022003 223.59354303777218 133.95723161101341 251.66659142076969 126.70460017025471 174.99927617609501 118.11305928230286 127.42468489706516 143.95935451984406 116.76615363359451 197.58366316556931 155.83136166632175 120.86310057342052
leaf_count=515 520 637 988 698 684 672 548 517 895 590 1008 509 703 537 513 659 537 908 717 556
internal_value=5.48231e-05 0.0479104 -0.0568288 -0.0209129 0.061717 -0.0261497 0.0268076 0.0702374 0.0583166 -0.0697264 0.0677905 0.0840117 0.0801209 -0.0722319 0.0886658 -0.073069 -0.0733484 -0.0731944 -0.0734729 -0.0734564
internal_weight=3269.43 1775.62 1493.81 394.698 1496.61 279.005 293.619 1202.99 644.884 1099.11 475.26 558.111 303.982 965.154 254.129 847.04 703.081 314.35 388.731 276.694
internal_count=13911 7206 6705 1686 6014 1192 1185 4829 2587 5019 1903 2242 1220 4429 1022 3892 3233 1445 1788 1273
is_linear=0
shrinkage=0.05


Tree=6
num_leaves=19
num_cat=0
split_feature=1 0 1 0 0 1 1 0 0 1 0 1 0 0 1 1 1 1
split_gain=3278.75 694.242 253.603 183.546 175.753 214.568 43.7315 22.211 11.3117 7.51612 1.83804 0.5997 0.314661 0.0221395 0.00685563 0.00086792 4.11045e-05 8.2347e-07
threshold=21.997570500000005 92.706595000000007 18.107568000000004 103.11689500000001 101.09093000000001 27.082220500000002 24.121139500000002 98.536940000000016 103.25090000000002 16.711468500000002 105.11545000000001 28.453457000000004 106.57971000000002 104.26212000000002 0.89937650000000013 14.878345500000002 11.294609000000001 7.5255670000000006
decision_type=2 2 2 2 2 2 2 2 2 2 2 2 2 2 2 2 2 2
left_child=2 -2 9 7 5 -3 -6 -4 -8 12 -10 -12 13 14 -1 16 17 -16
right_child=1 4 3 -5 6 -7 8 -9 10 -11 11 -13 -14 -15 15 -17 -18 -19
leaf_value=-0.071401936832486732 -0.044805102730963095 0.0060985323397862255 -0.069497789324060949 0.0073348169765122921 0.054311355097161146 0.054311355097161146 0.068086683180698826 -0.040309500537592788 0.07763527110488469 -0.058829982429133558 0.081705218364897525 0.086242337939684263 -0.069093489742117487 -0.070975154695038484 -0.071780065928811629 -0.071958131961838187 -0.071816246313445575 -0.071786199583538712
leaf_weight=113.83643168210983 187.74838952720165 235.20941361784935 123.44421227276325 227.37951770424843 183.27739152312279 417.13307163119316 234.32181036472321 138.0806245803833 187.8196759968996 143.2441084831953 145.34735144674778 145.97624254226685 147.0202247351408 108.23479509353638 107.15919895470142 107.49960939586163 164.96779341995716 111.82148666679859
leaf_count=538 831 953 565 937 736 1674 943 605 758 659 588 593 691 511 507 507 780 529
internal_value=-0.000707673 0.045997 -0.0550514 -0.0255209 0.0570022 0.0372561 0.0713666 -0.0540869 0.0770894 -0.0694346 0.0814921 0.0839787 -0.0711998 -0.0716338 -0.0717516 -0.0718326 -0.0717974 -0.0717832
internal_weight=3229.52 1736.83 1492.69 488.904 1549.08 652.342 896.742 261.525 713.465 1003.78 479.143 291.324 860.54 713.519 605.285 491.448 383.948 218.981
internal_count=13905 7076 6829 2107 6245 2627 3618 1170 2882 4722 1939 1181 4063 3372 2861 2323 1816 1036
is_linear=0
shrinkage=0.05


Tree=7
num_leaves=21
num_cat=0
split_feature=1 0 1 0 1 0 0 1 1 0 0 1 1 0 0 0 1 1 1 1
split_gain=2997.47 622.25 246.934 266.094 175.07 156.669 65.2493 27.2501 21.9312 18.1765 10.5915 7.46713 3.20536 1.86073 0.939372 0.145142 0.014261 0.0191173 0.00256571 2.95828e-06
threshold=21.355253000000001 91.132875000000013 26.155499500000001 102.01477000000001 18.240351000000004 104.88120500000001 99.151430000000019 30.219216500000005 23.250302500000004 99.507815000000008 102.54427000000001 16.211084000000003 30.484082000000004 99.207615000000018 104.81903500000001 106.57971000000002 1.0000000180025095e-35 14.589744500000002 11.294609000000001 8.1699215000000027
decision_type=2 2 2 2 2 2 2 2 2 2 2 2 2 2 2 2 2 2 2 2
left_child=4 -2 3 13 11 9 7 -4 -5 -6 12 15 -8 -3 -12 16 -1 18 19 -18
right_child=1 2 6 8 5 -7 10 -9 -10 -11 14 -13 -14 -15 -16 -17 17 -19 -20 -21
leaf_value=-0.069415284809600492 -0.056021453156283575 -0.0029399997978286408 0.029124832935006856 0.0393732361607744 -0.065933116458664551 0.016750479580120544 0.060985093242928626 0.058613745266063458 0.064745980156604085 -0.038960233688994511 0.076547479587697684 -0.058792458708308251 0.071790586389393382 0.011036219728782885 0.081376048861208 -0.068172398602655782 -0.070283043377574683 -0.069447505998450107 -0.070044665799907396 -0.070293715767377377
leaf_weight=107.91770815849304 150.60622611641884 154.41811209917068 128.08725483715534 140.46117202937603 110.32613752782345 130.37147185206413 131.41975654661655 201.71589693427086 216.34051598608494 143.95931129157543 176.47372277081013 197.94483272731304 143.65334196388721 125.09868837893009 234.66560433804989 140.49191334843636 146.79378367960453 108.39182011783123 184.69433502852917 116.43434058129787
leaf_count=525 684 633 516 564 526 530 529 816 874 633 719 935 581 508 964 679 715 527 899 567
internal_value=-0.00124077 0.0412733 0.0501415 0.025717 -0.0564912 -0.0278145 0.0654382 0.047161 0.0547576 -0.0506629 0.0742225 -0.0674925 0.0666281 -0.00294 0.0793035 -0.0696325 -0.0699413 -0.0700433 -0.0701875 -0.0702878
internal_weight=3190.27 1802.94 1652.33 636.318 1387.33 384.657 1016.02 329.803 356.802 254.285 686.212 1002.67 275.073 279.517 411.139 804.724 664.232 556.314 447.922 263.228
internal_count=13924 7388 6704 2579 6536 1689 4125 1332 1438 1159 2793 4847 1110 1141 1683 3912 3233 2708 2181 1282
is_linear=0
shrinkage=0.05


Tree=8
num_leaves=21
num_cat=0
split_feature=1 0 1 0 1 0 0 0 1 0 1 0 0 0 0 0 1 1 1 1
split_gain=2740.17 579.614 238.895 174.655 125.53 109.684 105.856 51.4216 38.2822 36.8861 24.5788 4.06388 3.83113 1.89503 0.21319 0.0647977 0.0219408 0.0115271 0.0131925 2.12222e-07
threshold=21.997570500000005 94.886715000000024 18.973988500000001 104.88120500000001 24.755893000000004 103.96202500000001 89.589955000000018 102.54427000000001 27.838923500000003 99.803720000000013 17.542188000000003 99.446175000000025 104.76741000000001 106.50353000000003 106.87237500000002 104.33142000000001 1.0000000180025095e-35 14.744388500000001 11.294609000000001 7.8735945000000012
decision_type=2 2 2 2 2 2 2 2 2 2 2 2 2 2 2 2 2 2 2 2
left_child=2 6 10 9 5 -3 -2 8 -6 -4 13 -10 -9 15 -14 16 -1 18 19 -18
right_child=1 4 3 -5 7 -7 -8 12 11 -11 -12 -13 14 -15 -16 -17 17 -19 -20 -21
leaf_value=-0.067999761570978243 -0.061884021611328104 0.014311542968490833 -0.062997755850978027 0.02954754766185649 0.032791006948246791 0.061435924454354189 0.0017865818118031522 0.06941538206323207 0.056036058450782369 -0.024834663051350191 -0.045945255336911163 0.063807143181742118 0.076984644497909593 -0.062407081091744358 0.079681294069412684 -0.067334787376515284 -0.06889799091749596 -0.069159356460764307 -0.068297632248186274 -0.068901141016810205
leaf_weight=101.70563131570816 115.43991440534592 191.67769309878349 114.86092825233936 128.14061062037945 169.29794311523438 153.52961601316929 150.23706836998463 203.00513753294945 229.11777202785015 141.09279853105545 156.85459361970425 199.07933080196381 144.65462294220924 156.21932229399681 148.56586810946465 107.21925866603851 115.2526742964983 153.47633437812328 157.97337935864925 99.733932733535767
leaf_count=510 542 775 545 517 680 620 625 835 923 614 719 811 601 775 619 535 579 761 793 501
internal_value=-0.000864235 0.0419741 -0.0518387 -0.0181042 0.0545022 0.0282154 -0.0258791 0.062799 0.0529189 -0.0419606 -0.0641973 0.0608769 0.0746954 -0.0674084 0.078351 -0.0684708 -0.0686647 -0.0687946 -0.0686445 -0.0688995
internal_weight=3137.13 1704.6 1432.53 384.094 1438.93 345.207 265.677 1093.72 597.495 255.954 1048.44 428.197 496.226 891.581 293.22 735.361 628.142 526.436 372.96 214.987
internal_count=13880 7031 6849 1676 5864 1395 1167 4469 2414 1159 5173 1734 2055 4454 1220 3679 3144 2634 1873 1080
is_linear=0
shrinkage=0.05


Tree=9
num_leaves=21
num_cat=0
split_feature=1 0 1 0 1 0 0 1 0 0 0 1 0 1 1 1 1 1 1 1
split_gain=2521.27 509.562 250.554 149.779 137.631 149.634 109.771 79.5481 23.1718 21.7686 8.52329 10.0656 3.12939 2.13332 0.472348 0.156253 0.00508296 0.00672531 0.000142623 2.26651e-06
threshold=20.882805000000005 91.132875000000013 23.933218000000004 103.69092000000002 17.542188000000003 105.82077500000001 101.56900500000002 28.912007000000006 98.450310000000016 101.38876500000002 104.76741000000001 28.035833500000006 96.648380000000017 16.211084000000003 27.082220500000002 14.281418 1.0000000180025095e-35 12.758030000000003 8.4871610000000022 10.708751500000002
decision_type=2 2 2 2 2 2 2 2 2 2 2 2 2 2 2 2 2 2 2 2
left_child=4 -2 3 -3 13 9 7 8 -4 -6 11 -8 -9 15 -12 16 -1 18 -18 -20
right_child=1 2 6 -5 5 -7 10 12 -10 -11 14 -13 -14 -15 -16 -17 17 -19 19 -21
leaf_value=-0.067270649509577202 -0.051421935850112448 -0.0033031146438086026 0.0046607295679524374 0.046836821722911398 -0.062697353715442203 0.019415024192243384 0.055068813895150795 0.047084777432669728 0.034090700217499485 -0.034273330988375025 0.073008829903797243 0.069750750897889069 0.055068813895150795 -0.06005815483885571 0.076928462980259571 -0.065757797979720742 -0.067716763331442262 -0.067303712197506568 -0.067772614442859119 -0.067782881049587254
leaf_weight=105.17156414687634 149.73339721560478 217.34575408697128 129.90696649253368 176.08858534693718 150.22565019130707 108.80158296227455 145.67222887277603 125.12444816529751 137.86431343853474 122.11467701196671 125.08443695306778 193.79956440627575 239.55940918624401 120.58780750632286 199.37247464060783 145.28824156522751 168.25180923938751 107.36089493334293 99.823345214128494 116.49373503029346
leaf_count=544 709 909 526 713 734 456 596 509 555 543 522 808 978 608 846 750 871 555 516 602
internal_value=-0.000198701 0.0369823 0.0448157 0.009867 -0.0551744 -0.0301506 0.0554222 0.040515 0.019813 -0.0499523 0.0696226 0.0640841 0.0550688 -0.0662264 0.0754174 -0.0672283 -0.0675862 -0.0676536 -0.0677513 -0.0677781
internal_weight=3083.67 1839.55 1689.82 393.434 1244.12 381.142 1296.38 632.455 267.771 272.34 663.929 339.472 364.684 862.977 324.457 742.39 597.101 491.93 384.569 216.317
internal_count=13850 7671 6962 1622 6179 1733 5340 2568 1081 1277 2772 1404 1487 4446 1368 3838 3088 2544 1989 1118
is_linear=0
shrinkage=0.05


Tree=10
num_leaves=20
num_cat=0
split_feature=1 0 1 0 1 0 0 0 1 0 0 1 0 1 1 1 1 1 1
split_gain=2364.18 501.645 205.818 116.528 114.393 143.304 82.3998 52.2236 39.4502 13.7073 4.0551 3.40312 3.30363 1.31414 0.186656 0.0488942 0.00730867 0.00673532 7.51226e-05
threshold=20.682076000000006 95.287565000000015 24.195836000000003 88.856950000000012 17.542188000000003 105.55871500000002 104.88120500000001 102.18253500000002 28.580445500000003 99.579660000000018 105.11545000000001 28.144946000000001 98.536940000000016 16.211084000000003 28.453457000000004 14.281418 11.294609000000001 1.0000000180025095e-35 7.5255670000000006
decision_type=2 2 2 2 2 2 2 2 2 2 2 2 2 2 2 2 2 2 2
left_child=4 3 6 -2 13 9 -3 8 -4 -6 11 -9 -10 15 -12 16 17 -1 -19
right_child=1 2 7 -5 5 -7 -8 10 12 -11 14 -13 -14 -15 -16 -17 -18 18 -20
leaf_value=-0.066104539997816666 -0.063696640981020888 0.012016337319430725 0.030893006230972173 0.0001790254555788129 -0.066619211918393276 0.016322178915178839 0.04868874280297273 0.05848719971797052 0.050263371755584874 -0.04257415779226395 0.071984449675786114 0.069058920747543814 0.058146157698797475 -0.06040945304087289 0.074608363070128289 -0.065299997451312639 -0.066069048414530138 -0.066549939546337047 -0.066601425543633727
leaf_weight=102.33441111445427 111.64098004996777 262.05811010301113 221.03412744402885 198.08874499797821 102.1308700889349 108.98917512595654 161.60947118699551 122.77691827714443 133.02737827599049 141.23611235618591 132.85001134872437 163.96471984684467 208.54324769973755 117.22194734215736 138.37080337107182 144.62506058812141 183.08158841729164 132.46403589844704 152.31480257213116
leaf_count=547 553 1094 890 833 524 457 657 510 542 647 568 697 864 608 600 771 978 709 814
internal_value=-2.30053e-05 0.0352294 0.0468774 -0.0228447 -0.0552044 -0.0313261 0.0171907 0.0581014 0.047352 -0.0526649 0.0689403 0.0647947 0.0580028 -0.0653164 0.0733231 -0.0661211 -0.0663293 -0.0664525 -0.0665775
internal_weight=3038.36 1853.96 1544.23 309.73 1184.4 352.356 423.668 1120.57 562.605 243.367 557.962 286.742 341.571 832.042 271.221 714.82 570.195 387.113 284.779
internal_count=13863 7808 6422 1386 6055 1628 1751 4671 2296 1171 2375 1207 1406 4427 1168 3819 3048 2070 1523
is_linear=0
shrinkage=0.05


Tree=11
num_leaves=21
num_cat=0
split_feature=1 0 1 0 1 0 0 0 0 1 1 0 0 0 1 1 0 1 1 1
split_gain=2156.92 405.09 208.326 138.264 121.243 128.379 76.9159 34.9696 34.4955 19.6929 17.2922 4.36166 3.08324 1.82366 0.716035 0.149642 0.0812121 0.0153578 0.00992862 0.00470434
threshold=21.997570500000005 94.60770500000001 18.878885000000004 104.88120500000001 25.859904500000003 103.73842500000002 90.597975000000019 99.803720000000013 101.63080000000001 17.542188000000003 29.009601000000004 98.608265000000003 104.76741000000001 106.50353000000003 30.484082000000004 29.709762000000001 104.33142000000001 14.744388500000001 11.294609000000001 0.89937650000000013
decision_type=2 2 2 2 2 2 2 2 2 2 2 2 2 2 2 2 2 2 2 2
left_child=2 6 9 7 5 -3 -2 -4 10 13 -6 -12 14 16 -10 -14 17 18 19 -1
right_child=1 4 3 -5 8 -7 -8 -9 12 -11 11 -13 15 -15 -16 -17 -18 -19 -20 -21
leaf_value=-0.064992076653880126 -0.051304446258901563 0.012422302513236354 -0.060668643124691328 0.024588141220566753 0.033807930558057635 0.057245696119580775 0.0051903610801771784 -0.022868053100121837 0.060723420476226003 -0.043363601502399061 0.047948150476687976 0.057431819656775351 0.069779144779913191 -0.058852121776788217 0.066053355364206243 0.072283435527486853 -0.063691886460356284 -0.065703594824650824 -0.064757219661798607 -0.065422910539070719
leaf_weight=96.851511240005493 118.71671281754971 266.99359600245953 106.02587199211121 130.62362839281559 147.25683304667473 209.72060878574848 122.32750137150288 144.6626441180706 136.94549652934074 136.48397880792618 145.88593944907188 155.05892859399319 114.0213223695755 146.27919182181358 116.71930710971355 125.10002812743187 97.564638271927834 142.28914014995098 139.16042110323906 183.23040550947189
leaf_count=536 589 1079 538 526 594 876 507 644 582 656 598 649 502 796 503 554 536 774 771 1017
internal_value=-0.00069021 0.03729 -0.0483027 -0.0171219 0.0474785 0.0269353 -0.0226339 -0.0388554 0.0578859 -0.0609262 0.0478478 0.0547177 0.0670158 -0.0639025 0.0631759 0.0710893 -0.0650234 -0.0652548 -0.0651024 -0.0652739
internal_weight=2981.92 1658.75 1323.17 381.312 1417.7 476.714 241.044 250.689 940.988 941.859 448.202 300.945 492.786 805.375 253.665 239.121 659.096 561.531 419.242 280.082
internal_count=13827 7033 6794 1708 5937 1955 1096 1182 3982 5086 1841 1247 2141 4430 1085 1056 3634 3098 2324 1553
is_linear=0
shrinkage=0.05


Tree=12
num_leaves=22
num_cat=0
split_feature=1 0 1 1 1 0 0 0 1 0 1 1 0 1 0 0 0 1 0 1 1
split_gain=1968.48 394.856 207.577 194.128 67.046 80.0826 52.893 41.6692 34.6191 29.2818 17.3764 2.84693 2.4911 2.32236 1.53308 0.375568 0.030361 0.0213926 0.0124146 0.00764411 0.00243895
threshold=20.060467500000005 97.897140000000022 27.838923500000003 24.121139500000002 17.542188000000003 104.26212000000002 106.17962500000002 93.175780000000017 24.018968000000005 102.54427000000001 27.838923500000003 31.078967000000002 105.11545000000001 28.788781000000004 106.50353000000003 107.66607500000002 104.33142000000001 0.89937650000000013 96.565635000000015 11.294609000000001 12.37438
decision_type=2 2 2 2 2 2 2 2 2 2 2 2 2 2 2 2 2 2 2 2 2
left_child=4 2 8 6 14 -6 -3 -4 -2 10 -5 -12 13 -11 16 -14 17 -1 20 -20 -19
right_child=1 3 7 9 5 -7 -8 -9 -10 12 11 -13 15 -15 -16 -17 -18 18 19 -21 -22
leaf_value=-0.063674712506487374 -0.06244943438137697 0.018577077837948399 -0.011692064701337792 0.034186562465124595 -0.056772722226985928 -0.0021653234611753998 0.050918298148358125 0.018577077837948399 -0.023503946409003024 0.056396588553538574 0.048369745742556682 0.056396588553538574 0.06693449543013269 0.065000815527643613 -0.058178414923718835 0.070746342780425811 -0.063187016934075413 -0.064452345933718833 -0.064369415529876628 -0.063890999414072114 -0.064824997557696024
leaf_weight=90.206007078289986 112.89929330348969 296.38450998067856 115.79546718299389 156.86452673375607 163.11884067952633 114.10374796390533 128.90562050044537 172.87851838767529 115.37278160452843 116.81590329110622 120.74390442669392 166.53644442558289 153.26649916172028 116.89992868900299 136.71828782558441 111.72125127911568 93.663892075419426 87.672040209174156 102.43490391969681 169.97476324439049 87.957769095897675
leaf_count=517 530 1251 551 634 833 491 529 707 496 501 507 708 687 517 767 502 532 504 589 966 499
internal_value=-0.000363492 0.0301578 -0.00706995 0.0442241 -0.0553763 -0.0342965 0.0185771 0.0185771 -0.0427657 0.0569073 0.0475703 0.0548783 0.0652228 0.06146 -0.0629792 0.0685416 -0.0640178 -0.0641624 -0.0643112 -0.0640999 -0.064639
internal_weight=2930.93 1885.08 516.946 1368.14 1045.85 277.223 425.29 288.674 228.272 942.848 444.145 287.28 498.704 233.716 768.628 264.988 631.909 538.245 448.039 272.41 175.63
internal_count=13818 8120 2284 5836 5698 1324 1780 1258 1026 4056 1849 1215 2207 1018 4374 1189 3607 3075 2558 1555 1003
is_linear=0
shrinkage=0.05


Tree=13
num_leaves=19
num_cat=0
split_feature=1 0 1 1 0 0 0 1 0 0 1 0 1 1 1 1 1 1
split_gain=1837.49 360.742 181.293 140.629 133.752 124.871 79.0456 61.0124 30.9667 6.79565 6.80909 2.76899 2.44309 0.206233 0.0764151 0.0176619 0.0291273 7.93302e-05
threshold=21.355253000000001 90.597975000000019 24.121139500000002 17.542188000000003 106.25005000000002 101.90039500000002 101.56900500000002 28.580445500000003 102.18253500000002 105.11545000000001 28.035833500000006 98.536940000000016 16.211084000000003 28.453457000000004 14.281418 1.0000000180025095e-35 11.294609000000001 7.5255670000000006
decision_type=2 2 2 2 2 2 2 2 2 2 2 2 2 2 2 2 2 2
left_child=3 -2 5 12 8 -3 7 -4 -5 10 -8 -9 14 -11 15 -1 17 -17
right_child=1 2 6 4 -6 -7 9 11 -10 13 -12 -13 -14 -15 -16 16 -18 -19
leaf_value=-0.06255974572910146 -0.050693692664280809 -0.0061263247497483526 0.015782343202186796 -0.055288304452484144 0.02207736072983027 0.036166609239488577 0.048052951702431901 0.042421935175297437 -0.02368464761837337 0.065326444532554581 0.061328772805856517 0.048052951702431901 -0.05472077371430787 0.068114409926887109 -0.061831544900372681 -0.063630976756256757 -0.062813689253319857 -0.063686443514837918
leaf_weight=90.35578390955925 122.09828698635101 160.7670517116785 243.89307016134262 186.55053521692753 108.62166547775269 217.75351759791374 141.85056485235691 220.23837952315807 132.60837218165398 136.55835755169392 193.95101271569729 170.21474702656269 105.65380495786667 128.98537769913673 128.36388202011585 119.83698965609074 166.69210892915726 139.50855828821659
leaf_count=536 628 665 989 989 453 896 606 911 596 620 868 729 603 600 758 712 987 827
internal_value=-0.000530488 0.032173 0.038441 -0.0487259 -0.0258468 0.00816561 0.0477151 0.0354024 -0.0421572 0.0607035 0.0559769 0.0476579 -0.0617684 0.0666807 -0.0629233 -0.0631947 -0.0633294 -0.0636608
internal_weight=2914.5 1736.31 1614.21 1178.19 427.781 378.521 1235.69 634.346 319.159 601.345 335.802 390.453 750.411 265.544 644.757 516.393 426.038 259.346
internal_count=13973 7512 6884 6461 2038 1561 5323 2629 1585 2694 1474 1640 4423 1220 3820 3062 2526 1539
is_linear=0
shrinkage=0.05


Tree=14
num_leaves=20
num_cat=0
split_feature=1 0 1 0 1 0 0 0 1 1 0 0 0 0 0 0 1 0 1
split_gain=1703.55 374.516 202.818 83.8071 81.1339 84.8354 60.7285 48.9888 43.9834 8.76992 6.33439 4.14689 2.44059 1.77846 0.451056 0.0339995 0.0206421 0.0126581 0.00817662
threshold=20.458539500000004 94.886715000000024 23.933218000000004 88.856950000000012 17.542188000000003 105.11545000000001 105.89164500000001 101.56900500000002 27.200419000000004 25.777131000000001 100.60458500000001 98.223670000000013 105.34941500000001 106.50353000000003 103.00645500000002 104.33142000000001 0.89937650000000013 96.565635000000015 11.294609000000001
decision_type=2 2 2 2 2 2 2 2 2 2 2 2 2 2 2 2 2 2 2
left_child=4 3 6 -2 13 10 -3 8 -4 -9 -6 -10 14 15 -11 16 -1 -18 -19
right_child=1 2 7 -5 5 -7 -8 9 11 12 -12 -13 -14 -15 -16 -17 17 18 -20
leaf_value=-0.061869133253758535 -0.060014711955887458 0.0063285460854752146 0.014495145579473227 -0.0035138532627484037 -0.058528800266175011 0.003956059350853418 0.041665458923227428 0.048091476134471768 0.039637359830848339 0.056535367988160307 -0.04085729825011853 0.048091476134471768 0.066225785016993097 -0.05583471448215252 0.060624964655630026 -0.061335441375970502 -0.062899634084531794 -0.06261746752817568 -0.062113770834709772
leaf_weight=90.260255873203278 106.61447159945965 289.80468863248825 147.30236054956913 170.7345662266016 105.96112102270126 113.09405960142612 122.38008822500706 140.78801177442074 154.35301698744297 118.99376475811005 97.253938302397728 219.17555065453053 189.82956403493881 132.13601465523243 155.57198153436184 87.430695936083794 162.44369028508663 95.022505149245262 160.87464082241058
leaf_count=556 579 1226 592 731 598 478 509 615 642 529 472 941 903 793 713 533 997 588 981
internal_value=-0.00102172 0.0282473 0.0378902 -0.0252331 -0.0518982 -0.0307544 0.00788179 0.0488749 0.037633 0.05855 -0.0500716 0.0467575 0.0618665 -0.0610828 0.0588526 -0.0622463 -0.0624028 -0.0625544 -0.0623353
internal_weight=2860.02 1815.55 1538.2 277.349 1044.48 316.309 412.185 1126.01 520.831 605.183 203.215 373.529 464.395 728.168 274.566 596.032 508.601 418.341 255.897
internal_count=13976 7980 6670 1310 5996 1548 1735 4935 2175 2760 1070 1583 2145 4448 1242 3655 3122 2566 1569
is_linear=0
shrinkage=0.05


Tree=15
num_leaves=22
num_cat=0
split_feature=1 0 1 0 1 0 1 0 0 1 1 0 1 0 0 0 1 0 1 1 1
split_gain=1608.38 301.798 195.146 121.887 95.6761 92.9906 56.514 34.0757 29.7869 19.3308 8.68757 6.90952 3.00281 2.74359 0.418896 0.36004 0.0119327 0.0211243 0.00526946 0.00372124 0.00531391
threshold=22.184146000000002 94.430345000000017 18.776802500000002 100.76320500000001 25.777131000000001 103.41564000000001 30.346104000000004 105.69440000000002 99.151430000000019 17.542188000000003 30.652786000000003 104.26212000000002 28.912007000000006 106.72105000000001 106.30716500000001 101.84313000000002 14.589744500000002 100.52782500000002 11.506196500000003 8.8289255000000022 1.0000000180025095e-35
decision_type=2 2 2 2 2 2 2 2 2 2 2 2 2 2 2 2 2 2 2 2 2
left_child=2 6 9 -4 5 -3 -2 -5 10 13 -6 12 -10 16 -13 -14 18 -18 19 20 -1
right_child=1 4 3 7 8 -7 -8 -9 11 -11 -12 14 15 -15 -16 -17 17 -19 -20 -21 -22
leaf_value=-0.061445559458088939 -0.044715945478514332 0.011244323545097324 -0.052793040700449594 -0.010996361394562414 0.027699702254368255 0.049147522894610864 0.0047909368936992431 0.024682852919479133 0.047789657326910678 -0.038448641354396108 0.045910797241553565 0.061931123086882804 0.055046013005331018 -0.053454675797069265 0.066140095261363385 0.058811978805059478 -0.061834259439732892 -0.060684858347961938 -0.062026028916718857 -0.061360126928216463 -0.061959320671575224
leaf_weight=82.930696159601212 114.199054017663 235.11566479504108 140.63780179619789 153.78143687546253 122.13042272627354 205.08287581801414 116.40380948781967 118.47609332203865 148.0258245319128 119.39639636874199 141.20624913275242 109.38434775173664 133.79524490237236 124.56218704581261 128.63018517196178 112.5792800784111 79.765432253479958 80.131998971104622 132.84770111739635 81.823643028736115 128.03461155295372
leaf_count=530 545 953 750 684 500 896 551 479 639 616 599 525 595 772 630 525 500 500 850 525 822
internal_value=-0.000597119 0.0330966 -0.0430823 -0.0149951 0.0422145 0.0231271 -0.0197258 0.00452987 0.0515946 -0.0570632 0.0374648 0.0574782 0.0534182 -0.060193 0.0642058 0.0567999 -0.0616265 -0.0612582 -0.0617649 -0.0616463 -0.0617574
internal_weight=2808.94 1566.55 1242.39 412.895 1335.95 440.199 230.603 272.258 895.752 829.493 263.337 632.415 394.4 710.096 238.015 246.375 585.534 159.897 425.637 292.789 210.965
internal_count=13986 6958 7028 1913 5862 1849 1096 1163 4013 5115 1099 2914 1759 4499 1155 1120 3727 1000 2727 1877 1352
is_linear=0
shrinkage=0.05


Tree=16
num_leaves=19
num_cat=0
split_feature=1 0 1 1 0 1 0 0 0 1 1 1 0 0 1 1 1 1
split_gain=1473.63 311.704 189.278 125.043 98.3031 50.1674 49.4628 18.6829 17.1811 11.8967 5.81302 3.25622 1.00473 0.217705 0.00306023 0.00629135 0.0019238 3.59741e-06
threshold=19.865962000000007 99.446175000000025 25.127249000000003 23.583983500000006 92.122350000000012 17.542188000000003 103.51358000000002 106.17962500000002 102.54427000000001 27.420587000000001 26.155499500000001 16.211084000000003 104.81903500000001 106.57971000000002 1.0000000180025095e-35 11.294609000000001 13.406494000000002 8.1699215000000027
decision_type=2 2 2 2 2 2 2 2 2 2 2 2 2 2 2 2 2 2
left_child=5 2 -2 7 -4 11 -7 -3 9 -5 -10 13 -12 14 -1 17 -17 -16
right_child=1 3 4 8 -6 6 -8 -9 10 -11 12 -13 -14 -15 15 16 -18 -19
leaf_value=-0.060696426351791677 -0.043434921203760496 0.019492777608371051 -0.027484320544418107 0.029624682426138478 0.019492777608371051 -0.055574201730038644 -0.0099361235897914187 0.040109395946274551 0.049908493115420553 0.04979506149403197 0.057914592782992852 -0.050472224840693553 0.063305290161937686 -0.058434309569162207 -0.061236193950030549 -0.060650506685866946 -0.060963179078848295 -0.061249889301610794
leaf_weight=78.919543087482452 194.47807733714581 230.73326160013676 115.52361437678337 114.70407900214195 360.82794964313507 117.23898360133171 120.27829994261265 121.59064733982086 155.44849137961864 201.56879490613937 155.24215565621853 93.064118549227715 195.02571903169155 101.46990066766739 107.57050211727619 77.853355810046196 133.64305713772774 86.512292340397835
leaf_count=524 932 985 593 469 1509 671 531 508 705 910 740 588 979 654 718 518 887 577
internal_value=-0.000420166 0.0253216 -0.00186855 0.0408541 0.0151016 -0.052242 -0.0324632 0.0194928 0.0516206 0.0424798 0.0573372 -0.0591604 0.0609161 -0.0605402 -0.0609813 -0.0610367 -0.0608481 -0.0612423
internal_weight=2761.69 1845.14 670.83 1174.31 476.352 916.55 237.517 352.324 821.989 316.273 505.716 679.033 350.268 585.969 484.499 405.579 211.496 194.083
internal_count=13998 8330 3034 5296 2102 5668 1202 1493 3803 1379 2424 4466 1719 3878 3224 2700 1405 1295
is_linear=0
shrinkage=0.05


Tree=17
num_leaves=21
num_cat=0
split_feature=1 0 1 0 1 0 1 0 1 0 1 1 0 0 0 1 1 0 1 0
split_gain=1332.75 296.017 202.756 70.8206 66.6483 52.4172 48.4081 49.9589 36.9946 7.8161 6.32019 5.41264 3.16426 1.24267 0.103414 0.0316572 0.00667866 0.00790471 0.00644459 3.307e-06
threshold=19.865962000000007 94.60770500000001 24.121139500000002 104.88120500000001 27.925993000000002 101.09093000000001 17.542188000000003 104.39289500000001 27.082220500000002 104.14552000000002 27.838923500000003 31.078967000000002 106.50353000000003 106.37188000000002 104.33142000000001 0.89937650000000013 11.506196500000003 100.89485500000002 7.8735945000000012 96.001945000000021
decision_type=2 2 2 2 2 2 2 2 2 2 2 2 2 2 2 2 2 2 2 2
left_child=6 4 3 -3 -2 8 12 -8 -4 10 -7 -10 14 -11 15 -1 18 19 -17 -18
right_child=1 2 5 -5 -6 9 7 -9 11 13 -12 -13 -14 -15 -16 16 17 -19 -20 -21
leaf_value=-0.059380342387216206 -0.054016707526847611 0.0029337001119623925 0.0082459509487381368 0.034078673181385986 -0.0030558050063784741 0.042709250795470929 -0.052540027302600649 -0.0057482144884552023 0.032331797379328953 0.056181756088140439 0.053717100527902177 0.042709250795470929 -0.051062932049795812 0.062501150503996725 -0.058327398389825973 -0.06055243718663194 -0.06087415821507617 -0.06023363019711301 -0.059900994826385202 -0.060859303663800907
leaf_weight=78.482976853847504 116.39235985279083 310.28774702548981 124.75875878334045 185.739945307374 142.96437381207943 109.9338177293539 128.1525047570467 102.80673809349537 145.00117114186287 150.58834733068943 175.02783504128456 185.69142881035805 121.56848484277725 160.93036285042763 78.440651655197144 76.410671070218086 75.479944005608559 73.4551652520895 75.455351948738098 74.397939935326576
leaf_count=542 604 1355 502 783 676 485 738 448 618 750 839 818 807 821 535 531 515 500 524 508
internal_value=-0.00110353 0.0235102 0.0317931 0.00544083 -0.0259257 0.0442192 -0.0513887 -0.0317116 0.0314463 0.0539722 0.0479878 0.040199 -0.058341 0.0594464 -0.0600037 -0.0602936 -0.0604846 -0.0606585 -0.0602288 -0.0608668
internal_weight=2691.97 1807.32 1547.96 496.028 259.357 1051.93 884.65 230.959 455.451 596.48 284.962 330.693 653.691 311.519 532.123 453.682 375.199 223.333 151.866 149.878
internal_count=13899 8251 6971 2138 1280 4833 5648 1186 1938 2895 1324 1436 4462 1571 3655 3120 2578 1523 1055 1023
is_linear=0
shrinkage=0.05


Tree=18
num_leaves=20
num_cat=0
split_feature=1 0 1 1 0 0 1 0 1 0 0 0 0 1 1 1 1 1 1
split_gain=1259.26 283.029 158.298 155.947 74.7997 37.6849 35.1639 21.8065 17.6631 3.29706 2.51016 1.0599 0.671481 0.532531 0.177315 0.0229506 0.0164121 0.0247322 3.86667e-05
threshold=19.465683500000004 97.897140000000022 25.127249000000003 23.583983500000006 91.91746000000002 106.17962500000002 17.542188000000003 103.17985500000002 28.788781000000004 105.11545000000001 107.87262000000003 107.87262000000003 100.76320500000001 31.883990000000001 16.211084000000003 1.0000000180025095e-35 11.294609000000001 14.744388500000001 8.1699215000000027
decision_type=2 2 2 2 2 2 2 2 2 2 2 2 2 2 2 2 2 2 2
left_child=6 2 -2 5 -4 -3 10 8 12 -9 14 -11 -5 -10 15 -1 18 -18 -17
right_child=1 3 4 7 -6 -7 -8 9 13 11 -12 -13 -14 -15 -16 16 17 -19 -20
leaf_value=-0.05870775236950241 -0.052988244928940442 0.012805265084711387 -0.028905934348670271 0.026762551086953024 0.012805265084711387 0.040583953379242414 -0.033196286901583112 0.04932747171602405 0.042815098894830428 0.055767288186771971 -0.049367329134229178 0.062424564099420557 0.032063760779051605 0.046986568508476149 -0.056882168352335442 -0.059980223447872655 -0.058969684152565795 -0.060114376979199691 -0.060025409880488059
leaf_weight=74.034282982349396 146.46869491040707 290.15254561603069 111.32787393033504 119.56089459359646 254.33619384467602 128.91156984865665 185.43058484792709 168.12779149413109 108.90767878293991 152.55738331377506 74.239630550146103 98.319948598742485 119.37649264931679 144.66728937625885 73.77710697054863 106.23521538078785 138.2557101547718 71.63758160173893 85.403507173061371
leaf_count=531 753 1271 585 488 1062 543 980 823 507 787 508 510 519 680 501 766 992 512 614
internal_value=-0.000310908 0.0225194 -0.00906593 0.0346765 0.00852739 0.0128053 -0.0523123 0.0463609 0.0392277 0.0547454 -0.0579967 0.0583763 0.0294111 0.0469866 -0.0591629 -0.0595167 -0.0596658 -0.0593604 -0.0600004
internal_weight=2651.73 1842.71 512.133 1330.58 365.664 419.064 809.014 911.517 492.512 419.005 623.583 250.877 238.937 253.575 549.343 475.566 401.532 209.893 191.639
internal_count=13932 8528 2400 6128 1647 1814 5404 4314 2194 2120 4424 1297 1007 1187 3916 3415 2884 1504 1380
is_linear=0
shrinkage=0.05


Tree=19
num_leaves=21
num_cat=0
split_feature=1 0 1 1 0 0 0 1 0 1 0 1 1 1 0 1 1 1 1 1
split_gain=1174.62 236.862 133.181 114.93 111.467 93.4571 45.8214 27.8802 25.2138 11.3602 7.68095 3.26301 3.25293 0.653892 0.288999 0.0701487 0.0213133 0.024676 0.0036228 3.90981e-06
threshold=21.355253000000001 91.132875000000013 25.684316000000003 17.542188000000003 102.01477000000001 106.43491500000002 99.151430000000019 29.378802500000003 100.76320500000001 22.954624000000003 104.76741000000001 16.364561000000005 28.453457000000004 31.253160000000005 106.57971000000002 29.586957000000002 1.0000000180025095e-35 14.589744500000002 11.294609000000001 8.1699215000000027
decision_type=2 2 2 2 2 2 2 2 2 2 2 2 2 2 2 2 2 2 2 2
left_child=3 -2 4 11 -3 8 7 -4 -5 -6 12 14 -8 -14 16 -12 -1 18 19 -18
right_child=1 2 6 5 9 -7 10 -9 -10 -11 15 -13 13 -15 -16 -17 17 -19 -20 -21
leaf_value=-0.05806950876635613 -0.042104897165515874 -0.0053648081774070495 0.0090170740886250569 -0.052863521758629517 0.020881892478754733 0.019626652964081844 0.040769482548693066 0.038849969097737143 -0.02358514130639312 0.040946106425626454 0.05833423794995235 -0.047201674755053998 0.047354592464795245 0.052426673748087474 -0.055783666153691326 0.060224737048532165 -0.059372426320243303 -0.058223101539766876 -0.059019061816150589 -0.059387800397527314
leaf_weight=71.120118498802185 118.48159119486809 245.80876465141773 121.63295249640942 129.99427430331707 116.59352713823318 99.534899443387985 131.10385692119598 219.90075482428074 169.30104978382587 178.6327860802412 95.590554639697075 75.372708201408386 105.85004690289497 158.98700104653835 92.466256111860275 100.82477541267872 93.321738362312317 77.358754530549049 119.67022532224655 74.261865079402924
leaf_count=531 668 1017 500 817 492 419 596 947 801 822 518 527 517 787 661 555 702 576 896 558
internal_value=-0.000765653 0.0259115 0.0313753 -0.0431713 0.0116356 -0.0223439 0.0428112 0.0282254 -0.0363018 0.0330222 0.0512209 -0.0569338 0.0472108 0.0503995 -0.0583225 0.0593047 -0.0588613 -0.0590157 -0.0592292 -0.0593792
internal_weight=2595.81 1593.41 1474.93 1002.4 541.035 398.83 933.89 341.534 299.295 295.226 592.356 603.572 395.941 264.837 528.199 196.415 435.733 364.613 287.254 167.584
internal_count=13907 7419 6751 6488 2331 2037 4420 1447 1618 1314 2973 4451 1900 1304 3924 1073 3263 2732 2156 1260
is_linear=0
shrinkage=0.05


Tree=20
num_leaves=20
num_cat=0
split_feature=1 0 1 1 1 0 0 0 0 1 0 1 1 1 0 1 1 1 1
split_gain=1086.36 221.524 162.331 124.431 53.9958 50.4601 41.2652 35.7626 16.896 12.0748 2.3685 1.49258 0.426595 0.362748 0.173383 0.0367296 0.00911313 9.40554e-05 1.26957e-05
threshold=19.865962000000007 98.536940000000016 25.859904500000003 24.954034500000002 17.542188000000003 104.76741000000001 106.95713000000002 92.706595000000007 103.25090000000002 28.788781000000004 104.76741000000001 16.211084000000003 29.586957000000002 32.199767000000008 107.35807000000001 1.0000000180025095e-35 14.589744500000002 11.294609000000001 8.4871610000000022
decision_type=2 2 2 2 2 2 2 2 2 2 2 2 2 2 2 2 2 2 2
left_child=4 2 -2 6 11 -6 -3 -4 9 -5 -10 14 -12 -11 15 -1 17 18 -17
right_child=1 3 7 8 5 -7 -8 -9 10 13 12 -13 -14 -15 -16 16 -18 -19 -20
leaf_value=-0.057509287907745878 -0.044470025028151144 0.013892785618800418 -0.014082697610948569 0.029152272651365031 -0.048634687913896857 -0.0002022794157679279 0.043579443147803057 0.013892785618800418 0.048980526602454694 0.044356574424916036 0.056120536783460032 -0.050967739218008283 0.060582533253958876 0.047331442648082589 -0.055811448257017074 -0.058851741633931136 -0.058249412131058609 -0.058920737570977967 -0.058879854539321243
leaf_weight=69.522761598229408 178.06691980361938 394.06681945919991 114.26134818792343 160.90827907621861 126.55736069381237 93.519848734140396 117.14735387265682 254.11267156898975 106.05328720808029 103.03217692673206 120.93989066779613 83.513053670525551 96.156982973217964 116.59888704121113 66.163940161466599 98.640233397483826 69.256083056330681 123.83804580569267 67.736900180578232
leaf_count=540 894 1700 596 704 777 408 520 1078 549 502 668 604 547 576 490 772 537 964 529
internal_value=-0.000767133 0.0211666 -0.00527314 0.0330587 -0.0491339 -0.0280538 0.0142849 0.0136741 0.0466975 0.0395579 0.055105 -0.057151 0.0580969 0.0471813 -0.0581939 -0.0585613 -0.0587648 -0.0588877 -0.0588632
internal_weight=2560.09 1761.34 546.441 1214.9 798.748 220.077 511.214 368.374 703.69 380.539 323.15 578.671 217.097 219.631 495.158 428.994 359.471 290.215 166.377
internal_count=13955 8334 2568 5766 5621 1185 2220 1674 3546 1782 1764 4436 1215 1078 3832 3342 2802 2265 1301
is_linear=0
shrinkage=0.05


Tree=21
num_leaves=21
num_cat=0
split_feature=1 0 1 0 0 1 0 1 0 1 0 1 0 1 1 0 1 1 1 1
split_gain=1038.33 195.98 174.895 133.833 76.4677 76.0799 40.2398 22.121 11.7585 9.68368 6.98572 3.29885 2.32873 0.669121 0.656023 0.165404 0.0305189 0.0449403 6.91779e-05 3.21235e-06
threshold=22.954624000000003 91.132875000000013 17.542188000000003 100.76320500000001 101.56900500000002 27.838923500000003 106.72105000000001 20.145690000000005 98.450310000000016 25.859904500000003 96.211430000000021 16.211084000000003 105.11545000000001 30.798634000000003 31.078967000000002 106.57971000000002 14.589744500000002 1.0000000180025095e-35 11.294609000000001 8.1699215000000027
decision_type=2 2 2 2 2 2 2 2 2 2 2 2 2 2 2 2 2 2 2 2
left_child=2 -2 11 10 5 8 7 -5 -3 -6 -4 15 13 -11 -7 16 17 -1 19 -19
right_child=1 4 3 6 9 14 -8 -9 -10 12 -12 -13 -14 -15 -16 -17 -18 18 -20 -21
leaf_value=-0.056879457769745567 -0.036172361698105747 -0.00094150899366078622 -0.061323117852552012 -0.025621978604338611 0.038557278227535588 0.030739090429327199 0.021873532648790373 0.00016241508693364912 0.014223607353807149 0.04646248371144221 -0.04246674803150171 -0.04655580798270275 0.056710378050798531 0.051945775831191934 0.035007047648342331 -0.055418048924309044 -0.056874912702689462 -0.058327556581182265 -0.058385785729110844 -0.058342098975198431
leaf_weight=64.014696702361107 107.14939019083977 129.65517017245293 86.03290106356144 110.81717030704021 202.87366303801537 147.92998787760735 133.23912413418293 164.73814588785172 137.75463043153286 129.94743490219116 114.4696954190731 81.449543237686157 158.22823499143124 97.292244240641594 245.33884811401367 83.051185637712479 63.991779990494251 85.792929105460644 110.94248340278864 68.131356552243233
leaf_count=518 618 538 558 556 954 657 571 698 563 667 620 610 927 525 1117 641 518 701 902 556
internal_value=-0.00102934 0.0287222 -0.0356134 -0.0170975 0.0342893 0.0226147 -0.000686201 -0.0115945 0.0019815 0.0473994 -0.0505578 -0.0558541 0.0520531 0.0488101 0.035007 -0.0574454 -0.057874 -0.0580683 -0.0583557 -0.058334
internal_weight=2522.84 1356.17 1166.67 609.297 1249.02 660.679 408.794 275.555 267.41 588.342 200.503 557.374 385.468 227.24 393.269 475.924 392.873 328.881 264.867 153.924
internal_count=14015 6566 7449 3003 5948 2875 1825 1254 1101 3073 1178 4446 2119 1192 1774 3836 3195 2677 2159 1257
is_linear=0
shrinkage=0.05


Tree=22
num_leaves=21
num_cat=0
split_feature=1 0 1 1 0 0 1 1 0 0 1 1 0 0 1 1 1 1 1 1
split_gain=942.797 208.837 160 103.94 49.3807 37.9697 47.0824 17.8246 16.3194 15.6572 14.4047 5.04412 3.93546 1.02499 0.64301 0.140559 0.0318511 0.00611413 0.00498048 0.00700671
threshold=19.557639500000004 99.446175000000025 25.859904500000003 23.583983500000006 92.706595000000007 106.37188000000002 16.096741000000005 23.491188000000005 103.05674500000002 106.17962500000002 27.528435000000005 18.682885500000001 105.34941500000001 108.00161000000001 16.841387000000005 31.570948000000005 14.589744500000002 11.506196500000003 8.8289255000000022 1.0000000180025095e-35
decision_type=2 2 2 2 2 2 2 2 2 2 2 2 2 2 2 2 2 2 2 2
left_child=5 2 7 9 -4 11 -7 -2 10 -3 -5 14 -10 -14 16 -12 17 18 19 -1
right_child=1 3 4 8 -6 6 -8 -9 12 -11 15 -13 13 -15 -16 -17 -18 -19 -20 -21
leaf_value=-0.057170283275661329 -0.050814530364022607 0.014595174026963599 -0.018699434235207514 0.022761549919881278 0.014595174026963599 -0.040940908284523111 0.0035379928429843132 -0.022133670641929871 0.045025171393573718 0.034138983672685502 0.040675740139623953 -0.041791292731884977 0.052277160954293772 0.059314070513415175 -0.052779100677389237 0.043038745848883855 -0.056514792255406503 -0.057907227624328199 -0.057048396914829436 -0.05785468216800034
leaf_weight=62.163396328687668 121.78326971828938 247.23546396195889 111.37042385339737 133.45267514884472 315.83013233542442 84.261979356408119 74.858114629983902 97.57600674033165 175.57379619777203 118.09668882191181 100.93003229796886 66.211536690592766 128.3623566031456 86.700587719678879 95.253643035888672 97.276671707630157 90.041518621146679 98.684472024440765 60.754247255623341 93.865579441189766
leaf_count=524 687 1073 595 570 1373 678 383 440 939 512 501 388 741 505 649 506 746 837 517 800
internal_value=-0.000869635 0.0191582 -0.00334586 0.0325362 0.0144774 -0.0487038 -0.0271208 -0.0380566 0.0436545 0.0145952 0.035498 -0.054761 0.0505795 0.055114 -0.0564759 0.0430387 -0.0573442 -0.057581 -0.0574325 -0.057582
internal_weight=2460.28 1734.19 646.56 1087.63 427.201 726.094 159.12 219.359 722.296 365.332 331.659 566.974 390.637 215.063 500.763 198.207 405.509 315.468 216.783 156.029
internal_count=13964 8442 3095 5347 1968 5522 1061 1127 3762 1585 1577 4461 2185 1246 4073 1007 3424 2678 1841 1324
is_linear=0
shrinkage=0.05


Tree=23
num_leaves=20
num_cat=0
split_feature=1 0 1 0 0 1 0 1 0 0 1 1 1 0 0 1 1 1 1
split_gain=873.032 185.182 179.897 83.2548 55.7138 51.3597 41.8754 39.0355 11.6124 3.8325 3.55628 3.15688 2.52809 0.442609 0.17172 0.0332911 0.0463987 5.1433e-05 4.01278e-06
threshold=19.865962000000007 90.008635000000012 24.121139500000002 102.01477000000001 102.54427000000001 17.542188000000003 103.55836500000001 27.838923500000003 106.50353000000003 99.36276500000001 28.035833500000006 32.199767000000008 16.211084000000003 104.58338000000002 106.57971000000002 14.589744500000002 1.0000000180025095e-35 11.294609000000001 8.1699215000000027
decision_type=2 2 2 2 2 2 2 2 2 2 2 2 2 2 2 2 2 2 2
left_child=5 -2 3 -3 7 12 -7 -4 -5 11 -6 -9 14 -12 15 16 -1 18 -18
right_child=1 2 4 8 10 6 -8 9 -10 -11 13 -13 -14 -15 -16 -17 17 -19 -20
leaf_value=-0.055904666446811462 -0.046567418338291304 -0.011673288672647435 0.0097261418879148222 0.01032076352026999 0.04482518388412008 -0.04962739939234273 -0.0051749752574378931 0.025051560915433115 0.030606203287550593 0.038157064766965731 0.051747991217823724 0.034616579929896883 -0.046469045080101898 0.056399251562955069 -0.054328429041731997 -0.055832987749536572 -0.057415284300185658 -0.057469081356393385 -0.057432242930212263
leaf_weight=61.44173414260149 101.13411726057529 214.26316024363041 233.8412938117981 182.74217739701271 177.7619956433773 99.036218158900738 113.92254677414894 125.21708817780018 114.91250647604465 163.80695132911205 88.439680814743042 159.09432780742645 73.757342971861362 121.29462495446205 77.284680433571339 58.728498473763466 81.764702431857586 101.53849617391825 60.83583077788353
leaf_count=540 649 1011 981 777 980 680 515 550 512 843 503 708 587 756 638 516 727 898 540
internal_value=-0.000770296 0.0190259 0.0232208 -0.00115424 0.0348885 -0.0465026 -0.0258475 0.026286 0.0181522 0.0349274 0.0500281 0.0310761 -0.0550379 0.0544379 -0.0564691 -0.0569233 -0.0571328 -0.0574419 -0.0574225
internal_weight=2410.82 1682.51 1581.37 511.918 1069.46 728.31 212.959 681.96 297.655 448.118 387.496 284.311 515.351 209.734 441.594 364.309 305.581 244.139 142.601
internal_count=13911 8270 7621 2300 5321 5641 1195 3082 1289 2101 2239 1258 4446 1259 3859 3221 2705 2165 1267
is_linear=0
shrinkage=0.05


Tree=24
num_leaves=20
num_cat=0
split_feature=1 0 1 0 0 1 1 0 0 0 1 1 1 0 1 1 1 1 1
split_gain=833.418 177.198 175.704 86.0717 46.6249 40.7257 37.7546 16.8199 15.383 9.19557 5.12019 2.52378 1.04306 0.204219 0.183194 0.035175 0.00927147 0.0493632 2.46484e-05
threshold=19.465683500000004 90.008635000000012 24.121139500000002 102.95360500000002 101.20018500000002 28.912007000000006 17.542188000000003 97.973640000000003 106.50353000000003 104.26212000000002 28.035833500000006 16.211084000000003 27.082220500000002 107.66607500000002 35.746358500000007 1.0000000180025095e-35 13.2544795 11.294609000000001 7.1081155000000011
decision_type=2 2 2 2 2 2 2 2 2 2 2 2 2 2 2 2 2 2 2
left_child=6 -2 3 -3 5 7 11 -4 -5 10 -6 13 -11 15 -7 -1 17 18 -17
right_child=1 2 4 8 9 14 -8 -9 -10 12 -12 -13 -14 -15 -16 16 -18 -19 -20
leaf_value=-0.055437364502984289 -0.046032140868869142 -0.011984344483778994 -0.0044902226325042177 0.0088783924806249484 0.034614250325960369 0.034614250325960369 -0.027400630570255796 0.021635873779270301 0.032142419983869429 0.047835140090634706 0.045187831038117687 -0.046143413743086642 0.054556959003606048 -0.053301234967839228 0.03157397481487325 -0.057025701066354822 -0.057136846339119002 -0.055301597819847129 -0.05706700398896325
leaf_weight=58.993412174284458 101.58613158762455 255.81960391998291 121.10268934071064 159.87168471515179 107.99540442228317 209.19869394600391 170.15240968763828 125.39140799641609 127.90920962393284 93.043154910206795 141.73831553757191 74.16032599657774 151.99157869815826 55.318925946950912 109.72262439131737 64.366967923939228 110.46636588126421 55.798628017306328 82.315830036997795
leaf_count=540 674 1217 505 687 523 979 985 526 569 539 799 610 970 473 506 596 1011 513 759
internal_value=-0.000572185 0.0180071 0.0220635 -0.00104862 0.033914 0.0241054 -0.0477518 0.00880011 0.0192185 0.0451231 0.0383711 -0.0546578 0.0520046 -0.0561357 0.0346143 -0.0565573 -0.0567684 -0.0565674 -0.0570489
internal_weight=2376.94 1705.37 1603.78 543.6 1060.18 565.415 671.573 246.494 287.781 494.768 249.734 501.42 245.035 427.26 318.921 371.941 312.948 202.481 146.683
internal_count=13981 8494 7820 2473 5347 2516 5487 1031 1256 2831 1322 4502 1509 3892 1485 3419 2879 1868 1355
is_linear=0
shrinkage=0.05


Tree=25
num_leaves=20
num_cat=0
split_feature=1 0 1 0 1 0 0 0 1 1 0 0 1 0 0 1 1 1 1
split_gain=759.477 139.966 135.502 84.5781 70.5398 80.5482 28.3319 22.2966 14.5737 9.66972 6.05537 4.31585 2.51095 2.24903 0.262629 0.0275778 0.0404826 0.00521362 3.11008e-06
threshold=22.184146000000002 91.132875000000013 17.542188000000003 100.76320500000001 26.155499500000001 103.41564000000001 102.54427000000001 106.50353000000003 28.912007000000006 20.249596500000003 100.06872000000001 98.608265000000003 16.211084000000003 104.81903500000001 106.57971000000002 14.589744500000002 1.0000000180025095e-35 11.294609000000001 8.1699215000000027
decision_type=2 2 2 2 2 2 2 2 2 2 2 2 2 2 2 2 2 2 2
left_child=2 -2 12 -4 5 10 8 9 -6 -5 -3 -10 14 -8 15 16 -1 18 -18
right_child=1 4 3 7 6 -7 13 -9 11 -11 -12 -13 -14 -15 -16 -17 17 -19 -20
leaf_value=-0.054897439193243462 -0.033261240388722496 -0.0028753792110063126 -0.048143198939203227 -0.02285164170000548 0.017095694185021503 0.037030427908642465 0.044547378113302061 0.014780918813863779 0.030056450699246215 -0.001662452063892072 0.0087291687456205538 0.039628209720519864 -0.045099726759003068 0.053646373343749054 -0.052628683645485001 -0.054892501182510593 -0.056612969238278299 -0.056132077118348292 -0.056628396231536017
leaf_weight=54.317743979394436 102.37518441677094 148.77291241288185 145.10333035886288 106.007718577981 159.63292118906975 191.34499017894268 124.16691163182259 120.32390342652798 198.90185222029686 109.41623373329639 125.61083060503006 172.95467068254948 70.354451917111874 149.89793249964714 73.862979143857956 54.377016313374043 73.348831176757812 93.526610530912876 58.907819114625454
leaf_count=519 639 620 980 554 696 979 733 515 883 465 529 918 599 997 660 520 711 901 570
internal_value=-0.000860779 0.0229813 -0.0349924 -0.0162453 0.0275105 0.0120206 0.0364659 -0.00245974 0.0297324 -0.0120894 -0.00287538 0.0351572 -0.0538239 0.049524 -0.055327 -0.0559229 -0.056123 -0.0564178 -0.0566198
internal_weight=2333.2 1373.66 959.547 480.851 1271.28 465.729 805.554 335.748 531.489 215.424 274.384 371.857 478.695 274.065 408.341 334.478 280.101 225.783 132.257
internal_count=13988 6994 6994 2514 6355 2128 4227 1534 2497 1019 1149 1801 4480 1730 3881 3221 2701 2182 1281
is_linear=0
shrinkage=0.05


Tree=26
num_leaves=20
num_cat=0
split_feature=1 0 1 1 1 0 0 0 1 1 0 1 0 1 1 0 1 1 1
split_gain=703.132 145.216 120.349 66.9399 49.3622 39.4248 38.6513 32.4303 13.9782 7.00589 4.36771 4.51519 4.33492 2.54113 0.295576 0.400618 0.0124787 7.57419e-05 3.11008e-05
threshold=19.865962000000007 95.018290000000022 24.454294000000001 27.838923500000003 17.542188000000003 103.96202500000001 105.11545000000001 102.54427000000001 31.570948000000005 22.184146000000002 105.62876500000002 28.344123000000003 99.446175000000025 16.211084000000003 13.120537000000002 103.55836500000001 11.294609000000001 8.4871610000000022 1.0000000180025095e-35
decision_type=2 2 2 2 2 2 2 2 2 2 2 2 2 2 2 2 2 2 2
left_child=4 3 5 -2 13 -3 -6 8 12 -7 11 -9 -4 14 16 -16 17 18 -1
right_child=1 2 7 -5 6 9 -8 10 -10 -11 -12 -13 -14 -15 15 -17 -18 -19 -20
leaf_value=-0.056406421593437506 -0.047694866735371877 0.0025844693268103017 0.014880503594948533 0.0025844693268103017 -0.043104676045638946 0.014673394070743185 0.00063001525379926605 0.03669378383999633 0.03669378383999633 0.032163553722816492 0.053080446133178638 0.047332071524031176 0.02629200381658969 -0.044655991372627483 -0.055637175029110725 -0.049873845564214508 -0.055556346562359742 -0.056440488551293869 -0.056358061961325812
leaf_weight=52.940671071410179 108.85124702006578 282.80217161774635 167.46486347913742 148.37931831181049 117.17469029128551 114.49607285857201 88.806931495666504 84.205748811364174 188.18928231298923 114.52503101527691 148.02327093482018 102.74313490092754 165.43343061208725 65.830090284347534 73.313523627817631 51.217329062521458 55.985309757292271 67.111158721148968 89.371171988546848
leaf_count=526 644 1264 722 745 812 481 386 473 966 559 997 648 790 578 736 492 554 665 894
internal_value=-0.0011148 0.0165771 0.0230585 -0.0178896 -0.0445621 0.00387809 -0.0242489 0.0345261 0.0267235 0.0234196 0.0466641 0.0415837 0.0205514 -0.0537425 -0.0552765 -0.0532668 -0.0562194 -0.0563967 -0.0563761
internal_weight=2286.86 1625.11 1367.88 257.231 661.751 511.823 205.982 856.06 521.088 229.021 334.972 186.949 332.898 455.769 389.939 124.531 265.408 209.423 142.312
internal_count=13932 8289 6900 1389 5643 2304 1198 4596 2478 1040 2118 1121 1512 4445 3867 1228 2639 2085 1420
is_linear=0
shrinkage=0.05


Tree=27
num_leaves=21
num_cat=0
split_feature=1 0 1 0 1 0 0 0 1 1 0 1 0 1 0 1 0 1 1 1
split_gain=659.225 148.142 125.587 101.38 50.1475 56.9238 30.5656 19.4021 18.5921 13.2076 5.20232 3.72026 3.22456 1.70282 1.23965 0.10467 0.147426 0.0431119 0.0064271 2.03735e-05
threshold=19.865962000000007 90.597975000000019 26.155499500000001 102.01477000000001 17.191724000000004 105.75930500000001 100.70855500000002 107.19856500000002 22.270995500000001 29.009601000000004 104.81903500000001 24.195836000000003 107.87262000000003 35.19121950000001 102.54427000000001 14.281418 101.32768500000002 1.0000000180025095e-35 11.294609000000001 7.1081155000000011
decision_type=2 2 2 2 2 2 2 2 2 2 2 2 2 2 2 2 2 2 2 2
left_child=4 -2 3 11 12 -6 9 8 -5 -4 14 -3 15 -11 -8 17 -17 -1 19 -19
right_child=1 2 6 7 5 -7 10 -9 -10 13 -12 -13 -14 -15 -16 16 -18 18 -20 -21
leaf_value=-0.054141891479360285 -0.041194446689985238 -0.010201892305863774 0.011549474366518755 0.0065521662174414692 -0.043441463328986601 0.0089975462286700138 0.037231883806620757 0.041240732509778229 0.027626915646429297 0.034436103212672965 0.053428647688556187 0.0013041377108925344 -0.041700681198805156 0.026497578972868713 0.044645979940980435 -0.055404174333953421 -0.051640481551275777 -0.05593264629227275 -0.055390167025591353 -0.05597223669438222
leaf_weight=52.690177798271179 103.0639395788312 212.17788198590279 119.10072438418865 117.39344225823879 138.66478431224823 82.567009650170803 112.07681784033775 109.0374808460474 167.27131846547127 175.17159470915794 133.03645035624504 120.50949467718601 52.908259205520153 109.95017704367638 113.44972518086433 52.891406543552876 51.210346318781376 58.105018734931946 81.596211321651936 73.729246221482754
leaf_count=548 705 1012 508 498 988 383 611 548 824 837 947 499 502 516 705 531 504 613 853 774
internal_value=-0.000490029 0.0167784 0.0207907 0.00591127 -0.0431609 -0.0238704 0.0349601 0.0233062 0.0164366 0.0255334 0.0455871 -0.0102019 -0.0532468 0.0313748 0.0409615 -0.0548969 -0.0535527 -0.0554227 -0.0557389 -0.0559548
internal_weight=2236.6 1592.24 1489.18 726.39 644.362 221.232 762.785 393.702 284.665 404.222 358.563 332.687 423.131 285.122 225.527 370.222 104.102 266.121 213.43 131.834
internal_count=13906 8210 7505 3381 5696 1371 4124 1870 1322 1861 2263 1511 4325 1353 1316 3823 1035 2788 2240 1387
is_linear=0
shrinkage=0.05


Tree=28
num_leaves=21
num_cat=0
split_feature=1 0 1 0 0 1 1 0 0 0 1 1 1 1 0 0 1 1 1 1
split_gain=609.45 134.26 136.787 65.3525 43.4894 36.8836 32.9792 15.9742 9.49364 6.53305 5.998 3.04702 2.05837 0.98943 0.276088 0.150678 0.00505351 0.0123057 0.0023087 1.88464e-06
threshold=19.385593500000002 90.597975000000019 24.121139500000002 103.96202500000001 102.54427000000001 17.542188000000003 28.912007000000006 98.051215000000013 106.72105000000001 105.82077500000001 27.925993000000002 16.211084000000003 36.669844000000005 31.570948000000005 107.75898000000002 106.57971000000002 11.294609000000001 1.0000000180025095e-35 13.406494000000002 8.1699215000000027
decision_type=2 2 2 2 2 2 2 2 2 2 2 2 2 2 2 2 2 2 2 2
left_child=5 -2 3 -3 6 11 7 -4 -5 10 -6 15 13 -8 -11 16 17 -1 -18 -19
right_child=1 2 4 8 9 -7 12 -9 -10 14 -12 -13 -14 -15 -16 -17 18 19 -20 -21
leaf_value=-0.054624674409843636 -0.040439841589816235 -0.01086499394748992 -0.0046648801902062593 0.0089833933219728729 0.033090587341820403 -0.023764106561929711 0.02800419625327696 0.019086244820127662 0.029326850196130586 0.050075370316243574 0.045220947592697527 -0.042750211385399584 0.025730776987815562 0.033090587341820403 0.054472929708083317 -0.052461974421259654 -0.054627410681258141 -0.055585810599478348 -0.055063036897835704 -0.055598676868170153
leaf_weight=46.004489861428738 102.39414021372795 293.69947414845228 117.08177481591702 116.59777231514454 84.564147800207138 147.47227028012276 120.72434996068478 179.06128227710724 112.85774071514606 72.266156956553459 111.99439926445484 63.465320259332657 100.4384959936142 141.2027632445097 70.521171048283577 64.688593789935112 49.211400985717773 65.17063008248806 79.626078441739082 50.529693059623241
leaf_count=500 728 1405 488 511 488 903 605 794 521 511 748 596 495 715 508 649 540 721 868 558
internal_value=-0.000599205 0.0149791 0.0187099 -0.00199847 0.0295668 -0.0452676 0.0220736 0.00969611 0.0189893 0.0441076 0.0381946 -0.0528415 0.0321891 0.0330906 0.0522473 -0.0546444 -0.0551303 -0.0553164 -0.0548966 -0.0555914
internal_weight=2189.57 1623.4 1521.01 523.155 997.855 566.168 658.509 296.143 229.456 339.346 196.559 418.696 362.366 261.927 142.787 355.231 290.542 161.705 128.837 115.7
internal_count=13852 8517 7789 2437 5352 5335 3097 1282 1032 2255 1236 4432 1815 1320 1019 3836 3187 1779 1408 1279
is_linear=0
shrinkage=0.05


Tree=29
num_leaves=22
num_cat=0
split_feature=1 1 0 0 1 0 0 1 0 1 0 1 0 0 0 1 0 1 1 1 1
split_gain=560.916 132.85 111.3 76.8678 36.8699 41.6715 28.1041 26.6732 15.5725 11.4522 9.28854 7.06609 6.6881 5.8246 1.04494 0.801677 0.122974 0.0185997 0.0053886 0.00825576 0.0010918
threshold=19.465683500000004 25.127249000000003 99.446175000000025 97.705770000000015 16.711468500000002 105.62876500000002 107.04031500000001 29.009601000000004 104.70796500000002 22.954624000000003 94.096170000000015 31.713469500000006 103.31033000000001 101.20018500000002 106.57971000000002 29.586957000000002 104.33142000000001 11.506196500000003 8.1699215000000027 0.89937650000000013 14.878345500000002
decision_type=2 2 2 2 2 2 2 2 2 2 2 2 2 2 2 2 2 2 2 2 2
left_child=4 2 -2 7 14 -6 9 -3 11 12 -9 13 -4 -5 16 -10 17 18 19 -1 -19
right_child=1 3 6 8 5 -7 -8 10 15 -11 -12 -13 -14 -15 -16 -17 -18 20 -20 -21 -22
leaf_value=-0.05434168872027563 -0.036684060865966352 -0.014077191207953067 -0.012589001791275176 0.021831917769692427 -0.044390130922386292 0.0034288400489345667 0.031808379750858241 0.0056270911568823368 0.047179870117989804 0.013847612639701305 0.021831917769692427 0.04106494149302202 0.0044418495995410647 0.034805784247142611 -0.04753340137500877 0.054294036251878112 -0.052150385279699535 -0.055334052308087071 -0.054137139364308785 -0.055272568182797022 -0.055651076163128615
leaf_weight=47.468242675065994 175.55718045681715 103.98844975233078 111.53713238239288 151.15237994492054 120.06629041582346 73.418079018592834 111.02631460130215 108.67412659525871 86.369673684239388 153.1445949524641 103.73022890090942 152.73462547361851 119.30889622867107 152.50875827670097 64.554617881774902 73.128294572234154 45.120431624352932 66.459992714226246 43.498221255838871 47.806037694215775 45.92475587874651
leaf_count=540 996 484 516 705 961 382 547 576 629 697 485 901 513 890 671 563 508 763 503 554 505
internal_value=-0.000499444 0.0144942 -0.0024786 0.0267024 -0.043855 -0.0262451 0.00965233 0.00667117 0.0369927 0.00324617 0.0168291 0.0322926 -0.00378689 0.0278803 -0.0532977 0.0504416 -0.0545537 -0.0549855 -0.0545983 -0.0548088 -0.0554636
internal_weight=2157.18 1602.86 670.574 932.287 554.317 193.484 495.017 316.393 615.894 383.991 212.404 456.396 230.846 303.661 360.832 159.498 296.278 251.157 138.773 95.2743 112.385
internal_count=13889 8502 3269 5233 5387 1343 2273 1545 3688 1726 1061 2496 1029 1595 4044 1192 3373 2865 1597 1094 1268
is_linear=0
shrinkage=0.05


Tree=30
num_leaves=20
num_cat=0
split_feature=1 0 1 1 0 1 0 0 1 0 0 0 0 0 1 1 0 1 1
split_gain=521.121 116.163 84.1411 59.3778 52.2696 46.3596 27.3989 22.8701 7.15517 6.05985 3.58923 3.55142 1.81273 0.321677 0.181201 0.0328573 0.0428555 0.0555764 0.00596102
threshold=21.355253000000001 95.545435000000012 17.542188000000003 25.127249000000003 103.31033000000001 27.838923500000003 103.73842500000002 103.11689500000001 28.035833500000006 99.151430000000019 100.40683000000001 108.21960000000001 104.46701 104.33142000000001 28.453457000000004 1.0000000180025095e-35 96.565635000000015 14.589744500000002 10.888171000000002
decision_type=2 2 2 2 2 2 2 2 2 2 2 2 2 2 2 2 2 2 2
left_child=2 5 11 6 9 -2 -3 8 -5 -4 -10 13 -9 15 -14 -1 -17 18 -18
right_child=1 3 4 7 -6 -7 -8 12 10 -11 -12 -13 14 -15 -16 16 17 -19 -20
leaf_value=-0.05280596455746938 -0.040160972001244327 0.0048826033247528185 -0.050421469151134268 0.016938582351507487 -0.0004369938634273891 0.0033647056641524843 0.025200356723519491 0.038484358303343583 0.025984863182385045 -0.030588176624168014 0.035471738319871451 -0.038330582036074291 0.046072338671668038 -0.050399590879619718 0.049418354326785124 -0.055191408004887602 -0.054479319517824192 -0.052348424542222695 -0.05389367377736231
leaf_weight=43.222487546503544 100.96097141504288 232.33322085440159 68.407381810247898 149.80904942750931 194.42882770299911 155.25070132315159 178.62538111209869 73.546894714236259 196.9119415730238 88.13160178810358 118.80084249377251 45.14499931037426 72.779956489801407 77.002188809216022 91.118948489427567 85.531685464084148 48.649774558842182 46.023541875183582 43.452654354274273
leaf_count=513 571 975 604 671 876 791 910 485 998 536 724 472 535 859 721 1008 589 511 522
internal_value=-0.00169096 0.0165697 -0.0355015 0.0235519 -0.0177508 -0.0137867 0.00845382 0.0323784 0.0259374 -0.0392553 0.0302075 -0.0515156 0.045006 -0.0532466 0.0479325 -0.054068 -0.0543119 -0.0537672 -0.0544762
internal_weight=2110.13 1370.14 739.995 1113.93 350.968 256.212 410.959 702.968 465.522 156.539 315.713 389.027 237.446 343.882 163.899 266.88 223.658 138.126 92.1024
internal_count=13871 7381 6490 6019 2016 1362 1885 4134 2393 1140 1722 4474 1741 4002 1256 3143 2630 1622 1111
is_linear=0
shrinkage=0.05


Tree=31
num_leaves=21
num_cat=0
split_feature=1 1 0 0 0 0 1 0 1 1 1 0 0 0 1 0 1 1 1 1
split_gain=498.959 131.693 110.062 70.3878 32.9504 31.1057 23.2003 31.1803 22.2659 12.4741 11.767 10.72 2.15874 2.06159 0.722431 0.241795 0.0400039 0.0479788 0.00672514 8.4808e-06
threshold=19.077816000000002 25.859904500000003 102.01477000000001 91.91746000000002 95.881240000000005 101.63080000000001 16.211084000000003 105.69440000000002 21.997570500000005 29.124218000000003 23.338152500000003 104.81903500000001 105.05712000000001 98.608265000000003 29.239180500000003 107.35807000000001 1.0000000180025095e-35 14.589744500000002 11.294609000000001 7.8735945000000012
decision_type=2 2 2 2 2 2 2 2 2 2 2 2 2 2 2 2 2 2 2 2
left_child=6 2 4 -3 -2 9 15 -8 -4 -5 -6 -10 14 -11 -7 16 -1 18 19 -18
right_child=1 3 8 5 10 12 7 -9 11 13 -12 -13 -14 -15 -16 -17 17 -19 -20 -21
leaf_value=-0.052455665587698347 -0.046972440014722956 -0.015466663861006502 0.0030139289255123932 0.012430505249678439 -0.022694149589295928 0.037504189491371319 -0.0467801492397249 -0.0029634266030577525 0.013900304289623905 0.026276097864890477 -0.0033090890226883623 0.035857788556236121 0.049894585329709862 0.033973426663295885 0.043916884708689381 -0.049893020472720852 -0.054757757526636065 -0.052701433005222426 -0.054149573547987856 -0.054786195475013615
leaf_weight=41.524966575205326 97.604345425963402 88.282635986804962 192.01252239942551 162.57994775474072 144.04599896073341 79.247255831956863 109.32934125512838 64.586665883660316 99.383811384439468 168.28530277311802 120.28543570637703 126.13572908937931 113.08544128388166 112.62157507240772 98.519186705350876 44.31405957788229 54.404849521815777 45.851146273314953 74.186326660215855 50.600377276539803
leaf_count=514 667 535 841 711 742 489 983 375 462 788 493 716 928 651 684 494 686 566 925 635
internal_value=-0.000687725 0.0127613 -0.00196557 0.0267156 -0.0221454 0.0317867 -0.045132 -0.0305081 0.0155273 0.023453 -0.0129781 0.0261814 0.0444938 0.0298325 0.0410581 -0.053313 -0.0538816 -0.0541447 -0.054514 -0.0547715
internal_weight=2086.89 1602.09 779.468 822.621 361.936 734.339 484.798 173.916 417.532 443.487 264.331 225.52 290.852 280.907 177.766 310.882 266.568 225.043 179.192 105.005
internal_count=13885 8707 3921 4786 1902 4251 5178 1358 2019 2150 1235 1178 2101 1439 1173 3820 3326 2812 2246 1321
is_linear=0
shrinkage=0.05


Tree=32
num_leaves=21
num_cat=0
split_feature=1 0 1 0 1 0 0 1 1 0 0 0 1 1 0 1 1 1 1 1
split_gain=459.002 102.406 94.3313 65.6366 45.9164 45.5468 24.9996 19.2562 15.0668 7.38948 6.69897 3.72872 2.00114 1.07923 0.286051 0.220868 0.0485875 0.0145743 0.00405576 2.27706e-06
threshold=19.865962000000007 90.597975000000019 26.155499500000001 101.09093000000001 16.211084000000003 105.82077500000001 101.63080000000001 22.794297500000003 29.009601000000004 105.11545000000001 100.76320500000001 104.76741000000001 36.069474500000005 31.713469500000006 106.57971000000002 30.066889500000006 1.0000000180025095e-35 11.294609000000001 13.2544795 8.1699215000000027
decision_type=2 2 2 2 2 2 2 2 2 2 2 2 2 2 2 2 2 2 2 2
left_child=4 -2 3 -3 14 10 8 -5 -4 -9 -6 15 13 -10 16 -8 -1 19 -19 -18
right_child=1 2 6 7 5 -7 11 9 12 -11 -12 -13 -14 -15 -16 -17 17 18 -20 -21
leaf_value=-0.052155873170218796 -0.037499006335183376 -0.01028911116302831 0.0092758254048549305 0.0055508077498017637 -0.052103516241539971 0.0040957114354564627 0.034520301215871865 0.018483739065482892 0.026656101061318462 0.037244560426086197 -0.03103714887943454 0.048184383973096351 0.022888868144763496 0.031898175045667602 -0.049738960043390013 0.038305903144471437 -0.05448563971662216 -0.05323385784764615 -0.053873467695832046 -0.054501067759570303
leaf_weight=40.736732453107834 92.068577945232391 260.0326589345932 148.99599868059158 215.70255754888058 68.820786029100418 91.376917719841003 79.069824814796448 119.18616600334644 99.431201875209808 93.789534829556942 83.551833674311638 117.62057465314865 100.77681811153889 106.12703439593315 54.789240948855877 75.151198372244835 53.486108236014843 38.178176432847977 70.648336805403233 43.259930066764355
leaf_count=527 689 1230 658 949 692 474 508 573 508 575 612 995 511 552 641 534 708 500 919 571
internal_value=-0.000613592 0.0135982 0.0169208 0.00365954 -0.0399468 -0.0238145 0.0294806 0.0160808 0.0223173 0.0267456 -0.040552 0.041479 0.0286605 0.0314901 -0.0530066 0.036365 -0.0537334 -0.054046 -0.0536491 -0.0544925
internal_weight=2052.8 1507.95 1415.88 688.711 544.848 243.75 727.173 428.678 455.331 212.976 152.373 271.842 306.335 205.558 301.099 154.221 246.309 205.573 108.827 96.746
internal_count=13926 8282 7593 3327 5644 1778 4266 2097 2229 1148 1304 2037 1571 1060 3866 1042 3225 2698 1419 1279
is_linear=0
shrinkage=0.05


Tree=33
num_leaves=22
num_cat=0
split_feature=1 1 0 0 0 0 1 0 0 1 1 1 0 1 0 0 1 1 1 1 1
split_gain=427.104 107.889 83.5415 75.1534 26.2345 24.4016 23.195 30.7957 16.5953 12.9976 12.1528 9.64852 9.24519 2.82892 2.50287 0.443886 0.310071 0.0521528 0.0770147 4.19618e-05 2.3737e-06
threshold=18.973988500000001 24.121139500000002 100.60458500000001 97.808245000000014 91.91746000000002 103.17985500000002 16.211084000000003 105.75930500000001 106.50353000000003 26.854381500000006 29.586957000000002 21.355253000000001 97.256225000000015 31.570948000000005 105.11545000000001 106.57971000000002 27.925993000000002 14.589744500000002 1.0000000180025095e-35 11.294609000000001 8.1699215000000027
decision_type=2 2 2 2 2 2 2 2 2 2 2 2 2 2 2 2 2 2 2 2 2
left_child=6 2 12 4 -3 9 15 -8 11 -5 -6 -4 -2 -11 -7 17 -16 18 -1 20 -20
right_child=1 3 8 5 10 14 7 -9 -10 13 -12 -13 -14 -15 16 -17 -18 -19 19 -21 -22
leaf_value=-0.05177802786938869 -0.047039016857431747 -0.019227826292977587 -0.010793694025292759 0.016729407983896272 -0.001552917615806982 0.037622907150834696 -0.045806444086716164 -0.0010769965995371517 0.021295462682797469 0.025421619540779001 0.016729407983896272 0.0080017136937721584 -0.023937592620974855 0.033415574450352335 0.045271042022767397 -0.048387483616862681 0.049895767161068187 -0.051764660729640782 -0.054246825752311614 -0.054306586374129551 -0.054263127894216036
leaf_weight=38.48370348662138 81.717354379594326 100.28632317483425 122.63336125016212 130.42204847931862 112.48814252018929 110.06959798932076 101.82126158475876 61.858526915311813 130.60602796077728 147.46020972728729 126.75764352083206 154.05778481066227 92.14402736723423 122.7490511983633 71.275998912751675 53.253212876617908 73.739471450448036 38.414363399147987 51.085589423775673 64.975576534867287 39.6683199852705
leaf_count=520 601 646 588 580 472 774 983 357 619 812 593 663 476 763 549 649 660 520 708 890 548
internal_value=-0.000922336 0.0113374 -0.00578024 0.0213329 0.00223896 0.0312199 -0.0439117 -0.0289021 0.00660544 0.0235234 0.0112373 -0.000328672 -0.0347956 0.030466 0.0433078 -0.0525053 0.0476227 -0.053448 -0.053781 -0.0542759 -0.054254
internal_weight=2025.97 1576.41 581.159 995.248 339.532 655.716 449.561 163.68 407.297 400.631 239.246 276.691 173.861 270.209 255.085 285.881 145.015 232.628 194.213 155.729 90.7539
internal_count=13971 8796 2947 5849 1711 4138 5175 1340 1870 2155 1065 1251 1077 1575 1983 3835 1209 3186 2666 2146 1256
is_linear=0
shrinkage=0.05


Tree=34
num_leaves=20
num_cat=0
split_feature=1 0 1 1 1 0 1 0 1 0 1 1 1 0 0 1 1 1 1
split_gain=398.487 89.8449 77.2676 66.2191 37.3114 25.9266 12.2699 12.121 11.5124 9.73506 3.49394 2.87421 1.79836 1.47896 0.0868175 0.0531789 0.0148616 0.0219961 9.13653e-06
threshold=19.465683500000004 98.536940000000016 26.342805500000001 23.649342000000004 17.542188000000003 104.76741000000001 28.788781000000004 106.17962500000002 23.583983500000006 92.957855000000009 16.211084000000003 25.859904500000003 26.342805500000001 101.84313000000002 107.75898000000002 1.0000000180025095e-35 11.294609000000001 14.744388500000001 7.1081155000000011
decision_type=2 2 2 2 2 2 2 2 2 2 2 2 2 2 2 2 2 2 2
left_child=4 2 8 7 10 6 11 -3 -2 -4 14 -5 -7 -8 15 -1 18 -18 -17
right_child=1 3 9 5 -6 12 13 -9 -10 -11 -12 -13 -14 -15 -16 16 17 -19 -20
leaf_value=-0.051959993544832009 -0.046251319707304249 0.0067079785740274678 -0.0091626426431128307 0.010548494391071857 -0.020188997990346031 0.040007337344632549 0.028752899991790183 0.024006001824147822 -0.020718311899436379 0.0067079785740274678 -0.039041125585179796 0.021310209236128527 0.050543430167896641 0.035068028240380356 -0.050645455231970365 -0.054045054325328482 -0.052677198414912862 -0.054187557570912516 -0.054076234355402611
leaf_weight=37.45188831537962 83.850211560726166 269.21010410040617 100.96098186075687 119.67801889777184 144.91665570437908 66.000656045973301 127.53465959429741 117.3565279096365 93.235494442284107 214.94144003093243 54.231331810355186 128.83246657252312 104.82273485511541 84.225833915174007 36.159962520003319 43.18539484590292 69.513536505401134 36.903504818677902 51.527813926339149
leaf_count=528 597 1219 585 549 966 459 777 558 458 1003 607 700 953 628 453 624 990 518 740
internal_value=-0.00132467 0.0112242 -0.00629518 0.0197111 -0.0413274 0.0298374 0.0236634 0.00670798 -0.0328082 0.00670798 -0.0506392 0.0161276 0.0464726 0.0325071 -0.0529285 -0.0532745 -0.0536064 -0.053201 -0.054062
internal_weight=1984.54 1510.65 492.988 1017.66 473.89 631.094 460.271 386.567 177.086 315.902 328.973 248.51 170.823 211.76 274.742 238.582 201.13 106.417 94.7132
internal_count=13912 8486 2643 5843 5426 4066 2654 1777 1055 1588 4460 1249 1412 1405 3853 3400 2872 1508 1364
is_linear=0
shrinkage=0.05


Tree=35
num_leaves=21
num_cat=0
split_feature=1 0 1 0 0 0 1 1 1 0 1 1 1 1 0 1 1 1 1 1
split_gain=384.279 78.9371 83.4383 40.4697 39.1511 31.9447 26.897 19.1799 11.9653 5.97002 4.38655 4.12395 3.01136 4.26137 0.382509 0.321553 0.0430252 0.0106448 0.00870955 0.0139276
threshold=19.465683500000004 90.597975000000019 24.121139500000002 101.84313000000002 102.54427000000001 106.37188000000002 16.942525500000006 28.035833500000006 22.184146000000002 99.207615000000018 28.035833500000006 17.542188000000003 31.253160000000005 36.669844000000005 104.58338000000002 16.364561000000005 14.589744500000002 11.506196500000003 8.8289255000000022 1.0000000180025095e-35
decision_type=2 2 2 2 2 2 2 2 2 2 2 2 2 2 2 2 2 2 2 2
left_child=5 -2 3 -3 7 11 -7 9 -5 -4 -6 15 -9 -14 -12 16 17 18 19 -1
right_child=1 2 4 8 10 6 -8 12 -10 -11 14 -13 13 -15 -16 -17 -18 -19 -20 -21
leaf_value=-0.052520458378673987 -0.034394919074073396 -0.01019174149531871 -0.0023300058754102625 0.0024732743841415442 0.032164794546368385 -0.033737208429964298 0.005994840539403707 0.017516764822781885 0.022560888999393507 0.013401308728117831 0.041805319610275192 -0.039901062674277982 0.027398655424714636 0.016826150535018083 0.046970151597056448 -0.047757803134131256 -0.051463430997586948 -0.053865905776893409 -0.0523415511164943 -0.053810490404545344
leaf_weight=35.108155369758606 89.592354975640774 198.5045321136713 126.94324576854706 182.63254262506962 134.71856914460659 57.2181715965271 59.553096428513527 144.4089729487896 124.78323766589165 114.89498947560787 64.218338847160339 93.14837209135294 136.03403683006763 96.29117526113987 81.14648973941803 34.612080246210098 39.64981921762228 54.690321862697601 33.625596821308136 51.781699076294899
leaf_count=518 716 1031 535 800 977 740 294 753 612 522 500 758 754 509 770 422 581 821 509 787
internal_value=-0.00118726 0.0111089 0.0140114 -0.00223043 0.0231552 -0.0411809 -0.0185961 0.0161327 0.010627 0.00514379 0.0386646 -0.0488783 0.0231868 0.0267112 0.0446885 -0.0522303 -0.0529508 -0.0532874 -0.0530248 -0.0532892
internal_weight=1953.56 1494.17 1404.58 505.92 898.656 459.387 116.771 618.572 307.416 241.838 280.083 342.616 376.734 232.325 145.365 249.468 214.856 175.206 120.515 86.8899
internal_count=13909 8479 7763 2443 5320 5430 1034 3073 1412 1057 2247 4396 2016 1263 1270 3638 3216 2635 1814 1305
is_linear=0
shrinkage=0.05


Tree=36
num_leaves=21
num_cat=0
split_feature=1 1 0 0 1 0 1 0 1 0 0 1 0 0 1 0 1 1 1 1
split_gain=337.742 81.4158 64.483 63.9865 35.2165 25.0224 19.8024 16.0521 11.1388 9.57082 4.56561 2.98592 3.61987 2.8424 1.13235 0.217488 0.0593817 0.0219935 0.0443347 1.15128e-06
threshold=19.385593500000002 23.649342000000004 100.76320500000001 97.897140000000022 17.070639500000002 104.81903500000001 27.838923500000003 104.76741000000001 25.968755500000004 106.17962500000002 94.096170000000015 31.713469500000006 100.27702000000001 107.87262000000003 27.082220500000002 104.58338000000002 0.89937650000000013 14.744388500000001 11.294609000000001 7.5255670000000006
decision_type=2 2 2 2 2 2 2 2 2 2 2 2 2 2 2 2 2 2 2 2
left_child=4 2 -2 6 13 -6 -3 8 -5 -4 -8 12 -10 15 -9 16 -1 18 19 -18
right_child=1 3 9 7 5 -7 10 14 11 -11 -12 -13 -14 -15 -16 -17 17 -19 -20 -21
leaf_value=-0.05086952608802571 -0.034625256906332266 -0.015434666950163128 -0.00079393095961817397 0.014706869232365263 -0.040789270368261084 -0.00066796821457074671 0.002331133237040883 0.036885926188778562 0.016524718710979682 0.01688386693747421 0.014706869232365263 0.032457119698808004 0.029549848460476091 -0.037145141168634481 0.045321014891011563 -0.049010431281235889 -0.053601701365228488 -0.054060984388219546 -0.051630124748168006 -0.053614861753474831
leaf_weight=34.759404495358467 143.23223562538624 116.09013271331787 216.40958791971207 132.81085069477558 76.491924375295639 78.993992798030376 114.32765924930573 71.796297587454319 86.107627168297768 118.48535610735416 127.58153566718102 128.62362542003393 140.18122145533562 37.159346684813499 89.2421680316329 49.184102080762386 32.843476846814156 45.694608114659786 49.342897869646549 33.638836711645126
leaf_count=538 913 577 961 613 751 410 628 546 429 567 617 881 911 484 876 713 524 663 777 535
internal_value=-0.000940916 0.010441 -0.006548 0.0185094 -0.039518 -0.0204058 0.00154057 0.0278732 0.0233539 0.00546045 0.00968684 0.0281684 0.0245935 -0.0500326 0.0415604 -0.0519836 -0.0527286 -0.0531321 -0.0527656 -0.0536084
internal_weight=1923 1484.89 478.127 1006.76 438.109 155.486 357.999 648.762 487.723 334.895 241.909 354.912 226.289 282.623 161.038 245.463 196.279 161.52 115.825 66.4823
internal_count=13914 8519 2441 6078 5395 1161 1822 4256 2834 1528 1245 2221 1340 4234 1422 3750 3037 2499 1836 1059
is_linear=0
shrinkage=0.05


Tree=37
num_leaves=22
num_cat=0
split_feature=1 1 0 0 0 0 1 0 0 1 1 0 1 0 1 0 1 1 1 1 1
split_gain=312.712 101.912 76.8138 60.3137 30.0246 22.1561 17.0541 12.8556 7.98258 6.84941 5.00495 4.16441 3.69828 3.24507 2.02284 1.03622 0.429167 0.0882052 0.067185 0.0183461 1.82914e-05
threshold=17.542188000000003 23.583983500000006 100.82685500000001 93.175780000000017 105.11545000000001 107.27811000000001 28.035833500000006 96.565635000000015 99.446175000000025 21.526355500000005 36.669844000000005 108.45336000000002 32.199767000000008 100.40683000000001 25.583966 107.75898000000002 16.211084000000003 13.406494000000002 1.0000000180025095e-35 11.294609000000001 7.1081155000000011
decision_type=2 2 2 2 2 2 2 2 2 2 2 2 2 2 2 2 2 2 2 2 2
left_child=11 2 7 -3 6 9 8 -2 -5 -4 12 16 13 -8 -10 -6 17 18 -1 20 -20
right_child=1 3 5 4 15 -7 10 -9 14 -11 -12 -13 -14 -15 -16 -17 -18 -19 19 -21 -22
leaf_value=-0.050538720286866713 -0.052802225007471906 -0.014210620095040736 -0.010007535829701767 0.0039790835078153484 0.039483823290931912 0.022398149439096293 0.017364269238558452 -0.025242187092630188 0.011707339085200309 0.005039615299962062 0.01412835247897324 -0.032184110596128017 0.030521596082675545 0.030250268348267873 0.021683382602377756 0.048096769299257366 -0.046319420323766555 -0.050280729900362989 -0.053466647515797508 -0.05213964814145388 -0.053513644319267223
leaf_weight=32.968062710016966 70.739633105695248 130.84695844352245 182.54910389333963 136.49091726541519 86.299464039504528 109.19898566603661 111.79355782270432 105.29437317699194 106.65431544184685 129.12264324724674 82.03660175204277 33.28201300650835 115.54118131101131 86.784810520708561 97.055150888860226 58.656881555914879 41.165398769080639 60.496048741042614 37.355554562062025 35.736749928444624 46.445482321083546
leaf_count=530 650 795 931 570 773 514 567 658 511 567 496 434 722 638 559 544 524 971 617 580 759
internal_value=-0.000778816 0.00780259 -0.0085832 0.0174658 0.0221688 0.00301688 0.0180741 -0.0363172 0.00986294 -0.00377364 0.0251255 -0.0488152 0.0279976 0.0229958 0.0164603 0.0429691 -0.050993 -0.0518962 -0.0525371 -0.0530882 -0.0534927
internal_weight=1896.51 1609.06 596.905 1012.16 881.313 420.871 736.357 176.034 340.2 311.672 396.156 287.449 314.12 198.578 203.709 144.956 254.167 213.002 152.506 119.538 83.801
internal_count=13910 9495 3320 6175 5380 2012 4063 1308 1640 1498 2423 4415 1927 1205 1070 1317 3981 3457 2486 1956 1376
is_linear=0
shrinkage=0.05


Tree=38
num_leaves=22
num_cat=0
split_feature=1 1 0 0 1 0 0 1 0 1 1 0 0 1 1 0 1 1 1 1 1
split_gain=293.496 94.4879 65.3811 55.6597 25.1737 19.1054 18.0797 11.4646 11.1229 8.94144 6.99634 6.48052 3.77831 1.65164 0.679294 0.355158 0.259958 0.0386536 0.07689 0.022811 1.34058e-05
threshold=18.107568000000004 23.649342000000004 100.76320500000001 97.705770000000015 28.035833500000006 107.10996500000002 104.76741000000001 16.211084000000003 97.256225000000015 31.078967000000002 21.355253000000001 93.573180000000022 102.54427000000001 26.155499500000001 34.428347500000008 107.87262000000003 26.562556500000003 1.0000000180025095e-35 11.294609000000001 13.2544795 7.1081155000000011
decision_type=2 2 2 2 2 2 2 2 2 2 2 2 2 2 2 2 2 2 2 2 2
left_child=7 2 8 4 -3 10 9 15 -2 12 -4 -6 16 -8 -11 17 -5 -1 20 -20 -19
right_child=1 3 5 6 11 -7 13 -9 -10 14 -12 -13 -14 -15 -16 -17 -18 18 19 -21 -22
leaf_value=-0.050250543028421558 -0.049584384429883208 -0.019146833159338933 -0.011567746515501227 0.012978626731112806 -0.00035416224506703599 0.019978906191790047 0.03384472523803083 -0.029395147746639306 -0.023466322425788957 0.030723533813951667 0.0037098736925547868 0.012978626731112806 0.025095261448466695 0.044574066852813635 0.025872055054164723 -0.046124522890841922 0.015228229406043431 -0.053271627005498583 -0.050035617367787312 -0.05171950940875663 -0.053313232335358764
leaf_weight=31.825694881379604 73.488335162401199 110.19119633734226 158.89100030809641 118.55441129207611 102.05701939761639 110.13886469602585 57.366231866180897 82.735690779983997 91.541917555034161 72.812590293586254 141.82726158201694 122.25009667873383 94.08097930252552 95.711499072611332 73.933224700391293 31.329911835491657 136.11120963096619 34.728467341512442 30.25887755677104 59.975682005286217 43.755031168460846
leaf_count=535 663 557 802 509 577 518 431 890 542 516 619 594 643 996 515 447 748 603 516 1011 752
internal_value=-0.00132173 0.00756835 -0.00851455 0.0169898 0.000423335 0.00216281 0.0255339 -0.0453739 -0.0350968 0.0208938 -0.00436239 0.0100372 0.0165328 0.0405532 0.0307235 -0.0510754 0.0133696 -0.0518488 -0.0521503 -0.0511548 -0.0532948
internal_weight=1873.57 1558.96 575.887 983.068 334.498 410.857 648.57 314.609 165.03 495.492 300.718 224.307 348.747 153.078 146.746 231.874 254.666 200.544 168.718 90.2346 78.4835
internal_count=13984 9230 3144 6086 1728 1939 4358 4754 1205 2931 1421 1171 1900 1427 1031 3864 1257 3417 2882 1527 1355
is_linear=0
shrinkage=0.05


Tree=39
num_leaves=21
num_cat=0
split_feature=1 1 0 0 0 1 0 1 0 1 0 0 0 0 0 1 1 1 1 1
split_gain=271.377 65.4322 60.3159 42.8287 29.3862 19.6436 18.1698 16.1144 10.7494 9.31071 6.79154 6.24039 3.65113 1.89335 0.585013 0.549682 0.0647421 0.0879216 3.93456e-05 1.6181e-06
threshold=18.776802500000002 25.859904500000003 96.565635000000015 99.446175000000025 107.66607500000002 16.364561000000005 103.84239500000001 22.954624000000003 92.706595000000007 31.570948000000005 105.11545000000001 102.76453000000002 102.01477000000001 101.63080000000001 106.57971000000002 29.124218000000003 1.0000000180025095e-35 14.589744500000002 11.294609000000001 8.1699215000000027
decision_type=2 2 2 2 2 2 2 2 2 2 2 2 2 2 2 2 2 2 2 2
left_child=5 2 -2 8 7 14 -7 11 -3 -10 13 -4 -9 -5 16 -15 -1 18 19 -18
right_child=1 3 4 10 -6 6 -8 12 9 -11 -12 -13 -14 15 -16 -17 17 -19 -20 -21
leaf_value=-0.049950747606682173 -0.039389577609664765 -0.007867606302497129 -0.017330425573856851 0.021860136798063399 0.027579065745136577 -0.046886861640214557 -0.0075977638398708903 0.0017312471070250843 0.0028675023881788962 0.018388123589782951 0.042796418886688246 -0.0030607520006543576 0.012824943712823495 0.026951430183249303 -0.045481944552322282 0.0329464026418737 -0.05308044463292938 -0.050164312061785316 -0.053146014406709713 -0.053096011602475596
leaf_weight=30.614313270896673 98.499630711972713 98.629931248724461 139.02585285156965 118.51869295537472 99.665445558726788 54.29607080668211 64.247066862881184 123.59527125954628 154.17688934504986 124.68863463401794 85.03108161687851 170.67571794986725 116.53474491834641 69.288451872766018 41.847671408206224 85.319509580731392 37.933826118707657 32.273091267794371 49.280077870935202 29.812328208237886
leaf_count=539 758 601 785 716 545 668 454 512 701 654 924 767 671 491 633 716 694 563 885 543
internal_value=-0.00175382 0.0074829 -0.00293036 0.0180709 0.00259887 -0.0420238 -0.0255933 -0.00192918 0.00631968 0.0113375 0.0304566 -0.00946645 0.00779182 0.0266149 -0.0508068 0.0302597 -0.0520453 -0.0524748 -0.053112 -0.0530873
internal_weight=1823.95 1483.65 747.997 735.653 649.497 340.304 118.543 549.832 377.495 278.866 358.158 309.702 240.13 273.127 221.761 154.608 179.914 149.299 117.026 67.7462
internal_count=13820 8841 4038 4803 3280 4979 1122 2735 1956 1355 2847 1552 1183 1923 3857 1207 3224 2685 2122 1237
is_linear=0
shrinkage=0.05


Tree=40
num_leaves=18
num_cat=0
split_feature=1 0 1 1 0 0 0 1 1 1 1 0 0 1 1 1 1
split_gain=273.09 76.2907 68.9808 30.4224 27.8333 25.6083 24.9163 10.8946 9.69728 5.20685 3.87553 3.70601 0.83425 0.278123 0.0735913 0.0242589 6.3027e-05
threshold=19.287917500000002 90.597975000000019 24.121139500000002 16.211084000000003 103.84239500000001 102.54427000000001 101.38876500000002 22.270995500000001 30.927838000000005 28.035833500000006 36.669844000000005 99.446175000000025 104.58338000000002 14.281418 11.294609000000001 1.0000000180025095e-35 8.4871610000000022
decision_type=2 2 2 2 2 2 2 2 2 2 2 2 2 2 2 2 2
left_child=3 -2 6 13 -5 8 -3 -8 11 -7 -10 -4 -11 14 15 -1 -17
right_child=1 2 5 4 -6 9 7 -9 10 12 -12 -13 -14 -15 -16 16 -18
leaf_value=-0.051403677212706438 -0.036792642868861629 -0.012287667228486454 0.0061136355343902266 -0.045663597082257937 -0.0043688940545422031 0.027092952740688337 -0.00072121967779427757 0.017889790779741243 0.024912945778105013 0.037169916865384525 0.014236433532403451 0.016343256438587191 0.045291095781989019 -0.047416809594024847 -0.050401437257980623 -0.053028168738952997 -0.053115553713288736
leaf_weight=29.704240720719099 84.356733776628971 170.64943081140518 214.86899039149284 72.424819175153971 93.464897744357586 122.18609011173248 218.48535193502903 122.8475728482008 136.72829005122185 58.712907038629055 88.884417697787285 150.58777776360512 68.535996027290821 43.36900071054697 54.802540939301252 47.600851234048605 36.423820253461599
leaf_count=543 731 969 960 893 595 984 984 614 806 513 489 795 771 776 993 889 665
internal_value=-0.000606065 0.00933995 0.0122173 -0.0384336 -0.0223975 0.0210303 -0.00225075 0.00597698 0.0153608 0.0344651 0.0235118 0.0103288 0.041544 -0.0509877 -0.0519066 -0.0526319 -0.053066
internal_weight=1814.63 1436.84 1352.49 377.79 165.89 840.504 511.982 341.333 591.069 249.435 225.613 365.457 127.249 211.9 168.531 113.729 84.0247
internal_count=13970 8616 7885 5354 1488 5318 2567 1598 3050 2268 1295 1755 1284 3866 3090 2097 1554
is_linear=0
shrinkage=0.05


Tree=41
num_leaves=21
num_cat=0
split_feature=1 1 0 1 0 1 0 1 0 0 0 0 1 0 0 1 1 1 1 1
split_gain=246.224 75.1428 65.5072 38.9404 31.3768 23.4816 21.3803 22.7158 11.0605 5.9298 4.23349 3.70326 2.31827 1.65048 1.3196 0.21407 0.0895923 0.00874824 0.0237595 8.13459e-06
threshold=17.542188000000003 26.155499500000001 95.881240000000005 39.85634000000001 108.31175500000002 21.997570500000005 100.70855500000002 31.078967000000002 101.09093000000001 102.95360500000002 106.50353000000003 104.81903500000001 30.484082000000004 97.151250000000019 103.69092000000002 15.570736500000001 1.0000000180025095e-35 11.506196500000003 8.8289255000000022 13.725520000000001
decision_type=2 2 2 2 2 2 2 2 2 2 2 2 2 2 2 2 2 2 2 2
left_child=10 2 -2 6 5 9 7 13 -7 -4 15 12 -8 -3 -10 16 -1 18 -18 -19
right_child=1 3 4 -5 -6 8 11 -9 14 -11 -12 -13 -14 -15 -16 -17 17 19 -20 -21
leaf_value=-0.049218313964061323 -0.041614905095722278 -0.00041316239201347606 -0.019896445587315414 -0.014860906770378091 0.028535538164582982 -0.0039858604849531947 0.025362458321800327 0.025231736247814773 0.0073571276499696013 -0.0066633622731079745 -0.03482716017571133 0.043565009182279874 0.037005567286939968 0.0086086504391581897 0.013237472052809713 -0.047798330869947364 -0.052769285503440247 -0.052833735575424812 -0.050800804711478513 -0.052871665905162991
leaf_weight=27.107669901102781 98.051306962966919 100.57204721868038 119.06007217615843 75.129036329686642 95.973557263612747 148.30582229793072 94.022373326122761 161.68278412520885 97.488115042448044 179.81846576184034 52.035173218697309 80.652267560362816 67.511071398854256 102.21982181072235 115.65480006486177 42.711826648563147 39.230134353041649 28.777401495724916 25.160415660589933 27.781032707542181
leaf_count=522 850 496 849 495 511 622 677 916 445 850 790 929 564 512 720 689 789 567 503 541
internal_value=-0.000679766 0.00671571 -0.0031631 0.0190949 0.00182201 -0.00206059 0.0233 0.0156485 0.00651331 -0.0124294 -0.0474686 0.034815 0.0304461 0.0041344 0.0132375 -0.0509167 -0.0518164 -0.0523986 -0.0520001 -0.0528524
internal_weight=1778.95 1536.14 854.352 681.789 756.301 660.327 606.66 364.475 361.449 298.879 242.804 242.186 161.533 202.792 213.143 190.768 148.057 120.949 64.3906 56.5584
internal_count=13837 9436 4847 4589 3997 3486 4094 1924 1787 1699 4401 2170 1241 1008 1165 3611 2922 2400 1292 1108
is_linear=0
shrinkage=0.05


Tree=42
num_leaves=20
num_cat=0
split_feature=1 0 1 0 0 0 1 0 1 1 0 1 1 1 1 0 1 0 1
split_gain=221.981 61.0611 60.2863 29.9797 29.8545 24.2211 18.0278 7.8952 5.41309 4.40257 3.9123 2.93216 1.48396 0.494535 0.261566 0.245343 0.0594132 0.0407685 0.0446131
threshold=18.973988500000001 90.597975000000019 23.412827000000004 101.09093000000001 103.96202500000001 106.50353000000003 29.009601000000004 104.58338000000002 25.968755500000004 17.542188000000003 97.808245000000014 25.236882000000005 35.482836500000012 29.586957000000002 30.484082000000004 104.33142000000001 0.89937650000000013 96.565635000000015 11.294609000000001
decision_type=2 2 2 2 2 2 2 2 2 2 2 2 2 2 2 2 2 2 2
left_child=5 -2 4 6 -3 9 10 8 -5 15 -4 -9 -8 -13 -10 16 -1 -18 -19
right_child=1 2 3 7 -6 -7 12 11 14 -11 -12 13 -14 -15 -16 -17 17 18 -20
leaf_value=-0.049068825112279398 -0.034111925714864398 -0.012177498999523416 -0.0063486187340595071 0.018516043628636698 0.0094059191099157054 -0.015758880932837921 0.018516043628636698 0.028938480936821942 0.026165002300981673 -0.034508118923197571 0.0057704594113110446 0.037962921949744544 0.012208675076444101 0.044785940663944125 0.028938480936821942 -0.046170585987779705 -0.052798162272363981 -0.051874455879482251 -0.049987989068624956
leaf_weight=27.124387320131063 84.25362453609705 240.34329291433096 121.15913915634155 74.561225742101669 205.38949492573738 86.42895944416523 159.57822236418724 53.141754418611526 85.940363317728043 57.164865732192993 147.86718486249447 58.334819830954075 94.183459803462029 48.751991957426071 65.833501853048801 28.858546640723944 47.897911336272955 28.956887762993574 50.356188286095858
leaf_count=548 759 1357 528 383 947 948 897 374 630 556 654 627 499 589 567 544 964 611 967
internal_value=-0.00125734 0.007189 0.00975693 0.0171405 -0.00530654 -0.0384593 0.00933386 0.0276982 0.021686 -0.046622 0.000312491 0.036191 0.018516 0.0410691 0.0287214 -0.0504021 -0.0511933 -0.0516463 -0.0509507
internal_weight=1766.13 1439.34 1355.08 909.352 445.733 326.788 522.788 386.564 226.335 240.359 269.026 160.229 253.762 107.087 151.774 183.194 154.335 127.211 79.3131
internal_count=13949 8811 8052 5748 2304 5138 2578 3170 1580 4190 1182 1590 1396 1216 1197 3634 3090 2542 1578
is_linear=0
shrinkage=0.05


Tree=43
num_leaves=19
num_cat=0
split_feature=1 1 0 0 0 0 1 1 0 1 1 0 0 1 1 1 1 1
split_gain=213.179 56.9585 52.0985 33.4548 15.6118 11.7735 10.3841 9.82641 6.34873 6.30809 5.86456 2.8255 1.85988 0.937007 0.157464 0.124497 2.98991e-05 1.52207e-06
threshold=17.542188000000003 23.062592500000004 99.803720000000013 94.886715000000024 103.17985500000002 107.10996500000002 27.838923500000003 31.078967000000002 106.50353000000003 24.858475000000002 20.776348500000001 105.89164500000001 99.151430000000019 25.684316000000003 14.589744500000002 1.0000000180025095e-35 11.294609000000001 8.1699215000000027
decision_type=2 2 2 2 2 2 2 2 2 2 2 2 2 2 2 2 2 2
left_child=8 2 -2 7 6 10 13 -3 14 -6 -4 -11 -8 -5 15 -1 17 -17
right_child=1 3 5 4 9 -7 12 -9 -10 11 -12 -13 -14 -15 -16 16 -18 -19
leaf_value=-0.048528899888970294 -0.039545060505567914 -0.018472970341347445 -0.012225874278536188 0.0053626404389982736 0.020096371949676558 0.014903535545988437 0.014404091442351052 0.0046060780404458615 -0.030406218540462816 0.027761958321546029 0.0019565329007983673 0.040765335451361719 0.020096371949676558 0.0099165338286413916 -0.048479862538579957 -0.052494779530894459 -0.052558058232952842 -0.052511201563753995
leaf_weight=24.351456969976425 103.15431192517281 88.28936380147934 138.51020307093859 160.25411409139633 76.722873374819756 102.88785219192505 152.54651542007923 96.565405309200287 49.148496590554714 98.111600339412689 153.86075280606747 72.754129894077778 141.48614128679037 113.50244523584843 53.774660896509886 32.949759725481272 40.045754451304674 24.677071779966354
leaf_count=512 983 532 829 689 476 482 822 537 784 920 672 869 1040 545 996 728 865 542
internal_value=-0.000905386 0.00590725 -0.00790153 0.0127881 0.0171421 0.000356774 0.0125734 -0.00641682 -0.0462926 0.0276193 -0.00476236 0.0332988 0.0190979 0.00556572 -0.050734 -0.0517274 -0.0525249 -0.0525018
internal_weight=1723.59 1498.65 498.413 1000.23 815.378 395.259 567.789 184.855 224.947 247.589 292.371 170.866 294.033 273.757 175.799 122.024 97.6726 57.6268
internal_count=13823 9396 2966 6430 5361 1983 3096 1069 4427 2265 1501 1789 1862 1234 3643 2647 2135 1270
is_linear=0
shrinkage=0.05


Tree=44
num_leaves=22
num_cat=0
split_feature=1 1 0 0 0 1 1 0 0 0 1 0 1 0 1 0 1 1 1 1 1
split_gain=202.124 55.9366 63.4538 40.2899 22.8813 14.9657 11.7415 7.6347 7.41451 5.66018 5.47163 3.51543 2.23236 1.37657 0.975304 0.273246 0.224941 0.0675295 0.0576067 0.0709442 1.28332e-05
threshold=17.542188000000003 25.859904500000003 98.146230000000017 99.151430000000019 108.00161000000001 22.954624000000003 23.062592500000004 102.54427000000001 92.957855000000009 102.76453000000002 16.211084000000003 102.01477000000001 30.219216500000005 105.11545000000001 30.484082000000004 107.87262000000003 20.573768500000003 1.0000000180025095e-35 11.294609000000001 14.744388500000001 7.1081155000000011
decision_type=2 2 2 2 2 2 2 2 2 2 2 2 2 2 2 2 2 2 2 2 2
left_child=10 2 6 8 5 9 -2 14 -3 -4 15 -7 -10 -9 -5 17 -11 -1 20 -20 -19
right_child=1 3 4 7 -6 11 -8 13 12 16 -12 -13 -14 -15 -16 -17 -18 18 19 -21 -22
leaf_value=-0.048414773314750775 -0.048243149797736737 -0.0071843699026657246 -0.015128550506454742 0.018009237896794535 0.024391180983767875 0.0018826725093018316 -0.019639305476251971 0.032175544579203026 0.0038183832187409978 -0.0039218855324571842 -0.029191208160835785 0.011767064760448146 0.013244544103369137 0.041499165116385336 0.0255120221765066 -0.045143903614968686 -0.0006505095370804287 -0.05240151558026529 -0.049135514714019224 -0.052552826812836885 -0.05244832876951383
leaf_weight=24.326910682022572 69.34529859572649 100.81839372217655 131.63608488440514 99.37911893427372 106.85021780431271 102.81398265063763 74.335609413683414 88.04628936201334 117.53319130837917 105.56064806133509 38.344707224518061 115.5404864102602 134.90507328510284 71.930627681314945 76.77901367098093 24.571066699922085 104.6317637860775 26.257051154971123 44.794829376041889 22.97822829335928 33.089101999998093
leaf_count=532 755 623 811 580 581 426 402 819 519 549 594 704 729 919 583 425 465 602 997 499 747
internal_value=-0.000891118 0.00559862 -0.00330479 0.0160689 0.00318739 -0.000857051 -0.0334445 0.0284604 0.00427798 -0.00738881 -0.0463063 0.00936826 0.0088558 0.0363677 0.0212793 -0.0500348 -0.00229343 -0.0508283 -0.0512902 -0.0502941 -0.0524276
internal_weight=1714.47 1500.11 810.714 689.392 667.033 560.183 143.681 336.135 353.257 341.828 214.362 218.354 252.438 159.977 176.158 176.017 210.192 151.446 127.119 67.7731 59.3462
internal_count=13861 9465 4693 4772 3536 2955 1157 2901 1871 1825 4396 1130 1248 1738 1163 3802 1014 3377 2845 1496 1349
is_linear=0
shrinkage=0.05


Tree=45
num_leaves=22
num_cat=0
split_feature=1 1 0 0 0 1 0 1 1 0 0 1 1 1 0 1 1 1 1 1 1
split_gain=204.1 54.698 59.4078 28.7434 15.517 13.0192 12.9766 6.83173 6.52279 5.63044 3.2688 1.97728 0.794362 0.787941 0.320006 0.118035 0.0871156 0.0454225 0.0413357 6.96903e-05 2.10225e-05
threshold=18.240351000000004 25.236882000000005 97.897140000000022 101.68764500000002 107.66607500000002 16.211084000000003 92.957855000000009 22.954624000000003 31.078967000000002 104.76741000000001 101.90039500000002 20.882805000000005 35.482836500000012 28.580445500000003 98.608265000000003 14.589744500000002 1.0000000180025095e-35 11.294609000000001 28.580445500000003 7.5255670000000006 13.120537000000002
decision_type=2 2 2 2 2 2 2 2 2 2 2 2 2 2 2 2 2 2 2 2 2
left_child=5 2 -2 6 7 15 -3 10 14 13 -4 -12 -10 -5 -8 16 -1 19 -11 -18 -19
right_child=1 3 4 9 -6 -7 8 -9 12 18 11 -13 -14 -15 -16 -17 17 20 -20 -21 -22
leaf_value=-0.048281326306538003 -0.037967730476330508 -0.0061066972099823912 -0.013053331025637081 0.020273281544418889 0.020685338000438896 -0.025447040043590587 0.0064818224997093762 0.0069138010124056813 0.020123456963329255 0.039258722985841737 -0.0066396829028343056 0.0028722285285535947 0.015198869407939873 0.027851031490501735 0.010110273407052436 -0.047557013362582473 -0.052365242706018923 -0.050441614957063674 0.041409727131939654 -0.052467320124620333 -0.050375455751942681
leaf_weight=24.143651384860277 105.91504066437483 106.19443622976542 96.136763244867325 62.966503009200096 99.655852019786835 75.547369070351124 130.51283985376358 176.76936396956444 88.741488493978977 40.359628491103649 111.78833754360676 106.86337585747242 85.840691193938255 75.363083392381668 113.70481481403112 30.024349227547646 30.67821915820241 24.265227746218443 50.010400764644146 36.751335840672255 23.768885582685471
leaf_count=549 902 669 583 455 536 922 583 874 558 470 567 470 507 705 609 658 719 542 674 833 535
internal_value=-0.000518629 0.00661175 -0.00348286 0.0159488 0.00269506 -0.042712 0.00950413 -0.000952197 0.0134625 0.0307428 -0.00536935 -0.00199085 0.0201235 0.0244017 0.00817119 -0.0504011 -0.0510127 -0.0515839 0.0404491 -0.0524209 -0.0504089
internal_weight=1696 1450.82 697.129 753.694 591.214 245.179 524.994 491.558 418.8 228.7 314.788 218.652 174.582 138.33 244.218 169.632 139.607 115.464 90.37 67.4296 48.0341
internal_count=13920 9162 3932 5230 3030 4758 2926 2494 2257 2304 1620 1037 1065 1160 1192 3836 3178 2629 1144 1552 1077
is_linear=0
shrinkage=0.05


Tree=46
num_leaves=18
num_cat=0
split_feature=1 0 1 1 1 0 0 1 0 0 0 1 1 1 1 1 1
split_gain=191.778 43.7071 39.5803 28.3913 27.1034 26.0221 17.3083 10.2292 8.40311 4.37582 2.55699 1.44486 0.255108 0.113084 0.0122896 0.0223148 5.01044e-05
threshold=19.865962000000007 94.886715000000024 16.211084000000003 23.338152500000003 28.035833500000006 102.76453000000002 104.76741000000001 28.580445500000003 103.96202500000001 99.016025000000027 101.44667000000001 26.342805500000001 14.281418 1.0000000180025095e-35 11.294609000000001 12.925922000000002 8.4871610000000022
decision_type=2 2 2 2 2 2 2 2 2 2 2 2 2 2 2 2 2
left_child=2 4 12 8 -2 -4 7 10 -3 -9 -5 -8 13 -1 16 -16 -15
right_child=1 3 5 6 -6 -7 11 9 -10 -11 -12 -13 -14 14 15 -17 -18
leaf_value=-0.04802364177016881 -0.035063745651743278 0.00077476059076329808 -0.043073788921636491 0.00599109951137098 0.00077476059076329808 -0.0042147269723603028 0.029143234527092329 0.01465578796184662 0.012437396967713231 0.024745348671155864 0.015049036070942216 0.039324583218904238 -0.046205525585402557 -0.052268022260357032 -0.050083810364206199 -0.052355525187122089 -0.05235728769412739
leaf_weight=23.327456675469875 78.02471387013793 186.25805316865444 63.799731750041246 222.0896780192852 131.20432399958372 132.67136104777455 66.596329584717751 129.74989473819733 154.94989873468876 159.36396652460098 120.01703502237797 73.09058403223753 32.16637022793293 35.42459961026907 21.701504096388817 21.539054129272699 28.260751977562904
leaf_count=554 632 945 900 969 725 865 554 732 738 1324 748 994 739 864 506 508 668
internal_value=0.000481723 0.00928526 -0.0319306 0.0132296 -0.0116801 -0.0168334 0.0185445 0.0150201 0.00122137 0.021944 0.00916878 0.0344706 -0.0501931 -0.0511778 -0.0518659 -0.0512154 -0.0523076
internal_weight=1680.24 1321.34 358.891 1112.12 209.229 196.471 770.907 631.221 341.208 289.114 342.107 139.687 162.42 130.253 106.926 43.2406 63.6854
internal_count=13965 8361 5604 7004 1357 1765 5321 3773 1683 2056 1717 1548 3839 3100 2546 1014 1532
is_linear=0
shrinkage=0.05


Tree=47
num_leaves=20
num_cat=0
split_feature=1 0 1 0 0 0 1 1 1 0 1 1 0 0 0 1 1 1 1
split_gain=176.415 48.2474 50.5588 31.4732 13.3399 12.593 12.7926 6.12173 5.78882 4.9934 4.59248 3.68879 1.03516 0.640534 0.5699 0.079942 0.128085 0.0318783 2.27331e-05
threshold=17.542188000000003 90.312390000000008 25.236882000000005 108.31175500000002 102.54427000000001 98.450310000000016 21.997570500000005 31.570948000000005 16.211084000000003 99.446175000000025 28.035833500000006 36.069474500000005 103.36447500000001 105.34941500000001 107.87262000000003 1.0000000180025095e-35 13.120537000000002 14.744388500000001 9.369582000000003
decision_type=2 2 2 2 2 2 2 2 2 2 2 2 2 2 2 2 2 2 2
left_child=8 -2 3 5 7 -3 -7 9 14 -4 -6 -9 -8 -12 15 -1 18 -18 -17
right_child=1 2 4 -5 10 6 12 11 -10 -11 13 -13 -14 -15 -16 16 17 -19 -20
leaf_value=-0.047445964515083011 -0.032084821225404778 -0.011935263166613225 0.0045480294055283378 0.02655120136736723 0.022020408554683388 -0.0065082618708170829 0.0046109162552976932 0.022020408554683388 -0.026548301910582467 0.017826489414214521 0.033681533556072646 0.012226944583275405 0.010742423288596887 0.041775645337519554 -0.041647456480396333 -0.052060506671442554 -0.047171787720795923 -0.049927944219294446 -0.05211699198378348
leaf_weight=21.109248701483011 78.465951588004827 106.34345643222332 191.73793907463551 90.087875597178936 68.878586605191231 273.81638609617949 139.76655097305775 101.89839663356543 34.988401751965284 112.25107929110527 60.569838874042034 99.906434990465641 103.21391561627388 40.979170501232147 22.344005707651377 35.622253756970167 20.123316153883934 21.918338172137737 35.628281477838755
leaf_count=527 793 783 887 484 688 1522 591 649 579 681 643 579 614 601 440 940 513 543 918
internal_value=0.000168613 0.00606015 0.00821429 -0.00107274 0.0180096 -0.00506635 -0.00108126 0.0139331 -0.044937 0.00945124 0.0301077 0.0206843 0.00742959 0.0369478 -0.0490417 -0.050271 -0.0507973 -0.0486087 -0.0520888
internal_weight=1659.65 1467.92 1389.45 713.228 676.221 623.14 516.797 505.794 191.734 303.989 170.428 201.805 242.98 101.549 156.745 134.401 113.292 42.0417 71.2505
internal_count=13975 9515 8722 3994 4728 3510 2727 2796 4460 1568 1932 1228 1205 1244 3881 3441 2914 1056 1858
is_linear=0
shrinkage=0.05


Tree=48
num_leaves=22
num_cat=0
split_feature=1 1 0 1 1 0 0 0 1 1 0 0 0 1 1 1 0 1 1 1 1
split_gain=169.22 40.5371 34.7277 25.6389 20.0512 18.3401 17.2976 15.1628 10.9417 4.9745 3.20887 2.32461 2.24295 2.23685 1.27237 0.654024 0.560131 0.0597303 0.122664 0.0339855 4.88823e-06
threshold=18.973988500000001 26.425458000000003 97.337445000000017 39.85634000000001 16.211084000000003 107.19856500000002 103.84239500000001 102.54427000000001 31.078967000000002 22.954624000000003 97.337445000000017 102.01477000000001 103.31033000000001 28.453457000000004 34.428347500000008 31.713469500000006 107.87262000000003 1.0000000180025095e-35 11.294609000000001 13.2544795 7.1081155000000011
decision_type=2 2 2 2 2 2 2 2 2 2 2 2 2 2 2 2 2 2 2 2 2
left_child=4 2 -2 7 16 9 -6 8 10 12 -3 -11 -4 -9 -10 -15 17 -1 20 -20 -19
right_child=1 3 5 -5 6 -7 -8 13 14 11 -12 -13 -14 15 -16 -17 -18 18 19 -21 -22
leaf_value=-0.047204481359866289 -0.025816256278047952 0.0016579452482138593 -0.0087938131850446941 -0.011271912747435785 -0.043950738984251704 0.022825904824644375 -0.0056124891614561852 0.02607457186542176 0.019699069711114466 0.00082762754285307678 0.013624075108543214 0.010396768012308519 0.00013207418269483128 0.044542244217865547 0.025690079471716198 0.035774522147695879 -0.04088887498830069 -0.051947868592241209 -0.046873231615485671 -0.049444184396628524 -0.051979509469448064
leaf_weight=20.506971225142479 115.67082223296165 97.916349202394485 143.40193140506744 72.243916638195515 49.36198290809989 107.14878064393997 72.83075064048171 41.596153795719147 91.982049874961376 138.22528880834579 130.9544325247407 117.34580588340759 138.21813152730465 43.166889913380146 92.024669848382473 41.929608851671219 21.131001140922308 21.420396734029055 19.4151108302176 38.038439065217972 28.37807035073638
leaf_count=535 920 494 800 503 776 657 521 458 608 585 770 747 616 548 570 538 432 595 521 999 778
internal_value=-1.21782e-05 0.00712113 -0.000590516 0.0167007 -0.0361106 0.00393797 -0.0210999 0.020446 0.015803 0.000170556 0.00850468 0.00522131 -0.00441302 0.0355772 0.0248808 0.0402221 -0.0484297 -0.0496769 -0.0501496 -0.0485754 -0.0519659
internal_weight=1642.91 1371.82 760.011 611.814 271.083 644.34 122.193 539.57 412.878 537.191 228.871 255.571 281.62 126.693 184.007 85.0965 148.89 127.759 107.252 57.4535 49.7985
internal_count=13971 8814 4325 4489 5157 3405 1297 3986 2442 2748 1264 1332 1416 1544 1178 1086 3860 3428 2893 1520 1373
is_linear=0
shrinkage=0.05


Tree=49
num_leaves=19
num_cat=0
split_feature=1 0 1 0 0 1 0 0 0 1 1 1 1 0 1 0 1 1
split_gain=156.041 39.3207 41.3885 20.1787 19.1778 13.4983 7.88282 7.03091 6.48182 3.95645 3.89591 3.47569 1.47632 1.01758 0.840513 0.0550381 0.0687006 0.000456299
threshold=17.542188000000003 90.312390000000008 23.583983500000006 108.00161000000001 104.14552000000002 28.580445500000003 100.76320500000001 97.705770000000015 108.45336000000002 21.355253000000001 37.468544500000007 27.925993000000002 31.570948000000005 104.33142000000001 25.859904500000003 96.565635000000015 11.294609000000001 12.758030000000003
decision_type=2 2 2 2 2 2 2 2 2 2 2 2 2 2 2 2 2 2
left_child=8 -2 3 6 5 7 -3 -4 13 -8 12 -6 -7 15 -9 17 -17 -1
right_child=1 2 4 -5 11 10 9 14 -10 -11 -12 -13 -14 -15 -16 16 -18 -19
leaf_value=-0.051884051804989131 -0.030422012352828372 -0.011938774415810883 -0.0073538476822035421 0.017628496241692548 0.02375474544538362 0.014851955716324104 -0.0075578852015498067 0.0051730199103138374 -0.01961761355371865 0.0030047718082325675 0.0074685394620949879 0.039650587712128788 0.020237434113250116 -0.041530277210985428 0.011202081482899848 -0.050903663819350832 -0.048370045387188386 -0.052196644134825644
leaf_weight=31.97550892084837 75.938539575785398 124.80122576281428 109.29362840950489 88.647721499204636 82.927409954369068 127.36555481702089 183.16234447807074 122.03339026868343 22.346079833805561 145.12639856338501 79.263443946838379 58.752019293606281 133.52899613231421 40.193742476403713 109.83834299445152 27.577774316072464 39.222138091921806 18.387815669178963
leaf_count=915 784 999 487 439 810 830 982 565 427 658 482 855 922 907 637 800 1003 468
internal_value=-0.000883983 0.00459595 0.00654446 -0.0041878 0.0136089 0.0101284 -0.00845618 0.00310105 -0.0448166 -0.003177 0.0171765 0.0303465 0.020126 -0.0483951 0.008029 -0.0507501 -0.0498091 -0.0519982
internal_weight=1620.38 1440.68 1364.74 541.738 823.003 681.323 453.09 341.165 179.703 328.289 340.158 141.679 260.895 157.357 231.872 117.163 66.7999 50.3633
internal_count=13970 9450 8666 3078 5588 3923 2639 1689 4520 1640 2234 1665 1752 4093 1202 3186 1803 1383
is_linear=0
shrinkage=0.05


Tree=50
num_leaves=22
num_cat=0
split_feature=1 1 0 0 0 0 1 1 0 1 0 0 1 0 1 1 1 1 1 1 1
split_gain=143.466 40.3684 42.6555 24.6645 11.3508 9.19967 9.32727 7.02831 9.87193 4.79504 2.30133 1.48808 1.24786 1.6647 0.910653 0.65907 0.0450871 0.109809 0.018767 0.0259635 6.03825e-07
threshold=18.240351000000004 24.121139500000002 98.450310000000016 103.73842500000002 106.03855000000001 97.897140000000022 28.035833500000006 21.355253000000001 105.05712000000001 31.713469500000006 105.89164500000001 103.73842500000002 26.155499500000001 100.27702000000001 17.070639500000002 35.19121950000001 15.688314000000002 13.987930500000003 1.0000000180025095e-35 11.294609000000001 8.1699215000000027
decision_type=2 2 2 2 2 2 2 2 2 2 2 2 2 2 2 2 2 2 2 2 2
left_child=4 2 -2 5 14 6 -3 8 -4 12 -5 -9 -7 -14 16 -8 17 18 -1 20 -20
right_child=1 3 7 10 -6 9 15 11 -10 -11 -12 -13 13 -15 -16 -17 -18 -19 19 -21 -22
leaf_value=-0.049140380121551641 -0.03816977990507317 -0.011728147895855147 -0.01739804794493045 0.023676475898756863 -0.022458986629336413 0.006759232762716407 0.006759232762716407 0.0017779676682336738 0.0034038377726337355 0.018621154259846059 0.03640928170582166 0.0094775322212913831 0.006759232762716407 0.016382257385233245 -0.040046297527153281 0.0024934110560133928 -0.052381498644018365 -0.046205639616759504 -0.051732257843394837 -0.049625641637082503 -0.051744671139118396
leaf_weight=18.271623663604259 88.216060135513544 99.769848398864269 110.83976972103119 70.429523300379515 59.927563648670912 94.40314494073391 122.57981487363577 132.66834650933743 117.49142606556416 94.063283577561378 71.527294524013996 119.07638639211655 77.249480172991753 91.851914055645466 27.101225409656763 90.560807377099991 19.834664687514305 17.733460791409016 21.810258947312832 23.000450480729342 17.785410013049841
leaf_count=524 880 516 725 766 963 445 659 559 500 780 988 660 418 702 394 524 469 517 674 686 546
internal_value=-0.00179225 0.00400847 -0.00621376 0.0111588 -0.0407732 0.0071502 0.000889352 -0.000341703 -0.00669411 0.0126291 0.0300921 0.0054199 0.00891475 0.0118276 -0.0483144 0.00675923 -0.0502064 -0.0497688 -0.0505502 -0.0509617 -0.0517378
internal_weight=1586.19 1380.73 568.292 812.435 205.465 670.478 312.91 480.076 228.331 357.568 141.957 251.745 263.505 169.101 145.537 213.141 118.436 98.6012 80.8677 62.5961 39.5957
internal_count=13895 9122 3324 5798 4773 4044 1699 2444 1225 2345 1754 1219 1565 1120 3810 1183 3416 2947 2430 1906 1220
is_linear=0
shrinkage=0.05


Tree=51
num_leaves=22
num_cat=0
split_feature=1 0 1 1 0 0 0 1 1 1 1 0 0 1 1 1 1 1 1 1 1
split_gain=132.077 38.6631 34.5624 20.215 16.7611 15.8258 12.5008 8.09038 5.67511 3.88446 2.21447 1.89113 1.74535 1.28517 1.01928 0.129413 0.0752391 0.0521148 0.0361697 0.015446 2.55047e-06
threshold=18.973988500000001 91.132875000000013 25.127249000000003 16.711468500000002 103.11689500000001 101.84313000000002 105.82077500000001 21.706195000000005 28.788781000000004 36.669844000000005 30.927838000000005 107.35807000000001 99.29062500000002 28.035833500000006 23.250302500000004 31.423570500000004 11.294609000000001 14.744388500000001 1.0000000180025095e-35 26.854381500000006 7.8735945000000012
decision_type=2 2 2 2 2 2 2 2 2 2 2 2 2 2 2 2 2 2 2 2 2
left_child=3 -2 5 11 8 12 -5 -7 19 10 -10 16 -3 -6 -9 -15 18 -18 -1 -4 -20
right_child=1 2 4 6 13 7 -8 14 9 -11 -12 -13 -14 15 -16 -17 17 -19 20 -21 -22
leaf_value=-0.049008094856285836 -0.028015616122045207 -0.010456163778041455 0.0043515949041011337 -0.035093002824875826 0.025154608149797655 -0.002598089237043421 -0.0014087900137267082 0.0086111107699743707 0.012351759670046619 0.0064044033383824986 0.020952335924659404 -0.03447020860294106 -0.0043200769891770883 0.037155165956562673 0.01592053925864113 0.033074270934511582 -0.047003976180867969 -0.050055042237332217 -0.051672101848996656 0.0052071989174351397 -0.051696581656988087
leaf_weight=17.945859737694263 83.613291662186384 113.40792026743293 109.34483347833157 55.840147662907839 56.757434606552124 179.07786827534437 54.355260707437992 97.190011292695999 84.877054929733276 84.346570789813995 127.85092447698116 24.804472338408232 123.74393291026354 37.653277363628149 93.653166987001896 40.134150147438049 31.558175388723612 25.149350594729185 22.224660776555538 101.9105736836791 20.41258691623807
leaf_count=537 808 751 517 789 639 830 316 479 529 512 869 538 598 529 605 577 966 688 712 524 646
internal_value=-0.00137484 0.00490136 0.00710329 -0.0345496 0.0151828 -0.00145267 -0.0184778 0.0050353 0.0110292 0.0154843 0.0190845 -0.0470134 -0.0104562 0.0308754 0.0121981 0.0350496 -0.049666 -0.0483571 -0.0508912 0.00476434 -0.0516838
internal_weight=1585.85 1333.56 1249.95 252.291 642.875 607.073 110.195 369.921 508.33 297.075 212.728 142.095 237.152 134.545 190.843 77.7874 117.291 56.7075 60.5831 211.255 42.6372
internal_count=13959 8767 7959 5192 4696 3263 1105 1914 2951 1910 1398 4087 1349 1745 1084 1106 3549 1654 1895 1041 1358
is_linear=0
shrinkage=0.05


Tree=52
num_leaves=21
num_cat=0
split_feature=1 0 1 0 0 0 1 0 1 1 1 1 0 0 1 0 1 1 1 1
split_gain=131.687 33.4828 32.0406 23.7388 13.321 10.925 7.3102 6.70766 3.11815 2.29124 1.84639 1.63569 1.29131 1.14917 0.705665 0.511732 0.11978 0.0438174 3.49861e-05 6.0071e-07
threshold=17.191724000000004 90.597975000000019 26.155499500000001 108.31175500000002 101.09093000000001 102.54427000000001 22.184146000000002 108.65007500000002 23.491188000000005 29.124218000000003 36.669844000000005 31.570948000000005 103.69092000000002 104.81903500000001 20.145690000000005 106.57971000000002 14.589744500000002 1.0000000180025095e-35 11.294609000000001 8.1699215000000027
decision_type=2 2 2 2 2 2 2 2 2 2 2 2 2 2 2 2 2 2 2 2
left_child=7 -2 3 4 8 9 14 15 -3 -4 11 -11 -8 -7 -6 16 17 -1 19 -19
right_child=1 2 5 -5 6 13 12 -9 -10 10 -12 -13 -14 -15 -16 -17 -18 18 -20 -21
leaf_value=-0.048745336423763476 -0.027386983572996921 -0.01042551304441074 0.006967512684439809 0.023735654805401296 -0.0040327793895778173 0.024063996484527346 0.0041389553609047598 -0.015941125239016845 -0.0040327793895778173 0.011998164292175175 0.0084274119203618381 0.020205947121709172 0.010251163563243555 0.033573535066279005 -0.0001895171341698612 -0.040601732512023633 -0.04740626364851229 -0.051565998409277496 -0.051646070858960516 -0.05157878215376558
leaf_weight=16.908172011375427 76.932242497801781 131.67025929689407 153.17910883575678 92.628835268318653 109.81987268850207 67.515302255749702 87.934126786887646 17.633443765342236 132.89145432412624 84.809560492634773 84.431725062429905 107.32542556524277 99.799653999507427 60.003930971026421 122.95200304687023 16.615335673093796 32.074833869934082 20.220934877172112 27.720878999680281 16.844406552612782
leaf_count=531 834 1096 770 541 709 730 418 370 580 526 493 719 695 974 543 376 872 687 899 568
internal_value=-1.62471e-05 0.00468754 0.00653596 -2.11409e-05 -0.00323333 0.0156868 0.00235995 -0.0448841 -0.0104255 0.0118732 0.0145903 0.0172985 0.00970074 0.0285387 -0.00356049 -0.0487984 -0.0499955 -0.051012 -0.0516036 -0.0515718
internal_weight=1559.91 1411.89 1334.96 777.696 685.067 557.265 420.506 148.018 264.562 429.746 276.567 192.135 187.734 127.519 232.772 130.385 113.769 81.6944 64.7862 37.0653
internal_count=13931 9628 8794 4582 4041 4212 2365 4303 1676 2508 1738 1245 1113 1704 1252 3933 3557 2685 2154 1255
is_linear=0
shrinkage=0.05


Tree=53
num_leaves=21
num_cat=0
split_feature=1 1 0 1 0 1 1 0 0 0 1 1 0 0 0 1 1 1 1 1
split_gain=120.229 35.2624 30.0502 29.1623 18.5654 18.8918 13.7373 5.89244 5.64032 4.54722 3.61252 2.20308 1.78488 1.0437 0.633162 0.375726 0.168259 0.0499917 3.34081e-05 3.04569e-06
threshold=18.240351000000004 24.121139500000002 99.507815000000008 39.85634000000001 104.26212000000002 31.078967000000002 16.211084000000003 97.337445000000017 96.850195000000014 107.19856500000002 25.684316000000003 21.077699500000005 107.27811000000001 100.70855500000002 107.35807000000001 33.341251000000007 1.0000000180025095e-35 14.744388500000001 11.294609000000001 7.8735945000000012
decision_type=2 2 2 2 2 2 2 2 2 2 2 2 2 2 2 2 2 2 2 2
left_child=6 2 8 4 5 7 14 -3 -2 11 -9 -4 -6 -12 16 -7 -1 18 19 -18
right_child=1 3 9 -5 12 15 -8 10 -10 -11 13 -13 -14 -15 -16 -17 17 -19 -20 -21
leaf_value=-0.045350155144799592 -0.039353067458305191 -0.0029052835051383667 -0.0068153320635478748 -0.019590802615528927 0.028740068137440129 0.01746590733566122 -0.020105564234281809 0.0032403667562935072 -0.017113306881544343 0.010063217772871955 0.0097283700915115814 0.0013496900897591031 0.042251281906481225 0.017007587231053091 -0.04053183075311164 0.022283927699568117 -0.051506842318621217 -0.048393496161668249 -0.051591672675094548 -0.05153517071009929
leaf_weight=15.928707694634793 55.627584304660559 148.97872243076563 138.74395992606878 69.66241903975606 68.008742943406105 70.413238026201725 67.074662834405899 84.979612231254578 58.48002628237009 102.18058028072119 102.31698521971703 204.21012690663338 38.157884549349546 94.932118207216263 21.20848822966218 119.75849521160126 19.592431612312794 15.404251743108032 29.219296429306269 18.397731786593795
leaf_count=522 660 787 786 500 881 526 923 403 394 529 534 929 585 755 502 839 692 503 981 640
internal_value=-0.000617367 0.00456191 -0.00506329 0.011314 0.0142731 0.0109717 -0.0382216 0.00513947 -0.0279552 0.000804924 0.00938602 -0.00195351 0.0335962 0.0132317 -0.0483687 0.0222839 -0.0500554 -0.0509626 -0.0515515 -0.0515206
internal_weight=1543.28 1356.45 559.242 797.208 727.546 621.379 186.826 431.207 114.108 445.135 282.229 342.954 106.167 197.249 119.751 190.172 98.5424 82.6137 67.2095 37.9902
internal_count=13871 9108 3298 5810 5310 3844 4763 2479 1054 2244 1692 1715 1466 1289 3840 1365 3338 2816 2313 1332
is_linear=0
shrinkage=0.05


Tree=54
num_leaves=23
num_cat=0
split_feature=1 1 0 0 0 0 0 1 0 0 1 1 0 1 1 1 1 1 0 1 1 1
split_gain=116.467 27.8087 29.3688 22.1298 11.3091 6.47934 5.2309 5.17729 3.51552 2.21498 2.08453 1.81614 1.1309 0.869654 0.804248 0.524321 0.242396 0.110665 0.0446274 0.0423658 0.0012862 1.0816e-05
threshold=17.542188000000003 23.338152500000003 99.803720000000013 104.76741000000001 94.096170000000015 97.04511500000001 108.76270500000003 28.912007000000006 105.05712000000001 100.47437500000002 24.954034500000002 21.355253000000001 98.146230000000017 33.341251000000007 16.211084000000003 25.684316000000003 29.239180500000003 11.294609000000001 104.14552000000002 1.0000000180025095e-35 14.136567000000001 8.1699215000000027
decision_type=2 2 2 2 2 2 2 2 2 2 2 2 2 2 2 2 2 2 2 2 2 2
left_child=6 2 5 4 -3 -2 14 12 11 13 -5 -4 -6 -9 17 -14 -12 19 20 -1 -19 -21
right_child=1 3 8 10 7 -7 -8 9 -10 -11 16 -13 15 -15 -16 -17 -18 18 -20 21 -22 -23
leaf_value=-0.048439870853056899 -0.043823796714438361 -0.0066842413257858467 -0.0089434135265258653 0.020334575212002961 0.0011025146500580009 -0.017707002826053652 -0.017540167437723211 0.007005135439214924 0.00488523128863101 0.017692972170494575 0.036991006957577469 0.00024871374024554446 0.0045120593378094069 0.014125915952350977 -0.039144028852427397 0.0090009230201858713 0.031280324922032976 -0.048628655434780489 -0.045017676019153449 -0.051472172087010208 -0.047989009976866816 -0.051525097024704036
leaf_weight=16.013387218117714 47.362656094133854 143.5875911526382 107.08184748888016 40.80457329750061 96.193121612071991 47.630997590720654 16.989044532179832 85.898122787475586 199.41028241813183 91.559638552367687 40.660742033272982 102.59871336817741 133.75945626199245 85.541045337915421 25.485629227012396 126.64505681395531 34.220530956983566 17.614190604537729 14.774170553311704 20.639354543760419 14.190463896840809 18.136479480192065
leaf_count=546 649 919 719 324 414 375 363 531 961 928 591 432 638 544 536 812 610 636 452 751 498 642
internal_value=-0.000775091 0.00367861 -0.00568334 0.00904826 0.00595923 -0.0307285 -0.0435946 0.00888927 0.000132313 0.0142113 0.0294267 -0.0043878 0.00496414 0.0105589 -0.047084 0.00669517 0.0343812 -0.0490802 -0.0472884 -0.0506034 -0.0483433 -0.0514969
internal_weight=1526.8 1382.95 504.084 878.87 763.184 94.9937 143.843 619.596 409.091 262.999 115.686 209.681 356.598 171.439 126.854 260.405 74.8813 101.368 46.5788 54.7892 31.8047 38.7758
internal_count=13871 9447 3136 6311 4786 1024 4424 3867 2112 2003 1525 1151 1864 1075 4061 1450 1201 3525 1586 1939 1134 1393
is_linear=0
shrinkage=0.05


Tree=55
num_leaves=21
num_cat=0
split_feature=1 1 0 0 1 0 1 1 1 0 0 1 0 1 1 1 1 1 1 1
split_gain=98.2358 34.7752 36.4521 22.7559 16.9733 12.7612 11.48 10.5943 9.84764 5.04207 2.86847 2.66296 2.48439 2.28451 1.81468 0.435099 0.199784 0.191922 0.167829 4.48603e-05
threshold=16.711468500000002 25.684316000000003 97.337445000000017 108.31175500000002 39.85634000000001 100.70855500000002 31.570948000000005 20.682076000000006 23.062592500000004 104.81903500000001 103.46550000000001 27.925993000000002 101.09093000000001 22.713784000000004 15.145972500000001 28.035833500000006 11.294609000000001 1.0000000180025095e-35 13.583680000000003 7.5255670000000006
decision_type=2 2 2 2 2 2 2 2 2 2 2 2 2 2 2 2 2 2 2 2
left_child=14 2 8 7 5 6 11 10 -2 15 -4 -3 -9 -14 16 -7 17 -1 -18 -19
right_child=1 4 3 -5 -6 9 -8 12 -10 -11 -12 -13 13 -15 -16 -17 18 19 -20 -21
leaf_value=-0.044960115747104228 -0.04851017018026485 -0.0046451858640287978 -0.016474279514102828 0.022678656656871229 -0.012482646569054295 0.01618421624386656 0.01618421624386656 -0.0051886834289302571 -0.017179897122565759 0.036644073790500775 -0.0078465933534882966 0.006207761564744404 -0.00096993565615303501 0.0075088472398730961 -0.032132968692708729 0.021271916727381775 -0.042088232500234433 -0.051456971125427589 -0.048730734656460759 -0.051561104943879645
leaf_weight=15.260159524157642 49.527766890823841 103.56835164129734 66.725358165800571 92.630113050341606 67.346093267202377 56.842469207942486 135.64942582696676 129.92455679923296 50.81248664483428 56.835547380149364 107.01578355208039 124.42312606424093 120.38196186721325 145.19397296756506 22.644055470824242 93.704340286552906 21.035891134291887 19.002026040107012 17.353967238217592 22.694281129166484
leaf_count=539 763 500 677 560 483 416 851 594 321 983 633 699 536 872 660 968 724 708 591 802
internal_value=-0.00104238 0.00264873 -0.0045615 -0.000304096 0.0112577 0.0140576 0.00841297 -0.00404398 -0.0326445 0.0239555 -0.0143355 0.00127766 0.000477038 0.00324881 -0.0448569 0.0191652 -0.0478787 -0.0497578 -0.0450909 -0.0515136
internal_weight=1518.57 1400.58 762.212 661.872 638.369 571.023 363.641 569.242 100.34 207.382 173.741 227.991 395.5 265.576 117.99 150.547 95.3463 56.9565 38.3899 41.6963
internal_count=13880 9856 4956 3872 4900 4417 2050 3312 1084 2367 1310 1199 2002 1408 4024 1384 3364 2049 1315 1510
is_linear=0
shrinkage=0.05


Tree=56
num_leaves=20
num_cat=0
split_feature=1 1 0 1 0 1 0 1 0 0 1 1 0 0 0 1 1 1 1
split_gain=93.8901 39.8209 35.3964 27.7663 16.5815 16.8905 8.58259 6.17859 5.11293 4.69843 3.48582 2.5212 1.06537 0.888079 0.315158 0.108372 0.162611 0.0230737 3.69793e-07
threshold=16.211084000000003 28.035833500000006 94.60770500000001 39.85634000000001 108.31175500000002 21.077699500000005 101.84313000000002 32.199767000000008 101.09093000000001 102.60174000000002 25.127249000000003 22.713784000000004 104.51963000000002 106.57971000000002 103.41564000000001 1.0000000180025095e-35 14.589744500000002 11.294609000000001 8.1699215000000027
decision_type=2 2 2 2 2 2 2 2 2 2 2 2 2 2 2 2 2 2 2
left_child=13 2 -2 6 5 9 7 -3 10 -4 -7 -10 -8 15 -13 -1 17 18 -17
right_child=1 3 4 -5 -6 8 12 -9 11 -11 -12 14 -14 -15 -16 16 -18 -19 -20
leaf_value=-0.044317662534792607 -0.035576656199297937 0.0093463061548837174 -0.017792306555253636 -0.014019429501946502 0.019555739643321128 -0.0083432416169530749 0.029284111244799002 0.024211555074654115 0.001731138071720035 -0.0077996261137194614 0.001731138071720035 0.0050080868036041157 0.040115968821765893 -0.037361144130181753 0.0085526876331248423 -0.051274666497007015 -0.044373081223649677 -0.049191200084746929 -0.051285691615208885
leaf_weight=14.096851939335464 76.079893708229065 150.03243324160576 72.227710623294115 68.309244100004435 96.287591181695461 143.61931529641151 55.099481619894505 130.87855073064566 98.687442421913147 143.88351114839315 108.89063556492329 93.589792400598526 38.605378352105618 23.904376005753875 110.36570067331195 17.32587926089764 14.205125570297239 23.137006208300591 13.55651252530515
leaf_count=528 911 910 842 493 651 690 623 865 441 913 481 509 720 651 945 715 532 903 555
internal_value=-0.000541207 0.00292958 -0.00287567 0.0152974 -7.95691e-06 -0.00245036 0.0206432 0.0162721 0.00216624 -0.0143096 -0.00308697 0.00654925 0.0337467 -0.0458451 0.00855269 -0.0483087 -0.0491333 -0.0503851 -0.0512795
internal_weight=1492.78 1386.56 943.632 442.925 867.552 771.264 374.616 280.911 555.153 216.111 252.51 302.643 93.7049 106.226 203.955 82.3214 68.2245 54.0194 30.8824
internal_count=13878 9994 6383 3611 5472 4821 3118 1775 3066 1755 1171 1895 1343 3884 1454 3233 2705 2173 1270
is_linear=0
shrinkage=0.05


Tree=57
num_leaves=20
num_cat=0
split_feature=1 0 1 0 0 1 0 1 0 1 1 1 0 1 1 1 1 1 1
split_gain=88.2464 32.0358 27.5021 14.3326 13.4125 8.14305 7.52938 4.94804 3.48668 3.25394 2.27636 1.34319 0.77744 0.753864 0.594949 0.141039 0.0324266 0.0479207 2.57493e-05
threshold=16.211084000000003 90.312390000000008 22.954624000000003 108.00161000000001 102.01477000000001 27.838923500000003 100.76320500000001 28.035833500000006 105.62876500000002 20.682076000000006 25.127249000000003 36.069474500000005 104.58338000000002 14.589744500000002 31.253160000000005 13.120537000000002 1.0000000180025095e-35 11.294609000000001 7.5255670000000006
decision_type=2 2 2 2 2 2 2 2 2 2 2 2 2 2 2 2 2 2 2
left_child=13 -2 3 6 5 10 -3 8 -6 -8 -4 14 -9 15 -7 16 -1 18 -18
right_child=1 2 4 -5 7 11 9 12 -10 -11 -12 -13 -14 -15 -16 -17 17 -19 -20
leaf_value=-0.047742063192091184 -0.03076442211060847 -0.013571419802635959 -0.006863427069319257 0.012850285418591437 0.011509912813056191 0.0080292827882085197 -0.0090491794185926077 0.023616422983709289 0.023631656300029946 0.00087188312039097188 0.002454832219839108 0.0047552690601743927 0.032799131388866941 -0.037653717127174684 0.011509912813056191 -0.044428351599206634 -0.051332784197088456 -0.048011174750173302 -0.051414453415192997
leaf_weight=13.743499856442211 71.418945040553808 100.12878250703216 119.02202868461609 82.007142473012209 108.66870018094778 131.50717169046402 142.62473855167627 55.070158913731575 62.73370211571455 141.72951832413673 145.86069022864103 86.251645065844059 39.64189026504755 18.034791029989719 97.823779940605164 14.225511221215127 17.561254151165485 14.50286068767309 21.427690718322992
leaf_count=529 866 1082 539 451 761 754 1035 641 682 633 674 513 759 650 666 534 715 544 833
internal_value=-0.00142082 0.00184778 0.00362158 -0.00612655 0.00899309 0.00473184 -0.0101742 0.018288 0.0132199 -0.00452694 -0.00173222 0.0101574 0.0274599 -0.0469035 0.0115099 -0.0489514 -0.0499084 -0.0504649 -0.0513777
internal_weight=1483.98 1384.49 1313.07 466.49 846.58 580.465 384.483 266.114 171.402 284.354 264.883 315.583 94.712 99.4956 229.331 81.4608 67.2353 53.4918 38.9889
internal_count=13861 10056 9190 3201 5989 3146 2750 2843 1443 1668 1213 1933 1400 3805 1420 3155 2621 2092 1548
is_linear=0
shrinkage=0.05


Tree=58
num_leaves=20
num_cat=0
split_feature=1 0 1 0 1 1 0 1 0 0 0 0 0 1 1 1 1 1 1
split_gain=96.2999 26.4697 23.1704 15.0598 10.9346 7.2677 8.44498 7.25294 5.92685 5.70392 5.12829 1.72968 1.57917 1.05566 0.410723 0.202123 0.0218225 0.0530191 8.01705e-05
threshold=17.542188000000003 90.597975000000019 28.035833500000006 108.31175500000002 22.954624000000003 38.800013000000007 102.54427000000001 31.570948000000005 106.57971000000002 101.38876500000002 97.705770000000015 101.56900500000002 104.51963000000002 21.274107000000004 16.364561000000005 1.0000000180025095e-35 11.506196500000003 8.8289255000000022 14.878345500000002
decision_type=2 2 2 2 2 2 2 2 2 2 2 2 2 2 2 2 2 2 2
left_child=8 -2 3 4 9 6 7 -4 14 -3 -6 -12 -8 -11 15 -1 17 -17 -18
right_child=1 2 5 -5 10 -7 12 -9 -10 13 11 -13 -14 -15 -16 16 18 -19 -20
leaf_value=-0.043621641313251192 -0.024993841412655815 -0.0095520026563406003 0.006845550198707963 0.020686280137768964 -0.0049276537482651804 0.00033795947599752968 0.027147581321162309 0.023481350636378684 -0.022770636686883616 -0.0040926816238066651 0.0038318969653849001 0.0099504556765397031 0.042394839285734259 0.0024258734668809769 -0.040785543021815376 -0.05115141754767491 -0.051236066280118592 -0.046776901807994313 -0.051394657997706678
leaf_weight=13.044605495408176 73.355239666998386 109.10486988350749 135.49267761409283 90.992222711443901 104.22773471474648 62.284779407083988 34.423481084406376 126.86643842607737 31.793327052146196 162.97921954095364 153.46010495722294 166.41853107139468 33.515976957976818 100.3536918759346 17.379962652921677 17.682250343263153 22.676447834819555 11.386959459632633 12.286433376371859
leaf_count=533 849 992 820 606 489 429 437 877 784 887 677 1278 669 454 429 804 964 511 475
internal_value=0.000320334 0.00421601 0.00588984 0.00141595 -0.000785369 0.0160042 0.0189584 0.01489 -0.0414437 -0.00703676 0.00470442 0.00784289 0.0346694 -0.00160852 -0.0477288 -0.0492945 -0.0504501 -0.0494378 -0.0512918
internal_weight=1479.72 1353.47 1280.12 887.536 796.544 392.583 330.299 262.359 126.25 372.438 424.106 319.879 67.9395 263.333 94.4567 77.0767 64.0321 29.0692 34.9629
internal_count=13964 9464 8615 5383 4777 3232 2803 1697 4500 2333 2444 1955 1106 1341 3716 3287 2754 1315 1439
is_linear=0
shrinkage=0.05


Tree=59
num_leaves=21
num_cat=0
split_feature=1 0 1 0 0 1 1 0 1 0 1 1 1 1 0 0 1 1 1 1
split_gain=79.0933 26.3591 22.5077 18.7753 11.269 5.95086 5.68595 2.95367 2.26442 1.97517 1.20875 1.04737 1.25521 0.980984 0.775783 0.766801 0.143157 0.189912 0.0282734 4.16463e-07
threshold=16.711468500000002 90.597975000000019 25.859904500000003 108.31175500000002 102.54427000000001 31.078967000000002 19.865962000000007 98.536940000000016 36.069474500000005 106.57971000000002 23.649342000000004 27.925993000000002 30.927838000000005 22.097619500000004 105.11545000000001 99.151430000000019 14.589744500000002 1.0000000180025095e-35 11.294609000000001 8.1699215000000027
decision_type=2 2 2 2 2 2 2 2 2 2 2 2 2 2 2 2 2 2 2 2
left_child=9 -2 3 6 5 15 14 -8 -7 16 13 -6 -13 -9 -3 -4 17 -1 19 -19
right_child=1 2 4 -5 11 8 7 10 -10 -11 -12 12 -14 -15 -16 -17 -18 18 -20 -21
leaf_value=-0.043040423712174702 -0.02752151504251428 -0.011798943965212368 0.00037041691982286863 0.019785040233773355 0.018593697286076346 0.016727453775538484 -0.0099637258805293227 8.9439240161645571e-05 0.0082106506588454833 -0.030883244857413502 0.0032472014202985025 0.03609597455895034 0.02329507813672603 -0.0052484180953865003 -0.0042125934090190753 0.0061502218022938563 -0.043594125553885518 -0.051093082182876608 -0.048596727258563427 -0.051105600474668361
leaf_weight=12.207028664648531 70.287928551435471 69.270225469022989 144.33648969233036 88.990583904087543 36.874166011810303 99.888744741678238 103.13080378994346 166.5644423365593 91.111341789364815 23.735047563910484 141.30587032437325 33.686016656458378 44.380369409918785 118.06757499277592 52.767812617123127 95.25636400282383 18.993346855044365 15.026129385456445 19.44333141297102 11.910133354365824
leaf_count=520 860 920 677 558 479 718 647 803 561 686 834 546 738 557 300 627 710 718 872 563
internal_value=-0.000890586 0.00229358 0.00392363 -0.00175632 0.0116293 0.00791648 -0.0047005 -0.00237141 0.0144998 -0.0435049 -0.00053311 0.0255384 0.0288187 -0.00240985 -0.0117989 0.00266833 -0.0473664 -0.0485893 -0.0500498 -0.0510986
internal_weight=1457.23 1355.92 1285.63 740.097 545.533 430.593 651.107 529.069 191 101.315 425.938 114.941 78.0664 284.632 122.038 239.593 77.58 58.5866 46.3796 26.9363
internal_count=13894 9825 8965 4619 4346 2583 4061 2841 1279 4069 2194 1763 1284 1360 1220 1304 3383 2673 2153 1281
is_linear=0
shrinkage=0.05


Tree=60
num_leaves=19
num_cat=0
split_feature=1 1 0 0 0 0 0 1 0 1 0 0 1 1 1 1 1 1
split_gain=80.9056 24.2978 29.3772 16.3958 12.2515 9.30355 9.09688 3.81204 4.76761 3.53084 4.61292 1.36114 1.00599 0.607542 0.0995202 0.0601662 0.068394 2.03814e-05
threshold=16.364561000000005 24.121139500000002 98.361425000000011 105.11545000000001 108.00161000000001 95.769255000000015 94.60770500000001 20.682076000000006 103.55836500000001 25.859904500000003 101.56900500000002 106.87237500000002 31.078967000000002 14.281418 22.612800500000002 11.294609000000001 -1.0470689999999998 7.5255670000000006
decision_type=2 2 2 2 2 2 2 2 2 2 2 2 2 2 2 2 2 2
left_child=13 2 5 6 7 -2 -3 8 -4 -8 12 -5 -11 15 -9 16 -1 -18
right_child=1 3 4 11 -6 -7 9 14 -10 10 -12 -13 -14 -15 -16 -17 17 -19
leaf_value=-0.046725224228970137 -0.048815594228255217 -0.0056978627967791528 -0.017192417981954432 0.022907446023013547 0.015368221379834988 -0.017192417981954432 0.001311138611953761 -0.00030134152519808744 -0.0034875884645305544 0.0050027412719913277 0.017913470748880393 0.03679921208629152 0.010842872270018211 -0.039375917597941658 -0.0022466505163297014 -0.047052652291887716 -0.051170043602473195 -0.05124566270353989
leaf_weight=11.142033856362103 44.626329619437456 147.40449073910713 63.875698011368513 32.183343924582005 90.780777174979448 40.08415674045682 125.34057771414518 145.47119218856096 97.001247625797987 181.41172256320715 107.67328617721796 39.001869235187769 124.23357120156288 20.731429362669587 119.96628129482269 23.613155094906688 16.626086980104446 19.201890548691154
leaf_count=486 753 921 695 531 523 371 631 672 603 953 1195 704 904 813 577 1006 771 850
internal_value=-0.00134283 0.00171823 -0.00578117 0.0076782 -0.0013099 -0.0330749 0.0053083 -0.0048614 -0.0109346 0.00832014 0.0105513 0.0305186 0.00737654 -0.0469012 -0.00118054 -0.0491115 -0.0501466 -0.0512106
internal_weight=1450.37 1359.05 601.806 757.249 517.095 84.7105 686.064 426.314 160.877 538.659 413.319 71.1852 305.645 91.3146 265.437 70.5832 46.97 35.828
internal_count=13959 10033 4194 5839 3070 1124 4604 2547 1298 3683 3052 1235 1857 3926 1249 3113 2107 1621
is_linear=0
shrinkage=0.05


Tree=61
num_leaves=18
num_cat=0
split_feature=1 0 1 0 0 1 0 1 0 1 1 1 0 1 1 0 1
split_gain=70.6122 19.8852 19.9778 11.1859 8.76368 6.10122 2.30899 2.28744 1.67668 1.47391 1.46682 1.0009 0.736061 0.184973 0.0587277 0.0105507 3.2578e-07
threshold=16.211084000000003 91.132875000000013 22.954624000000003 103.79232 105.11545000000001 28.912007000000006 99.446175000000025 37.809573000000007 108.00161000000001 32.199767000000008 25.859904500000003 19.865962000000007 106.57971000000002 1.0000000180025095e-35 11.294609000000001 102.06941000000002 8.1699215000000027
decision_type=2 2 2 2 2 2 2 2 2 2 2 2 2 2 2 2 2
left_child=12 -2 3 -3 5 6 -4 9 -6 -7 -8 -5 13 -1 16 -16 -15
right_child=1 2 4 11 8 7 10 -9 -10 -11 -12 -13 -14 14 15 -17 -18
leaf_value=-0.042496178535038058 -0.022893452369195155 -0.0097852502150767122 -0.0021031707588110341 -0.00095853797042552344 0.017162781148904897 0.0086172946946269091 0.0023031393106026483 0.0035633670682166741 0.030796318560087656 0.014088747592614165 0.010549485262438013 0.0053775275622085792 -0.037056150320724547 -0.050986808039197577 -0.048370384818191052 -0.046389855637739744 -0.050998566388126478
leaf_weight=10.967216003686188 76.727107876911759 203.20720983669162 180.22032354772091 113.44188287481666 62.682200655341148 123.37000771984458 140.42287243157625 69.666435956954956 35.224159929901361 108.21806848794222 87.5444355905056 138.33706770837307 20.530517719686031 13.621606385335328 18.474067406728867 10.573026102036236 10.379414478316901
leaf_count=509 946 1772 819 722 870 952 708 454 541 868 669 665 663 718 896 495 541
internal_value=-0.000977309 0.00182077 0.00332295 -0.00505596 0.00804494 0.00610972 0.0021263 0.0115071 0.0220678 0.0138967 0.00546992 0.00252274 -0.0452942 -0.0479362 -0.0491617 -0.0476495 -0.0509919
internal_weight=1423.61 1339.06 1262.33 454.986 807.349 709.442 408.188 301.255 97.9064 231.588 227.967 251.779 84.5458 64.0153 53.0481 29.0471 24.001
internal_count=13808 9986 9040 3159 5881 4470 2196 2274 1411 1820 1377 1387 3822 3159 2650 1391 1259
is_linear=0
shrinkage=0.05


Tree=62
num_leaves=22
num_cat=0
split_feature=1 1 0 0 0 0 1 1 0 1 1 0 0 0 1 1 0 1 1 1 1
split_gain=68.0897 17.1226 21.167 15.5013 8.82368 5.5379 4.23031 17.0582 3.79934 2.85757 2.12099 3.353 1.75595 1.53148 0.916851 0.434964 0.550619 0.109861 0.0402482 0.0308471 2.8116e-07
threshold=17.542188000000003 23.583983500000006 100.21647000000002 103.73842500000002 97.256225000000015 106.57971000000002 31.078967000000002 39.339145500000008 95.545435000000012 24.954034500000002 21.526355500000005 104.81903500000001 101.56900500000002 105.34941500000001 26.053299000000006 14.589744500000002 101.26632500000001 28.453457000000004 1.0000000180025095e-35 11.294609000000001 8.4871610000000022
decision_type=2 2 2 2 2 2 2 2 2 2 2 2 2 2 2 2 2 2 2 2 2
left_child=5 2 4 6 -2 15 8 -8 -3 -5 11 -4 14 -11 -10 18 -17 -15 -1 20 -20
right_child=1 3 10 9 -6 -7 7 -9 12 13 -12 -13 -14 17 -16 16 -18 -19 19 -21 -22
leaf_value=-0.046244023317158926 -0.041822241954672629 -0.0086941182184432225 -0.010347141924321679 0.012828057557093615 -0.012805741107942501 -0.020415014983686846 0.012828057557093615 -0.013438985000629254 0.0042892633886175945 0.019705349845855549 0.0042607924201794375 0.001549058373050759 0.0088375334320777484 0.030458269157590825 -0.0017389978091008106 -0.048103843892180927 -0.034325980569381874 0.035058457414803089 -0.050937780189463794 -0.048157258821717785 -0.05094906129374499
leaf_weight=10.340691208839415 45.932166069746017 90.512858971953392 97.325289711356163 35.908986128866673 58.833801537752151 28.044910352677107 167.17585770785809 67.470144890248775 106.64009740948677 39.668085474520922 160.86690565943718 151.33338263630867 89.558302164077759 26.006622590124607 154.39494733512402 14.807493610307576 14.210731662809847 25.908647790551186 13.800932142883541 17.507500654086471 9.2084658499807102
leaf_count=500 728 573 646 306 438 770 1282 462 449 527 796 689 675 440 835 563 461 593 764 900 504
internal_value=-0.00134754 0.00178001 -0.00534347 0.00634095 -0.0253986 -0.0395299 0.00332392 0.00874802 0.000438579 0.0223322 -0.000212914 -0.00310713 0.00279637 0.0271022 0.000723715 -0.0462412 -0.0413566 0.032754 -0.0490283 -0.0497389 -0.0509423
internal_weight=1425.46 1317.54 514.292 803.245 104.766 107.921 675.752 234.646 441.106 127.492 409.526 248.659 350.593 91.5834 261.035 79.8758 29.0182 51.9153 50.8576 40.5169 23.0094
internal_count=13901 9439 3297 6142 1166 4462 4276 1744 2532 1866 2131 1335 1959 1560 1284 3692 1024 1033 2668 2168 1268
is_linear=0
shrinkage=0.05


Tree=63
num_leaves=21
num_cat=0
split_feature=1 1 0 0 1 0 1 1 0 0 1 1 0 0 1 1 1 1 1 1
split_gain=67.7898 17.5528 13.4205 11.3011 8.47178 9.36774 6.36093 5.48944 5.24838 4.90958 4.75917 1.44056 1.21398 0.310654 0.243338 0.117571 0.0457462 0.10263 0.0637059 6.11297e-08
threshold=17.542188000000003 21.621241500000004 103.11689500000001 102.06941000000002 28.912007000000006 97.04511500000001 38.800013000000007 20.249596500000003 107.87262000000003 108.65007500000002 24.858475000000002 25.684316000000003 104.33142000000001 104.76741000000001 19.665748000000004 16.497425000000003 14.744388500000001 11.294609000000001 1.0000000180025095e-35 7.5255670000000006
decision_type=2 2 2 2 2 2 2 2 2 2 2 2 2 2 2 2 2 2 2 2
left_child=9 3 4 7 5 -3 -6 -2 10 12 -4 -7 15 -12 -5 16 17 18 -1 -20
right_child=1 2 8 14 6 11 -8 -9 -10 -11 13 -13 -14 -15 -16 -17 -18 -19 19 -21
leaf_value=-0.045894483343055452 -0.035655258793164966 -0.013326313271226005 0.0095251927974880201 0.00018903080124798948 0.0095251927974880201 0.00027511243415642516 -0.0054012116040792427 -0.012360702722574944 0.03098758034191609 -0.012483892294200594 0.01794184877664427 0.0072194354139519653 -0.034260197320073266 0.02181945163848116 -0.003140330320491653 -0.042373426507636737 -0.051152405586458408 -0.043974062012019866 -0.050885410192524738 -0.05089115141679379
leaf_weight=9.7385060898959654 43.27543968334794 123.3860915414989 106.15991307795048 102.2521458491683 240.35099177062511 196.73150215297937 71.591893509030342 40.974029518663883 48.464717894792557 14.925935370847581 51.825516182929277 120.37735054641962 25.496545856818557 42.375518888235092 118.46562774479389 10.599121002480386 10.195485338568686 14.31510948948562 9.4888515286147612 9.0664650369435531
leaf_count=493 680 814 604 574 1756 867 491 366 649 386 619 673 916 785 544 319 478 775 555 527
internal_value=-0.000133153 0.00295769 0.00615648 -0.00754452 0.00282764 -0.00163703 0.0091322 -0.0231235 0.0162227 -0.0390189 0.0126513 0.00291124 -0.043474 0.0216532 -0.00159793 -0.0471792 -0.0481438 -0.047424 -0.0491694 -0.0508882
internal_weight=1410.06 1306.23 1001.26 304.967 752.438 440.495 311.943 84.2495 248.826 103.826 200.361 317.109 88.9001 94.201 220.718 63.4035 52.8044 42.6089 28.2938 18.5553
internal_count=13871 9422 7258 2164 4601 2354 2247 1046 2657 4449 2008 1540 4063 1404 1118 3147 2828 2350 1575 1082
is_linear=0
shrinkage=0.05


Tree=64
num_leaves=23
num_cat=0
split_feature=1 1 0 1 0 0 1 1 1 0 0 0 0 0 0 1 0 1 1 1 1 1
split_gain=57.749 19.9861 18.6331 17.8813 13.6353 9.76391 9.22988 7.67059 5.65595 2.08586 1.15146 1.14427 1.12918 1.05404 1.02226 1.09179 1.06153 0.170722 0.225966 0.130065 0.034513 1.9688e-07
threshold=16.211084000000003 25.859904500000003 108.31175500000002 39.85634000000001 96.436265000000006 103.00645500000002 19.865962000000007 23.491188000000005 31.570948000000005 96.320395000000005 104.26212000000002 105.89164500000001 96.75190000000002 106.57971000000002 101.09093000000001 21.526355500000005 103.69092000000002 1.0000000180025095e-35 14.589744500000002 28.144946000000001 11.294609000000001 8.1699215000000027
decision_type=2 2 2 2 2 2 2 2 2 2 2 2 2 2 2 2 2 2 2 2 2 2
left_child=13 2 4 5 7 8 10 -2 9 -3 -6 -7 -10 17 -8 -16 -17 -1 20 -11 21 -19
right_child=1 3 -4 -5 6 11 14 -9 12 19 -12 -13 -14 -15 15 16 -18 18 -20 -21 -22 -23
leaf_value=-0.040292561098779087 -0.042525915790037311 -0.0014660043549184565 0.018398444329800881 -0.015194004369763998 -0.014783752747455775 0.023639236281760373 -0.0035750064098564469 -0.014783752747455775 0.012172825401031394 0.0092658011970051402 -0.0081852066340345614 0.035812578709895314 0.018666343082852047 -0.032720495260291589 -0.0011131300384218544 -0.00021246801518405852 0.0061834843430979688 -0.050849808175869406 -0.041059950220872519 0.0066434784112690583 -0.047753170893778375 -0.050859626625485543
leaf_weight=9.352942328900097 37.398402778431773 84.349508211016655 88.412600010633469 66.258536301553249 50.285872804000974 53.836344636976719 159.29138677939773 37.778432082384825 74.284394398331642 97.025159418582916 69.588450618088245 30.095511313527822 73.273289553821087 18.598609857261181 96.51870933175087 102.1896598264575 112.97907455265522 11.888676274567844 10.067216711118816 92.238292165100574 15.760599842295049 8.9488713163882476
leaf_count=494 740 462 576 494 759 796 805 269 432 515 468 695 664 649 442 472 756 724 528 667 884 539
internal_value=-0.000234906 0.00217385 -0.00316855 0.00922811 -0.00603148 0.0124318 -0.00347961 -0.0260879 0.00932844 0.00507338 -0.0147838 0.0280042 0.0172185 -0.043034 -0.000316533 0.00134875 0.00351988 -0.0464581 -0.0476939 0.0079878 -0.0495187 -0.050854
internal_weight=1400.42 1325.8 754.443 571.361 666.03 505.102 590.853 75.1768 421.171 273.613 119.874 83.9319 147.558 74.6169 470.979 311.687 215.169 56.0183 46.6654 189.263 36.5981 20.8375
internal_count=13830 10012 5287 4725 4711 4231 3702 1009 2740 1644 1227 1491 1096 3818 2475 1670 1228 3169 2675 1182 2147 1263
is_linear=0
shrinkage=0.05


Tree=65
num_leaves=21
num_cat=0
split_feature=1 0 0 1 1 1 0 1 1 1 0 0 0 1 1 1 0 1 1 1
split_gain=61.6479 16.5556 10.8807 10.2281 9.99641 8.68159 8.57496 8.11135 3.56698 3.43541 2.8567 1.727 1.31118 1.04035 1.02199 0.675713 0.0527005 0.0959269 0.0578031 0.00683895
threshold=18.240351000000004 91.132875000000013 103.84239500000001 15.145972500000001 29.009601000000004 39.339145500000008 103.31033000000001 24.121139500000002 21.526355500000005 33.91536150000001 99.446175000000025 101.09093000000001 105.26713500000001 24.454294000000001 30.798634000000003 21.706195000000005 96.565635000000015 11.294609000000001 6.7235870000000011 16.603204000000002
decision_type=2 2 2 2 2 2 2 2 2 2 2 2 2 2 2 2 2 2 2 2
left_child=2 -2 16 -4 6 9 8 15 -3 10 -6 13 -9 -10 -12 -8 18 -18 -1 -19
right_child=1 4 3 -5 5 -7 7 12 11 -11 14 -13 -14 -15 -16 -17 17 19 -20 -21
leaf_value=-0.047802737564113323 -0.020526969815884477 -0.0081244226051712179 -0.033160186217821672 -0.0025428727407574951 0.0059242612806258621 -0.005734953589789509 0.0024923289301520867 0.015509244140752923 -0.0065167737869801668 0.024213833315412367 0.012758617565855432 0.0024923289301520867 0.02861114493412787 -0.00047426006638290048 0.024131800181374771 0.0068212896504500839 -0.047802737564113323 -0.043530487609661557 -0.051193507602191157 -0.045141255877346853
leaf_weight=9.668710909783842 71.307798847556114 89.057320069521666 23.940912066027522 41.812005447223783 93.408505916595459 56.806951377540827 170.38686211407185 38.763766676187515 111.30727252364159 83.270351655781269 37.028706502169371 121.99539265036583 37.635470438748598 197.85558196902275 42.336714815348387 107.21155120432377 12.027495993301271 13.404260026291015 17.457740564830601 12.961829731240867
leaf_count=566 843 858 1050 543 555 382 789 404 564 755 485 678 627 899 615 637 746 729 864 287
internal_value=-0.000528917 0.0028725 -0.0331346 -0.0187652 0.00427812 0.0119481 0.0015333 0.0075363 -0.00255165 0.0158713 0.0118506 -0.000498608 0.0219634 -0.00264973 0.0188255 0.00356574 -0.0475552 -0.0463632 -0.0492422 -0.0443224
internal_weight=1389.65 1258.37 131.273 65.7529 1187.06 312.851 874.213 353.998 520.216 256.044 172.774 431.158 76.3992 309.163 79.3654 277.598 65.52 38.3936 27.1265 26.3661
internal_count=13876 9091 4785 1593 8248 2792 5456 2457 2999 2410 1655 2141 1031 1463 1100 1426 3192 1762 1430 1016
is_linear=0
shrinkage=0.05


Tree=66
num_leaves=21
num_cat=0
split_feature=1 1 0 1 1 0 0 0 0 1 0 1 1 0 0 1 1 1 1 1
split_gain=56.0602 15.9646 21.9213 9.55465 10.9212 8.27272 6.09244 4.74936 2.5717 2.09978 1.70106 1.50859 1.77838 0.579599 0.522425 0.519986 0.49398 0.155551 0.287192 1.81597e-05
threshold=16.364561000000005 23.649342000000004 98.961410000000015 39.85634000000001 32.199767000000008 103.46550000000001 108.00161000000001 96.320395000000005 96.648380000000017 20.145690000000005 105.05712000000001 29.586957000000002 27.721857000000004 106.37188000000002 98.450310000000016 14.281418 22.097619500000004 1.0000000180025095e-35 11.294609000000001 7.5255670000000006
decision_type=2 2 2 2 2 2 2 2 2 2 2 2 2 2 2 2 2 2 2 2
left_child=15 2 7 4 5 11 9 -2 -6 10 -4 12 14 -7 -3 17 -11 -1 19 -19
right_child=1 3 6 -5 8 13 -8 -9 -10 16 -12 -13 -14 -15 -16 -17 -18 18 -20 -21
leaf_value=-0.040590801208632003 -0.042529856655826287 -0.0014224473048632725 -0.014508806716853144 -0.011725204269262195 0.012830982431780805 0.014531738053295438 0.010738382714343721 -0.017614343524797859 0.025842845862106441 0.0010272185692444264 -0.0026307854960700228 -0.0040113526171868521 0.0092056729759253803 0.02217640777815752 0.0030577658252822705 -0.036246838588347603 -0.0033646374445594346 -0.050906796989849117 -0.042765904273889543 -0.050990592904595546
leaf_weight=9.6693646833300573 36.795767711475492 110.63060449063778 64.821526110172272 66.694213684648275 69.908205829560757 67.144484903663397 92.787115924060345 39.83043222874403 83.128170520067215 138.44785674661398 56.339945886284113 88.100853838026524 93.918959282338619 39.310114536434412 157.99056964367628 16.73303347080946 119.10655653476715 11.827773516066374 18.175934983417392 14.261190326884387
leaf_count=544 743 606 761 497 408 837 528 393 990 646 332 648 592 701 793 812 563 718 987 809
internal_value=-0.000555537 0.00175877 -0.00477507 0.00636906 0.00806844 0.00481856 -0.000744114 -0.0295787 0.0198989 -0.00355738 -0.00898554 0.00185717 0.00328328 0.0173547 0.00121261 -0.043947 -0.0010038 -0.046336 -0.047591 -0.0509526
internal_weight=1395.62 1324.96 548.129 776.826 710.132 557.096 471.503 76.6262 153.036 378.716 121.161 450.641 362.54 106.455 268.621 70.6673 257.554 53.9343 44.2649 26.089
internal_count=13908 10038 3966 6072 5575 4177 2830 1136 1398 2302 1093 2639 1991 1538 1399 3870 1209 3058 2514 1527
is_linear=0
shrinkage=0.05


Tree=67
num_leaves=25
num_cat=0
split_feature=1 1 0 0 1 1 0 0 0 0 1 0 1 1 1 0 1 1 0 1 1 1 1 1
split_gain=51.8577 20.3909 17.1627 8.87686 8.85918 9.91056 10.9147 7.86775 5.72193 3.59731 3.18158 2.02694 1.95327 1.2785 1.64262 1.0865 0.961885 0.822812 1.69145 0.712025 0.40529 0.36659 0.119945 1.92591e-05
threshold=16.211084000000003 23.412827000000004 98.824290000000019 95.881240000000005 39.85634000000001 32.199767000000008 94.430345000000017 108.00161000000001 105.11545000000001 96.648380000000017 19.865962000000007 107.27811000000001 34.948428000000007 24.657355000000003 28.580445500000003 99.36276500000001 21.920208500000005 11.294609000000001 106.57971000000002 18.776802500000002 26.053299000000006 -1.0470689999999998 14.589744500000002 7.5255670000000006
decision_type=2 2 2 2 2 2 2 2 2 2 2 2 2 2 2 2 2 2 2 2 2 2 2 2
left_child=17 2 3 -2 5 6 -3 10 13 -7 19 -10 -11 -8 20 -16 -12 21 22 -4 -15 -1 -19 -23
right_child=1 4 7 -5 -6 9 8 -9 11 12 16 -13 -14 14 15 -17 -18 18 -20 -21 -22 23 -24 -25
leaf_value=-0.038861574799048476 -0.048774912654392238 -0.012682597399502171 -0.015350905088670855 -0.015350905088670855 -0.010107489399414785 0.011855716108137338 0.01165908923336062 0.011708039653935333 0.014370980748990625 0.034731212715811532 0.00070333767043465186 0.031546847325668134 0.019603229861616861 0.0052219344818092072 0.0051184833290239054 0.014370980748990625 -0.0054734413349097144 -0.047173665328077992 -0.018828427978503964 -0.0082585565065530584 0.00095142031429246111 -0.050855245506227123 -0.03974265605418726 -0.050940656929352124
leaf_weight=8.3036750108003599 30.90190021879971 68.952331155538559 51.059942044317722 36.065346339717507 66.13231759890914 70.970852695405483 94.198159873485565 87.077830776572227 34.806021258234978 42.242249399423599 142.73672212660313 31.078599717468023 43.115989558398724 91.852911628782749 61.551377661526203 60.625961530953646 112.86862006783485 13.748393245041376 9.2009455505758506 54.189533334225416 140.60229646041989 12.401067897677423 8.9754133019596321 14.108970404602585
leaf_count=483 710 486 676 397 497 415 439 500 508 531 693 553 499 483 360 661 524 877 343 363 870 791 527 840
internal_value=0.000289031 0.00246148 -0.00531124 -0.0289202 0.00742616 0.00899312 0.0059985 -0.00178164 0.00850106 0.0201738 -0.00503683 0.0222607 0.0270898 0.00648126 0.00510591 0.0097997 -0.00202417 -0.0427127 -0.0369152 -0.0123533 0.00263888 -0.0480292 -0.0442386 -0.0509007
internal_weight=1387.77 1321.03 514.9 66.9672 806.129 739.997 583.668 447.933 514.715 156.329 360.855 65.8846 85.3582 448.831 354.633 122.177 255.605 66.7385 31.9248 105.249 232.455 34.8137 22.7238 26.51
internal_count=14026 10165 3863 1107 6302 5805 4360 2756 3874 1445 2256 1061 1030 2813 2374 1021 1217 3861 1747 1039 1353 2114 1404 1631
is_linear=0
shrinkage=0.05


Tree=68
num_leaves=21
num_cat=0
split_feature=1 0 1 0 0 0 1 1 1 0 1 1 1 1 0 1 0 1 1 1
split_gain=52.1337 11.8364 11.9731 11.262 5.27698 2.49922 2.0656 1.427 2.99474 1.10166 1.08441 1.00362 0.946176 0.919086 0.824025 0.288354 0.108104 0.0619312 0.0335987 1.45962e-05
threshold=16.211084000000003 91.132875000000013 22.954624000000003 108.31175500000002 104.76741000000001 100.76320500000001 24.858475000000002 31.078967000000002 37.468544500000007 101.14717 27.619730000000004 21.355253000000001 14.281418 25.968755500000004 106.87237500000002 1.0000000180025095e-35 97.607410000000016 19.771262000000004 11.294609000000001 7.5255670000000006
decision_type=2 2 2 2 2 2 2 2 2 2 2 2 2 2 2 2 2 2 2 2
left_child=12 -2 3 5 7 -3 -6 9 16 10 -4 17 15 -11 -8 -1 -9 -7 19 -17
right_child=1 2 4 -5 6 11 14 8 -10 13 -12 -13 -14 -15 -16 18 -18 -19 -20 -21
leaf_value=-0.039782059898796025 -0.017875878948481881 -0.0074997570705744232 0.0040550897940469502 0.01474107206708123 0.011154941477097891 -0.0038952053711650784 0.018019254873549672 0.0072043085006820527 0.00016894094735885341 0.0044823375990432719 -0.0019728087255918201 0.00098361540285999685 -0.033133346841633347 0.011154941477097891 0.030092890332027042 -0.05081632358667363 0.011154941477097891 -0.0051945368648553614 -0.047932158618759081 -0.050894651166138144
leaf_weight=9.0245101898908597 72.726208260282874 87.831921147182584 211.39823366701603 71.302385192364454 44.968494594097137 94.408663077279925 29.926972832530737 59.243560045957565 72.876087766140699 86.062382206320763 115.30658857524395 107.5317694246769 13.967133679427205 69.747140809893608 26.776214957237244 10.870843111537399 68.121812749654055 99.137439854443073 16.573311918415129 13.133288805373011
leaf_count=548 948 1049 959 398 381 853 597 338 475 474 629 486 752 705 629 730 749 466 972 821
internal_value=-0.000403367 0.00173072 0.00287636 -0.00352611 0.00663261 -0.0068752 0.0172598 0.00505007 0.00859843 0.00357751 0.00192761 -0.00288932 -0.0446289 0.00703706 0.0237206 -0.0478658 0.0111549 -0.00504107 -0.0496637 -0.0508592
internal_weight=1380.93 1317.37 1244.64 460.212 784.427 388.91 101.672 682.756 200.241 482.514 326.705 301.078 63.5691 155.81 56.7032 49.602 127.365 193.546 40.5774 24.0041
internal_count=13959 10136 9188 3252 5936 2854 1607 4329 1562 2767 1588 1805 3823 1179 1226 3071 1087 1319 2523 1551
is_linear=0
shrinkage=0.05


Tree=69
num_leaves=19
num_cat=0
split_feature=1 0 1 0 0 1 1 0 1 0 0 1 1 1 1 1 1 1
split_gain=45.8661 14.3327 18.4712 12.6178 6.40077 5.28294 9.98985 4.05027 1.96135 1.56956 0.552656 0.469442 0.407892 1.01582 0.366462 0.0314603 0.0907354 1.36984e-05
threshold=16.211084000000003 108.31175500000002 22.500583500000001 99.803720000000013 97.04511500000001 39.339145500000008 31.078967000000002 94.886715000000024 19.865962000000007 106.57971000000002 103.36447500000001 24.858475000000002 25.859904500000003 28.453457000000004 -1.0470689999999998 11.506196500000003 8.8289255000000022 14.589744500000002
decision_type=2 2 2 2 2 2 2 2 2 2 2 2 2 2 2 2 2 2
left_child=9 2 3 4 -2 6 7 -4 -5 14 12 -12 -9 -14 -1 16 -16 -17
right_child=1 -3 5 8 -6 -7 -8 10 -10 -11 11 -13 13 -15 15 17 -18 -19
leaf_value=-0.038284217243163249 -0.047930786813396214 0.01989058235307321 -0.0088398283283821974 -0.010780365982712196 -0.01793394192109142 -0.0089159935868950418 0.0099864233131404315 0.00067878559146897428 -0.0021456741334427609 -0.029134729063652734 0.0041890589809799776 0.0095375764777658918 0.0041890589809799776 -0.0013277116912679132 -0.050672075625843208 -0.050738367384208227 -0.043353224790741524 -0.050822328599467559
leaf_weight=7.3132966998964539 28.403513973578811 98.83078882843256 80.449415016919374 103.82379940524697 31.566767370328307 72.477044112980366 171.27394055202603 199.07881101965904 179.41271515190601 15.796542208641766 69.736368715763092 56.847050968557596 124.5661995112896 84.269779585301876 11.155904366634788 11.871659047901632 6.8258918812498441 8.2226953655481321
leaf_count=471 719 876 599 966 374 538 1634 895 838 653 460 886 667 610 855 829 518 518
internal_value=-0.00040277 0.00158731 8.22643e-05 -0.00972223 -0.0305571 0.00400095 0.00519168 0.00161952 -0.00531083 -0.0427094 0.00319379 0.00607995 0.00229816 0.00384188 -0.0474337 -0.0494131 -0.0478938 -0.0507727
internal_weight=1361.92 1300.74 1201.91 343.207 59.9703 858.699 786.222 614.948 283.237 61.186 534.498 126.583 407.915 208.836 45.3894 38.0762 17.9818 20.0944
internal_count=13906 10062 9186 2897 1093 6289 5751 4117 1804 3844 3518 1346 2172 1277 3191 2720 1373 1347
is_linear=0
shrinkage=0.05


Tree=70
num_leaves=18
num_cat=0
split_feature=0 1 1 0 0 0 1 1 1 1 1 0 0 0 1 1 0
split_gain=48.278 37.7107 17.6562 10.72 7.60919 4.6373 2.63052 2.05108 1.97346 1.62041 1.33861 1.20444 0.880952 0.845239 1.19132 0.281338 0.204219
threshold=87.403630000000007 19.465683500000004 28.035833500000006 105.89164500000001 102.54427000000001 96.436265000000006 32.926084500000009 37.468544500000007 29.829712000000004 22.954624000000003 21.163659000000006 108.31175500000002 78.845815000000016 103.89934500000001 24.373750000000005 25.684316000000003 104.58338000000002
decision_type=2 2 2 2 2 2 2 2 2 2 2 2 2 2 2 2 2
left_child=12 3 5 -2 6 -3 8 -8 -4 10 -7 -5 -1 15 -15 -11 -6
right_child=1 2 4 11 16 9 7 -9 -10 13 -12 -13 -14 14 -16 -17 -18
leaf_value=-0.055397110271540553 -0.023547263537603724 -0.01011785330496248 0.012116720182047696 -0.01097681445183781 0.026931009371486347 0.0030691530406881796 0.020183506699239642 0.0096088248745105648 0.0011685858502109593 0.0016155473862501043 -0.003581537209118447 0.00072879371847744013 -0.042015278511855464 0.0057623795774597586 0.014789149783773112 0.0049372578437868698 0.032594420995326397
leaf_weight=24.837400848977268 98.854074493981898 88.026594761759043 78.179397955536842 42.650314243510365 33.168141774833202 138.22524951025844 75.608799949288368 75.868562199175358 86.928664974868298 156.76376450806856 167.14956597238779 45.333305757492781 24.362196849659085 45.526141248643398 45.262513220310211 107.42857555299997 30.605518482625484
leaf_count=456 3714 645 474 633 487 761 573 460 619 706 840 560 609 351 681 615 787
internal_value=-0.000142301 0.00167629 0.00512042 -0.0191307 0.0138922 0.000662253 0.0107181 0.0154764 0.00635258 0.00209926 -0.00057116 -0.00494553 -0.0487708 0.00439651 0.0085585 0.00296626 0.0296489
internal_weight=1364.78 1315.58 1128.74 186.838 380.359 748.382 316.585 151.477 165.108 660.356 305.375 87.9836 49.1996 354.981 90.7887 264.192 63.7737
internal_count=13971 12906 7999 4907 3400 4599 2126 1033 1093 3954 1601 1193 1065 2353 1032 1321 1274
is_linear=0
shrinkage=0.05


Tree=71
num_leaves=18
num_cat=0
split_feature=1 0 1 0 1 0 1 1 0 0 0 1 1 1 1 1 1
split_gain=44.181 9.18001 19.6467 9.62521 7.2879 7.92074 5.57612 3.42023 4.7614 0.670614 0.379274 0.0458137 0.104538 0.103845 0.0352702 0.393379 1.09671e-07
threshold=16.211084000000003 98.450310000000016 24.018968000000005 95.769255000000015 31.713469500000006 108.91762500000002 36.069474500000005 23.161274500000001 101.14717 106.57971000000002 103.73842500000002 14.744388500000001 11.294609000000001 -1.0470689999999998 34.688604000000005 27.619730000000004 5.9299395000000006
decision_type=2 2 2 2 2 2 2 2 2 2 2 2 2 2 2 2 2
left_child=9 2 3 -2 5 7 -6 -3 -9 11 -10 12 13 -1 15 -4 -15
right_child=1 4 14 -5 6 -7 -8 8 10 -11 -12 -13 -14 16 -16 -17 -18
leaf_value=-0.043128847245654051 -0.048677954789107782 -0.00059533744627057392 -0.00059533744627057392 -0.011079262895173386 0.029288597467510408 0.01823555191502484 0.004516478213171078 -0.00059533744627057392 0.0067310377743835907 -0.034838067225621772 0.0095651723693871669 -0.050764375436960864 -0.042690120711900086 -0.050629205135256428 -0.00059533744627057392 -0.0035121980150165108 -0.050620605211337003
leaf_weight=6.5623075589537612 33.593837747350335 362.18815894424915 94.634670410305262 34.505436716601253 47.276296734809875 72.368745990097523 43.72895035520196 154.9325782135129 118.04763317853212 15.232797622680662 96.128717795014381 7.0644093109294763 12.50119912624359 6.0485674133524325 97.927144885063171 135.74470207095146 9.5767144188284856
leaf_count=452 755 2330 509 374 712 596 489 791 876 650 1268 478 934 495 626 787 792
internal_value=-0.000733251 0.00116844 -0.00516554 -0.029627 0.00397487 0.0024563 0.0173853 0.000894793 0.00465488 -0.0438181 0.00955763 -0.0470943 -0.0463468 -0.0484072 -0.000595337 -0.00145808 -0.0506239
internal_weight=1348.06 1291.08 396.406 68.0993 894.671 803.666 91.0052 731.297 369.109 56.986 214.176 41.7532 34.6888 22.1876 328.307 230.379 15.6253
internal_count=13914 10113 3051 1129 7062 5861 1201 5265 2935 3801 2144 3151 2673 1739 1922 1296 1287
is_linear=0
shrinkage=0.05


Tree=72
num_leaves=22
num_cat=0
split_feature=1 1 0 1 0 1 0 1 0 0 0 1 0 1 0 1 0 1 1 0 1
split_gain=40.6493 12.0754 17.9587 17.021 6.15532 4.94623 4.79597 6.65029 4.47215 2.529 2.28234 1.8272 2.2846 0.723202 0.713398 0.349081 0.315198 0.191268 0.340715 0.0590936 1.29413e-05
threshold=16.211084000000003 28.035833500000006 95.403570000000016 40.61615050000001 102.54427000000001 33.91536150000001 108.65007500000002 19.865962000000007 92.957855000000009 105.82077500000001 104.51963000000002 23.583983500000006 99.650790000000015 14.281418 103.96202500000001 29.709762000000001 101.32768500000002 1.0000000180025095e-35 11.294609000000001 103.41564000000001 7.5255670000000006
decision_type=2 2 2 2 2 2 2 2 2 2 2 2 2 2 2 2 2 2 2 2 2
left_child=13 2 8 4 5 15 7 9 -2 -4 -6 14 -13 17 16 -3 -9 -1 20 -20 -19
right_child=1 3 6 -5 10 -7 -8 11 -10 -11 -12 12 -14 -15 -16 -17 -18 18 19 -21 -22
leaf_value=-0.037858058648691136 -0.037017792548917593 0.0083173979010275935 -0.012114403369918678 -0.016121757708413623 0.019295562796625476 0.019295562796625476 0.012475593306961161 -0.0052160496858117186 -0.01263854855687176 -0.00039874335504183904 0.038957311580679388 -0.0016878219797751713 0.0059418534685512954 -0.031444366377106618 0.0016507763018261434 0.003919116715000023 -0.0011311255950479425 -0.050698687587666082 -0.043943657818844122 -0.037653801113477478 -0.050778986488238732
leaf_weight=7.7568659204989663 37.776191681623459 74.697715878486633 68.212804410606623 57.475756708532572 30.085784930735826 89.816815048456192 77.582855425775051 94.73708338290453 37.469682252034545 46.225622292608023 26.742326181381941 114.47900111973286 193.22890593856573 12.839124370366333 128.37141272425652 113.90331044048071 94.157427579164505 9.0238752281293291 7.4639835646375996 7.4728648392483592 11.302017487585543
leaf_count=543 730 468 971 434 467 666 576 585 304 284 731 491 1478 788 628 844 422 714 596 407 821
internal_value=-0.000103182 0.00171196 -0.00150375 0.00901789 0.0133279 0.010267 0.000649017 -0.000591886 -0.0248778 -0.0116732 0.0283241 0.00143721 0.00418241 -0.0418584 -0.0012253 0.00566111 -0.00317986 -0.0449665 -0.0465301 -0.0407969 -0.0507433
internal_weight=1340.82 1284.96 892.241 392.722 335.246 278.418 816.995 739.412 75.2459 114.438 56.8281 624.974 307.708 55.8587 317.266 188.601 188.895 43.0196 35.2627 14.9368 20.3259
internal_count=13948 10079 6469 3610 3176 1978 5435 4859 1034 1255 1198 3604 1969 3869 1635 1312 1007 3081 2538 1003 1535
is_linear=0
shrinkage=0.05


Tree=73
num_leaves=21
num_cat=0
split_feature=1 0 1 0 0 0 1 1 1 1 1 1 1 0 0 1 1 0 1 1
split_gain=34.3263 8.28971 8.03163 5.00966 2.88576 2.2056 1.84453 2.86926 1.72656 1.14802 0.962632 1.09565 0.956617 1.8885 0.48244 0.473737 0.448801 0.213457 0.00593084 1.07924e-05
threshold=16.211084000000003 91.132875000000013 22.954624000000003 108.31175500000002 105.11545000000001 100.76320500000001 29.124218000000003 38.304211000000002 24.373750000000005 20.145690000000005 24.657355000000003 25.859904500000003 11.294609000000001 105.05712000000001 106.87237500000002 27.619730000000004 -1.0470689999999998 96.648380000000017 14.430641500000002 8.4871610000000022
decision_type=2 2 2 2 2 2 2 2 2 2 2 2 2 2 2 2 2 2 2 2
left_child=12 -2 3 5 6 -3 10 17 -6 -7 -4 -12 16 18 -10 -13 -1 -8 -14 -18
right_child=1 2 4 -5 8 9 7 -9 14 -11 11 15 13 -15 -16 -17 19 -19 -20 -21
leaf_value=-0.035729658163965353 -0.016047829645975235 -0.0070890909977984282 0.0053697558359207436 0.0088135298086364517 0.0088152297714458629 -0.0047929507230017781 0.0053500058241550087 -0.0024728339868821878 0.014798121559378674 0.00019315635251474547 -0.0044488057383980512 0.0043967286632138787 -0.045134667858058482 -0.016661067101995275 0.024597880448340201 -0.00056542882331806117 -0.050672509187441421 0.0088152297714458629 -0.043170944349404689 -0.050746435755163355
leaf_weight=6.6711817458272007 68.221834128722548 79.812904801219702 129.47414606809616 69.067171096801758 32.829414196312428 111.1914469897747 70.224458515644073 62.279284961521626 23.547260977327824 176.4396838247776 88.49265942722559 111.38009764999151 9.1140213748440164 10.158126278780399 26.912967879325151 84.658234938979149 11.140550641342999 134.53168645128608 6.650813464075326 8.865752235054968
leaf_count=485 957 1021 627 387 276 937 374 401 499 806 466 646 753 503 666 557 914 1407 497 671
internal_value=-0.000734053 0.000906447 0.00186965 -0.00354128 0.00495984 -0.00586357 0.00388544 0.00712543 0.013745 -0.00249681 0.00179562 0.000169237 -0.0403135 -0.0334732 0.0200248 0.00225384 -0.0469604 0.00881523 -0.0443062 -0.0507053
internal_weight=1321.66 1269.06 1200.84 436.511 764.33 367.444 681.041 267.035 83.2896 287.631 414.005 284.531 52.6004 25.923 50.4602 196.038 26.6775 204.756 15.7648 20.0063
internal_count=13850 10027 9070 3151 5919 2764 4478 2182 1441 1743 2296 1669 3823 1753 1165 1203 2070 1781 1250 1585
is_linear=0
shrinkage=0.05


Tree=74
num_leaves=21
num_cat=0
split_feature=1 1 1 0 0 1 1 1 0 0 0 0 1 1 1 0 1 0 1 1
split_gain=34.6345 10.3016 19.8578 9.48652 7.50802 5.70069 5.53444 4.6735 3.8938 2.03122 1.55766 1.23379 0.890576 0.862622 0.693057 0.434262 0.119743 0.0205733 2.9767e-05 1.4599e-07
threshold=16.211084000000003 26.854381500000006 40.61615050000001 108.55161500000001 96.115375000000014 19.969917000000006 24.283802500000004 33.91536150000001 99.446175000000025 106.57971000000002 103.55836500000001 101.09093000000001 29.586957000000002 22.500583500000001 24.454294000000001 105.82077500000001 11.294609000000001 102.22940500000001 1.0000000180025095e-35 8.4871610000000022
decision_type=2 2 2 2 2 2 2 2 2 2 2 2 2 2 2 2 2 2 2 2
left_child=9 3 7 4 6 15 -2 8 12 16 -10 -7 -3 -13 -15 -6 18 -18 -1 -20
right_child=1 2 -4 -5 5 11 -8 -9 10 -11 -12 13 -14 14 -16 -17 17 -19 19 -21
leaf_value=-0.050662268306429087 -0.034784623851514644 0.0056362406190811612 -0.021102328326877286 0.013187724337046068 -0.011775926906089442 -0.0041082499528221012 -0.011775926906089442 0.019289645750582451 0.0098875878971874023 -0.02528106019267385 0.021697874872802995 -0.0016066294479205726 -0.0014684897865194367 0.0041210332186324651 -0.00083445894894429895 -0.0066741430672274784 -0.04615696924054314 -0.042561646937054963 -0.050527401020063346 -0.050538104147957744
leaf_weight=6.5498003466054824 35.978059403598309 89.536382652819157 58.328521840274334 80.145323261618614 73.478679383173585 196.6982243321836 35.702246129512787 103.05834470875561 91.147986430674791 13.541823886334894 40.245504677295685 154.17237503826618 86.933415099978447 100.23685240745544 75.437328919768333 49.083217263221741 11.220272025093438 6.1652930006384841 7.7361619528382999 5.4167494531720877
leaf_count=508 783 461 441 559 998 988 238 968 870 640 926 698 559 566 686 291 940 475 750 515
internal_value=-0.00130101 0.000315485 0.0061983 -0.00313114 -0.00494566 -0.00324987 -0.020302 0.0100735 0.00698837 -0.0418549 0.013505 -0.00097404 0.00213627 0.000894991 0.00329502 -0.0117759 -0.0479064 -0.044882 -0.0505752 -0.0505318
internal_weight=1320.81 1270.18 469.25 800.932 720.787 649.107 71.6803 410.922 307.863 50.6301 131.393 526.545 176.47 329.847 175.674 122.562 37.0883 17.3856 19.7027 13.1529
internal_count=13860 10032 4225 5807 5248 4227 1021 3784 2816 3828 1796 2938 1020 1950 1252 1289 3188 1415 1773 1265
is_linear=0
shrinkage=0.05


Tree=75
num_leaves=16
num_cat=0
split_feature=0 1 1 0 0 1 1 1 0 0 0 1 1 1 1
split_gain=33.6895 31.2172 11.1089 6.65809 5.52314 4.53293 4.44633 4.3409 3.26162 2.98271 2.83274 0.944063 0.779486 0.453792 0.539904
threshold=88.388100000000023 18.878885000000004 28.788781000000004 111.07026500000002 105.82077500000001 39.85634000000001 20.776348500000001 34.688604000000005 99.016025000000027 81.04385000000002 108.00161000000001 31.253160000000005 22.954624000000003 24.657355000000003 26.854381500000006
decision_type=2 2 2 2 2 2 2 2 2 2 2 2 2 2 2
left_child=9 3 4 -2 6 7 -3 8 -4 -1 -6 -10 -8 -14 -15
right_child=1 2 5 -5 10 -7 12 -9 11 -11 -12 -13 13 14 -16
leaf_value=-0.051245082643944055 -0.018680470037904334 -0.010311535668381781 0.0057608978335391076 0.015312699983018636 0.0053965781853623045 0.00019115417022912381 -0.0011223897286210093 0.025931564139666848 0.014442944381508178 -0.026172548929220031 0.018176423408267129 0.024926528976713578 0.00535365341031643 -3.3784580201293321e-05 0.0044494193738923143
leaf_weight=26.496999214403331 118.50278536602855 86.924853347241879 101.86157765239477 14.70623257383704 90.885294128209352 55.383441682904959 161.3353069871664 76.90463094227016 50.394773077219725 21.47615821659565 69.634441142901778 37.419960286468267 135.05687095969915 162.52480778470635 114.44301100447774
leaf_count=546 4343 728 601 185 671 362 877 725 689 610 597 611 684 924 756
internal_value=0.00111338 0.00265991 0.005336 -0.0186805 0.00224847 0.0132072 0.000226193 0.0159114 0.0118487 -0.0400209 0.010567 0.0189103 0.00182378 0.0029774 0.00181867
internal_weight=1323.95 1275.98 1142.77 133.209 820.805 321.964 660.285 266.581 189.676 47.9732 160.52 87.8147 573.36 412.025 276.968
internal_count=13909 12753 8225 4528 5237 2988 3969 2626 1901 1156 1268 1300 3241 2364 1680
is_linear=0
shrinkage=0.05


Tree=76
num_leaves=23
num_cat=0
split_feature=1 0 1 0 1 1 0 1 1 0 1 1 0 1 1 1 1 1 1 1 1 1
split_gain=27.7579 9.98155 8.69471 7.05404 5.27979 8.04268 9.96684 5.09864 1.57983 3.59395 1.34614 1.05264 1.58457 0.605971 0.59051 0.876537 0.662742 0.5255 0.503691 0.082546 2.56779e-05 3.80459e-06
threshold=16.211084000000003 109.37943000000001 21.355253000000001 102.95360500000002 39.339145500000008 31.078967000000002 94.886715000000024 20.249596500000003 12.227693 105.05712000000001 19.077816000000002 23.338152500000003 103.84239500000001 24.858475000000002 24.755893000000004 26.155499500000001 28.243602000000006 -1.0470689999999998 19.665748000000004 14.430641500000002 9.8613430000000015 7.1081155000000011
decision_type=2 2 2 2 2 2 2 2 2 2 2 2 2 2 2 2 2 2 2 2 2 2
left_child=8 2 3 7 5 6 -4 10 17 19 -2 -8 14 -14 -13 -16 -17 -1 -5 -10 21 -19
right_child=1 -3 4 18 -6 -7 11 -9 9 -11 -12 12 13 -15 15 16 -18 20 -20 -21 -22 -23
leaf_value=-0.033959317983949841 -0.040588735484867217 0.018308227608706009 -0.017929653363197365 -0.0013368554247415083 -0.013094541813423569 0.0082178402097478776 -0.0022539552383453849 -0.012972172655493545 -0.050555453338297057 -0.0039137182679320377 -0.024411478270351165 0.0043180131239994512 0.0045431761395817744 0.0082178402097478776 -0.0046249714651626804 0.0043298726268463103 -0.0014189490319727344 -0.050594898556366112 -0.006879242937389108 -0.04226519431613554 -0.050728375759462929 -0.050648519819664339
leaf_weight=5.990400739945474 25.460585249587893 64.563788119703531 78.131151834502816 81.839379334822297 68.25742270052433 166.14960847608745 180.0023267865181 34.002958433702588 6.024901879020037 8.4840480303391796 25.982097694650292 93.279410898685455 36.725610982626677 47.199555568397045 82.01315451413393 102.22102352976799 98.385643005371094 7.8826248319819587 82.133415043354034 5.9856952447444201 8.45875520352274 5.700268735177815
leaf_count=482 741 574 658 649 516 1676 897 326 555 443 349 411 310 875 400 587 738 731 366 497 670 498
internal_value=-0.00226576 -0.000843645 -0.00187255 -0.0101829 0.000303895 0.00133832 -0.00107117 -0.0218313 -0.0393771 -0.0288262 -0.0324181 0.000987465 0.00225635 0.00821784 0.000868512 -0.000270005 0.00151042 -0.0470911 -0.00411302 -0.0464239 -0.05066 -0.0506174
internal_weight=1314.87 1266.35 1201.78 249.418 952.365 884.107 717.958 85.4456 48.5267 20.4946 51.4427 639.827 459.824 83.9252 375.899 282.62 200.607 28.032 163.973 12.0106 22.0416 13.5829
internal_count=13949 10073 9499 2431 7068 6552 4876 1416 3876 1495 1090 4218 3321 1185 2136 1725 1325 2381 1015 1052 1899 1229
is_linear=0
shrinkage=0.05


Tree=77
num_leaves=22
num_cat=0
split_feature=1 1 0 0 0 0 1 0 1 1 0 1 1 1 1 1 0 1 1 1 1
split_gain=28.1807 8.08419 13.1754 6.43536 4.32257 4.23519 2.20087 1.55865 1.31965 2.18227 0.899445 0.852415 0.857614 0.74602 0.519621 0.300529 0.281083 0.245349 0.0905368 0.252097 2.84144e-08
threshold=16.711468500000002 24.121139500000002 98.824290000000019 96.320395000000005 103.89934500000001 108.65007500000002 19.385593500000002 106.37188000000002 29.124218000000003 39.339145500000008 97.337445000000017 21.163659000000006 22.270995500000001 33.91536150000001 30.798634000000003 25.859904500000003 104.33142000000001 -1.0000000180025095e-35 11.294609000000001 14.744388500000001 7.5255670000000006
decision_type=2 2 2 2 2 2 2 2 2 2 2 2 2 2 2 2 2 2 2 2 2
left_child=5 2 3 -2 8 16 -4 -6 10 13 -3 -8 -13 14 -10 -12 17 -1 20 -20 -19
right_child=1 4 6 -5 7 -7 11 -9 9 -11 15 12 -14 -15 -16 -17 -18 18 19 -21 -22
leaf_value=-0.039777075864663239 -0.038492937660956295 -0.0019490487373479627 -0.0057922944599405144 -0.010779145154943028 0.010691521165528118 -0.0023431554428526577 0.0055630399916258358 0.024563148079467551 0.0096328000519746281 -0.0012399641588404502 0.0015973987547679932 -0.0030305568730592293 0.0029840360985524221 0.010223638133015295 0.0036823609061855233 0.0054050769045343892 -0.035378624564915855 -0.050460131222662401 -0.039777075864663239 -0.050835075544384115 -0.050465526923672413
leaf_weight=5.6262286845594636 33.289365701377392 101.67728165909648 106.53089758381248 40.426156926900148 50.421168968081474 8.137637645006178 133.19946323335171 33.842258609831333 65.79408036544919 69.041656367480755 90.694857239723206 98.093194082379341 149.74176169931889 81.720412738621235 82.935039047151804 120.90137162804604 12.817574237473307 4.9859793111681991 7.9243319798260909 7.8312120996415615 4.7782959472388029
leaf_count=488 755 579 919 381 841 343 711 823 498 479 437 473 798 677 724 787 838 552 763 546 523
internal_value=0.000556346 0.00204836 -0.00241775 -0.0221192 0.00564469 -0.0354776 0.000560937 0.0162627 0.00418457 0.0065577 0.00191584 0.0023372 0.000603457 0.00889385 0.00631469 0.00377302 -0.0416108 -0.0441755 -0.0466797 -0.0443353 -0.0504628
internal_weight=1310.41 1258.31 561.281 73.7155 697.028 52.1013 487.565 84.2634 612.765 299.491 313.274 381.034 247.835 230.45 148.729 211.596 43.9636 31.146 25.5198 15.7555 9.76428
internal_count=13935 9882 4037 1136 5845 4053 2901 1664 4181 2378 1803 1982 1271 1899 1222 1224 3710 2872 2384 1309 1075
is_linear=0
shrinkage=0.05


Tree=78
num_leaves=22
num_cat=0
split_feature=1 1 0 1 0 0 1 1 0 1 1 1 0 1 1 1 1 0 1 1 1
split_gain=29.8307 6.6324 13.4485 9.96346 5.25183 3.07083 2.86442 2.86417 2.2848 2.26271 2.10328 1.27458 0.766051 1.52703 1.32259 0.347658 0.554606 0.422791 0.282706 0.373565 1.6762e-05
threshold=16.364561000000005 27.838923500000003 95.545435000000012 40.61615050000001 108.31175500000002 102.54427000000001 22.184146000000002 33.91536150000001 104.51963000000002 15.430146500000001 25.043187500000005 29.829712000000004 103.00645500000002 20.249596500000003 20.682076000000006 12.227693 -1.0470689999999998 104.99428000000002 26.252309500000006 24.121139500000002 8.4871610000000022
decision_type=2 2 2 2 2 2 2 2 2 2 2 2 2 2 2 2 2 2 2 2 2
left_child=9 2 10 5 6 7 12 11 -7 15 -2 -3 14 -14 -4 16 -1 -17 19 -8 -18
right_child=1 3 4 -5 -6 8 18 -9 -10 -11 -12 -13 13 -15 -16 17 20 -19 -20 -21 -22
leaf_value=-0.032846519230459399 -0.029829822373748593 0.0095899771402821882 -0.0099011045967257582 -0.011760815820177737 0.013062675640942979 0.015045995339458546 0.0016438272549237913 0.015045995339458546 0.033227878977959625 -0.010772756616046517 -0.012790099033387826 0.0016161231451295517 0.0029104382728194268 -0.0045276196994679819 -0.0045276196994679819 -0.044483975491568017 -0.050561685867234821 -0.027316202918795204 5.8792057586924306e-05 0.0050403586680356051 -0.050653443042631696
leaf_weight=5.6300128661096087 35.582426284439862 91.316427305340767 51.193358477205038 58.81635757535696 85.372061736881733 28.702770076692104 166.61020341515541 86.342618435621262 24.147158974781632 6.2086543980985871 36.879608854651451 111.07282818853855 91.973907832056284 88.862199231982231 58.115587804466486 8.2762255389243347 9.2992939036339575 6.3284593578428021 85.28958623111248 157.46143564209342 10.708900169469414
leaf_count=486 777 570 773 442 647 466 825 657 728 397 239 839 661 388 345 807 931 346 642 955 947
internal_value=0.000480536 0.00193377 -0.000547529 0.00724678 0.00135523 0.0105197 -7.36158e-05 0.0084914 0.0216006 -0.0388678 -0.0211574 0.00521386 -0.0038741 -0.00187664 -0.0071786 -0.0432023 -0.0467099 -0.0370449 0.00262007 0.00329415 -0.0506108
internal_weight=1304.19 1257.74 857.34 400.398 784.878 341.582 699.506 288.732 52.8499 46.4515 72.462 202.389 290.145 180.836 109.309 40.2429 25.6382 14.6047 409.361 324.072 20.0082
internal_count=13868 9954 6252 3702 5236 3260 4589 2066 1194 3914 1016 1409 2167 1049 1118 3517 2364 1153 2422 1780 1878
is_linear=0
shrinkage=0.05


Tree=79
num_leaves=22
num_cat=0
split_feature=1 1 0 1 0 0 1 1 1 1 1 1 1 1 1 1 0 1 1 1 1
split_gain=23.0811 10.5707 10.6664 5.08894 3.847 3.7993 2.83909 1.68074 3.02521 2.57646 1.26619 1.20567 5.16051 1.20387 0.633915 0.502123 0.367983 0.273388 0.141253 1.47314e-05 1.05297e-06
threshold=16.603204000000002 22.954624000000003 100.21647000000002 15.145972500000001 98.536940000000016 105.11545000000001 24.373750000000005 28.035833500000006 39.339145500000008 24.657355000000003 19.077816000000002 31.570948000000005 29.709762000000001 25.859904500000003 12.227693 21.446952500000005 104.14552000000002 27.838923500000003 -1.0470689999999998 9.115689500000002 5.9299395000000006
decision_type=2 2 2 2 2 2 2 2 2 2 2 2 2 2 2 2 2 2 2 2 2
left_child=3 2 4 14 -2 7 -7 9 11 -3 -4 12 -9 -11 18 -12 -16 -8 -1 20 -20
right_child=1 5 10 -5 -6 6 17 8 -10 13 15 -13 -14 -15 16 -17 -18 -19 19 -21 -22
leaf_value=-0.041494953973677265 -0.034109737527518412 0.0055524296844279642 -0.0079616159623127989 -0.0048395547910229679 -0.013180947327292861 0.0083140934351850406 0.026528859956377843 0.0083140934351850406 -0.004658935207148677 -0.0075809313718110186 0.00074135819325430678 0.0083140934351850406 -0.0071072815874137349 -0.00019154221788933676 -0.042900514658816863 -0.0035555489878844569 -0.025751394181831196 0.018767020145067963 -0.05052585251732164 -0.050629205868662153 -0.050558086881203994
leaf_weight=5.5026233606040469 40.134233388118446 135.92114963941276 85.073586050421 10.742103884927927 31.185610398650169 31.565724544227123 24.384741462767124 80.886748418211937 67.204865761101246 91.500776771456003 167.56501017510891 142.816854480654 68.718858681619167 138.6260790117085 6.5838056001812202 114.41081105172634 5.9597552418708801 21.214135400950909 5.2474437397904747 9.0325344651937467 4.8985192836262286
leaf_count=494 901 719 780 596 291 277 473 605 475 521 854 1314 562 861 680 558 369 678 556 831 501
internal_value=-0.00112389 0.000191306 -0.00605313 -0.0351564 -0.0237467 0.00360091 0.0141489 0.00247929 0.00490698 9.41919e-05 -0.00261515 0.00710542 0.00351795 -0.00312964 -0.0439051 -0.0010021 -0.0347525 0.0229178 -0.0485566 -0.0505828 -0.0505414
internal_weight=1289.18 1241.21 438.369 47.9668 71.3198 802.84 77.1646 725.675 359.627 366.048 367.049 292.422 149.606 230.127 37.2247 281.976 12.5436 45.5989 24.6811 19.1785 10.146
internal_count=13896 9869 3384 4027 1192 6485 1428 5057 2956 2101 2192 2481 1167 1382 3431 1412 1049 1151 2382 1888 1057
is_linear=0
shrinkage=0.05


Tree=80
num_leaves=23
num_cat=0
split_feature=1 1 0 1 1 1 1 0 0 0 1 0 1 0 1 1 0 1 1 1 1 1
split_gain=23.6704 7.80237 10.1761 4.76597 3.95478 4.76122 3.49338 3.05572 2.14146 1.51218 1.07152 1.68338 1.16638 1.04354 0.958867 0.474611 0.4225 0.339321 0.633874 0.560598 0.000137021 4.72246e-06
threshold=16.711468500000002 24.121139500000002 99.36276500000001 16.211084000000003 39.85634000000001 28.912007000000006 26.053299000000006 96.565635000000015 99.151430000000019 101.84313000000002 19.969917000000006 106.17962500000002 22.097619500000004 104.02043000000002 31.078967000000002 25.127249000000003 96.436265000000006 11.294609000000001 13.583680000000003 -1.0470689999999998 15.011641000000003 6.278925000000001
decision_type=2 2 2 2 2 2 2 2 2 2 2 2 2 2 2 2 2 2 2 2 2 2
left_child=3 2 7 17 5 6 15 -2 -8 14 11 -4 -12 -11 -7 -3 -16 19 -19 -1 -20 -21
right_child=1 4 10 -5 -6 9 8 -9 -10 13 12 -13 -14 -15 16 -17 -18 18 20 21 -22 -23
leaf_value=-0.031527969247889497 -0.030178904968933343 0.004909567544755862 -0.0095665328011532488 0.0069856965775765157 -0.0069719912844831977 0.0046433819059583702 -0.0080041523219706694 -0.011161953940295581 0.0027213320113756304 0.013849272681276387 0.004139473509403086 0.0010441248279955725 -0.0018714454866621264 0.026509870963812 0.0089959264975687722 0.010248954271042818 0.013849272681276387 -0.02526083795127361 -0.043013216458154771 -0.050490981117195625 -0.043335028548909471 -0.050549769507027345
leaf_weight=5.2536393636837628 35.443538629449904 90.128943018615246 65.183991849422455 5.9392043771222225 65.271169558167458 77.563561722636223 91.986915275454521 52.284725582227111 94.194561146199703 28.639213040471077 171.28102385252714 78.760859526693821 152.61304232478142 23.571185424923897 76.744597904384136 77.326980128884315 65.698919214308262 7.8746146950870779 6.5083978017792088 5.3187541346997014 6.7258979715406895 9.5491951243020576
leaf_count=489 807 587 711 214 497 515 465 462 1006 439 832 414 823 700 460 544 633 699 549 599 508 995
internal_value=-0.000121974 0.00119349 -0.00321829 -0.0348898 0.00473994 0.00596139 0.00213516 -0.0188451 -0.00257782 0.010932 -0.000287977 -0.00387741 0.00130724 0.0185819 0.00911663 0.00737516 0.0115524 -0.0409219 -0.0364933 -0.0455677 -0.0431768 -0.0505287
internal_weight=1293.86 1246.69 555.567 47.1697 691.126 625.855 353.637 87.7283 186.181 272.217 467.839 143.945 323.894 52.2104 220.007 167.456 142.444 41.2305 21.1089 20.1216 13.2343 14.8679
internal_count=13948 9895 4049 4053 5846 5349 2602 1269 1471 2747 2780 1125 1655 1139 1608 1131 1093 3839 1756 2083 1057 1594
is_linear=0
shrinkage=0.05


Tree=81
num_leaves=22
num_cat=0
split_feature=1 1 0 0 1 0 1 0 1 0 0 1 1 1 0 1 1 0 1 1 1
split_gain=18.3053 8.96114 9.96883 5.15218 4.39739 4.37721 3.44845 2.70886 2.47063 1.17185 1.03004 0.760384 0.724274 0.509966 0.553873 0.356201 0.174092 1.16675 0.103522 0.311792 1.93607e-08
threshold=16.841387000000005 24.121139500000002 100.21647000000002 108.45336000000002 39.85634000000001 103.96202500000001 28.912007000000006 97.151250000000019 28.453457000000004 97.705770000000015 104.33142000000001 21.826665500000001 25.968755500000004 31.713469500000006 97.256225000000015 1.0000000180025095e-35 20.060467500000005 106.25005000000002 14.744388500000001 11.294609000000001 7.5255670000000006
decision_type=2 2 2 2 2 2 2 2 2 2 2 2 2 2 2 2 2 2 2 2 2
left_child=3 2 7 10 5 6 9 -2 -7 -3 15 16 -11 -8 -15 -1 17 -4 19 20 -17
right_child=1 4 11 -5 -6 8 13 -9 -10 12 -12 -13 -14 14 -16 18 -18 -19 -20 -21 -22
leaf_value=-0.034547840056031051 -0.027838898342004394 -0.0031794624607918709 -0.0079420787654797247 0.0038655519356350638 -0.0078057321150081741 0.011020677723306352 0.0063201915008248739 -0.011424797166926959 0.030182557810831897 7.2593389402539349e-05 -0.025745604331976282 0.0022432391755877641 0.0062657909850985741 0.0067122080497730059 0.011020677723306352 -0.050375861465461635 -0.00072449330367327554 0.0010029529253270315 -0.050825662637075102 -0.035867653438678163 -0.050380767133755333
leaf_weight=5.1413347823545363 39.231687975116074 109.62565240636468 69.262575333938003 8.9745915280655009 62.746927700936794 48.480825550854206 103.06903451308608 69.957616960629821 25.293788863345981 88.985259130597115 11.851712392643092 164.46130420267582 99.056785717606544 74.611425556242466 62.883356001228094 4.064156957902016 131.03312718868256 76.961779844015837 7.7526450091972938 6.8568533938378087 3.981681686360389
leaf_count=517 853 608 668 384 477 811 800 564 768 434 832 881 659 467 739 549 623 390 571 774 531
internal_value=-0.000256429 0.000937178 -0.00379433 -0.0303442 0.00480026 0.0060927 0.00452718 -0.0173224 0.0175142 0.000929302 -0.0380877 -0.000450301 0.00332465 0.00897911 0.0109723 -0.0433501 -0.00204803 -0.00323407 -0.0461396 -0.0437018 -0.0503783
internal_weight=1274.28 1225.66 550.908 48.623 674.753 612.006 538.232 109.189 73.7746 297.668 39.6484 441.719 188.042 240.564 137.495 27.7967 277.257 146.224 22.6553 14.9027 8.04584
internal_count=13900 9742 3979 4158 5763 5286 3707 1417 1579 1701 3774 2562 1093 2006 1206 2942 1681 1058 2425 1854 1080
is_linear=0
shrinkage=0.05


Tree=82
num_leaves=20
num_cat=0
split_feature=1 0 0 1 1 0 0 1 1 1 1 1 1 1 1 1 0 1 1
split_gain=20.2318 9.61634 7.80454 5.58418 8.255 4.46039 1.05738 0.739787 1.12073 0.88854 0.848177 1.03706 0.689529 0.553084 0.397787 0.17675 0.471235 0.239847 0.00342292
threshold=18.240351000000004 106.03855000000001 108.31175500000002 28.788781000000004 40.61615050000001 95.403570000000016 103.31033000000001 23.649342000000004 24.657355000000003 26.155499500000001 21.163659000000006 20.060467500000005 31.253160000000005 27.420587000000001 17.322752000000005 1.0000000180025095e-35 96.565635000000015 14.589744500000002 22.500583500000001
decision_type=2 2 2 2 2 2 2 2 2 2 2 2 2 2 2 2 2 2 2
left_child=1 6 3 5 12 -2 14 10 -9 -10 11 -7 -5 -11 15 -1 -17 -18 -12
right_child=2 -3 -4 4 -6 7 -8 8 9 13 18 -13 -14 -15 -16 16 17 -19 -20
leaf_value=-0.034258244883345779 -0.012902418083214191 -0.004579153400350873 0.017630858573518919 0.0050488425568355547 -0.010985439712034726 -0.0026929978135172114 -0.026298412597840732 0.0065687651063419021 -0.0036125058548684267 0.0057449811030336759 -0.0034789556543925251 0.0051772973832501746 0.009294600483626389 -0.00064145605335290043 -0.052160928344427385 -0.05049196088424162 -0.042982946728106736 -0.034258244883345779 -0.0038778927146308514
leaf_weight=4.8126301402226117 75.389045702293515 40.74056788906455 74.922730689868331 104.16483240015805 56.799642000347376 87.551307467743754 14.964462412986903 85.32333879172802 102.87682378292084 67.759573251008987 110.52583509683609 80.196174547076225 168.42906946502626 67.844872543588281 7.7846008148044339 8.6558029083535093 7.258804038166998 5.91337850689888 104.70541359484196
leaf_count=500 907 987 760 947 419 687 767 468 650 501 551 447 1689 541 228 991 938 380 519
internal_value=0.000276314 -0.0225614 0.00201116 0.000958342 0.00641939 -0.00134145 -0.0373946 -0.000108298 0.00165095 -0.000108542 -0.00159572 0.00106961 0.0092946 0.00254975 -0.0422181 -0.0393127 -0.0414293 -0.0354739 -0.00367303
internal_weight=1276.62 90.1302 1186.49 1111.57 329.394 782.172 49.3897 706.783 323.805 238.481 382.979 167.747 272.594 135.604 34.4252 26.6406 21.828 13.1722 215.231
internal_count=13877 4791 9086 8326 3055 5271 3804 4364 2160 1692 2204 1134 2636 1042 3037 2809 2309 1318 1070
is_linear=0
shrinkage=0.05


Tree=83
num_leaves=19
num_cat=0
split_feature=0 1 0 0 1 0 1 0 0 1 1 1 1 1 1 1 1 1
split_gain=22.0023 14.5167 7.44044 7.37696 5.30959 3.55027 3.05091 2.89206 2.60657 1.21484 1.75704 1.15761 1.02309 0.93763 0.684491 0.445139 0.284472 0.0468815
threshold=89.236120000000014 19.465683500000004 111.07026500000002 82.785485000000008 23.583983500000006 105.05712000000001 33.91536150000001 103.51358000000002 100.82685500000001 25.330475000000003 26.854381500000006 18.776802500000002 24.954034500000002 17.322752000000005 29.586957000000002 27.838923500000003 21.526355500000005 31.423570500000004
decision_type=2 2 2 2 2 2 2 2 2 2 2 2 2 2 2 2 2 2
left_child=3 2 7 -1 8 6 9 -2 -3 -6 -11 13 -7 -9 -12 -14 -10 -16
right_child=1 4 -4 -5 5 12 -8 11 16 10 14 -13 15 -15 17 -17 -18 -19
leaf_value=-0.051162335053712531 -0.016642993726670104 -0.0093745728254490696 0.018065223010230707 -0.016642993726670104 0.0068186114978546833 0.01073671992113707 0.01073671992113707 -0.012293003790946777 -0.0011225744721803986 -0.0041013259607969371 0.0057012756281618164 0.00015000309520986693 0.027839208588104292 -0.0047914454506752914 0.0015437887592700541 0.017046671922992102 0.0019987124306378792 -0.00044170041994958721
leaf_weight=27.450183942914009 45.006194004323334 87.434246214106679 16.925997320562601 18.945648154709488 131.01174057275057 22.99604007974267 132.22986141964793 23.47924016835168 143.41835232079029 109.59684163704515 147.16244134306908 30.24068658798933 18.110465031117201 42.100311849266291 62.855770654976368 20.222112849354744 148.66835835576057 56.415109250694513
leaf_count=660 2808 742 199 610 670 253 1013 1337 701 631 984 147 396 289 510 690 757 561
internal_value=-0.00037425 0.000892751 -0.0132754 -0.0341787 0.00296203 0.00554219 0.00443975 -0.016643 -0.00180098 0.00267228 0.00122766 -0.00794301 0.0170337 -0.0116749 0.00341973 0.0221457 0.00046612 0.000604653
internal_weight=1284.27 1237.87 157.752 46.3958 1080.12 700.6 639.272 140.826 379.521 507.042 376.03 95.8202 61.3286 65.5796 266.433 38.3326 292.087 119.271
internal_count=13958 12688 4780 1270 7908 5708 4369 4581 2200 3356 2686 1773 1339 1626 2055 1086 1458 1071
is_linear=0
shrinkage=0.05


Tree=84
num_leaves=18
num_cat=0
split_feature=0 1 0 1 0 0 1 0 0 1 1 1 0 1 1 1 1
split_gain=18.14 10.4283 9.08395 5.63006 4.58766 2.19495 2.14441 2.32879 1.45698 1.48987 0.878013 0.660122 0.901613 0.543269 0.595658 0.509245 0.0876377
threshold=89.236120000000014 17.542188000000003 82.785485000000008 28.580445500000003 108.91762500000002 97.705770000000015 39.85634000000001 99.446175000000025 108.31175500000002 23.649342000000004 32.199767000000008 20.882805000000005 104.39289500000001 30.798634000000003 33.341251000000007 26.342805500000001 25.583966
decision_type=2 2 2 2 2 2 2 2 2 2 2 2 2 2 2 2 2
left_child=2 4 -1 5 -2 16 7 10 9 11 -5 12 -7 -9 -15 -11 -3
right_child=1 3 -4 6 -6 8 -8 13 -10 15 -12 -13 -14 14 -16 -17 -18
leaf_value=-0.050868255627447595 -0.015180699215587557 -0.007596573919752117 -0.015180699215587557 0.0018186980202230876 0.022567436386865227 -0.0028127021625823675 -0.001755528273943205 0.010794542831873088 0.0070612571220937809 0.0034766903363968836 0.0091802539363272304 -0.0028127021625823675 0.0034766903363968836 0.023310513044330895 0.013351138303213522 -0.00045772886651954185 -0.0050301499365877338
leaf_weight=27.072451530024409 41.710759773850441 66.16597019135952 19.665295031387359 80.93910725414753 9.9433310069143754 72.731121130287647 53.35597650334239 42.305473394691944 79.631290636956692 168.45717670768499 81.078410655260086 225.25545214861631 88.645720206201077 29.204257564619184 30.896078806370497 89.008295115083456 66.893935583531857
leaf_count=680 3491 724 620 460 349 707 351 629 619 1064 549 1087 428 521 569 792 300
internal_value=-0.000477044 0.000688237 -0.0310496 0.00170401 -0.0151807 -0.000404192 0.00738811 0.00923314 0.000680937 -0.000107876 0.00550264 -0.00207024 0.000585403 0.0151352 0.0181906 0.00283898 -0.00630634
internal_weight=1272.96 1226.22 46.7377 1174.57 51.6541 856.789 317.779 264.423 723.729 644.098 162.018 386.632 161.377 102.406 60.1003 257.465 133.06
internal_count=13940 12640 1300 8800 3840 5721 3079 2728 4697 4078 1009 2222 1135 1719 1090 1856 1024
is_linear=0
shrinkage=0.05


Tree=85
num_leaves=22
num_cat=0
split_feature=1 0 1 1 1 0 1 0 0 0 1 1 1 1 0 1 1 1 1 1 1
split_gain=14.2004 7.69314 4.27752 6.43926 3.34466 2.34553 2.00897 2.06691 3.09159 1.58168 1.65983 1.5687 0.864206 1.25298 1.33387 0.573837 0.503891 0.406334 0.769878 8.46241e-06 7.67237e-09
threshold=17.070639500000002 106.57971000000002 27.200419000000004 40.61615050000001 34.688604000000005 108.65007500000002 20.060467500000005 105.82077500000001 102.76453000000002 100.96259500000001 29.378802500000003 28.912007000000006 21.163659000000006 21.997570500000005 103.69092000000002 23.839913000000003 25.330475000000003 14.589744500000002 -1.0470689999999998 11.294609000000001 8.1699215000000027
decision_type=2 2 2 2 2 2 2 2 2 2 2 2 2 2 2 2 2 2 2 2 2
left_child=1 17 5 4 9 6 7 8 -2 11 -11 -4 -8 -14 15 -15 -17 18 -1 20 -20
right_child=2 -3 3 -5 -6 -7 12 -9 -10 10 -12 -13 13 14 -16 16 -18 -19 19 -21 -22
leaf_value=-0.026099972898651611 -0.024219166277061301 0.0015123389469948356 -0.0030520030065620003 -0.010694262243698068 0.016267447678576772 0.0074058697135845983 0.0026808841160718155 8.0785431664686234e-05 -0.0065363683948755566 0.018221305229156538 0.0066689446054829992 0.0058199368026918266 -0.0073423377982701158 -0.0051361722649273904 0.0026808841160718155 0.00023807559822335811 -0.0032853627468774163 -0.033642490440786391 -0.05034533527503935 -0.050419848736779509 -0.050348314952801836
leaf_weight=4.1047701258212355 35.055116658098996 15.914113202132283 78.07022999599576 57.025295671075583 81.988805053755641 72.25188997387886 83.431218845769763 49.145211756229401 38.759386476129293 41.353507719933987 41.765334703028202 137.71271148324013 81.097729172557592 110.99415753409266 101.3517498858273 102.20361444167793 117.99424264580011 11.555943547748027 5.1089321961626428 7.1084986543282858 3.7432834343053401
leaf_count=454 795 715 403 433 815 514 548 247 323 626 846 985 463 626 915 523 661 832 756 869 548
internal_value=-2.64996e-05 -0.0268415 0.00100965 0.00497538 0.00732137 -0.00118232 -0.0020441 -0.00786396 -0.0131535 0.00486746 0.0107278 0.00261007 -0.000845573 -0.00163909 -0.000569783 -0.00220473 -0.000727095 -0.0411112 -0.0454124 -0.0503792 -0.0503466
internal_weight=1277.74 47.5355 1230.2 437.916 380.891 792.284 720.032 122.96 73.8145 298.902 83.1188 215.783 597.073 513.641 432.544 331.192 220.198 31.6214 20.0655 15.9607 8.85222
internal_count=13897 4174 9723 4108 3675 5615 5101 1365 1118 2860 1472 1388 3736 3188 2725 1810 1184 3459 2627 2173 1304
is_linear=0
shrinkage=0.05


Tree=86
num_leaves=21
num_cat=0
split_feature=1 0 1 1 0 1 0 1 0 1 1 1 1 1 0 1 1 1 1 1
split_gain=13.0046 7.34658 3.43389 8.05659 7.99155 6.2807 2.88771 2.30976 1.50368 1.27915 0.555396 0.511273 1.3123 0.508574 0.377811 0.403658 0.187157 0.125334 0.231176 1.0613e-08
threshold=17.070639500000002 109.21158500000001 28.035833500000006 40.61615050000001 95.545435000000012 33.91536150000001 101.63080000000001 29.829712000000004 106.57971000000002 19.287917500000002 16.364561000000005 25.859904500000003 24.018968000000005 -1.0470689999999998 100.76320500000001 21.997570500000005 30.219216500000005 11.294609000000001 14.744388500000001 8.4871610000000022
decision_type=2 2 2 2 2 2 2 2 2 2 2 2 2 2 2 2 2 2 2 2
left_child=1 8 4 5 -2 6 16 -8 10 -6 13 12 14 -1 -11 -16 -4 19 -19 -15
right_child=2 -3 3 -5 9 -7 7 -9 -10 11 -12 -13 -14 17 15 -17 -18 18 -20 -21
leaf_value=-0.027404978849490946 -0.016895180487520461 0.0188505951786903 -0.0013324668809569799 -0.011988863759256591 -0.0046599388933752572 0.019004597242616189 0.025899091487192001 0.0072185821547378921 -0.015427182191909567 -0.00052919606685995616 -0.027404978849490946 0.0045030809878281279 -0.0033202503749303414 -0.050327702545814992 0.0016495843208951548 0.0052140393018768388 0.002020641025618631 -0.036819654732603783 -0.050569185289408472 -0.050331280721029673
leaf_weight=4.2066268157213953 69.699798913672566 7.7579125240445128 80.0154934450984 58.185721911489964 94.924832014366984 94.945242490619421 23.295923098921776 27.526537422090769 8.2867212584242207 93.121567787602544 5.7562018930912009 119.63774980604649 138.58640591800213 5.3188197738491052 198.48000415414572 132.41691548377275 86.713841207325459 7.3625201969407481 5.2277797381393611 3.3951047668233514
leaf_count=477 970 313 490 445 912 962 455 631 419 630 268 952 895 829 973 731 659 940 522 522
internal_value=8.10152e-05 -0.0256381 0.00108041 0.00509394 -0.000676352 0.00827469 0.00359189 0.0140257 -0.034364 0.000778223 -0.0393828 0.00153487 0.000903681 -0.0425795 0.00228423 0.00307599 0.000411443 -0.0457193 -0.0425288 -0.0503291
internal_weight=1264.86 47.3117 1217.55 370.683 846.867 312.497 217.552 50.8225 39.5538 777.167 31.2671 682.243 562.605 25.5109 424.018 330.897 166.729 21.3042 12.5903 8.71392
internal_count=13995 4290 9705 3642 6063 3197 2235 1086 3977 5093 3558 4181 3229 3290 2334 1704 1149 2813 1462 1351
is_linear=0
shrinkage=0.05


Tree=87
num_leaves=22
num_cat=0
split_feature=1 0 0 1 0 1 1 0 1 1 0 1 0 1 1 1 1 1 1 1 1
split_gain=16.7346 6.60848 4.50015 4.26066 2.66737 1.46138 1.40909 1.37571 1.2238 1.15905 0.931825 0.8586 0.744073 0.449064 0.400387 0.329777 0.714457 0.501028 0.146375 0.204989 6.83751e-09
threshold=17.542188000000003 106.50353000000003 108.91762500000002 19.865962000000007 91.663465000000016 29.124218000000003 38.800013000000007 99.803720000000013 24.018968000000005 25.684316000000003 105.62876500000002 22.500583500000001 99.446175000000025 26.972914500000005 26.053299000000006 16.942525500000006 16.211084000000003 -1.0470689999999998 11.294609000000001 14.744388500000001 6.278925000000001
decision_type=2 2 2 2 2 2 2 2 2 2 2 2 2 2 2 2 2 2 2 2 2
left_child=1 15 3 10 -5 7 12 14 11 -10 -2 -9 -7 -11 -6 16 17 -1 20 -20 -19
right_child=2 -3 -4 4 5 6 -8 8 9 13 -12 -13 -14 -15 -16 -17 -18 18 19 -21 -22
leaf_value=-0.025853207138045304 -0.013015727354019936 -0.0044175606853612956 0.014611908262487509 -0.0076063102631538345 0.00047674502674262232 0.0038494782218758856 -0.00095122718037503849 0.0030585828719059218 0.00076946476149913857 0.0078216331325122197 -0.0034980714613555754 0.0078216331325122197 0.0078216331325122197 0.0027936707635821036 -0.0024651801149804921 -0.051614177723589644 -0.022350071460110376 -0.050314538733236172 -0.036365099101620883 -0.050443308191253401 -0.050311572318208167
leaf_weight=4.0675690546631875 55.908780386671424 20.777220501564443 64.467639841139317 67.493265307508409 138.79846893437207 118.00862861424685 57.921378582715988 181.45335704833269 80.091554686427116 46.672910161316395 47.621194303035736 103.4614780023694 80.273445229977369 53.432778401300311 103.06510933488607 5.3915466573089352 4.9478701055049887 3.2803230225108582 7.1313478038646263 4.0564744719304144 4.7633383190259337
leaf_count=474 873 815 605 814 880 788 400 855 573 439 222 533 1366 630 468 207 255 533 943 472 778
internal_value=0.000530638 -0.0265885 0.00176176 0.00103136 0.00200262 0.00267595 0.0059112 0.00150351 0.00309403 0.000769465 -0.00863784 0.00519207 0.00782163 0.00631199 -0.0015551 -0.0402826 -0.0381197 -0.0417962 -0.0451683 -0.0414696 -0.0503128
internal_weight=1253.09 54.4157 1198.67 1134.2 1030.67 963.179 256.203 706.976 465.112 180.197 103.53 284.915 198.282 100.106 241.864 33.6385 28.2469 23.2991 19.2315 11.1878 8.04366
internal_count=13923 4477 9446 8841 7746 6932 2554 4378 3030 1642 1095 1388 2154 1069 1348 3662 3455 3200 2726 1415 1311
is_linear=0
shrinkage=0.05


Tree=88
num_leaves=16
num_cat=0
split_feature=0 1 0 0 1 1 1 0 1 0 0 1 1 0 1
split_gain=18.1053 11.5834 7.19032 6.14254 2.6036 3.03717 3.09284 2.49907 1.96346 1.62352 1.62694 1.34074 2.1503 1.18801 0.0226533
threshold=89.236120000000014 19.969917000000006 82.785485000000008 106.37188000000002 28.035833500000006 38.800013000000007 33.727133500000008 104.88120500000001 22.713784000000004 99.446175000000025 102.54427000000001 26.252309500000006 23.583983500000006 101.38876500000002 18.444922000000002
decision_type=2 2 2 2 2 2 2 2 2 2 2 2 2 2 2
left_child=2 3 -1 -2 7 6 9 11 -9 -6 -11 12 13 -3 -5
right_child=1 4 -4 14 5 -7 -8 8 -10 10 -12 -13 -14 -15 -16
leaf_value=-0.048748510872729189 -0.015088884024435541 -0.0068833810378449312 -0.015088884024435541 0.00071984754292432618 0.0020537554533415852 -0.003065848782296631 0.017717623491894621 0.0032668995574711562 0.013321179354589938 0.0066049687757477465 0.019733579067354127 -0.0053212930065662965 0.0032668995574711562 0.00057133113506463505 -0.00090478734216774986
leaf_weight=26.227002808824182 98.333810030482709 93.606893045827746 18.816111655905843 41.807939240708947 119.64205112308264 64.557826075702906 74.116342222318053 89.442348949611187 68.689728504046798 49.385001756250858 33.566772788763046 106.64784270897508 197.16050159931183 124.56029285490513 44.078254744410515
leaf_count=672 3946 735 611 905 689 446 813 457 899 494 862 645 1016 558 186
internal_value=-0.00010835 0.00105449 -0.0312323 -0.0104857 0.00313593 0.00669967 0.00897801 0.0013477 0.00685433 0.00578073 0.0111562 -0.000320528 0.000963568 -0.00262719 -0.000113943
internal_weight=1250.64 1205.6 45.0431 184.22 1021.38 341.268 276.71 680.108 158.132 202.594 82.9518 521.976 415.328 218.167 85.8862
internal_count=13934 12651 1283 5037 7614 3304 2858 4310 1356 2045 1356 2954 2309 1293 1091
is_linear=0
shrinkage=0.05


Tree=89
num_leaves=22
num_cat=0
split_feature=1 0 1 1 0 0 0 1 1 1 0 1 1 1 1 1 1 1 1 1 1
split_gain=13.3802 5.89947 2.42192 2.47668 5.17985 4.84562 2.35215 2.23538 1.47342 1.11194 1.19872 0.706886 0.941049 0.683317 1.00129 1.74681 0.663504 0.673154 0.589613 0.0747266 1.72331e-06
threshold=17.070639500000002 109.21158500000001 39.85634000000001 23.338152500000003 100.40683000000001 104.76741000000001 97.973640000000003 26.342805500000001 33.91536150000001 14.281418 104.33142000000001 29.586957000000002 31.253160000000005 25.127249000000003 26.252309500000006 28.035833500000006 21.920208500000005 19.865962000000007 -1.0470689999999998 11.294609000000001 7.5255670000000006
decision_type=2 2 2 2 2 2 2 2 2 2 2 2 2 2 2 2 2 2 2 2 2
left_child=1 9 3 4 6 8 -2 -7 11 18 -11 13 -13 -5 -15 -16 17 -6 -1 20 -20
right_child=2 -3 -4 5 16 7 -8 -9 -10 10 -12 12 -14 14 15 -17 -18 -19 19 -21 -22
leaf_value=-0.026609072803577397 -0.023563026514797022 0.011797138971824873 -0.0093148599141015254 -0.0017369585991919461 -0.0012144464165470643 0.0081156078138058113 -0.0066973887019821212 0.026641042490013603 0.0072649874488698966 -0.038816883775715155 -0.012097805309839497 -0.0077395470132626742 0.00099995606006651988 0.0071746675913471119 -0.0034968640483454523 0.0064037209055417118 -0.0031565161649791357 0.0037720731738525334 -0.050353890421567238 -0.043720410270093164 -0.050395838296853415
leaf_weight=4.1958005218766621 34.514161244034767 7.8156111147254697 64.85489883646369 136.42445324733853 122.5224164314568 43.605718545615673 47.063897959887981 25.988832324743271 83.8556884303689 8.4149730619974417 7.3512968160212031 59.062027633190155 64.374538138508797 82.929936103522778 108.76446530595422 75.462268114089966 103.68736702948809 151.20174588263035 4.7286676960066014 7.4014840265735975 5.0773269413039088
leaf_count=497 833 303 494 730 878 543 421 892 760 763 320 476 624 470 689 574 532 727 753 907 750
internal_value=-0.000916453 -0.0276899 8.36242e-05 0.000618561 -0.00221974 0.00253305 -0.0136445 0.0150336 0.00110891 -0.0359927 -0.0259167 0.000129396 -0.00318173 0.00114211 0.00261232 0.000558577 0.000249744 0.00154004 -0.0434151 -0.047513 -0.0503756
internal_weight=1249.3 44.9852 1204.31 1139.46 458.99 680.468 81.5781 69.5946 610.873 37.1695 15.7663 527.018 123.437 403.581 267.157 184.227 377.412 273.724 21.4033 17.2075 9.80599
internal_count=13936 4293 9643 9149 3391 5758 1254 1435 4323 3990 1083 3563 1100 2463 1733 1263 2137 1605 2907 2410 1503
is_linear=0
shrinkage=0.05


Tree=90
num_leaves=21
num_cat=0
split_feature=1 0 0 1 1 1 0 1 1 1 1 0 1 1 1 1 1 1 1 1
split_gain=14.1766 7.38831 3.09273 6.85016 3.13847 2.05769 1.62663 1.42909 0.535659 0.504606 1.13472 0.42972 0.643988 0.306329 0.273695 0.0513196 0.0490237 0.214523 0.184577 5.60141e-07
threshold=17.542188000000003 106.50353000000003 98.450310000000016 24.553758500000004 22.954624000000003 30.346104000000004 108.31175500000002 36.069474500000005 32.199767000000008 27.420587000000001 25.127249000000003 101.14717 21.355253000000001 17.070639500000002 27.838923500000003 22.867815500000003 11.294609000000001 -2.1947644999999993 14.744388500000001 5.4608625000000011
decision_type=2 2 2 2 2 2 2 2 2 2 2 2 2 2 2 2 2 2 2 2
left_child=1 13 3 4 -2 6 9 8 -7 10 11 -4 -13 16 -5 -14 17 -1 -18 -19
right_child=2 -3 5 14 -6 7 -8 -9 -10 -11 -12 12 15 -15 -16 -17 18 19 -20 -21
leaf_value=-0.034921173268184925 -0.028825015712002713 -0.0021899519103052807 -0.00032060990480641818 -0.0032890039751432873 -0.006939732553810184 0.0093255585613206526 0.0082348728155419264 0.0018707200391778899 0.018751019997270298 -0.00032060990480641818 0.0044558701190598069 0.00063505164217931512 0.0044558701190598069 -0.028938802751300421 -0.00032060990480641818 0.0029935975445807873 -0.03482193447796765 -0.050304408601655762 -0.045730455767298214 -0.05027669804050925
leaf_weight=3.2287413105368659 32.378788221627474 19.839815751649439 107.56665332242846 84.229875702410936 33.156348986551166 30.3104507047683 80.007438018918037 40.515115294605494 29.986601350829005 81.894891832023859 100.40320413932204 163.93070427328348 94.49717703461647 4.4192546214908353 216.32357148826122 97.610263019800186 6.4387067705392864 2.9941208357922742 9.7496472173370403 4.6651257583871484
leaf_count=405 762 770 654 460 251 468 688 483 567 910 807 942 427 177 1383 625 935 514 789 857
internal_value=-0.000361976 -0.0260895 0.000745269 -0.0030807 -0.0177525 0.00243948 0.00150989 0.00913316 0.014013 0.000676867 0.00151681 0.000378152 0.00159071 -0.0411444 -0.00032061 0.00380888 -0.0431366 -0.0457308 -0.0413917 -0.0502875
internal_weight=1244.15 51.3354 1192.81 366.089 65.5351 826.722 725.91 100.812 60.2971 645.903 564.008 463.605 356.038 31.4956 300.553 192.107 27.0763 10.888 16.1884 7.65925
internal_count=13874 4447 9427 2856 1013 6571 5053 1518 1035 4365 3455 2648 1994 3677 1843 1052 3500 1776 1724 1371
is_linear=0
shrinkage=0.05


Tree=91
num_leaves=21
num_cat=0
split_feature=1 0 1 0 0 1 1 0 0 1 1 1 1 1 1 1 1 1 1 1
split_gain=11.2388 5.25315 1.95579 4.86898 4.19101 2.87393 2.48429 1.13417 0.866834 0.78518 0.869335 0.477054 0.65991 0.474274 0.457979 0.814901 0.400603 0.223954 4.8231e-06 8.57244e-09
threshold=17.322752000000005 108.65007500000002 26.854381500000006 96.565635000000015 94.430345000000017 40.61615050000001 33.91536150000001 104.58338000000002 103.46550000000001 21.706195000000005 24.373750000000005 29.485594500000001 31.078967000000002 1.0000000180025095e-35 20.458539500000004 22.794297500000003 28.035833500000006 14.589744500000002 11.294609000000001 7.1081155000000011
decision_type=2 2 2 2 2 2 2 2 2 2 2 2 2 2 2 2 2 2 2 2
left_child=1 7 3 4 -2 6 11 13 9 -5 -11 16 -13 -1 -10 -16 -4 18 19 -15
right_child=2 -3 5 8 -6 -7 -8 -9 14 10 -12 12 -14 17 15 -17 -18 -19 -20 -21
leaf_value=-0.032263370015485918 -0.027067405628420162 0.0054952190840009676 0.00082893976076581482 -0.0066149373625702034 -0.007560298844566069 -0.0083540088895754493 0.010854067690670337 -0.022832228005831501 0.0034238967594098415 -0.00070353542882849336 -0.0049407861219731598 -0.0041810958796087367 0.0026087237659112895 -0.050252475875315422 -0.00070353542882849336 0.0040503234679601608 0.0059689557159814648 -0.039410793978629483 -0.050323422045003834 -0.05025644540806834
leaf_weight=3.721788116265091 36.369862822815776 10.323610349558292 75.697885096073151 86.433027479797602 35.852882130071521 56.854630205780268 92.090914828702807 12.264126976486294 128.25212483480573 140.84780806303024 123.67448534816504 68.214815441519022 75.274903340265155 2.5874819839373249 118.40611395984888 91.18179271928966 75.932478856295347 8.8180369380861503 4.7638206207193434 2.8671948881819844
leaf_count=496 728 371 594 846 291 435 973 840 687 626 612 668 871 519 588 960 704 775 748 566
internal_value=-0.0014132 -0.0258497 -0.000493673 -0.00203236 -0.0143833 0.00214325 0.00368457 -0.0350893 -0.000737315 -0.00247761 -0.00112573 0.00144736 -0.000619147 -0.0416945 0.00107054 -0.000369541 0.00340292 -0.0452488 -0.0502867 -0.0502546
internal_weight=1250.43 45.3461 1205.08 761.018 72.2227 444.066 387.211 35.0224 688.795 350.955 264.522 295.12 143.49 22.7583 337.84 209.588 151.63 19.0365 10.2185 5.45468
internal_count=13898 4315 9583 5338 1019 4245 3810 3944 4319 2084 1238 2837 1539 3104 2235 1548 1298 2608 1833 1085
is_linear=0
shrinkage=0.05


Tree=92
num_leaves=27
num_cat=0
split_feature=1 0 1 0 1 1 1 0 0 1 0 0 1 1 1 1 1 1 1 1 1 0 1 1 1 1
split_gain=9.84921 12.2337 3.62558 3.12197 2.87376 10.8604 1.76919 2.06446 1.49758 1.09634 2.81997 1.17024 1.03772 2.32115 1.02634 0.703148 0.382299 1.53163 3.94328 0.375814 0.299898 0.470987 0.296674 0.290075 0.0787291 0.000356081
threshold=20.682076000000006 103.31033000000001 19.557639500000004 109.53526500000001 31.078967000000002 41.300507000000003 35.482836500000012 98.450310000000016 94.60770500000001 22.097619500000004 104.81903500000001 107.04031500000001 19.170901000000004 18.351030500000004 23.583983500000006 24.858475000000002 19.077816000000002 18.351030500000004 17.191724000000004 28.680048500000002 3.2646415000000002 97.808245000000014 26.854381500000006 16.841387000000005 13.725520000000001 16.497425000000003
decision_type=2 2 2 2 2 2 2 2 2 2 2 2 2 2 2 2 2 2 2 2 2 2 2 2 2 2
left_child=1 2 12 16 8 6 7 -6 -2 -10 14 -12 13 20 -11 -16 17 18 -3 22 -1 25 -17 24 -23 -22
right_child=4 3 -4 -5 5 -7 -8 -9 9 10 11 -13 -14 -15 15 19 -18 -19 -20 -21 21 23 -24 -25 -26 -27
leaf_value=-0.027832097991515495 -0.0061216461393887433 -0.013739596589991368 -0.013739596589991368 0.01132252274002004 0.0026901251896194844 -0.013195982020192787 0.019017189739512289 0.016989373055049963 0.0057031614884922414 -0.0022834052190200938 0.0037940263373803435 0.014917506575110951 -0.054214452570412422 -0.013739596589991368 0.0037940263373803435 -0.00092388552678488746 -0.0024795173477963521 -0.013739596589991368 0.0031194463892724135 -0.0022834052190200938 -0.050301443840350402 -0.043227108368964554 0.0028323239659969277 -0.028126798123265819 -0.035530941970226583 -0.05092516391006964
leaf_weight=4.4416517256759134 69.803883169777691 16.743474429473281 30.925791125744581 36.934717087075114 58.418435662984848 50.46540616825223 73.721629310399294 44.446371175348759 129.99920549988747 98.158001989126205 53.923896312713623 40.680664217099547 6.2448230106383553 9.4921381724998337 89.610316440463066 122.76889605075121 68.933265224099159 23.844035245478153 25.406537910923362 80.252704236656427 5.5349721959792095 3.4635359277017397 91.931588459759951 6.2551886234432459 3.3265224122442305 3.9010678930208087
leaf_count=674 696 1246 346 408 403 392 713 816 700 466 662 687 126 239 426 675 319 133 224 693 982 648 591 187 370 244
internal_value=0.000116512 -0.00886205 -0.0259214 -0.0015578 0.0023111 0.0072596 0.0131055 0.00886862 0.000865313 0.00155484 0.000620738 0.00851431 -0.0353832 -0.0321538 -0.000926258 0.000713936 -0.00508363 -0.00780372 -0.00165611 -0.000487216 -0.0397044 -0.04205 0.000684468 -0.0358949 -0.0430511 -0.0505593
internal_weight=1249.63 245.448 73.5857 171.862 1004.18 227.052 176.586 102.865 777.129 707.325 577.326 94.6046 42.6599 36.4151 482.722 384.564 134.927 65.994 42.15 294.953 26.9229 22.4813 214.7 13.0452 6.79006 9.43604
internal_count=14066 6146 3816 2330 7920 2324 1932 1219 5596 4900 4200 1349 3470 3344 2851 2385 1922 1603 1470 1959 3105 2431 1266 1205 1018 1226
is_linear=0
shrinkage=0.05


Tree=93
num_leaves=22
num_cat=0
split_feature=1 1 1 0 0 1 1 1 1 1 1 1 0 1 1 1 1 0 1 1 1
split_gain=8.83409 8.29851 2.28982 4.92076 4.40507 3.58035 1.83236 0.826171 1.17461 0.661381 0.810008 0.508935 0.439086 0.464268 0.370075 0.258086 0.43321 0.249437 0.150879 7.4306e-06 3.1767e-07
threshold=17.435072000000002 15.145972500000001 28.912007000000006 95.545435000000012 93.376995000000008 40.61615050000001 33.91536150000001 26.155499500000001 27.619730000000004 24.657355000000003 19.385593500000002 -1.0470689999999998 101.84313000000002 22.612800500000002 11.294609000000001 30.066889500000006 31.253160000000005 106.95713000000002 13.406494000000002 5.9299395000000006 9.369582000000003
decision_type=2 2 2 2 2 2 2 2 2 2 2 2 2 2 2 2 2 2 2 2 2
left_child=1 11 3 4 -2 6 15 9 -9 10 -5 -1 -12 -14 19 -4 -17 18 -16 -13 -21
right_child=2 -3 5 7 -6 -7 -8 8 -10 -11 12 14 13 -15 17 16 -18 -19 -20 20 -22
leaf_value=-0.02368067192187499 -0.025397176425932023 0.0021708962408562688 0.0066398067732995952 -0.0037778608882596092 -0.0060879690872717752 -0.0071921609645812365 0.012654043257546911 0.0079301959038577917 -0.0012336881904009387 -0.0038392890823960562 -0.00078711996435109526 -0.05038713968402804 0.0039754270358296293 0.00084053889799165721 -0.035696720057898361 -0.0013780949610524415 0.0049267117828081207 -0.027983484482109452 -0.05035526791509809 -0.050467599360595278 -0.050488722990028795
leaf_weight=3.7389004714787033 38.594712495803833 20.190239433664829 52.125949339941144 94.297433437779546 39.662682166323066 55.476429544389248 88.135786950588226 80.225421417504549 61.98679687641561 108.24581544473767 160.35167758539319 3.3041477433871496 196.98603693395853 95.628005541861057 3.4166348930448276 45.605614522472024 67.676382346078753 4.3407633053138852 3.6104774889536202 3.6658975053578615 3.4594157659448683
leaf_count=485 740 986 538 797 300 429 957 654 569 741 939 564 953 653 546 449 799 231 548 558 500
internal_value=-0.000219181 -0.021784 0.000612957 -0.000692488 -0.0126572 0.0043135 0.00683099 0.000481264 0.00393588 -0.000268213 0.000438127 -0.0407239 0.0013158 0.0024682 -0.0436474 0.00372823 0.00238849 -0.0374071 -0.0432282 -0.0504491 -0.0504779
internal_weight=1230.73 45.7265 1185 875.979 78.2574 309.02 253.544 797.721 142.212 655.509 547.263 25.5362 452.966 292.614 21.7973 165.408 113.282 11.3679 7.02711 10.4295 7.12531
internal_count=13936 4418 9518 6346 1040 3172 2743 5306 1223 4083 3342 3432 2545 1606 2947 1786 1248 1325 1094 1622 1058
is_linear=0
shrinkage=0.05


Tree=94
num_leaves=22
num_cat=0
split_feature=1 0 0 1 1 1 1 0 1 0 1 1 1 1 1 1 1 0 1 1 1
split_gain=12.6986 11.5294 3.02487 2.70727 6.0947 2.95581 2.16181 1.57549 1.53308 1.30892 0.726122 0.750453 0.648208 0.426726 0.419347 0.40028 0.3487 0.230126 0.0144947 0.00147479 0.000773463
threshold=19.557639500000004 100.76320500000001 110.08070000000002 26.155499500000001 40.61615050000001 34.688604000000005 17.070639500000002 99.446175000000025 13.120537000000002 97.705770000000015 21.163659000000006 22.184146000000002 29.239180500000003 7.8735945000000012 31.253160000000005 24.657355000000003 29.586957000000002 98.536940000000016 27.420587000000001 23.338152500000003 17.542188000000003
decision_type=2 2 2 2 2 2 2 2 2 2 2 2 2 2 2 2 2 2 2 2 2
left_child=1 13 6 9 5 7 8 16 -3 -2 -11 -12 18 -1 -14 19 -5 20 -9 -13 -15
right_child=3 2 -4 4 -6 -7 -8 12 -10 10 11 15 14 17 -16 -17 -18 -19 -20 -21 -22
leaf_value=-0.030159422902370628 -0.0055614064871636025 -0.024980576965191733 0.009960403750270198 0.0045150501468114229 -0.010189408829420009 0.01625443176027222 -0.0066385927448391752 0.012861538919720975 -0.007430531924736335 0.0045803053016320377 -0.0021498286672247276 0.0026643123445339277 0.0060136806411797044 -0.05041781735122515 0.012219777828942978 -0.0012301832345861668 0.00037219757554213413 -0.040074686014761884 0.01156666157820912 0.0029372447706010685 -0.051208023254774693
leaf_weight=4.9650531252846148 81.639729235321283 8.3075789124704915 22.584838781505823 110.56755705922842 55.704770192503929 77.137813653796911 83.756108123809099 42.057121904566884 12.450432538054882 124.30316027253866 93.931895278394222 95.254439353942871 31.317698247730732 6.3715763934887963 27.891607059165835 88.990637041628361 93.949467681348324 8.3788436609320325 44.456868384033442 103.02960686013103 6.0249137422069907
leaf_count=888 869 1095 291 583 426 813 665 460 814 686 468 495 512 960 577 648 637 456 575 625 293
internal_value=0.000668763 -0.0128129 -0.00663284 0.00259407 0.0053665 0.00739407 -0.0102185 0.00544264 -0.0246632 0.000313029 0.00126175 0.00017964 0.00941542 -0.0433283 0.00601368 0.00155578 0.00261194 -0.0464755 0.0121961 0.00280613 -0.0508019
internal_weight=1223.07 152.839 127.099 1070.23 483.083 427.378 104.514 350.24 20.758 587.149 505.51 381.207 145.723 25.7404 59.2093 287.275 204.517 20.7753 86.514 198.284 12.3965
internal_count=13836 5462 2865 8374 4583 4157 2574 3344 1909 3791 2922 2236 2124 2597 1089 1768 1220 1709 1035 1120 1253
is_linear=0
shrinkage=0.05


Tree=95
num_leaves=17
num_cat=0
split_feature=0 0 1 0 1 0 1 1 1 1 1 1 1 1 1 1
split_gain=9.34751 15.6853 6.31912 3.95312 4.16599 0.969092 0.719422 1.07057 0.564072 0.676616 1.16836 0.656114 0.336974 0.616746 0.262288 0.126823
threshold=90.008635000000012 85.191185000000019 18.240351000000004 108.31175500000002 23.161274500000001 110.79992500000002 25.330475000000003 26.155499500000001 27.318099500000006 31.078967000000002 38.800013000000007 29.485594500000001 19.969917000000006 21.526355500000005 24.121139500000002 32.926084500000009
decision_type=2 2 2 2 2 2 2 2 2 2 2 2 2 2 2 2
left_child=1 -1 5 4 12 -2 14 -8 -9 11 15 -10 -4 -14 -6 -11
right_child=2 -3 3 -5 6 -7 7 8 9 10 -12 -13 13 -15 -16 -17
leaf_value=-0.050901149063187906 -0.01133529478787984 -0.01133529478787984 -0.0012893552134630143 0.012607496646575745 0.0032197115422777619 0.0059968811617063852 -0.0043825373885456433 0.0064955920314924021 0.0016829992411659589 0.0065042288629272964 -0.0018812784380994483 -0.0047132276496689614 -0.0077811233101252823 -0.0028673709341348066 0.0065042288629272964 0.0045790753616157661
leaf_weight=28.924067792948335 61.141880739945918 16.421678395010531 78.022257816977799 70.846155906096101 90.838900279253721 10.43569786287844 65.002386119216681 73.294564429670572 114.84201307594776 47.107162794098258 63.244682170450687 61.598250459879637 114.37991317175329 144.5755467005074 100.89898188412189 86.187852183356881
leaf_count=847 3958 534 725 772 497 197 419 522 942 545 432 562 698 768 604 944
internal_value=-0.000623437 -0.0229015 0.000230929 0.00117946 0.000400961 -0.0113353 0.00259191 0.00161241 0.0024856 0.0016976 0.00371537 -0.000550031 -0.00416987 -0.00503776 0.00520379 0.00637082
internal_weight=1227.76 45.3457 1182.42 1110.84 1039.99 71.5776 703.015 511.277 446.275 372.98 196.54 176.44 336.978 258.955 191.738 133.295
internal_count=13966 1381 12585 8430 7658 4155 5467 4366 3947 3425 1921 1504 2191 1466 1101 1489
is_linear=0
shrinkage=0.05


Tree=96
num_leaves=24
num_cat=0
split_feature=1 1 0 1 0 1 0 1 1 0 1 1 1 1 1 1 1 1 0 1 1 1 1
split_gain=5.84091 15.1537 5.92817 5.45913 7.82503 1.86893 2.41269 1.59362 0.761025 0.730117 0.461103 0.664983 0.457947 0.427811 1.2311 2.00637 0.289013 0.539711 0.89924 0.360299 0.173914 0.533253 3.09933e-08
threshold=41.300507000000003 37.070985 110.08070000000002 18.682885500000001 104.33142000000001 22.794297500000003 103.41564000000001 21.163659000000006 24.454294000000001 104.26212000000002 16.841387000000005 -1.0470689999999998 24.858475000000002 17.864685000000005 17.070639500000002 14.430641500000002 29.124218000000003 30.798634000000003 96.436265000000006 27.082220500000002 14.744388500000001 11.294609000000001 6.7235870000000011
decision_type=2 2 2 2 2 2 2 2 2 2 2 2 2 2 2 2 2 2 2 2 2 2 2
left_child=1 2 3 4 10 7 8 9 -7 -5 11 -1 -8 14 15 -6 19 -18 -19 -10 21 22 -13
right_child=-2 -3 -4 5 13 6 12 -9 16 -11 -12 20 -14 -15 -16 -17 17 18 -20 -21 -22 -23 -24
leaf_value=-0.017260712455053548 -0.017134267207759797 0.028488252874002529 0.017265948464087133 -0.0038792285519425986 -0.016743085303154291 -0.0039952315836074724 0.0037047471918817444 -0.0072402063331323558 0.0011402194156391466 0.0028388714758590897 -0.026569993158190881 -0.050218251022214083 0.0079991269340318732 -0.0062460789300104198 0.0079991269340318732 0.0079991269340318732 0.0037047471918817444 -0.0046555023039304587 0.0037047471918817444 -0.002549272003457215 -0.050555798613484054 -0.025550292104748393 -0.050210183311645507
leaf_weight=3.022884259931744 48.130211640149355 46.88641607388854 44.946778323501348 71.684599469415843 7.0147580020129698 106.32653049007058 57.950399149209261 148.01171023305506 167.49904289841652 92.795456424355507 15.51584634836763 2.2329099308699352 63.142360398545861 19.749339073896408 12.244231058284639 6.8451520293019712 60.51896608620882 56.983318917453289 64.274781789630651 109.38435814902186 5.0370595254935333 4.0452035893686116 2.549844087800011
leaf_count=451 372 433 565 837 730 577 458 879 906 413 538 522 1436 116 129 293 463 362 751 677 573 759 614
internal_value=-6.41071e-05 0.000638911 -0.000525097 -0.00126769 -0.0139847 -0.000271071 0.00118878 -0.00347619 -0.000183914 -8.90477e-05 -0.0327926 -0.0385096 0.00759341 -0.000693583 0.00350721 -0.00812734 0.000699625 0.00224866 -7.7536e-05 -0.000317335 -0.0431424 -0.0389124 -0.0502139
internal_weight=1216.79 1168.66 1121.78 1076.83 78.2572 998.572 686.08 312.492 564.987 164.48 32.4037 16.8879 121.093 45.8535 26.1041 13.8599 458.66 181.777 121.258 276.883 13.865 8.82796 4.78275
internal_count=13854 13482 13049 12484 4725 7759 5630 2129 3736 1250 3457 2919 1894 1268 1152 1023 3159 1576 1113 1583 2468 1895 1136
is_linear=0
shrinkage=0.05


Tree=97
num_leaves=20
num_cat=0
split_feature=1 0 1 1 1 1 1 1 1 1 1 1 1 1 1 1 1 1 1
split_gain=4.26741 8.13688 2.09325 2.07645 1.90882 1.86422 3.33928 3.79867 1.51822 0.868539 7.25494 0.469276 0.740522 0.432823 0.355091 0.488744 0.257204 0.752084 0.241953
threshold=19.465683500000004 100.76320500000001 25.859904500000003 26.757239000000002 28.035833500000006 29.485594500000001 41.300507000000003 36.669844000000005 31.078967000000002 16.841387000000005 15.145972500000001 21.163659000000006 22.184146000000002 14.744388500000001 24.657355000000003 23.338152500000003 -1.0470689999999998 11.294609000000001 32.765833500000006
decision_type=2 2 2 2 2 2 2 2 2 2 2 2 2 2 2 2 2 2 2
left_child=1 13 11 -4 -5 -6 7 8 -7 10 -3 -2 -13 16 15 -14 -1 -18 -10
right_child=2 9 3 4 5 6 -8 -9 18 -11 -12 12 14 -15 -16 -17 17 -19 -20
leaf_value=-0.020005261821946171 0.00052552166536163551 -0.020005261821946171 0.01079548703147217 -0.0060456474328277436 0.0096089985345080269 -0.0063249356976375418 -0.011170686146389358 0.015535145323164724 0.0061541476064997528 -0.0020004606760553214 0.028970498813834317 -0.0066151724970553438 -0.0031168360945171164 -0.041258415701865593 -0.0041605417483403778 0.0014201299630372864 -0.050200109593842857 -0.020005261821946171 0.0015042108409293851
leaf_weight=2.6875800928100944 137.34825369622558 14.210838277824225 64.082243278622627 75.94975358247757 76.375043880194426 63.13092690333724 48.248997576534748 49.724982190877199 45.123597338795662 102.04096437804401 8.0289750252850336 99.604331599548459 109.51815665978938 14.789398473221807 103.74282917007804 129.60765397548676 3.2579944301396626 2.7231471538543701 73.614591622725129
leaf_count=410 940 1597 479 617 712 632 373 471 547 805 401 588 675 896 722 828 827 541 885
internal_value=-0.00108144 -0.00904979 1.25685e-05 0.0023963 0.00115086 0.00268523 0.00079559 0.00328858 -5.97678e-05 -0.00395184 -0.0129052 -0.00202759 -0.0028201 -0.0360587 -0.00171762 -0.000657773 -0.0271876 -0.0335061 0.00327131
internal_weight=1223.81 147.739 1076.07 496.25 432.168 356.218 279.843 231.594 181.869 124.281 22.2398 579.821 442.473 23.4581 342.869 239.126 8.66872 5.98114 118.738
internal_count=13946 5477 8469 4716 4237 3620 2908 2535 2064 2803 1998 3753 2813 2674 2225 1503 1778 1368 1432
is_linear=0
shrinkage=0.05


Tree=98
num_leaves=20
num_cat=0
split_feature=1 1 0 0 1 1 0 1 1 1 1 1 1 1 1 1 1 1 1
split_gain=6.6618 9.11801 3.15915 2.73168 1.67924 3.63957 1.41695 1.20158 0.950708 0.811211 1.16294 0.424689 0.726418 0.579714 0.358486 0.235338 0.278481 5.80478e-06 1.53494e-06
threshold=19.969917000000006 15.145972500000001 103.17985500000002 100.76320500000001 36.069474500000005 28.035833500000006 96.436265000000006 26.053299000000006 33.341251000000007 29.485594500000001 31.078967000000002 -1.0470689999999998 11.294609000000001 13.2544795 21.355253000000001 24.373750000000005 22.954624000000003 9.115689500000002 5.9299395000000006
decision_type=2 2 2 2 2 2 2 2 2 2 2 2 2 2 2 2 2 2 2
left_child=1 11 3 -3 5 6 -2 14 9 -7 -11 -1 17 -14 -8 16 -16 18 -13
right_child=4 2 -4 -5 -6 8 7 -9 -10 10 -12 12 13 -15 15 -17 -18 -19 -20
leaf_value=-0.02109726736109116 -0.0047725227370316349 -0.031577336605953785 0.00025221085506864512 -0.0083453708203745543 -0.0032398743316740517 0.011023702005133237 0.00073063046996164579 -0.0012761597549602913 0.014849325746911468 3.4978824173169757e-05 0.0095996257552001026 -0.050361374800533654 -0.017848494240412342 -0.041760394956854387 0.0032899392611628591 0.0020743538377031136 0.006466534634960653 -0.050468959526785311 -0.050412996564499483
leaf_weight=3.4144651894457665 82.368696168996394 17.347417640965432 121.03629187913612 16.928366365842521 110.9005604814738 76.323973778635263 110.45234451815486 95.578782135620713 46.774519953876734 67.960120590403676 59.696635108441114 2.9172239976469445 4.5862783412449044 5.666259917197749 150.59319994598627 117.27075072005391 127.330387275666 3.4373013356234878 2.8437399307731539
leaf_count=495 835 909 1021 350 980 717 618 832 579 676 710 573 610 724 768 793 732 552 512
internal_value=0.00105387 -0.00788248 -0.00354259 -0.016943 0.0025772 0.00326764 0.00137762 0.0022202 0.0084201 0.00694583 0.00450773 -0.0373612 -0.0402162 -0.0310639 0.00324889 0.00395271 0.00474529 -0.0504175 -0.0503869
internal_weight=1223.43 178.177 155.312 34.2758 1045.25 934.349 683.594 601.225 250.755 203.981 127.657 22.8653 19.4508 10.2525 505.647 395.194 277.924 9.19827 5.76096
internal_count=13986 5746 2280 1259 8240 7260 4578 3743 2682 2103 1386 3466 2971 1334 2911 2293 1500 1637 1085
is_linear=0
shrinkage=0.05


Tree=99
num_leaves=18
num_cat=0
split_feature=1 0 0 1 1 0 1 1 1 1 1 1 1 1 1 0 1
split_gain=6.44688 7.60686 1.67513 3.61691 2.58752 1.69136 1.61672 1.03427 0.555281 1.33188 0.499961 0.40254 0.145137 0.126747 0.290382 0.0991543 1.96039e-05
threshold=17.542188000000003 106.50353000000003 101.84313000000002 22.954624000000003 28.035833500000006 99.016025000000027 20.365479500000003 30.927838000000005 26.425458000000003 31.078967000000002 1.0000000180025095e-35 16.364561000000005 28.344123000000003 11.506196500000003 8.8289255000000022 96.75190000000002 15.011641000000003
decision_type=2 2 2 2 2 2 2 2 2 2 2 2 2 2 2 2 2
left_child=1 10 3 5 6 -2 -4 -6 -5 12 -1 13 -10 14 -12 -11 -15
right_child=2 -3 4 8 7 -7 -8 -9 9 15 11 -13 -14 16 -16 -17 -18
leaf_value=-0.020403637427778176 -0.018856340330851606 0.0033770025547558476 0.0053631649928744191 -0.00013355617130378258 0.018605273545207808 -0.0057049482106608989 -0.00013355617130378258 0.005606944303402207 -0.0037687658440692124 -0.0022657324284765948 -0.050191070222874092 -0.032288112883523075 -0.0065520516403723937 -0.050271069494691116 -0.025739919922564802 -0.00013355617130378258 -0.050430417971958588
leaf_weight=3.3428782992996302 38.728050457313657 19.615189377684146 138.65441735088825 187.68427933380008 27.369293624535203 66.299082400277257 306.99299582652748 34.714685935527086 92.418989911675453 109.32668814063072 2.992000788915905 7.9275955953635266 94.968883477151394 5.1975472760386747 2.0436394934076816 74.55365226790309 3.0703001315705478
leaf_count=540 867 805 806 988 605 494 2256 839 494 739 800 429 631 991 514 724 429
internal_value=-0.00109497 -0.0198427 -0.000387932 -0.00204113 0.00177401 -0.0105544 0.000441752 0.0113372 -0.000441475 -0.00210379 -0.0383769 -0.0412068 -0.00517935 -0.0465215 -0.0402679 -0.000133556 -0.0503302
internal_weight=1215.9 44.1892 1171.71 663.98 507.731 105.027 445.647 62.084 558.952 371.268 24.574 21.2311 187.388 13.3035 5.03564 183.88 8.26785
internal_count=13951 4508 9443 4937 4506 1361 3062 1444 3576 2588 3703 3163 1125 2734 1314 1463 1420
is_linear=0
shrinkage=0.05


Tree=100
num_leaves=23
num_cat=0
split_feature=1 1 0 1 1 0 1 0 1 1 1 1 0 1 1 1 1 1 1 1 0 1
split_gain=4.43722 7.95401 6.98711 5.24485 2.5593 2.87224 1.03363 4.0839 1.01055 1.50127 1.10278 0.825748 0.768588 0.666779 1.64363 0.556175 0.544985 0.934972 0.771963 0.305152 0.213109 0.0331654
threshold=41.300507000000003 32.199767000000008 92.706595000000007 28.344123000000003 18.682885500000001 111.07026500000002 37.070985 96.320395000000005 22.270995500000001 29.709762000000001 21.446952500000005 24.195836000000003 103.84239500000001 17.741842000000002 16.211084000000003 18.682885500000001 28.035833500000006 25.330475000000003 23.338152500000003 24.283802500000004 104.88120500000001 26.757239000000002
decision_type=2 2 2 2 2 2 2 2 2 2 2 2 2 2 2 2 2 2 2 2 2 2
left_child=1 2 3 11 5 12 7 -3 10 16 20 15 -4 14 -14 -1 17 18 -10 -20 -6 -19
right_child=-2 6 4 -5 8 -7 -8 -9 9 -11 -12 -13 13 -15 -16 -17 -18 21 19 -21 -22 -23
leaf_value=-0.031069423249057759 -0.015355131435792917 -0.003284210077642841 -0.010515869059033541 -0.010515869059033541 -0.0018876967040170408 0.01287739638323626 0.017462994293554659 0.017895471662894548 -8.2120126287505227e-05 -0.0050998064247186701 -0.0069916616162360142 -0.027295368096288814 -0.0072809434945999077 -0.0072809434945999077 0.0011807636621013592 -0.051958628280199252 0.0062465438708628048 -0.00048562738523637793 0.0074084222181238849 0.0032862956299102805 0.0013005188950338275 -0.0018494372586812036
leaf_weight=5.1873534631449756 48.339477624744177 41.605435945093632 21.957936180755496 15.349635124206541 99.232409834861755 13.708555594086645 46.318276392295957 50.248643800616264 95.517328392714262 76.966442964971066 83.624799832701683 16.886988699436188 10.376637739362197 27.403691694140434 15.435335354879497 8.2609190158545953 77.468443386256695 106.74856057204306 95.840740218758583 84.463704954832792 111.09170104563236 76.540754755958915
leaf_count=953 379 268 2363 114 859 201 436 835 528 854 445 194 1050 160 252 355 759 757 567 542 501 598
internal_value=-0.000507465 0.000100659 -0.001394 -0.0205144 -0.000517312 -0.00861448 0.011373 0.0083021 0.000275744 0.00143063 -0.00213479 -0.0346571 -0.0105159 -0.00404602 0.00118076 -0.0439011 0.00236735 0.00171279 0.00355214 0.00547741 -0.000203704 -0.00105515
internal_weight=1228.57 1180.23 1042.06 45.6849 996.377 88.8822 138.172 91.8541 907.495 613.546 293.949 30.3353 75.1736 53.2157 25.812 13.4483 536.58 459.111 275.822 180.304 210.324 183.289
internal_count=13970 13591 12052 1616 10436 4026 1539 1103 6410 4605 1805 1502 3825 1462 1302 1308 3751 2992 1637 1109 1360 1355
is_linear=0
shrinkage=0.05


Tree=101
num_leaves=22
num_cat=0
split_feature=1 0 1 1 1 0 0 1 0 1 1 1 1 1 1 0 1 1 1 1 1
split_gain=8.6407 6.49384 3.48493 2.2733 2.59248 2.74252 2.08267 1.63692 8.26828 1.14192 1.97298 1.61535 1.04924 0.635847 0.353524 0.304374 0.261988 0.444363 0.379614 0.198599 5.19764e-06
threshold=18.776802500000002 111.36509500000001 14.281418 24.121139500000002 40.61615050000001 103.62090500000001 106.57971000000002 18.351030500000004 104.26212000000002 31.253160000000005 27.619730000000004 25.859904500000003 29.009601000000004 -1.0470689999999998 11.294609000000001 101.38876500000002 21.826665500000001 23.250302500000004 20.365479500000003 35.746358500000007 8.4871610000000022
decision_type=2 2 2 2 2 2 2 2 2 2 2 2 2 2 2 2 2 2 2 2 2
left_child=1 2 13 16 5 9 -7 8 15 10 11 -5 -12 -1 20 -4 18 -18 -2 -11 -15
right_child=3 -3 7 4 -6 6 -8 -9 -10 19 12 -13 -14 14 -16 -17 17 -19 -20 -21 -22
leaf_value=-0.018219767951699637 -0.00017036442109570805 0.022405419664573309 -0.045168919871045196 0.00066833976459410483 -0.006540117129027169 0.00814208099458354 0.025347443236337808 -0.025133742335981809 0.0020497287327198273 0.0052789210953692219 -0.0069308920741151213 0.00814208099458354 0.0012844894026757642 -0.050319499550726177 -0.03432262120949562 -0.031210490775449136 0.0018184740676715626 -0.002684229799587527 -0.0042052867603333344 0.00814208099458354 -0.05040194709855126
leaf_weight=3.1128602828830489 107.72671530861408 11.004662645980714 8.684165182290597 119.67869241908193 59.686465885490179 52.690098753198981 24.237116947770119 21.301854692399502 35.0037786597386 87.614894215017557 74.934269327670336 101.12645114958286 80.742937821894884 4.2392180559691042 6.1970563312061131 7.0973331700079134 137.51406321302056 91.088918704539537 127.0299461549148 54.958618488162756 3.4814462263602763
leaf_count=487 864 148 789 631 453 989 752 216 573 853 476 584 624 933 956 328 825 558 800 475 636
internal_value=0.000241198 -0.0138313 -0.018306 0.0015003 0.0033948 0.00438976 0.0132002 -0.0135001 -0.00862038 0.00308401 0.0016408 0.00468005 -0.00266993 -0.0386482 -0.0432173 -0.0388915 -0.00118048 2.43311e-05 -0.00235371 0.00689497 -0.0503567
internal_weight=1219.15 100.122 89.1177 1119.03 655.67 595.983 76.9272 72.0871 50.7853 519.056 376.482 220.805 155.677 17.0306 13.9177 15.7815 463.36 228.603 234.757 142.574 7.72066
internal_count=13950 5066 4918 8884 5837 5384 1741 1906 1690 3643 2315 1215 1100 3012 2525 1117 3047 1383 1664 1328 1569
is_linear=0
shrinkage=0.05


Tree=102
num_leaves=23
num_cat=0
split_feature=1 0 1 1 1 1 1 1 1 0 1 1 0 1 1 1 0 0 1 1 1 1
split_gain=6.37512 5.30658 2.35228 1.28119 1.13 0.793129 1.72601 1.74543 1.17463 1.01801 1.11163 1.41559 1.13515 0.631494 8.20487 0.427756 0.365918 0.361735 0.20369 0.109765 0.00011453 5.32245e-05
threshold=18.973988500000001 103.89934500000001 22.500583500000001 21.163659000000006 18.107568000000004 39.85634000000001 33.91536150000001 29.485594500000001 31.078967000000002 95.545435000000012 25.684316000000003 23.839913000000003 100.70855500000002 17.634273500000003 16.211084000000003 1.7898895000000004 104.88120500000001 96.565635000000015 14.744388500000001 27.082220500000002 11.506196500000003 15.430146500000001
decision_type=2 2 2 2 2 2 2 2 2 2 2 2 2 2 2 2 2 2 2 2 2 2
left_child=1 4 3 16 15 6 7 9 -9 -4 11 -11 -12 14 -3 -1 -2 21 20 -14 -19 -17
right_child=2 13 5 -5 -6 -7 -8 8 -10 10 12 -13 19 -15 -16 17 -18 18 -20 -21 -22 -23
leaf_value=-0.019581705650932996 -0.0024423460063456321 -0.017276935628703773 -0.0023857134439235015 -0.0067016892903484357 -0.017276935628703773 -0.0030099978135920105 0.0095835342865326165 -0.0080533925509030223 0.001296282614113701 0.0064382242786687922 0.0037139877071687326 0.00085875712666303231 0.009589504484722575 -0.0082839494456236167 0.027724323765278686 -0.05018501528126789 0.002285252001035209 -0.025682369823406589 -0.039150480743033067 0.01327517556613695 -0.025149540422223261 -0.050504667665087537
leaf_weight=3.2569727594964268 78.615701171569526 13.404975102748724 69.525936941616237 124.93408654071391 9.1854982301592809 63.308286380022764 83.745672894641757 63.587015941739082 71.216282000765204 126.12891454994678 109.56506438553333 145.95151997357607 38.557535700500011 49.458996295928955 14.831453045830129 2.7343966627959189 85.383964568376541 2.0414302900899193 8.1689977161586267 42.431619860231876 1.9932146333158014 2.4863981457892805
leaf_count=603 810 1213 575 757 249 490 943 634 863 687 541 936 450 268 244 768 379 593 531 685 430 294
internal_value=-0.000144404 -0.0117636 0.00098873 -0.002887 -0.0296759 0.00236441 0.00281764 0.0019681 -0.00311398 0.00325546 0.00410323 0.0020521 0.0070319 -0.00487799 0.00108789 -0.0362139 1.90069e-05 -0.0393228 -0.0346108 0.0115205 -0.0254191 -0.0503372
internal_weight=1210.51 107.562 1102.95 288.934 29.8669 814.018 750.71 666.964 134.803 532.161 462.635 272.08 190.554 77.6954 28.2364 20.6814 164 17.4244 12.2036 80.9892 4.03464 5.22079
internal_count=13943 5193 8750 1946 3468 6804 6314 5371 1497 3874 3299 1623 1676 1725 1457 3219 1189 2616 1554 1135 1023 1062
is_linear=0
shrinkage=0.05


Tree=103
num_leaves=23
num_cat=0
split_feature=1 1 0 1 1 1 1 0 0 1 0 1 1 0 1 1 1 1 1 1 1 1
split_gain=5.43526 6.35299 3.7663 1.28089 6.1895 2.11098 4.27918 1.92419 1.85618 1.06216 0.8485 0.780767 0.764274 1.46604 0.952331 0.652179 0.604974 0.433214 0.330657 0.104055 0.0452362 4.78823e-06
threshold=18.240351000000004 14.281418 106.03855000000001 28.912007000000006 41.300507000000003 25.330475000000003 23.933218000000004 99.803720000000013 97.973640000000003 26.155499500000001 103.79232 27.619730000000004 36.669844000000005 100.66532500000001 30.927838000000005 -1.0470689999999998 31.713469500000006 21.355253000000001 11.294609000000001 17.322752000000005 19.865962000000007 6.278925000000001
decision_type=2 2 2 2 2 2 2 2 2 2 2 2 2 2 2 2 2 2 2 2 2 2
left_child=1 15 10 5 12 6 7 8 -2 -7 19 -11 13 16 -15 -1 -5 20 21 -3 -9 -17
right_child=3 2 -4 4 -6 9 -8 17 -10 11 -12 -13 -14 14 -16 18 -18 -19 -20 -21 -22 -23
leaf_value=-0.018418140519735112 -0.015938168658495903 -0.025424988032405244 0.006127952177913394 0.0061886903644219528 -0.012432746599034546 -0.0089456967816779649 0.010072250166760919 0.00018832075150587368 -0.0033179861563966233 0.0013509921097214824 -0.0087657628379358785 -0.0054229965600912713 0.012523398267235673 0.019951542777726344 0.0078434478905185772 -0.050334521353966426 -0.00011722847271741408 0.0027027451461536477 -0.035230715424677574 -0.034787214370240419 -0.0013163185431110372 -0.050415837859125928
leaf_weight=3.1304815136827555 38.162510298192501 5.97665256354958 32.161274194251746 78.149843342602253 48.650087859481573 70.401575591415167 122.88380989991128 93.302328240126371 38.688432101160288 95.801593918353319 7.7033945959992698 76.508741853758693 50.501030657440424 24.797742739319801 31.429856238886714 2.7653790612239373 74.096897222101688 192.39474082738161 6.5347736375406376 5.8953350814990699 107.51562856882811 5.2418788650538772
leaf_count=495 779 778 419 506 377 508 820 601 290 766 250 665 479 475 759 627 610 1010 967 244 538 1010
internal_value=0.000347527 -0.0132379 -0.00439692 0.0011723 0.00393067 0.000156884 0.0017647 -0.00040706 -0.00764316 -0.00377102 -0.0216887 -0.00165677 0.00700464 0.00566777 0.0125672 -0.0391201 0.00311967 0.00100719 -0.0435766 -0.030074 -0.000617246 -0.0503878
internal_weight=1212.69 69.4092 51.7367 1143.28 307.625 835.659 592.947 470.064 76.8509 242.712 19.5754 172.31 258.975 208.474 56.2276 17.6725 152.247 393.213 14.542 11.872 200.818 8.00726
internal_count=13973 4790 1691 9183 3206 5977 4038 3218 1069 1939 1272 1431 2829 2350 1234 3099 1116 2149 2604 1022 1139 1637
is_linear=0
shrinkage=0.05


Tree=104
num_leaves=21
num_cat=0
split_feature=1 0 1 0 0 1 0 1 0 1 1 1 1 1 1 1 1 1 1 1
split_gain=5.87851 4.45065 4.91375 3.44911 2.40566 1.30389 2.24286 1.26635 1.57747 0.984813 0.95438 1.72919 0.234639 1.25257 0.993578 1.13946 0.545466 0.228659 0.0068338 2.31526e-06
threshold=21.826665500000001 111.07026500000002 17.542188000000003 106.37188000000002 108.00161000000001 13.120537000000002 104.33142000000001 31.253160000000005 98.536940000000016 -2.1947644999999993 20.249596500000003 19.465683500000004 27.619730000000004 29.485594500000001 25.859904500000003 24.657355000000003 23.491188000000005 11.294609000000001 16.603204000000002 5.9299395000000006
decision_type=2 2 2 2 2 2 2 2 2 2 2 2 2 2 2 2 2 2 2 2
left_child=1 2 5 7 -5 9 18 12 -9 -1 11 -4 14 -14 15 16 -2 19 -7 -11
right_child=3 -3 10 4 -6 6 -8 8 -10 17 -12 -13 13 -15 -16 -17 -18 -19 -20 -21
leaf_value=-0.0099821167503895657 -0.001105411583230705 0.014198384843592662 -0.0069631022153246198 0.0070170496215029125 0.023588519855436408 -0.039933458104183368 -0.0065224609187905392 0.0007108535191289125 0.0070170496215029125 -0.05025946854067407 -0.0083269868849645597 0.0033139400549377731 0.001842477253536213 -0.0070539957864950813 0.0045638543995553602 -0.0056667576300760102 0.0038500909627489318 -0.033733609784303023 -0.037061919411688175 -0.050320148634319807
leaf_weight=2.4787051980383685 133.92059184703976 25.434892633929849 83.508171352557838 34.808870896697044 30.389135865494609 4.8060322606470454 15.097974385600535 134.32682602852583 71.943790791556239 2.4511991590261442 130.58085669204593 55.487321224063635 98.275008158758283 66.226519180461764 110.68676835671067 90.94570130482316 94.867833638563752 2.9969750891905278 3.6420250539667904 4.3825514649506658
leaf_count=410 752 252 923 523 614 902 570 957 1056 613 846 403 784 592 762 566 539 507 273 992
internal_value=-0.000227614 -0.00589705 -0.0075705 0.00193749 0.0129966 -0.0249598 -0.0180658 0.00103755 0.00441345 -0.038147 -0.00525761 -0.00237405 -0.000132939 -0.00173915 0.000480933 -0.000932509 0.000949403 -0.0452485 -0.0386955 -0.0502984
internal_weight=1197.26 330.867 305.432 866.391 65.198 35.8555 23.546 801.193 206.271 12.3094 269.576 138.995 594.922 164.502 430.421 319.734 228.788 9.83073 8.44806 6.83375
internal_count=13836 6691 6439 7145 1137 4267 1745 6008 2013 2522 2172 1326 3995 1376 2619 1857 1291 2112 1175 1605
is_linear=0
shrinkage=0.05


Tree=105
num_leaves=18
num_cat=0
split_feature=1 1 0 0 0 1 1 1 1 1 1 1 1 1 0 0 1
split_gain=5.60782 6.06599 4.42684 9.82089 2.63266 2.81662 0.486817 1.78812 0.457115 0.361991 0.571195 1.65626 1.11169 0.978277 0.931075 0.30528 0.223013
threshold=41.300507000000003 35.746358500000007 92.706595000000007 87.972925000000018 110.08070000000002 18.682885500000001 21.355253000000001 20.365479500000003 22.097619500000004 22.954624000000003 25.330475000000003 26.155499500000001 27.619730000000004 28.912007000000006 99.151430000000019 101.63080000000001 24.195836000000003
decision_type=2 2 2 2 2 2 2 2 2 2 2 2 2 2 2 2 2
left_child=1 2 3 -1 5 -4 7 -7 -8 -10 16 -12 -13 -14 -15 -16 -11
right_child=-2 -3 4 -5 -6 6 8 -9 9 10 11 12 13 14 15 -17 -18
leaf_value=-0.041726883491316515 -0.015183743405412703 0.017035564538747099 -0.0052245580982762385 -0.0052245580982762385 0.013029336745158838 0.0039368403647514101 0.0062606112832258275 -0.0052245580982762385 -0.0012655896403405327 0.0031502954172329158 -0.0052245580982762385 0.0070629509894288124 -0.0040713156859500249 -0.00042312971950267045 0.0033199106349630714 0.0070629509894288124 0.0064478065451506672
leaf_weight=20.627425703685731 51.147888470441103 61.33831848949194 67.859327216865495 41.328594315098599 48.491153978742659 101.74440988060087 71.174408249557018 77.149182930588722 73.466374188661575 120.31053848564625 64.484939962625504 90.469662055373192 68.468378696590662 88.539281405508518 37.134494557976723 37.745203506201506 89.355834469199181
leaf_count=955 394 626 3814 778 581 752 376 458 396 671 432 685 571 600 406 934 566
internal_value=0.00101872 0.00173333 0.000878765 -0.012104 0.00165488 0.00109657 0.0018858 -0.000455217 0.00245086 0.00204613 0.002454 0.00131493 0.00278572 0.000945968 0.00304808 0.00706295 0.00455563
internal_weight=1210.84 1159.69 1098.35 61.956 1036.39 987.902 920.043 178.894 741.149 669.975 596.508 386.842 322.357 231.887 163.419 74.8797 209.666
internal_count=13995 13601 12975 1733 11242 10661 6847 1210 5637 5261 4865 3628 3196 2511 1940 1340 1237
is_linear=0
shrinkage=0.05


Tree=106
num_leaves=22
num_cat=0
split_feature=1 1 1 1 0 1 1 1 1 1 1 1 1 1 1 0 1 1 0 1 1
split_gain=7.87708 16.5199 3.35537 5.59298 4.74121 0.944403 1.05149 0.885289 0.963569 0.87658 1.77198 0.763194 0.962961 0.546082 0.74386 0.28735 0.249315 0.245965 0.197973 0.188016 4.44943e-06
threshold=42.330055500000007 37.809573000000007 20.060467500000005 14.281418 102.76453000000002 31.078967000000002 32.765833500000006 28.680048500000002 25.127249000000003 21.446952500000005 22.270995500000001 26.053299000000006 27.420587000000001 -1.0470689999999998 11.294609000000001 96.211430000000021 24.018968000000005 29.829712000000004 99.803720000000013 18.444922000000002 6.278925000000001
decision_type=2 2 2 2 2 2 2 2 2 2 2 2 2 2 2 2 2 2 2 2 2
left_child=1 2 3 13 18 7 -7 8 9 -4 -11 -10 -13 -1 20 -8 -12 -9 -5 -6 -15
right_child=-2 -3 5 4 19 6 15 17 11 10 16 12 -14 14 -16 -17 -18 -19 -20 -21 -22
leaf_value=-0.015170023597529614 -0.021245537630327702 0.030508656227596687 0.0027293369796771438 -0.026731057503298045 0.0021898802174663691 0.010538313861130159 -0.0018242513992737402 -0.0022294027036572385 0.0071147341389930221 -0.0086304992486406756 0.00090863906834571888 -0.0025523395262684674 0.0050429027196569279 -0.050305575667085572 -0.026800776238017979 0.0039356375288913696 -0.0022970546207926666 -0.007206731605384752 -0.018596917771007297 -0.0016870726589379049 -0.050388868107637978
leaf_weight=2.8431522725150016 43.972953841090202 43.593722524121404 116.24230108223855 12.215106552699583 52.069112971425056 44.272599015384912 43.152651287615299 49.402641229331493 73.693598311394453 83.535923971794546 165.66145986877382 88.994065338745713 78.579733958467841 2.43529284885153 6.321173989912495 43.461347850039601 95.683585403487086 49.883882306516171 19.298489029053599 78.294052645564079 4.6935493722558022
leaf_count=474 337 383 767 921 875 547 273 520 534 494 1015 714 630 620 983 750 645 487 475 404 995
internal_value=-0.000475296 0.000315926 -0.000869069 -0.00715627 -0.00434576 0.000332126 0.00427 -0.000310795 0.000313901 -0.00102566 -0.00229129 0.00287414 0.00100927 -0.0350794 -0.039288 0.00106596 -0.000265029 -0.00473013 -0.0217498 -0.000138556 -0.0503604
internal_weight=1198.3 1154.33 1110.73 178.17 161.877 932.564 130.887 801.677 702.391 461.123 344.881 241.267 167.574 16.2932 13.45 86.614 261.345 99.2865 31.5136 130.363 7.12884
internal_count=13843 13506 13123 5747 2675 7376 1570 5806 4799 2921 2154 1878 1344 3072 2598 1023 1660 1007 1396 1279 1615
is_linear=0
shrinkage=0.05


Tree=107
num_leaves=26
num_cat=0
split_feature=1 0 1 1 1 1 0 0 0 1 1 1 1 0 1 1 0 1 1 1 1 1 1 1 1
split_gain=6.72932 6.9094 2.32368 4.5407 3.17902 2.03547 1.32716 2.07744 1.31132 0.769511 1.38866 1.06799 0.690379 0.880628 0.507741 0.883706 0.479335 0.478413 0.305821 0.263866 0.223349 0.139267 0.00066649 0.000100728 3.10963e-07
threshold=19.557639500000004 105.82077500000001 29.124218000000003 41.300507000000003 36.669844000000005 17.634273500000003 100.66532500000001 102.47659 105.89164500000001 25.330475000000003 26.854381500000006 21.355253000000001 1.0000000180025095e-35 104.58338000000002 22.612800500000002 24.121139500000002 107.87262000000003 31.883990000000001 17.988684500000002 11.506196500000003 8.1699215000000027 17.191724000000004 16.942525500000006 15.954929500000002 13.987930500000003
decision_type=2 2 2 2 2 2 2 2 2 2 2 2 2 2 2 2 2 2 2 2 2 2 2 2 2
left_child=1 5 8 4 6 12 17 -8 9 11 -11 -2 -1 19 -13 -16 -10 -4 21 20 -14 -3 23 24 -21
right_child=2 18 3 -5 -6 -7 7 -9 16 10 -12 14 13 -15 15 -17 -18 -19 -20 22 -22 -23 -24 -25 -26
leaf_value=-0.014796331666701938 -0.0051847649272638609 -0.0013884268738157208 0.0045050479250852175 -0.009791620070978356 0.018116571911395121 -0.017753880894925644 0.00633191506113202 0.021430338094955679 0.0010510262430368587 -0.0082538113121913316 -0.00055255695462515795 0.00091902474841831111 -0.050133713521202133 -0.016337720880858008 -0.0043445231014794259 0.00091902474841831111 0.0072642084361354475 -0.0012211274652482148 -0.0043747783388723245 -0.050198857932399636 -0.031597471837671462 0.0050803002920951313 -0.051209676244712503 -0.050598176540601364 -0.050225417918460358
leaf_weight=2.8185543876606998 94.510134384967387 16.751163322944194 73.863894753158092 48.100583035498857 51.030374957248569 38.207018214277923 24.186160445213318 27.715531654655933 72.760636514052749 109.45229462906718 125.8252611849457 88.047401780262589 1.6798337318468868 2.8587173458654425 125.56779621355236 94.255769774317741 54.139964962378144 72.064423181116581 49.446271434426308 2.3066162627655995 1.4290981376543639 16.532316837459803 3.3985721557401121 2.7232956998050213 2.1102271724957973
leaf_count=529 758 915 491 376 488 720 321 853 612 703 924 525 637 291 703 542 586 585 216 590 503 113 210 286 488
internal_value=-0.000842063 -0.011135 0.000517967 0.00427159 0.00698977 -0.0244425 0.00411961 0.0109866 -0.00093997 -0.00186372 -0.00413522 -0.000535551 -0.0376664 -0.0415716 0.000891663 -0.00148419 0.00370177 0.00167727 -0.00188064 -0.0468572 -0.0340569 0.00182467 -0.0506333 -0.050359 -0.0502115
internal_weight=1201.78 140.262 1061.52 296.961 248.86 57.5319 197.83 51.9017 764.559 637.659 235.278 402.381 19.3249 16.5064 307.871 219.824 126.901 145.928 82.7298 13.6476 3.10893 33.2835 10.5387 7.14014 4.41684
internal_count=13965 5498 8467 3114 2738 4254 2250 1174 5353 4155 1627 2528 3534 3005 1770 1245 1198 1076 1244 2714 1140 1028 1574 1364 1078
is_linear=0
shrinkage=0.05


Tree=108
num_leaves=21
num_cat=0
split_feature=1 1 1 0 0 1 0 0 1 1 1 1 1 1 1 1 1 1 1 1
split_gain=6.52458 4.56107 3.0019 4.87198 1.28309 1.99312 1.12513 0.803004 0.683197 0.912817 0.995032 0.77032 0.877253 0.193673 0.193657 0.178583 0.0436056 0.0169834 0.719059 4.21853e-06
threshold=18.240351000000004 13.120537000000002 17.741842000000002 106.03855000000001 92.957855000000009 31.570948000000005 101.38876500000002 108.31175500000002 25.127249000000003 29.485594500000001 33.341251000000007 21.826665500000001 20.682076000000006 -2.1947644999999993 11.294609000000001 39.339145500000008 23.250302500000004 26.053299000000006 28.035833500000006 7.1081155000000011
decision_type=2 2 2 2 2 2 2 2 2 2 2 2 2 2 2 2 2 2 2 2
left_child=1 13 3 6 5 -2 -3 8 11 17 -11 12 -6 -1 19 -12 -13 -10 -19 -15
right_child=4 2 -4 -5 7 -7 -8 -9 9 10 15 16 -14 14 -16 -17 -18 18 -20 -21
leaf_value=-0.029937678334959739 -0.013699127371997178 -0.04087181600384298 -0.024957297700243838 0.016646679707306107 -0.0014421657115788889 -0.0020733648385444707 -0.011411499998252903 0.0061168162881267869 0.0033635988410391096 -0.0020733648385444707 0.00067452827375182761 -0.0010193919340233855 0.0033635988410391096 -0.050296016684532777 -0.035778358861501783 0.0033635988410391096 -0.0020733648385444707 -0.00070259258395192754 0.0033635988410391096 -0.05037495267247926
leaf_weight=2.4508296526037148 43.328598730266094 5.2056029732339075 19.129017557017505 18.687587099149823 125.36374903470278 50.149928014725447 8.5869978189002705 71.019532864913344 68.796799346804619 105.17049997113645 62.541475340723991 123.49633452668786 94.538063226267695 2.9024500390514714 3.3958368506282568 49.941127901896834 162.78442622348666 119.06797908432782 65.74967347830534 4.0605023527750745
leaf_count=418 719 855 219 423 985 381 600 790 435 1166 853 635 526 772 556 340 916 861 608 898
internal_value=-0.000390426 -0.0158723 -0.009244 1.02618e-05 0.000482926 -0.0051301 -0.0225304 0.000983367 0.000610381 0.00198037 -0.000461001 -0.000665105 0.00157665 -0.0425773 -0.0455678 0.00313679 -0.00207336 0.0033636 0.00240167 -0.050342
internal_weight=1206.37 64.4188 51.6092 32.4802 1141.95 93.4785 13.7926 1048.47 977.45 471.268 217.653 506.183 219.902 12.8096 10.3588 112.483 286.281 253.614 184.818 6.96295
internal_count=13956 4741 2097 1878 9215 1100 1455 8115 7325 4263 2359 3062 1511 2644 2226 1193 1551 1904 1469 1670
is_linear=0
shrinkage=0.05


Tree=109
num_leaves=16
num_cat=0
split_feature=0 0 0 1 1 1 1 1 1 1 1 1 1 1 1
split_gain=3.49447 16.5494 2.54393 3.08821 0.755 0.572766 0.436418 0.400591 0.57746 0.720251 0.660255 0.347497 0.331938 0.331617 0.0167636
threshold=90.597975000000019 86.441415000000021 109.53526500000001 20.994913500000003 25.583966 18.566170500000002 22.097619500000004 26.757239000000002 28.035833500000006 29.485594500000001 30.927838000000005 36.069474500000005 23.649342000000004 33.341251000000007 19.969917000000006
decision_type=2 2 2 2 2 2 2 2 2 2 2 2 2 2 2
left_child=1 -1 3 5 6 -2 -5 -6 -9 -10 -11 13 -8 -12 -7
right_child=2 -3 -4 4 7 14 12 8 9 10 11 -13 -14 -15 -16
leaf_value=-0.046817814282959905 -0.0068032476222203266 -0.0068032476222203266 0.010501447490559682 0.0021851832827665019 0.005083884155178295 -0.0040484492424648659 -0.0033331676448320208 -0.0022436344772080721 0.005083884155178295 -0.003513481634588415 0.0012502179922848121 0.00038646890296098512 -5.100653587199125e-05 0.005083884155178295 -0.0029854062925761893
leaf_weight=27.25817956100218 56.573016458656639 19.068410450592637 56.971931288950145 102.48795609362423 82.68839711137116 73.125189968384802 144.13984297960997 78.219280704855919 71.879159834235907 58.241490919142962 57.888648996129632 94.667845200747252 165.46042353659868 41.75709299556911 75.248144425451756
leaf_count=956 3884 529 773 574 585 634 796 583 655 543 696 777 1014 534 470
internal_value=-0.000339315 -0.0138053 0.000198773 -0.000333679 0.000930993 -0.00587149 -0.000642889 0.00226733 0.00161267 0.00254241 0.00115615 0.00255578 -0.00157907 0.00461672 -0.00350932
internal_weight=1205.68 46.3266 1159.35 1102.38 897.43 204.946 412.088 485.342 402.654 324.434 252.555 194.314 309.6 99.6457 148.373
internal_count=14003 1485 12518 11745 6757 4988 2384 4373 3788 3205 2550 2007 1810 1230 1104
is_linear=0
shrinkage=0.05


Tree=110
num_leaves=24
num_cat=0
split_feature=1 1 1 0 0 0 0 1 1 1 1 1 1 1 1 1 1 1 1 1 1 1 1
split_gain=6.43632 7.91468 2.63079 4.91613 4.41247 2.12942 1.57689 1.37595 1.59768 0.965802 0.938422 0.890053 1.28662 1.55864 1.52128 1.90633 3.79405 0.863678 0.5113 0.58068 0.392758 0.198426 0.080544
threshold=41.300507000000003 37.070985 22.794297500000003 98.450310000000016 95.881240000000005 109.72039500000001 104.88120500000001 29.124218000000003 25.330475000000003 24.858475000000002 27.619730000000004 22.097619500000004 21.355253000000001 20.776348500000001 19.969917000000006 19.170901000000004 17.070639500000002 27.318099500000006 16.942525500000006 2.5460645000000004 30.798634000000003 33.535955500000007 24.121139500000002
decision_type=2 2 2 2 2 2 2 2 2 2 2 2 2 2 2 2 2 2 2 2 2 2 2
left_child=1 2 3 4 18 11 7 8 22 -8 -10 12 13 14 15 16 -5 -11 19 -1 -9 -22 -4
right_child=-2 -3 6 5 -6 -7 9 20 10 17 -12 -13 -14 -15 -16 -17 -18 -19 -20 -21 21 -23 -24
leaf_value=-0.026020402205093652 -0.016557529161735623 0.022799855497026324 0.0030975081894522348 -0.010583033578482299 -0.010583033578482299 0.0099455037338399103 0.0060938959353247276 0.0060938959353247276 0.00021984270937736388 0.024728144613665636 -0.0064343363654953108 -0.0078834040714551492 0.0041106006791608932 -0.010583033578482299 0.0041106006791608932 -0.010583033578482299 0.0041106006791608932 0.0084078866774885234 -0.047261134996707942 -0.050176526786150422 0.0014424495492227562 0.0055404568785390011 0.0051685236531732043
leaf_weight=1.7868419896112744 48.704468477517366 43.983806230127811 98.091324819251895 17.735837455373257 16.967536877840757 44.134149545803666 42.174805212765932 65.521195888519287 151.61784054338932 16.107222877442837 81.447124091908336 50.071207597851753 66.299365282058716 44.482830978929996 54.416444577276707 45.920614652335644 63.147715787403286 16.320529447868466 10.783232343848793 2.4927077910397202 68.187589079141617 52.115106150507927 90.040588265284896
leaf_count=410 376 430 544 2348 723 454 411 552 924 371 582 244 311 222 292 295 654 705 562 813 692 562 497
internal_value=0.00124369 0.00200166 0.00116993 -0.00195186 -0.0207753 -0.000390729 0.00308544 0.00224235 0.000661186 0.00994544 -0.00210553 -0.0017243 -0.00066817 -0.00250726 -0.000447514 -0.00361502 0.00103767 0.0165143 -0.0414578 -0.026835 0.0058263 0.00321771 0.0040887
internal_weight=1192.55 1143.85 1099.86 418.238 32.0303 386.208 681.623 607.021 421.197 74.6026 233.065 342.074 292.003 225.703 181.221 126.804 80.8836 32.4278 15.0628 4.27955 185.824 120.303 188.132
internal_count=13974 13598 13168 7328 2508 4820 5840 4353 2547 1487 1506 4366 4122 3811 3589 3297 3002 1076 1785 1223 1806 1254 1041
is_linear=0
shrinkage=0.05


Tree=111
num_leaves=20
num_cat=0
split_feature=1 0 1 0 1 1 1 1 1 1 0 1 1 1 1 1 1 1 1
split_gain=2.69681 10.2124 2.83131 1.74477 1.41938 1.19568 2.0057 1.05423 0.776304 1.49221 0.964132 0.812521 1.55191 0.747644 0.708342 3.09155 4.38637 0.528917 0.0442867
threshold=20.458539500000004 103.11689500000001 19.771262000000004 97.808245000000014 11.506196500000003 21.446952500000005 23.649342000000004 36.069474500000005 31.078967000000002 29.485594500000001 98.450310000000016 27.082220500000002 25.330475000000003 18.107568000000004 18.351030500000004 16.711468500000002 15.430146500000001 28.243602000000006 22.794297500000003
decision_type=2 2 2 2 2 2 2 2 2 2 2 2 2 2 2 2 2 2 2
left_child=1 2 3 4 -1 -2 18 8 9 11 -10 12 -8 -5 15 16 -3 -13 -7
right_child=5 14 -4 13 -6 6 7 -9 10 -11 -12 17 -14 -15 -16 -17 -18 -19 -20
leaf_value=-0.023924997014748258 0.006081470000007797 -0.012720042340011152 -0.042119034102366976 -0.023924997014748258 -0.050583261923251445 -0.0048835692563670317 0.0043491354186767509 -0.0033595690645353716 0.0020546224984315581 -0.0057764951812769964 0.011858008095085212 0.0084395000295735597 -0.0032013344671640524 -0.012720042340011152 -0.0020278837544214739 0.013090812324003099 0.032767784599502345 0.0021162625587466989 -0.0034324490575082267
leaf_weight=3.0623360592871922 85.728390131145716 10.56808153958991 17.274854409508407 7.6910282105673131 6.721652016043663 127.55815623700619 143.98221239820123 105.59585505910218 62.737796142697334 65.756852235645056 41.7827383056283 72.206506565213203 129.05284565500915 13.900782736018298 100.99411279708147 36.763750610873103 5.3025393951684228 61.017606100067496 89.447872917167842
leaf_count=942 562 1262 204 1255 955 760 977 959 446 663 851 597 974 255 498 364 242 611 551
internal_value=-0.000640641 -0.00589907 -0.0258632 -0.0169131 -0.03513 0.000439374 -9.85717e-05 0.00123339 0.00207461 0.00121125 0.00597359 0.00234228 0.000780328 -0.01272 0.00042311 0.00512604 -0.01272 0.00554341 -0.00428543
internal_weight=1187.15 202.279 48.6507 31.3758 9.78399 984.867 899.138 682.132 576.537 472.016 104.521 406.259 273.035 21.5918 153.628 52.6344 15.8706 133.224 217.006
internal_count=13928 5977 3611 3407 1897 7951 7389 6078 5119 3822 1297 3159 1951 1510 2366 1868 1504 1208 1311
is_linear=0
shrinkage=0.05


Tree=112
num_leaves=22
num_cat=0
split_feature=0 1 0 1 1 0 0 1 1 0 1 1 1 1 1 1 1 1 1 1 1
split_gain=2.92268 2.62583 3.56588 2.38302 0.498254 0.489297 0.388718 0.281114 0.61253 0.68058 0.726521 0.694853 1.38941 0.661613 0.681795 0.280219 0.344737 0.267421 0.0483165 0.00152531 1.99766e-05
threshold=109.53526500000001 18.107568000000004 103.84239500000001 17.542188000000003 0.89937650000000013 106.87237500000002 96.565635000000015 20.249596500000003 21.997570500000005 103.73842500000002 23.649342000000004 27.619730000000004 29.124218000000003 24.018968000000005 27.925993000000002 33.159111500000009 37.070985 15.011641000000003 25.236882000000005 11.862825000000003 15.279829000000001
decision_type=2 2 2 2 2 2 2 2 2 2 2 2 2 2 2 2 2 2 2 2 2
left_child=1 2 4 5 -1 -4 20 -3 -9 10 -10 18 -13 -11 -15 -14 -17 19 -12 -8 -6
right_child=-2 7 3 -5 6 -7 17 8 9 13 11 12 15 14 -16 16 -18 -19 -20 -21 -22
leaf_value=-0.017342029481008138 0.010402111331656907 0.0015128570581572597 -0.017342029481008138 0.0045041070246034801 -0.050127147411945197 -0.0053164599451046811 -0.020154443181073747 -0.0041913940395286453 -0.0052047566269503662 0.0045041070246034801 -0.00092759903991344655 -0.0079167096508690731 0.0006672938963971734 0.0006672938963971734 0.0045041070246034801 -0.0048213965366385621 7.5119154763613231e-05 -0.036576402806005215 0.0006672938963971734 -0.017976687717134173 -0.050364791218906774
leaf_weight=2.5399034660076749 55.066463340073824 108.17103573912755 7.3315641838125911 12.675610356032847 1.8526114447740831 8.4625061335973424 1.6678128063213065 143.46449068468064 100.86662714835256 62.092633426189423 109.24618912115693 80.050630461424589 117.70583912357688 45.345228869467974 26.383810538798571 60.98928864300251 87.542760521173477 6.8456498933956027 145.12633348628879 1.5524993496946988 1.6919465314131228
leaf_count=563 738 1034 731 92 763 420 641 917 580 403 579 526 1008 708 857 601 687 511 831 430 286
internal_value=-0.000846514 -0.0013939 -0.0132817 -0.00263565 -0.0320484 -0.0171543 -0.036001 -0.000905909 -0.00117321 -0.000654865 -0.00127819 -0.00061882 -0.00214083 0.00261278 0.000667294 -0.000404177 -0.00193546 -0.0309868 0.000667294 -0.0191046 -0.0502406
internal_weight=1186.67 1131.6 44.6201 28.4697 16.1504 15.7941 13.6105 1086.98 978.814 835.349 701.528 600.661 346.289 133.822 71.729 266.238 148.532 10.066 254.373 3.22031 3.54456
internal_count=13906 13168 4437 1243 3194 1151 2631 8731 7697 6780 4812 4232 2822 1968 1565 2296 1288 1582 1410 1071 1049
is_linear=0
shrinkage=0.05


Tree=113
num_leaves=19
num_cat=0
split_feature=1 1 0 1 0 1 0 1 1 1 1 1 1 1 1 1 1 1
split_gain=3.98052 6.10899 5.0234 6.27171 1.20917 1.1682 2.03867 2.41355 1.75495 1.08309 1.76505 1.51257 0.729049 1.26208 0.503838 0.293792 0.085588 0.295764
threshold=41.300507000000003 27.925993000000002 94.430345000000017 24.195836000000003 110.08070000000002 36.669844000000005 101.84313000000002 32.029823000000007 30.798634000000003 18.682885500000001 17.542188000000003 22.097619500000004 23.338152500000003 26.053299000000006 20.682076000000006 24.954034500000002 19.170901000000004 11.862825000000003
decision_type=2 2 2 2 2 2 2 2 2 2 2 2 2 2 2 2 2 2
left_child=1 2 3 16 9 6 7 -3 -8 10 -4 14 -13 15 -11 -14 17 -1
right_child=-2 5 4 -5 -6 -7 8 -9 -10 11 -12 12 13 -15 -16 -17 -18 -19
leaf_value=-0.024874644262923601 -0.01345048964338663 0.0075702665367177388 -0.0090384595976246707 -0.0090384595976246707 0.0075843091630549021 0.014369307206455316 0.0094297995152780867 -0.0037474394438390974 0.026196703550078582 0.00015772990117436184 0.0022227213505266342 -0.0056337510761367672 -1.360669398952021e-05 -0.0052770482013671047 0.0034389225106424785 0.0034389225106424785 -0.04778098329896785 -0.050346677603464812
leaf_weight=1.975629923515952 48.962749693542719 138.00773215293884 26.613826707238331 27.921590251848102 46.765779106877744 47.467626875266433 26.608514402061701 71.517312526702881 21.172175673767924 120.9349549561739 36.998315781354904 100.41323870420456 142.98883452266455 105.44707423634827 123.4889090359211 80.879145314916968 9.8944851779378933 2.6930817116517574
leaf_count=648 374 924 3236 258 520 486 611 643 646 851 421 534 830 810 662 557 390 544
internal_value=0.000507093 0.00111092 -0.00111908 -0.0178647 -0.000212252 0.0071621 0.00583252 0.00370719 0.0151524 -0.000706464 -0.00694313 -0.00011798 -0.00190416 -0.000766944 0.00302234 0.00135742 -0.045148 -0.0395678
internal_weight=1180.75 1131.79 827.015 42.4848 784.53 304.773 257.306 209.525 47.7807 737.764 63.6121 674.152 429.728 329.315 244.424 223.868 14.5632 4.66871
internal_count=13945 13571 10261 1840 8421 3310 2824 1567 1257 7901 3657 4244 2731 2197 1513 1387 1582 1192
is_linear=0
shrinkage=0.05


Tree=114
num_leaves=21
num_cat=0
split_feature=1 1 0 1 0 1 1 1 1 1 1 1 1 1 1 1 1 1 1 1
split_gain=3.37882 2.28789 2.62929 4.35609 1.45375 0.957226 1.34502 1.23355 0.674011 2.03896 0.545505 0.396308 1.41656 0.269422 0.248504 0.465507 0.242567 1.1846 0.0894668 0.0312955
threshold=41.300507000000003 28.035833500000006 94.430345000000017 24.018968000000005 109.53526500000001 24.657355000000003 18.566170500000002 25.684316000000003 22.867815500000003 21.163659000000006 36.069474500000005 14.281418 17.741842000000002 26.757239000000002 29.239180500000003 32.199767000000008 19.077816000000002 10.708751500000002 20.145690000000005 30.484082000000004
decision_type=2 2 2 2 2 2 2 2 2 2 2 2 2 2 2 2 2 2 2 2
left_child=1 2 3 16 5 6 11 -7 9 18 14 -4 -13 -9 -3 19 17 -1 -8 -16
right_child=-2 10 4 -5 -6 7 8 13 -10 -11 -12 12 -14 -15 15 -17 -18 -19 -20 -21
leaf_value=-0.0062441898956974787 -0.012753447900709947 0.0082894353273994786 -0.0062441898956974787 -0.0062441898956974787 0.0078357772047993497 -0.0062441898956974787 0.0019701915169276899 0.0019350753924133038 0.0036813868776318852 -0.0040606843734192644 0.00027782691635272439 0.0036813868776318852 -0.0062441898956974787 -0.0024171321754926042 0.001571281442860614 0.00765304166729067 -0.041511823108628172 -0.050305257143207029 0.0036813868776318852 0.0033150773807119555
leaf_weight=1.8277969445334736 47.858188152313232 63.601717101410031 8.8241590943653119 29.356362082064152 56.661269177682698 80.192000638693571 85.335139229893684 71.013706473633647 154.47567810490727 147.20738050527871 59.938977144658566 21.983354788972065 25.178759126923978 71.224089358001947 50.020435091108084 74.678677350282669 9.1173266009427589 2.4978341975947842 77.254914276301861 52.982477139681578
leaf_count=610 371 596 2122 274 664 501 655 516 869 767 613 1103 290 555 530 947 386 570 435 594
internal_value=0.00026234 0.000807143 -0.000530507 -0.0126043 0.000115957 -0.000473003 0.000700705 -0.00321829 0.00158463 0.000213284 0.00454691 -0.00624419 -0.0016416 -0.000244247 0.00560743 0.00464739 -0.0368856 -0.0271346 0.00368139 0.00246825
internal_weight=1191.23 1143.37 842.15 42.7993 799.35 742.689 520.259 222.43 464.273 309.797 301.222 55.9863 47.1621 142.238 241.283 177.682 13.443 4.32563 162.59 103.003
internal_count=13968 13597 10317 1840 8477 7813 6241 1572 2726 1857 3280 3515 1393 1071 2667 2071 1566 1180 1090 1124
is_linear=0
shrinkage=0.05


Tree=115
num_leaves=19
num_cat=0
split_feature=1 1 0 1 0 1 1 1 1 0 1 1 1 1 1 1 1 1
split_gain=2.80411 2.92035 5.42477 2.33107 1.62006 1.07845 0.865221 10.0573 0.538098 0.385 0.491967 1.74235 0.752626 0.127547 0.120828 0.285538 0.189018 0.00047238
threshold=41.300507000000003 19.465683500000004 100.76320500000001 33.91536150000001 94.60770500000001 11.506196500000003 17.634273500000003 16.211084000000003 18.566170500000002 107.45619500000002 23.583983500000006 21.826665500000001 29.709762000000001 31.078967000000002 25.330475000000003 28.035833500000006 26.425458000000003 17.542188000000003
decision_type=2 2 2 2 2 2 2 2 2 2 2 2 2 2 2 2 2 2
left_child=1 2 5 4 -3 -1 7 -4 17 10 11 -6 14 -14 -12 16 -16 -7
right_child=-2 3 6 -5 9 8 -8 -9 -10 -11 12 -13 13 -15 15 -17 -18 -19
leaf_value=-0.018669691874534284 -0.011847101049077846 -0.005892665334761453 -0.018669691874534284 0.0089679071675015723 0.0029361326829387903 -0.050273838649045881 -0.0055290537616008188 0.029542203793559554 -0.028308709604764139 0.0048848034608790425 0.0029361326829387903 -0.0022925154565346727 -0.0022925154565346727 0.0003397724195469657 0.0022138495863636017 0.0029361326829387903 -0.0012013109192071014 -0.051081570020888971
leaf_weight=3.7213354351697481 47.945194307714701 86.127554133534431 13.764738498255612 92.367372024804354 157.06489444151521 4.0748853472759929 82.413430735468864 17.946332616731524 4.2723558945581317 69.038709901273251 140.44105682894588 151.51737598329782 43.899363355711102 46.655679520219564 77.653729651123285 69.396569814532995 84.715286202728748 3.2567316805943847
leaf_count=1252 368 925 1833 1039 939 997 545 386 192 885 790 752 428 658 496 657 622 200
internal_value=2.53779e-08 0.000494669 -0.00657933 0.00139343 0.000638301 -0.0345109 -0.00282851 0.00418988 -0.0424134 0.00130763 0.000987462 -0.000558885 0.00201861 -0.00207188 0.00293613 0.00179026 0.000432005 -0.0506326
internal_weight=1196.27 1148.33 129.45 1018.88 926.51 15.3253 114.125 31.7111 11.604 840.383 771.344 308.582 462.762 90.555 372.207 231.766 162.369 7.33162
internal_count=13964 13596 5405 8191 7152 2641 2764 2219 1389 6227 5342 1691 3651 1086 2565 1775 1118 1197
is_linear=0
shrinkage=0.05


Tree=116
num_leaves=22
num_cat=0
split_feature=1 1 0 0 1 1 0 1 1 0 0 1 1 1 1 1 1 1 1 0 1
split_gain=3.64337 2.90653 1.38765 1.20373 1.15872 2.44883 0.892181 0.940632 1.56189 1.04163 1.04683 0.996994 0.868948 1.51195 1.06783 0.65867 0.631821 1.06313 0.27643 0.264862 2.58281e-06
threshold=20.060467500000005 16.211084000000003 105.82077500000001 111.36509500000001 33.535955500000007 41.300507000000003 94.886715000000024 24.657355000000003 23.412827000000004 103.69092000000002 105.89164500000001 22.097619500000004 14.744388500000001 13.120537000000002 -2.1947644999999993 37.070985 26.854381500000006 29.586957000000002 11.294609000000001 102.64800000000001 5.9299395000000006
decision_type=2 2 2 2 2 2 2 2 2 2 2 2 2 2 2 2 2 2 2 2 2
left_child=1 3 19 12 6 15 -2 8 11 16 -11 -8 13 14 -1 -6 -9 -18 20 -3 -16
right_child=4 2 -4 -5 5 -7 7 9 -10 10 -12 -13 -14 -15 18 -17 17 -19 -20 -21 -22
leaf_value=-0.011621897274287389 -0.0044694858089011974 -0.014193513224418778 -0.00053447632706393993 0.0066623979622945032 0.0058823900742908317 -0.0040754142252515998 0.0029339141375129465 -0.0018659260631546189 0.0074178428602692803 0.0017068247875698158 0.013900570434459787 -0.0018659260631546189 -0.050648812149659161 -0.011621897274287389 -0.050218997333617323 0.014114216910888464 0.0017068247875698158 -0.0018659260631546189 -0.030140960496322974 -0.007630715916722805 -0.0502907975855581
leaf_weight=2.1074823120143291 91.980066264048219 25.38829538715072 86.946457978338003 2.5919657908380023 54.695729870349169 49.704585805535316 180.37639359198511 124.52779360115528 112.00901006907225 32.905894115567207 22.344280827790499 118.21496763825417 3.8967666609678409 3.0834436583099878 1.9222472037654394 43.728398557752371 108.9351875372231 79.259853329509497 2.4703444915357977 38.975202390924096 3.5948863056255504
leaf_count=423 901 976 496 120 688 384 1003 628 675 598 751 639 571 597 630 440 735 760 515 423 1013
internal_value=-0.000250532 -0.00700452 -0.00465421 -0.0250868 0.000883068 0.00497113 0.000187465 0.000737634 0.00238287 -0.00109819 0.00527958 0.000494128 -0.0299062 -0.0237727 -0.0354373 0.00953967 -0.00186593 0.00106791 -0.0440416 -0.0102194 -0.0502658
internal_weight=1189.66 170.977 151.31 19.6671 1018.68 148.129 870.553 778.573 410.6 367.973 55.2502 298.591 17.0752 13.1784 10.095 98.4241 312.723 188.195 7.98748 64.3635 5.51713
internal_count=13966 5764 1895 3869 8202 1512 6690 5789 2317 3472 1349 1642 3749 3178 2581 1128 2123 1495 2158 1399 1643
is_linear=0
shrinkage=0.05


Tree=117
num_leaves=25
num_cat=0
split_feature=1 1 0 1 1 1 1 1 1 1 1 1 1 1 1 0 1 1 1 1 1 1 1 1
split_gain=5.31261 2.20545 1.59305 1.22567 2.13462 1.16139 1.20797 1.67918 2.36609 1.01763 0.828531 0.707269 0.701816 0.603413 0.564588 0.661913 1.18995 0.959514 0.487803 0.216458 0.202447 0.0159201 3.25301e-06 2.03098e-08
threshold=18.682885500000001 13.406494000000002 106.37188000000002 26.854381500000006 41.300507000000003 27.721857000000004 28.580445500000003 29.709762000000001 31.253160000000005 21.163659000000006 -2.1947644999999993 11.294609000000001 17.542188000000003 19.865962000000007 21.997570500000005 102.01477000000001 23.161274500000001 24.553758500000004 37.070985 33.341251000000007 16.497425000000003 24.373750000000005 5.4608625000000011 9.115689500000002
decision_type=2 2 2 2 2 2 2 2 2 2 2 2 2 2 2 2 2 2 2 2 2 2 2 2
left_child=1 10 12 9 5 -5 -7 -8 -9 13 -1 22 20 -2 -11 17 -17 -16 19 -10 -3 -18 -12 -24
right_child=3 2 -4 4 -6 6 7 8 18 14 11 -13 -14 -15 15 16 21 -19 -20 -21 -22 -23 23 -25
leaf_value=-0.0059195315525483452 -0.0012376243070269792 -0.038256374517512154 -0.003474607171206671 0.010542649587152503 -0.0072338099788812034 -0.0045273082815313276 0.011825456817725477 -0.0063703034431415555 0.0059235186547896522 -0.0059850703539141544 -0.05025986495385934 -0.021895052051419835 -0.013097189809358116 0.0047314038472022306 -0.0064330693694065249 0.0065260581774471034 -0.0011073894097805245 -0.0011073894097805245 0.0096680807056139604 0.0015201070241658904 -0.023572537075964246 0.00064131123407221982 -0.050336831349536586 -0.050343918621535394
leaf_weight=2.2525158119387916 71.985491717699915 4.1327178333885985 41.924963199067861 53.336619472131133 50.570909753441811 50.462531326338649 53.606801344081759 61.428369052708149 49.988356146961451 80.806805744767189 1.8153511002892608 3.4946230305358768 17.639433923643082 102.80860311351717 119.16066916845739 63.331094540655613 54.582480348646641 124.02751819044352 44.023417634889483 63.184013936668634 5.4334315313026309 59.441753486171365 1.9909080173820255 2.0534640057012439
leaf_count=441 643 927 475 437 383 435 558 610 624 493 575 636 400 688 717 348 407 645 430 775 374 707 568 534
internal_value=-0.000594326 -0.012975 -0.00958885 0.000312122 0.00241071 0.00370777 0.00257806 0.00389516 0.00195064 -0.00101195 -0.0331428 -0.0396981 -0.0190112 0.00227318 -0.00215729 -0.00142179 0.000901022 -0.0031158 0.00520227 0.0034651 -0.0299162 -0.00110739 -0.0503155 -0.0503404
internal_weight=1183.48 80.7374 69.1305 1102.75 426.601 376.03 322.693 272.231 218.624 676.144 11.6069 9.35435 27.2056 174.794 501.35 420.544 177.355 243.188 157.196 113.172 9.56615 114.024 5.85972 4.04437
internal_count=13830 4930 2176 8900 4252 3869 3432 2997 2439 4648 2754 2313 1701 1331 3317 2824 1462 1362 1829 1399 1301 1114 1677 1102
is_linear=0
shrinkage=0.05


Tree=118
num_leaves=15
num_cat=0
split_feature=0 0 1 1 1 1 1 1 1 1 1 1 1 1
split_gain=1.10917 17.8407 1.50343 2.08043 3.33338 0.850856 1.18441 0.835761 0.850093 1.92898 0.212435 0.28594 0.107367 0.16418
threshold=90.597975000000019 85.779640000000015 39.339145500000008 30.798634000000003 28.912007000000006 18.240351000000004 17.542188000000003 22.612800500000002 24.373750000000005 25.330475000000003 19.969917000000006 21.163659000000006 26.155499500000001 27.619730000000004
decision_type=2 2 2 2 2 2 2 2 2 2 2 2 2 2
left_child=1 -1 3 4 5 6 -2 10 -9 -10 -7 -12 -11 -14
right_child=2 -3 -4 -5 -6 7 -8 8 9 12 11 -13 13 -15
leaf_value=-0.047898851491171637 -0.0042765312809820563 -0.0042765312809820563 0.0075257108078355507 -0.0042765312809820563 0.010392688221461027 -0.00015352347402600283 0.0067602104811794843 -0.0042765312809820563 0.0067940551313031769 -0.0039542808703312247 0.0046326179143780189 0.0010896909672901071 -0.00015754654994865676 -0.0033452890786449738
leaf_weight=23.817108096671291 32.66731968591921 20.176150440704077 59.221841514110565 133.32123642414808 74.554612632840872 101.33804856613278 27.656499663367867 168.09700715914369 79.047892048954964 66.450688874348998 98.690078387968242 134.65047096274793 91.087219269946218 72.574247948825359
leaf_count=872 3800 605 382 1694 765 841 298 997 513 459 612 753 713 611
internal_value=-0.000531833 -0.00832203 -0.000231035 -0.000656323 0.000245039 -0.000622311 -0.00427653 -0.000157639 -0.00150099 5.55011e-05 0.00175799 0.00258815 -0.00225932 -0.00157112
internal_weight=1183.35 43.9933 1139.36 1080.14 946.814 872.259 60.3238 811.936 477.257 309.16 334.679 233.341 230.112 163.661
internal_count=13915 1477 12438 12056 10362 9597 4098 5499 3293 2296 2206 1365 1783 1324
is_linear=0
shrinkage=0.05


Tree=119
num_leaves=22
num_cat=0
split_feature=1 0 0 1 1 1 1 1 1 1 1 1 1 1 1 1 1 1 1 0 1
split_gain=3.71588 5.22988 2.62473 1.47431 2.14236 1.14736 1.28219 1.05988 0.514445 0.503974 0.454901 0.402616 0.220231 0.790199 0.782848 0.376584 0.310348 0.751138 0.171886 0.110601 9.15089e-07
threshold=18.240351000000004 103.84239500000001 108.45336000000002 17.542188000000003 15.430146500000001 21.163659000000006 24.121139500000002 25.330475000000003 14.744388500000001 39.339145500000008 11.294609000000001 -3.5790154999999992 28.912007000000006 30.066889500000006 27.619730000000004 26.342805500000001 31.570948000000005 35.19121950000001 22.867815500000003 103.46550000000001 4.4345520000000009
decision_type=2 2 2 2 2 2 2 2 2 2 2 2 2 2 2 2 2 2 2 2 2
left_child=1 8 5 4 -3 19 18 -8 10 12 11 -1 14 -14 15 -9 -15 -18 -7 -2 -13
right_child=2 3 -4 -5 -6 6 7 9 -10 -11 -12 20 13 16 -16 -17 17 -19 -20 -21 -22
leaf_value=-0.020033071775297524 0.0029572345658747234 -0.020033071775297524 0.011294484248800243 0.0063555823614529459 0.0020591024441741117 -0.0017355844642814304 0.0059534213481096535 -0.0016899086570044972 -0.04514268110253257 0.0044609001533435872 -0.020033071775297524 -0.050158244713581636 0.0060487747704260882 -0.0038159494922856345 -0.005413480016740118 0.0031711748912501359 0.0040029038022603115 -0.0039941794647378242 -0.0043430382549360198 0.0056816125290655465 -0.050098507762351419
leaf_weight=1.5451127928681643 58.620670487172902 8.9030297212302703 63.213161645457149 21.986977458000183 14.249857604969291 143.85913599189371 102.89731473661959 79.5910136513412 8.5356836107093823 66.889711545780301 2.100360531010665 1.096778396749871 49.228589227423072 53.463448937982321 76.369326485320926 79.775264827534556 72.278733501210809 49.452403971925378 112.73383786156774 102.20166629552841 1.542997650336474
leaf_count=342 897 1073 735 139 345 852 668 557 927 526 732 415 507 509 617 606 910 557 667 490 802
internal_value=0.000745641 -0.0113784 0.00140023 -0.00291709 -0.0117228 0.000803065 9.82179e-05 0.0013118 -0.0371491 0.000405598 -0.0262933 -0.0382158 -0.000183889 0.000937184 -0.00125116 0.000743443 -0.000640492 0.000754146 -0.00288117 0.00468856 -0.0501233
internal_weight=1170.54 59.9608 1110.57 45.1399 23.1529 1047.36 886.539 629.946 14.8209 527.048 6.28525 4.18489 460.159 224.423 235.736 159.366 175.195 121.731 256.593 160.822 2.63978
internal_count=13873 4775 9098 1557 1418 8363 6976 5457 3218 4789 2291 1559 4263 2483 1780 1163 1976 1467 1519 1387 1217
is_linear=0
shrinkage=0.05


Tree=120
num_leaves=22
num_cat=0
split_feature=1 0 1 1 1 1 1 1 1 1 0 1 1 0 1 1 1 1 0 1 1
split_gain=2.32612 1.58532 1.29207 1.79983 2.82059 1.27154 1.75785 1.71331 0.843326 1.55675 1.02567 0.76264 0.913119 0.57724 0.527933 0.387616 1.37873 0.35748 0.254328 0.103527 1.63217e-06
threshold=21.706195000000005 111.07026500000002 19.557639500000004 14.589744500000002 18.351030500000004 31.078967000000002 23.412827000000004 36.069474500000005 25.127249000000003 26.053299000000006 101.14717 -2.1947644999999993 11.294609000000001 102.54427000000001 33.535955500000007 17.542188000000003 16.942525500000006 20.776348500000001 105.82077500000001 27.925993000000002 8.1699215000000027
decision_type=2 2 2 2 2 2 2 2 2 2 2 2 2 2 2 2 2 2 2 2 2
left_child=1 2 3 11 15 6 -2 14 -8 -10 19 -1 20 -12 -7 16 -5 -4 -14 -11 -13
right_child=5 -3 17 4 -6 7 8 -9 9 10 13 12 18 -15 -16 -17 -18 -19 -20 -21 -22
leaf_value=-0.00044558544497574958 0.004041020571815203 0.0077802598251995314 -0.00051279507789363081 0.0011494456292151388 -0.014441700140351055 0.0057814658853430206 -0.0049973213755293115 -0.00033658472423224781 0.0059277070653116076 -0.005488563405889703 -0.00075700661953334776 -0.05019318483293788 -0.030137028564281861 0.0066072957229181203 0.013227454715572826 0.0011494456292151388 -0.022540750748584734 -0.0050568020326262854 -0.0070826562047850393 -0.0031705609588729036 -0.050252643810774357
leaf_weight=2.007103328825905 162.07334079872817 24.453512442298234 87.557985422667116 9.3752393434988353 60.736068670172244 59.655996840447187 156.22901769634336 108.52696783654392 72.710898090153933 88.396147642284632 30.533566080033779 2.4492708141915482 2.496835810597986 42.897931257262826 39.612313595600426 24.577006698120385 8.0061590305995178 85.594914701767266 2.2965849628672004 105.84732920303941 2.1827560418751091
leaf_count=422 980 249 629 926 598 735 1034 1005 543 463 281 938 818 992 526 344 263 537 218 656 690
internal_value=-0.000737154 -0.00444108 -0.00548137 -0.00961167 -0.00751664 0.000595401 -0.000480403 0.00400558 -0.001956 -0.000560101 -0.00232244 -0.0284305 -0.0343898 0.00271142 0.00875273 0.00114945 -0.0066097 -0.00275904 -0.0190914 -0.00422544 -0.0502212
internal_weight=1178.22 311.733 287.28 114.127 102.694 866.484 658.688 207.795 496.615 340.386 267.675 11.4326 9.42545 73.4315 99.2683 41.9584 17.3814 173.153 4.79342 194.243 4.63203
internal_count=13847 6632 6383 5217 2131 7215 4949 2266 3969 2935 2392 3086 2664 1273 1261 1533 1189 1166 1036 1119 1628
is_linear=0
shrinkage=0.05


Tree=121
num_leaves=20
num_cat=0
split_feature=1 0 0 1 1 1 1 1 1 1 1 1 1 1 1 1 1 0 1
split_gain=1.06433 3.59663 1.19768 0.721448 5.78982 0.668725 0.573643 2.02209 0.563676 1.71261 1.42677 0.897969 1.57846 0.820866 0.261858 0.289658 0.127456 0.122823 0.0173101
threshold=20.682076000000006 99.85761500000001 97.808245000000014 17.741842000000002 15.145972500000001 11.862825000000003 23.933218000000004 25.684316000000003 29.709762000000001 28.035833500000006 26.972914500000005 31.570948000000005 41.300507000000003 37.070985 23.062592500000004 22.097619500000004 33.727133500000008 95.018290000000022 19.465683500000004
decision_type=2 2 2 2 2 2 2 2 2 2 2 2 2 2 2 2 2 2 2
left_child=1 2 5 4 -3 -1 14 -8 9 10 -9 -10 13 16 15 -2 -13 -7 -5
right_child=6 3 -4 18 -6 17 7 8 11 -11 -12 12 -14 -15 -16 -17 -18 -19 -20
leaf_value=-0.024264347806097347 0.0031890838319061005 -0.012662550875381987 -0.012662550875381987 -0.0029604617315313773 0.019797831439956476 -0.050464735528033003 -0.0050841855996186514 0.0044879183275773945 -0.0049371594383203245 0.0093584397380151903 -0.0050543568279358304 0.003655875597962756 -0.0061732120464279699 0.010039665713275199 0.0049619778911135374 -0.00049296002886162985 0.00011073358683719732 -0.037733462226488629 -0.0019307143712023621
leaf_weight=2.5383788202889281 134.85813588555902 9.812828832655212 8.1026408232282829 80.913161819800735 24.525775337591767 3.8918259433703497 149.16087041608989 90.000127147883177 69.182627804577351 78.46709241066128 69.36519911698997 49.369609160348773 47.841083113104105 43.579031119123101 87.17875812202692 88.442272591404617 52.117804810404778 3.6911586236674339 82.344134040176868
leaf_count=981 821 1737 583 566 720 706 1028 702 711 797 544 635 376 446 534 555 656 324 444
internal_value=0.000156862 -0.00301569 -0.0242696 -0.00105547 0.00553215 -0.0358661 0.000870417 2.49046e-05 0.00154929 0.00331177 0.000334557 -5.00575e-05 0.00170261 0.00429996 0.00263803 0.00173074 0.0018353 -0.0442676 -0.00244108
internal_weight=1175.38 215.82 18.224 197.596 34.3386 10.1214 959.563 649.083 499.923 237.832 159.365 262.09 192.908 145.066 310.479 223.3 101.487 7.58298 163.257
internal_count=13866 6061 2594 3467 2457 2011 7805 5895 4867 2043 1246 2824 2113 1737 1910 1376 1291 1030 1010
is_linear=0
shrinkage=0.05


Tree=122
num_leaves=20
num_cat=0
split_feature=1 1 1 0 0 1 1 0 1 1 1 1 1 1 1 1 1 1 1
split_gain=1.94731 4.07779 4.35139 2.23628 1.17591 1.08669 0.407801 0.392616 0.388888 1.88058 1.20972 0.379065 0.618508 0.2595 0.217548 0.192128 0.154116 2.83827e-06 1.19664e-11
threshold=19.465683500000004 14.281418 17.634273500000003 106.50353000000003 103.84239500000001 -2.1947644999999993 11.294609000000001 107.57621000000002 31.078967000000002 41.300507000000003 27.619730000000004 25.127249000000003 22.097619500000004 29.124218000000003 24.018968000000005 26.053299000000006 21.077699500000005 5.9299395000000006 9.369582000000003
decision_type=2 2 2 2 2 2 2 2 2 2 2 2 2 2 2 2 2 2 2
left_child=1 5 3 4 -3 -1 17 8 10 -10 11 12 16 -12 -14 -13 -2 -7 -19
right_child=7 2 -4 -5 -6 6 -8 -9 9 -11 13 15 14 -15 -16 -17 -18 18 -20
leaf_value=0.00019287198030480833 0.00055843235393458052 -0.020340706086024479 -0.0082058926528675649 0.027320121652568381 0.012225212095191645 -0.050231803196366345 -0.030060541976823042 0.0045129807602771214 0.0024967632130491555 -0.007362315709711905 -0.0058381348224650059 0.0024967632130491555 -0.00029864306151956876 -0.0018135256736085171 -0.003299050179038459 0.00015838760589166604 0.0024967632130491555 -0.050311450397250893 -0.050311262953573001
leaf_weight=1.9803131797816593 103.29560706950724 4.9701496149646136 88.116893390193582 15.317289428785442 5.2610996188595891 1.6713237803196515 4.895877884584479 64.294538310728967 158.33735303580761 48.384517651051283 83.176051054149866 69.492768697440624 169.25596729852259 77.252567574381828 93.946641609072685 97.64069014787674 86.461119459941983 1.7156356025952848 1.6902865038719026
leaf_count=409 765 853 917 299 257 621 979 897 1769 371 675 470 991 726 586 728 513 540 499
internal_value=2.42163e-05 -0.00585954 -0.00293817 0.0152302 -0.0028697 -0.0336389 -0.0403568 0.000727102 0.000480546 0.00240882 -3.01603e-05 0.000971067 0.000199199 -0.00390013 -0.0013696 0.00249676 0.0023752 -0.0502852 -0.0503114
internal_weight=1177.16 125.619 113.665 25.5485 10.2312 11.9534 9.97312 1051.54 987.243 206.722 780.521 620.093 452.959 160.429 263.203 167.133 189.757 5.07725 3.40592
internal_count=13865 5374 2326 1409 1110 3048 2639 8491 7594 2140 5454 4053 2855 1401 1577 1198 1278 1660 1039
is_linear=0
shrinkage=0.05


Tree=123
num_leaves=19
num_cat=0
split_feature=1 1 0 0 1 1 0 1 1 1 1 1 0 1 1 1 1 1
split_gain=6.61152 3.31964 5.41459 2.23561 1.62835 0.885242 2.20073 1.19126 1.17245 0.661643 1.72154 1.34457 0.921423 0.815274 0.607124 0.576806 0.524773 0.508286
threshold=42.330055500000007 22.954624000000003 98.450310000000016 95.881240000000005 35.482836500000012 18.107568000000004 106.43491500000002 20.249596500000003 21.526355500000005 26.972914500000005 27.925993000000002 25.236882000000005 101.63080000000001 24.018968000000005 31.423570500000004 18.240351000000004 3.9531385000000006 30.652786000000003
decision_type=2 2 2 2 2 2 2 2 2 2 2 2 2 2 2 2 2 2
left_child=1 2 3 15 9 6 -4 -7 -9 11 -11 13 14 -3 -12 16 -1 -14
right_child=-2 4 5 -5 -6 7 -8 8 -10 10 12 -13 17 -15 -16 -17 -18 -19
leaf_value=-0.025125341543665514 -0.018353404420893876 0.0051497437838884767 -0.011254478969006346 -0.011254478969006346 0.010950184145978708 0.0045076639007057559 0.0031680925221864546 -0.005427273097690458 0.0018070954351099141 -0.0062711805294551753 0.0038051104762106369 0.0086654028573665345 0.013996705304082663 -0.0011438398650807874 -0.0020986940266447189 -0.046161779685925185 -0.050181834084287835 0.0055296793545080358
leaf_weight=1.3603553351713373 42.546372335404158 105.81918076332659 17.526042558136396 17.735598783008754 72.485634449869394 129.02952075190842 31.895548664266244 103.59567142277956 121.91542422771454 59.676057683303952 119.48048061877489 124.83961181342602 27.815021839924157 100.16542139649391 68.519495159387589 8.4684110293164832 2.1541582411155105 20.326333754695952
leaf_count=423 331 657 2062 731 751 866 853 530 607 481 762 944 616 692 609 434 869 606
internal_value=0.000996686 0.00172344 -0.00171317 -0.0223111 0.00385523 -0.000197823 -0.00646692 0.000676065 -0.00151624 0.00303454 0.00131639 0.00457087 0.00323388 0.00208932 0.00165338 -0.0389962 -0.0251253 0.00940598
internal_weight=1175.35 1132.81 433.681 29.7185 699.127 403.962 49.4216 354.541 225.511 626.642 295.817 330.824 236.141 205.985 188 11.9829 3.51451 48.1414
internal_count=13824 13493 7375 2457 6118 4918 2915 2003 1137 5367 3074 2293 2593 1349 1371 1726 1292 1222
is_linear=0
shrinkage=0.05


Tree=124
num_leaves=18
num_cat=0
split_feature=0 1 1 1 1 0 1 1 1 1 1 0 1 1 1 1 1
split_gain=3.38692 1.40823 1.95454 3.37025 3.3541 1.5534 6.36298 1.49153 1.3137 2.07394 1.18038 1.02427 0.510652 0.304225 0.89778 0.259807 0.176672
threshold=108.91762500000002 31.078967000000002 27.619730000000004 25.859904500000003 25.330475000000003 98.536940000000016 23.062592500000004 28.580445500000003 19.170901000000004 17.542188000000003 41.300507000000003 95.881240000000005 18.444922000000002 21.355253000000001 23.062592500000004 3.9531385000000006 36.069474500000005
decision_type=2 2 2 2 2 2 2 2 2 2 2 2 2 2 2 2 2
left_child=1 2 3 4 5 6 11 -4 9 -7 16 12 15 -10 -15 -1 -3
right_child=-2 10 7 -5 -6 8 -8 -9 13 -11 -12 -13 -14 14 -16 -17 -18
leaf_value=-0.030071431779006633 0.0094769503560512888 0.0038900597238598561 -0.013818877149014506 0.0038900597238598561 -0.016129389921968825 -0.0046899247519610818 -0.0046899247519610818 -0.0038885001619648322 -0.0038738295445303267 0.0038900597238598561 -0.004829726034384761 -0.02075242883528617 -0.046397385201313077 0.0018912339470406048 -0.0036658888083241047 -0.050191366239647421 0.0010855683988200786
leaf_weight=1.358081612153913 72.249887141399086 98.217866723425686 59.327339107170701 112.51862411946058 44.962152946740389 18.873646332882345 48.728689203970134 104.27121679112315 141.85738469287753 48.967775398865342 47.806993871927261 18.273131736204959 8.8155502378940565 137.27383989840746 154.45482263714075 2.1823104426730424 57.703613171353936
leaf_count=427 995 1231 472 857 303 2405 349 1024 797 482 361 743 447 648 923 882 576
internal_value=-0.00101142 -0.00169683 -0.00254496 -0.00144923 -0.00297282 -0.00195429 -0.00845428 -0.00748965 -0.000925572 0.00389006 0.00205768 -0.0282711 -0.0393904 -0.00197453 -0.00105097 -0.0300714 0.00389006
internal_weight=1177.84 1105.59 901.865 738.266 625.747 580.785 79.3578 163.599 501.427 67.8414 203.728 30.6291 12.3559 433.586 291.729 3.54039 155.921
internal_count=13922 12927 10759 9263 8406 8103 2848 1496 5255 2887 2168 2499 1756 2368 1571 1309 1807
is_linear=0
shrinkage=0.05


Tree=125
num_leaves=17
num_cat=0
split_feature=1 0 1 1 1 1 1 0 1 1 1 1 1 1 1 1
split_gain=1.8958 1.77397 2.94237 3.35682 1.56516 2.66112 1.12769 1.55971 1.45347 1.5187 0.850071 0.843481 0.699658 0.54297 1.40141 0.0934626
threshold=33.91536150000001 94.60770500000001 26.757239000000002 24.018968000000005 29.586957000000002 27.838923500000003 18.776802500000002 111.36509500000001 22.612800500000002 25.127249000000003 26.425458000000003 20.882805000000005 37.809573000000007 19.665748000000004 11.093149500000001 23.839913000000003
decision_type=2 2 2 2 2 2 2 2 2 2 2 2 2 2 2 2
left_child=1 2 3 13 5 6 7 -3 11 15 -11 -8 -2 14 -1 -10
right_child=12 4 -4 -5 -6 -7 8 -9 9 10 -12 -13 -14 -15 -16 -17
leaf_value=-0.002739150562648104 0.011044045276675818 -0.002739150562648104 -0.002739150562648104 -0.0060017116227392923 -0.002739150562648104 0.010604027692086649 0.0014259850388261923 0.016724283208655037 -0.0012939294101862848 0.0065253452766433255 -0.00071768705873787085 0.0067101459549294409 0.0037020822330965219 -0.046848791345551297 -0.050286863514740057 -0.002739150562648104
leaf_weight=1.5063852597377292 54.355320839211345 72.036696831812151 56.494321085512638 18.534509483724833 99.838767712935805 77.02385272923857 145.07247525453568 11.465089818462728 122.7662196829915 89.963533541187644 73.691372077912092 157.52052627503872 80.514614614658058 8.4095954485237581 2.3262980087893084 107.75090911984444
leaf_count=652 686 3672 359 187 1284 787 974 160 684 653 620 845 693 338 619 676
internal_value=0.00108231 0.000361892 -0.00646244 -0.019422 0.000984134 0.00173763 0.000862383 -0.00273915 0.00157034 -0.000430522 0.00326392 0.00417676 0.00666104 -0.0397401 -0.0241423 -0.00273915
internal_weight=1179.27 1044.4 87.2711 30.7768 957.129 857.291 780.267 83.5018 696.765 394.172 163.655 302.593 134.87 12.2423 3.83268 230.517
internal_count=13889 12510 2155 1796 10355 9071 8284 3832 4452 2633 1273 1819 1379 1609 1271 1360
is_linear=0
shrinkage=0.05


Tree=126
num_leaves=23
num_cat=0
split_feature=1 1 0 1 1 1 1 1 1 1 0 1 1 0 1 1 1 1 1 1 1 1
split_gain=2.62084 3.13581 1.84971 1.18981 1.58931 1.26115 2.13754 1.50755 0.638829 0.462665 3.31122 1.32019 0.897204 1.52239 0.531506 0.38295 0.408294 0.378477 0.356573 0.472558 0.338632 2.44641e-07
threshold=41.300507000000003 37.070985 110.08070000000002 19.077816000000002 16.364561000000005 15.279829000000001 13.120537000000002 -3.5790154999999992 18.444922000000002 32.199767000000008 96.115375000000014 27.619730000000004 28.453457000000004 99.446175000000025 25.127249000000003 21.446952500000005 20.573768500000003 26.053299000000006 22.500583500000001 23.735467500000002 11.294609000000001 8.4871610000000022
decision_type=2 2 2 2 2 2 2 2 2 2 2 2 2 2 2 2 2 2 2 2 2 2
left_child=1 2 3 4 5 6 7 -1 -6 11 -11 14 -13 -14 15 16 -5 -16 -17 -20 21 -9
right_child=-2 -3 -4 9 8 -7 -8 20 -10 10 -12 12 13 -15 17 18 -18 -19 19 -21 -22 -23
leaf_value=0.0054726357687027126 -0.010466501540677874 0.014393471352584614 0.010672594067689464 0.00051129696442308735 0.0016283433461436103 -0.05083313441033438 0.0054726357687027126 -0.05016593270999762 -0.0082035749150470693 -0.0089141993419950445 0.0054726357687027126 -0.0088132325694723623 -0.0052991926846120592 0.0053322790674488578 0.0054726357687027126 -0.0029195849640861085 0.0054726357687027126 0.0017280445465926064 0.0028512523478288225 -0.0015762197080539013 -0.024628140148938171 -0.050191556352553762
leaf_weight=1.5272859656251938 50.035534601658583 43.484358298592269 44.586939844302833 97.94093179795891 40.351177322678268 2.8253806352149686 3.4677590993233025 2.3271309192059575 27.975970006082207 40.599787533283234 45.424228983931243 52.300980744883418 86.26120238378644 55.233707524836063 73.794119998812675 95.475096088834107 69.594348541460931 100.57781506516039 123.48907867446542 117.71922702342272 1.9482479759026317 1.553252571087796
leaf_count=354 378 449 578 784 919 402 785 1013 315 264 798 411 531 944 528 567 457 796 737 767 510 615
internal_value=0.000731224 0.00122773 0.000700062 0.000272677 -0.00550886 -0.0210856 -0.0133203 -0.0298281 -0.00239725 0.000767192 0.00426561 0.000422221 -0.00321748 -0.00114911 0.00146167 0.000638764 0.00259215 0.0038412 -0.000333252 0.00069047 -0.0416366 -0.0501762
internal_weight=1178.49 1128.46 1084.97 1040.39 81.9762 13.6491 10.8237 7.35592 68.3271 958.411 86.024 872.387 193.796 141.495 678.591 504.219 167.535 174.372 336.683 241.208 5.82863 3.88038
internal_count=13902 13524 13075 12497 4913 3679 3277 2492 1234 7584 1062 6522 1886 1475 4636 3312 1241 1324 2071 1504 2138 1628
is_linear=0
shrinkage=0.05


Tree=127
num_leaves=20
num_cat=0
split_feature=1 1 0 1 0 1 1 0 1 1 1 1 1 1 1 1 1 1 1
split_gain=1.51512 3.86658 3.56263 1.62677 0.82237 0.660162 0.600784 0.57486 0.579838 1.66816 0.587902 0.559389 0.544533 0.212235 0.369119 0.16941 0.0430037 2.01669e-05 1.72669e-06
threshold=18.240351000000004 13.120537000000002 106.03855000000001 -2.1947644999999993 103.96202500000001 36.069474500000005 16.841387000000005 93.944415000000006 29.485594500000001 26.854381500000006 25.330475000000003 28.144946000000001 32.199767000000008 22.097619500000004 19.865962000000007 23.649342000000004 21.077699500000005 11.294609000000001 6.278925000000001
decision_type=2 2 2 2 2 2 2 2 2 2 2 2 2 2 2 2 2 2 2
left_child=1 3 4 -1 6 7 -3 -2 9 10 13 -11 -10 14 -9 -15 -16 18 -5
right_child=5 2 -4 17 -6 -7 -8 8 12 11 -12 -13 -14 15 16 -17 -18 -19 -20
leaf_value=0.0014736580019834851 -0.0044092353415006854 -0.050279213195010886 0.0054521552210577799 -0.050237798918041303 -0.01047828001680411 -0.0043969699079063574 -0.02320778225438808 -0.0012452976829655966 -0.0021675462651957202 0.0087556399458646791 -0.0021675462651957202 0.0020913066427457306 0.0032578771805789187 -0.0017995713364691527 0.0018046999296489005 0.0006352940815355549 0.0033061686316137083 -0.050456266109675546 -0.050301740887345708
leaf_weight=1.931955142179502 77.423106015659869 3.324857135768978 34.646610325668007 1.658745826105587 6.9208535836078218 107.10843417793512 5.3426575819030404 94.860634436830878 80.786469067446887 71.835038777440786 103.30721399746835 56.061023741029203 50.424232135526836 147.81588378176093 93.449374118819833 138.25484059378505 97.385831717401743 2.4530256467405707 2.9045996689237654
leaf_count=424 990 933 521 673 293 992 375 742 936 583 768 589 802 822 560 876 532 534 986
internal_value=-0.00107667 -0.00887318 -0.0034793 -0.0391539 -0.0233303 -0.000664216 -0.0335924 -0.000268993 7.41428e-05 0.000598608 -0.000393347 0.00583444 -0.00216755 0.000339858 0.00130381 -0.000622828 0.00257092 -0.0503406 -0.0502785
internal_weight=1177.9 59.1833 50.235 8.94833 15.5884 1118.71 8.66751 1011.6 934.181 802.97 675.074 127.896 131.211 571.767 285.696 286.071 190.835 7.01637 4.56335
internal_count=13931 4739 2122 2617 1601 9192 1308 8200 7210 5472 4300 1172 1738 3532 1834 1698 1092 2193 1659
is_linear=0
shrinkage=0.05


Tree=128
num_leaves=21
num_cat=0
split_feature=1 0 0 1 1 0 1 1 1 1 1 1 1 1 1 1 1 1 1 1
split_gain=2.45442 1.75031 2.70651 1.66232 1.49446 1.37243 1.20202 1.05557 0.789809 0.543404 2.10294 0.358795 0.358413 0.842861 0.305214 0.242855 0.216474 0.492398 0.12793 0.00514641
threshold=20.994913500000003 109.72039500000001 99.803720000000013 20.365479500000003 36.069474500000005 96.565635000000015 19.865962000000007 29.939734000000005 21.920208500000005 19.170901000000004 17.191724000000004 13.2544795 24.195836000000003 25.330475000000003 31.883990000000001 23.338152500000003 26.155499500000001 28.680048500000002 27.619730000000004 33.535955500000007
decision_type=2 2 2 2 2 2 2 2 2 2 2 2 2 2 2 2 2 2 2 2
left_child=1 2 5 6 7 11 9 8 -2 10 -4 -1 15 -14 -9 -10 -15 18 -18 -16
right_child=4 -3 3 -5 -6 -7 -8 14 12 -11 -12 -13 13 16 19 -17 17 -19 -20 -21
leaf_value=-0.028609978532766669 0.0057606513125211213 0.0061144803226029507 -0.014391681689154862 -0.013144674998406079 -0.0042064162534298268 -0.014391681689154862 1.4775308463338063e-05 0.0084756721169287029 0.00039711512468116944 -0.010421136544544985 1.4775308463338063e-05 -0.050610590192878294 0.0057172136213875626 -0.0022391842644849378 0.0043102988937527165 -0.0030190730817352706 0.0036505204844233252 -0.0030296582360116267 0.00074668745880122358 0.0035104536562382419
leaf_weight=1.9566729973885255 86.637511149048805 34.451766828075051 14.856465776567346 40.830299489200115 104.5956752197817 11.556198211270383 30.153043180704117 66.727699602022767 130.14498885348439 37.546250149607658 59.108157401904464 4.585670004831627 92.81638971157372 67.855997620150447 39.418273014947772 86.668859687633812 91.364635491743684 55.720867650583386 64.850467758253217 41.0589887984097
leaf_count=924 542 384 2077 197 978 885 159 709 804 239 566 764 649 503 492 549 747 605 545 548
internal_value=0.000267131 -0.0042968 -0.00608493 -0.00425593 0.00142326 -0.0245274 -0.00169402 0.00213851 0.00130308 -0.0055222 -0.00303538 -0.0428283 0.000647869 0.00158838 0.00597536 -0.000968467 0.000218713 0.00100566 0.00244504 0.00390222
internal_weight=1162.9 235.045 200.593 182.494 927.86 18.0985 141.664 823.265 676.06 111.511 73.9646 6.54234 589.422 372.608 147.205 216.814 279.792 211.936 156.215 80.4773
internal_count=13866 6195 5811 3238 7671 2573 3041 6693 4944 2882 2643 1688 4402 3049 1749 1353 2400 1897 1292 1040
is_linear=0
shrinkage=0.05


Tree=129
num_leaves=18
num_cat=0
split_feature=1 1 0 1 0 0 1 1 1 1 1 1 1 1 1 1 0
split_gain=1.616 1.90225 1.77968 1.01354 0.835643 5.5636 0.544888 0.598686 1.47151 0.811778 0.598195 2.06816 0.344018 0.589338 0.272285 0.194731 0.106178
threshold=31.078967000000002 33.159111500000009 110.08070000000002 39.339145500000008 93.944415000000006 90.008635000000012 29.709762000000001 22.384542500000002 24.018968000000005 25.684316000000003 19.170901000000004 17.542188000000003 26.757239000000002 27.925993000000002 26.053299000000006 20.682076000000006 96.436265000000006
decision_type=2 2 2 2 2 2 2 2 2 2 2 2 2 2 2 2 2
left_child=2 -2 4 16 5 14 7 10 -9 -10 11 -6 -11 -14 -1 -12 -3
right_child=1 3 -4 -5 6 -7 -8 8 9 12 15 -13 13 -15 -16 -17 -18
leaf_value=-0.027726120445059694 0.012901098565844741 -0.0032156890369281783 0.0093493160287753709 0.0064091178494266286 -0.0036536142321893813 -0.0036536142321893813 -0.0036536142321893813 0.0042818333723219767 -0.0036536142321893813 0.0039606171242197426 -0.0036536142321893813 0.0042818333723219767 -0.0036536142321893813 0.0027005941818774538 -0.04156733457291005 -0.0016283209298383211 0.00020149811316332698
leaf_weight=6.4289111242396739 51.21397789567709 48.749271832406521 45.442571446299553 68.924969039857388 22.099102087086067 38.464444799814373 48.236321303993464 149.43005054444075 132.17879411950707 70.332170009613037 99.450932048261166 59.033338717184961 68.030486380681396 76.79071447532624 7.9433540515601635 146.66966789029539 42.59332706220448
leaf_count=1000 649 318 561 551 3209 756 479 816 835 507 663 633 533 775 126 797 787
internal_value=0.000551895 0.00451238 -0.000311106 0.00183174 -0.000785649 -0.00689144 -0.000415791 -8.28531e-05 0.00101103 -0.00080661 -0.00174334 0.00197995 0.00109165 -0.00030166 -0.035376 -0.0029707 -0.00162224
internal_weight=1182.01 211.482 970.531 160.268 925.088 52.8367 872.252 824.015 496.762 347.332 327.253 81.1324 215.153 144.821 14.3723 246.121 91.3426
internal_count=13995 2305 11690 1656 11129 1882 9247 8768 3466 2650 5302 3842 1815 1308 1126 1460 1105
is_linear=0
shrinkage=0.05


Tree=130
num_leaves=21
num_cat=0
split_feature=1 1 1 1 1 1 1 1 0 1 1 0 1 1 1 1 0 1 1 1
split_gain=6.36212 7.19163 0.733408 1.58881 2.00588 1.37703 1.11782 0.981318 0.456253 6.66971 0.520488 0.294964 0.663009 0.188795 0.93624 1.03533 0.940852 0.345321 0.26109 0.616112
threshold=42.330055500000007 37.468544500000007 27.082220500000002 28.243602000000006 29.124218000000003 31.713469500000006 33.535955500000007 26.053299000000006 95.769255000000015 23.839913000000003 24.283802500000004 94.28288000000002 19.557639500000004 22.500583500000001 21.920208500000005 21.526355500000005 110.08070000000002 21.163659000000006 19.865962000000007 17.191724000000004
decision_type=2 2 2 2 2 2 2 2 2 2 2 2 2 2 2 2 2 2 2 2
left_child=1 2 7 -4 -5 -6 -7 8 9 11 13 12 -1 14 15 16 17 18 19 -10
right_child=-2 -3 3 4 5 6 -8 -9 10 -11 -12 -13 -14 -15 -16 -17 -18 -19 -20 -21
leaf_value=-0.033640565920551327 -0.017967343511347409 0.021302368121771768 0.0092364335303882373 -0.008836361427762519 0.0072171297645866155 -0.0072256645138323323 0.0032963831983509294 -0.0058039544957302078 -0.0020095724049544544 -0.0020095724049544544 -0.0020095724049544544 -0.026273126365220747 -0.051995653884898754 0.0028369091108874887 -0.0020095724049544544 0.010106404029620396 0.008835807329521583 -0.0020095724049544544 0.002833161865414476 0.0021654114094249262
leaf_weight=3.1457824027165753 43.58081841468811 44.067407262511551 72.198333710432053 44.273638838902116 96.684913227334619 43.16507925838232 60.787006541155279 69.56545751541853 17.454463956295513 25.124001631513238 124.93794859200716 5.2514898059889665 6.4687854237854481 163.82566764578223 50.490105614066124 35.458312481641769 33.999347077682614 32.023327857255936 96.570049850270152 100.44458210654557
leaf_count=1217 344 430 582 421 1044 554 768 552 2870 219 860 296 327 925 261 184 364 176 561 994
internal_value=0.000777279 0.00150281 0.000696325 0.00271801 0.000796415 0.00292204 -0.00107279 -0.000141971 0.000424602 -0.0047602 0.000741054 -0.0358029 -0.041008 0.0014259 0.000795079 0.00205629 0.00103864 -3.68484e-05 0.000905563 -0.000673315
internal_weight=1169.52 1125.94 1081.87 317.109 244.911 200.637 103.952 764.759 695.194 39.9901 655.204 14.8661 9.61457 530.266 366.44 315.95 280.492 246.492 214.469 117.899
internal_count=13949 13605 13175 3369 2787 2366 1322 9806 9254 2059 7195 1840 1544 6335 5410 5149 4965 4601 4425 3864
is_linear=0
shrinkage=0.05


Tree=131
num_leaves=21
num_cat=0
split_feature=1 1 0 1 1 1 1 1 1 1 1 1 1 1 1 1 1 1 1 1
split_gain=0.834589 1.70655 3.17111 1.17536 1.66519 1.63611 0.749768 0.698741 0.944145 1.01021 0.589118 0.37591 3.2043 0.359101 1.19303 0.348808 0.276521 0.6262 0.147516 7.65167e-08
threshold=23.250302500000004 19.465683500000004 101.68764500000002 28.912007000000006 30.798634000000003 33.91536150000001 21.446952500000005 27.619730000000004 25.127249000000003 26.053299000000006 20.573768500000003 17.864685000000005 15.430146500000001 18.107568000000004 -1.0470689999999998 39.339145500000008 14.744388500000001 12.37438 24.121139500000002 8.8289255000000022
decision_type=2 2 2 2 2 2 2 2 2 2 2 2 2 2 2 2 2 2 2 2
left_child=1 2 13 7 -5 -6 10 8 18 -10 -3 12 -4 14 -1 -7 17 19 -2 -16
right_child=3 6 11 4 5 15 -8 -9 9 -11 -12 -13 -14 -15 16 -17 -18 -19 -20 -21
leaf_value=-0.011941212077543291 -0.005210913039671969 0.0038273811683609787 -0.011941212077543291 0.0082762518921415569 -0.0060412814715367965 0.00064344202780786076 0.0019841763063387793 -0.0064595212134140106 0.00588884120260574 -0.0018054666680817324 0.01004316029583139 -0.0017315911589101515 0.013493898135680854 -0.015926399776964497 -0.050068519535840184 0.0056889129395013881 -0.050584047423799683 -0.011941212077543291 -0.002288856466728439 -0.050090707308283799
leaf_weight=1.5426879564765821 86.482394515536726 78.431553356349468 9.0786141413263959 78.528241632506251 77.485501727089286 71.949564673937857 164.74810747150332 74.767087241634727 74.145218033343554 100.45620579272509 74.167009462602437 72.442368134856224 27.705021742032841 6.9356669862754643 0.81513258238555886 65.384051850065589 4.0270141692599282 0.82321704667992879 86.285703413188457 0.7425298907328397
leaf_count=411 542 585 1487 820 982 895 1016 648 535 802 485 460 583 308 624 531 692 401 593 454
internal_value=0.000669415 0.00237906 -0.00259195 -0.000385447 0.00204559 -0.000232066 0.00432318 -0.0020748 -0.00113104 0.00146195 0.00684842 0.000358571 0.00447497 -0.024241 -0.0314942 0.00304557 -0.0425976 -0.0290894 -0.00375155 -0.0500791
internal_weight=1156.94 441.459 124.112 715.484 293.347 214.819 317.347 422.137 347.37 174.601 152.599 109.226 36.7836 14.8862 7.95058 137.334 6.40789 2.38088 172.768 1.55766
internal_count=13854 7506 5420 6348 3228 2408 2086 3120 2472 1337 1070 2530 2070 2890 2582 1426 2171 1479 1135 1078
is_linear=0
shrinkage=0.05


Tree=132
num_leaves=22
num_cat=0
split_feature=1 1 0 1 1 1 1 1 1 1 1 1 1 1 1 1 1 1 1 1 1
split_gain=1.42247 1.64917 0.954237 0.806468 0.512156 0.48388 0.427699 2.63912 0.803515 0.422202 0.867864 0.74677 0.494126 0.250194 0.363202 0.178169 0.168141 0.295918 0.0142357 5.26974e-08 1.0093e-07
threshold=41.300507000000003 37.070985 110.08070000000002 23.933218000000004 25.330475000000003 23.338152500000003 18.107568000000004 13.120537000000002 17.741842000000002 29.124218000000003 27.619730000000004 26.155499500000001 32.765833500000006 -3.5790154999999992 11.294609000000001 16.841387000000005 21.526355500000005 19.665748000000004 30.346104000000004 8.8289255000000022 4.4345520000000009
decision_type=2 2 2 2 2 2 2 2 2 2 2 2 2 2 2 2 2 2 2 2 2
left_child=1 2 3 5 -5 6 7 13 15 10 11 -6 18 -1 19 -9 17 -8 -11 20 -15
right_child=-2 -3 -4 4 9 -7 16 8 -10 12 -12 -13 -14 14 -16 -17 -18 -19 -20 -21 -22
leaf_value=-0.017516265209949231 -0.0088816883810621475 0.0095243672651238592 0.0066138678835108815 0.0028827296565944699 -0.003648442450280294 -0.0065796462291287583 0.00050088164304606627 0.0028827296565944699 -0.013105693424967044 0.0016608597712788288 -0.0059238877795603226 0.0028827296565944699 -0.001844475857579557 -0.050166759219538615 -0.022311965198126043 -0.0026076901342297829 -2.1726907606830896e-05 -0.003471867681229663 0.0028827296565944699 -0.050169564118020663 -0.050145283447752244
leaf_weight=1.5283629270270456 48.733427919447422 42.338216606527567 44.706335091032088 118.02829906716943 66.245912505313754 59.24916785210371 70.206576938042417 10.028503269422801 10.031325453892348 49.8042959459126 81.905963525176048 91.681548776105046 73.963613237254322 1.1469809038098908 1.78876144986134 15.310847181826828 165.0884903119877 141.03903356567025 67.12693668436259 1.1955787696642799 1.0460522222565485
leaf_count=370 377 431 598 778 474 359 769 1375 154 520 710 742 922 512 529 414 992 962 783 550 567
internal_value=-0.000520334 -0.000154378 -0.000536949 -0.000848409 0.00045918 -0.00235062 -0.00175177 -0.00653262 -0.0010803 -0.000350796 -0.00174739 0.000418666 0.00140384 -0.035292 -0.0405393 0.00288273 -0.00121724 -0.00215154 0.00288273 -0.0501611 -0.0501565
internal_weight=1162.19 1113.46 1071.12 1026.42 548.757 477.66 418.411 42.0764 35.3707 430.728 239.833 157.927 190.895 6.70574 5.17737 25.3394 376.334 211.246 116.931 3.38861 2.19303
internal_count=13888 13511 13080 12482 4929 7553 7194 4471 1943 4151 1926 1216 2225 2528 2158 1789 2723 1731 1303 1629 1079
is_linear=0
shrinkage=0.05


Tree=133
num_leaves=21
num_cat=0
split_feature=0 1 1 1 1 1 1 1 1 1 1 1 1 1 1 1 1 1 1 1
split_gain=0.946647 1.21686 0.691753 1.58573 1.09653 1.44073 0.987776 0.389084 0.303837 1.01255 0.467196 0.649885 0.411775 1.30199 0.729883 1.40214 0.649149 0.218895 0.379668 1.42893e-07
threshold=110.08070000000002 21.526355500000005 19.771262000000004 17.988684500000002 13.120537000000002 -3.5790154999999992 16.942525500000006 11.294609000000001 22.867815500000003 23.583983500000006 24.657355000000003 25.684316000000003 26.972914500000005 27.925993000000002 29.709762000000001 31.078967000000002 41.300507000000003 33.159111500000009 35.746358500000007 7.5255670000000006
decision_type=2 2 2 2 2 2 2 2 2 2 2 2 2 2 2 2 2 2 2 2
left_child=1 2 3 4 5 -1 -6 19 -3 -10 -11 -12 -13 -14 -15 -16 17 -17 -19 -7
right_child=-2 8 -4 -5 6 7 -8 -9 9 10 11 12 13 14 15 16 -18 18 -20 -21
leaf_value=0.003689220403012972 0.0073895266035821396 0.0031584505294021421 -0.0055353140928272202 0.003689220403012972 0.003689220403012972 -0.050144778458549359 -0.011418541967619121 -0.020835640181166994 -0.0052691589517822645 0.003689220403012972 -0.0034568242135196133 0.003689220403012972 -0.0062442102218524531 0.003689220403012972 -0.0069549710507355788 0.003689220403012972 -0.0029734589568665665 -0.0020627283130347893 0.003689220403012972 -0.050165322603742124
leaf_weight=1.454525408335029 44.926592293195426 123.97470170864835 133.99791117804125 78.574553113430738 10.934413166367451 1.7197246934520083 20.776795913698152 1.6994135159766299 69.369097644463181 97.392641415819526 87.105018693953753 93.408523619174957 60.491729104891419 90.112088323570788 54.492210434749722 50.849374409765005 48.588078137487173 45.237865759991109 59.613896841183305 1.6666972186067139
leaf_count=364 602 728 927 842 1455 894 470 513 417 631 588 706 467 868 525 631 376 584 627 786
internal_value=0.000271546 -1.10858e-05 -0.00308353 -0.000271371 -0.0086212 -0.0272619 -0.00477661 -0.040358 0.000864013 0.000488082 0.00106917 0.000530419 0.00122118 0.00052763 0.00170174 0.000171167 0.002072 0.00364648 0.00140408 -0.0501549
internal_weight=1176.39 1131.46 250.824 116.826 38.2516 6.54036 31.7112 5.08584 880.635 756.661 687.291 589.899 502.794 409.385 348.894 258.781 204.289 155.701 104.852 3.38642
internal_count=14001 13399 6251 5324 4482 2557 1925 2193 7148 6420 6003 5372 4784 4078 3611 2743 2218 1842 1211 1680
is_linear=0
shrinkage=0.05


Tree=134
num_leaves=22
num_cat=0
split_feature=1 1 1 1 1 1 1 1 1 1 1 1 1 1 1 1 1 1 1 1 1
split_gain=1.64677 0.845083 2.11843 2.65516 2.89703 1.4796 2.52108 0.775299 1.79709 0.955019 0.756828 2.23652 1.3545 0.780475 0.602395 0.834918 0.717449 0.301724 0.200816 2.71204e-06 3.37005e-08
threshold=20.682076000000006 19.771262000000004 19.465683500000004 19.170901000000004 18.973988500000001 15.430146500000001 17.741842000000002 11.294609000000001 -3.5790154999999992 13.583680000000003 36.069474500000005 32.199767000000008 28.680048500000002 25.968755500000004 24.657355000000003 23.583983500000006 21.920208500000005 30.484082000000004 27.318099500000006 5.4608625000000011 9.115689500000002
decision_type=2 2 2 2 2 2 2 2 2 2 2 2 2 2 2 2 2 2 2 2 2
left_child=1 2 3 4 5 7 -7 8 -1 -9 11 12 13 14 15 16 -2 -14 -15 -10 -21
right_child=10 -3 -4 -5 -6 6 -8 9 19 -11 -12 -13 17 18 -16 -17 -18 -19 -20 20 -22
leaf_value=0.012026751845362477 0.0035704652086849045 -0.0079973187703571043 0.013959055580316152 -0.021552920081485807 0.023614818794872636 0.011712822677536934 -0.0070177232029152827 0.012015441436859382 -0.0502136077829404 -0.024880719241058207 -0.0026284517027022687 0.010394220437773818 -0.0055885721956146842 0.0065100023842308693 -0.0023543522204193235 0.0059302465143660386 -0.0016284662333760852 -0.00065188288529535786 0.0031462757946523461 -0.050293619773168464 -0.050304652636239261
leaf_weight=1.6048248624429069 113.25570552190766 69.207644184585661 19.700252168811858 17.818393235094845 10.986907430924473 26.37632623699028 56.334160348633304 3.1998858239967376 1.3806600989773885 3.8809784178156406 103.78107720334083 70.939907587133348 75.958139291964471 91.146440776064992 105.0326396394521 96.664747612550855 160.25968096544966 52.236545141786337 86.460153629072011 1.3278476293198767 1.4457611597608773
leaf_count=374 713 492 162 160 112 1041 607 730 642 713 957 933 815 724 747 644 974 596 703 566 545
internal_value=0.000516401 -0.00345634 -0.00127475 -0.00368807 -0.000700166 -0.00349603 -0.00104456 -0.0192876 -0.0329111 -0.00820712 0.00140288 0.00189396 0.00112188 0.00204459 0.000987684 0.00193593 0.000524278 -0.00357698 0.00487252 -0.0502709 -0.0502994
internal_weight=1169 213.264 144.056 124.356 106.537 95.5504 82.7105 12.84 5.75909 7.08086 955.735 851.954 781.014 652.819 475.213 370.18 273.515 128.195 177.607 4.15427 2.77361
internal_count=13950 6144 5652 5490 5330 5218 1648 3570 2127 1443 7806 6849 5916 4505 3078 2331 1687 1411 1427 1753 1111
is_linear=0
shrinkage=0.05


Tree=135
num_leaves=23
num_cat=0
split_feature=1 1 0 1 1 1 1 1 0 1 1 1 1 1 1 1 1 0 1 1 1 1
split_gain=2.46005 1.21708 2.02191 1.01658 0.94836 0.981995 0.851893 1.04122 0.733867 0.683672 1.08621 0.671437 1.83149 0.554163 0.403219 0.345788 1.27988 0.276557 0.0759327 0.0418369 2.58879e-06 6.59336e-08
threshold=24.121139500000002 39.339145500000008 104.14552000000002 23.250302500000004 22.184146000000002 21.920208500000005 19.865962000000007 15.811577000000002 105.82077500000001 28.243602000000006 26.659201500000005 11.294609000000001 -3.5790154999999992 31.078967000000002 21.077699500000005 18.351030500000004 17.741842000000002 106.57971000000002 34.150373000000009 13.583680000000003 5.4608625000000011 9.115689500000002
decision_type=2 2 2 2 2 2 2 2 2 2 2 2 2 2 2 2 2 2 2 2 2 2
left_child=3 2 9 4 5 6 7 11 -4 10 -2 12 -1 -11 -8 16 -9 19 -15 -13 -14 -22
right_child=1 -3 8 -5 -6 -7 14 15 -10 13 -12 17 20 18 -16 -17 -18 -19 -20 -21 21 -23
leaf_value=0.013586626470113806 -0.0012267778593629407 0.0073438067242028006 0.0043537425797648263 -0.0084175905175072046 0.001873755037560018 -0.012880081394591042 0.0015538539948516731 0.0068342931633210251 0.015043067135467337 -0.0051057161073496879 0.0043537425797648263 -0.014247795310340934 -0.050199375904345339 -0.0015583290266481741 -0.0032864333555103487 -0.0062413321918002897 -0.0094764692519583218 -0.0025830706745658344 0.00082182986606757187 -0.025503941288013882 -0.050277552416850294 -0.050293203661846586
leaf_weight=1.5658106876071514 178.6127408798784 69.504320442676544 27.8377092666924 87.627050627954304 96.083867456763983 27.070969556458294 97.1900256392546 25.112062113825232 28.317632427439094 113.63636508211493 90.717813398689032 1.3933548936620339 1.2600940183619989 66.524366978555918 77.206748073920608 88.478773194830865 23.081738613545895 5.1637130104936659 67.517614241689444 2.0255829969537444 1.2326936181634667 1.4817486258107235
leaf_count=366 1003 568 559 551 605 159 657 877 956 895 563 580 620 682 484 821 277 328 677 690 547 568
internal_value=-0.000990677 0.00109539 0.000337686 -0.00349201 -0.00252934 -0.00373033 -0.00296865 -0.00572077 0.00934852 -0.000641033 0.00110256 -0.0186456 -0.0322147 -0.00253706 -0.000588977 -0.00438519 -0.000977516 -0.00988632 -0.000359431 -0.0209166 -0.0502586 -0.0502861
internal_weight=1178.64 642.669 573.164 535.974 448.347 352.263 325.192 150.796 56.1553 517.009 269.331 14.123 5.54035 247.678 174.397 136.673 48.1938 8.58265 134.042 3.41894 3.97454 2.71444
internal_count=14033 5903 5335 8130 7579 6974 6815 5674 1515 3820 1566 3699 2101 2254 1141 1975 1154 1598 1359 1270 1735 1115
is_linear=0
shrinkage=0.05


Tree=136
num_leaves=22
num_cat=0
split_feature=1 1 0 0 1 1 1 1 1 1 0 1 1 1 1 1 1 1 1 1 1
split_gain=1.78641 1.09582 3.76253 3.4452 2.53587 1.68599 1.54516 1.37719 1.23506 1.03645 0.994908 0.98457 0.681023 0.744777 1.23749 0.533951 0.501703 1.10528 0.419622 0.193744 2.06607e-07
threshold=39.339145500000008 22.954624000000003 99.016025000000027 105.11545000000001 20.573768500000003 22.097619500000004 31.883990000000001 21.621241500000004 24.121139500000002 13.725520000000001 96.648380000000017 -5.1133954999999984 21.163659000000006 19.385593500000002 16.841387000000005 26.659201500000005 26.053299000000006 27.200419000000004 29.124218000000003 24.454294000000001 6.7235870000000011
decision_type=2 2 2 2 2 2 2 2 2 2 2 2 2 2 2 2 2 2 2 2 2
left_child=1 2 4 6 9 7 16 12 -5 11 -8 -1 13 14 -4 -10 19 -18 -19 -3 -13
right_child=-2 3 5 8 -6 -7 10 -9 15 -11 -12 20 -14 -15 -16 -17 17 18 -20 -21 -22
leaf_value=-0.0094832408106893876 0.0080867469143655508 0.0010867648696414164 -0.0094832408106893876 0.0059193523960255475 -0.0094832408106893876 -0.0081768503607453583 -0.0099672193527726438 0.0087522235769256079 0.024059829688397743 -0.045740971221548993 -0.00052803533051748008 -0.050113350369162923 -0.007185432582130908 0.0027531020723323054 -0.00025321679496417046 0.01174907080273341 -0.006126377365886883 -0.0008935583884866745 0.0036675717472524172 0.0039678419776320983 -0.050076144109067744
leaf_weight=0.92214473756029969 65.065568067133427 113.54130825120956 17.302245270693675 25.536779761314392 24.550008344464004 67.677505664527416 60.535733535885811 43.742772899568081 18.928472306579351 8.7464225105941278 51.806754881516099 0.7296412317664378 36.227927803993225 129.26144883036613 94.834886346012354 16.473337936215103 67.716872710734606 107.14097010716796 95.259942937642336 120.05005821399391 0.76362831640290096
leaf_count=248 533 626 2396 229 405 345 402 210 390 1008 812 473 179 707 875 779 449 757 857 689 584
internal_value=3.61945e-05 -0.000439244 -0.00243 0.000809803 -0.0179622 -0.00100425 -0.000312019 0.000506235 0.0121507 -0.0377321 -0.00561434 -0.00948324 -0.000793002 0.000166343 -0.00281544 0.0183313 0.00087056 -0.000596862 0.00125314 0.00256744 -0.0500943
internal_weight=1166.81 1101.75 424.759 676.99 35.7118 389.047 616.052 321.369 60.9386 11.1618 112.342 2.41541 277.627 241.399 112.137 35.4018 503.709 270.118 202.401 233.591 1.49327
internal_count=13953 13420 7430 5990 2718 4712 4592 4367 1398 2313 1214 1305 4157 3978 3271 1169 3378 2063 1614 1315 1057
is_linear=0
shrinkage=0.05


Tree=137
num_leaves=23
num_cat=0
split_feature=1 1 1 1 1 0 0 0 1 1 1 0 1 1 1 1 1 1 1 1 1 1
split_gain=4.2885 7.89409 1.2278 2.26436 1.73655 1.39241 1.34165 1.46055 1.06831 2.622 1.91615 2.49194 1.61377 0.999891 0.943808 0.563142 0.411777 0.407023 0.104568 0.0538692 4.17637e-06 3.27053e-08
threshold=42.330055500000007 37.809573000000007 27.420587000000001 26.659201500000005 34.428347500000008 100.27702000000001 102.41856000000001 103.89934500000001 22.184146000000002 21.163659000000006 16.841387000000005 107.35807000000001 23.161274500000001 -2.1947644999999993 19.385593500000002 25.127249000000003 18.444922000000002 14.589744500000002 29.709762000000001 23.933218000000004 11.506196500000003 8.4871610000000022
decision_type=2 2 2 2 2 2 2 2 2 2 2 2 2 2 2 2 2 2 2 2 2 2
left_child=1 2 3 8 5 18 -7 -8 9 10 11 13 -10 -1 16 19 -12 20 -4 -14 21 -15
right_child=-2 -3 4 -5 -6 6 7 -9 12 -11 14 -13 15 17 -16 -17 -18 -19 -20 -21 -22 -23
leaf_value=-0.013907936780851905 -0.015322574464636685 0.022092577729313525 0.0031058170126955663 -0.012103925040905204 -0.0060228271472488205 0.0057057466613691576 0.011255075370471226 0.026761296432562965 0.0074572613218184536 -0.0095682541750158525 0.0011360846003755796 0.0036029968951081432 -0.001116112176094923 -0.050077529500869189 0.0041667761479222678 0.0023578658750837232 -0.0054032625483823047 -0.028760984272443793 0.0006463494152146585 -0.002847922497692155 -0.050180993121826369 -0.050090405075781358
leaf_weight=1.6065182744059718 42.833410609513521 41.895178318023682 79.20522565767169 43.973936822265387 48.457989446818829 44.878740701824427 17.631838716566563 20.006660515442491 85.349709910340607 93.929804078303277 45.934327662340365 9.8225426878780109 80.708490182645619 1.1618932048440913 136.73078647628427 117.78490630351007 50.58228711085394 4.5369852963485755 95.116200800985098 101.21719487197697 2.3558284912141971 0.85697044659173105
leaf_count=420 334 391 447 379 604 476 311 767 537 586 760 557 497 918 985 881 507 784 689 687 878 594
internal_value=0.000205175 0.000797042 -2.76395e-05 -0.00108379 0.00265879 0.00429676 0.00964765 0.0168044 -0.000422294 -0.00243217 0.000211064 -0.0145068 0.00139162 -0.0314189 0.00149456 -0.000335715 -0.00229105 -0.0392537 0.00176384 -0.00207963 -0.0501358 -0.050083
internal_weight=1166.58 1123.74 1081.85 776.552 305.297 256.839 82.5172 37.6385 732.578 347.518 253.588 20.3407 385.06 10.5182 233.247 299.711 96.5166 8.91168 174.321 181.926 4.37469 2.01886
internal_count=13989 13655 13264 9970 3294 2690 1554 1078 9591 6989 6403 4151 2602 3594 2252 2065 1267 3174 1136 1184 2390 1512
is_linear=0
shrinkage=0.05


Tree=138
num_leaves=20
num_cat=0
split_feature=1 0 1 1 1 0 1 1 1 1 1 1 1 1 1 1 1 1 1
split_gain=2.63213 2.00006 5.53273 1.71799 1.15448 1.11105 0.627536 0.666557 1.33844 0.556464 0.698187 0.460211 0.446406 0.327721 0.198975 0.294416 0.52728 0.00156959 0.000560375
threshold=29.124218000000003 94.28288000000002 24.553758500000004 19.465683500000004 20.776348500000001 111.36509500000001 27.318099500000006 24.954034500000002 23.839913000000003 41.300507000000003 33.91536150000001 26.053299000000006 31.883990000000001 21.826665500000001 23.649342000000004 19.465683500000004 10.543436500000002 22.867815500000003 30.346104000000004
decision_type=2 2 2 2 2 2 2 2 2 2 2 2 2 2 2 2 2 2 2
left_child=1 2 14 5 -5 -3 7 8 13 10 12 -9 18 -6 15 16 -1 -15 -2
right_child=9 3 -4 4 6 -7 -8 11 -10 -11 -12 -13 -14 17 -16 -17 -18 -19 -20
leaf_value=-0.0049612551549731579 0.0061698990086275956 -0.0049512806162427155 -0.0049512806162427155 0.0067286159891949944 -0.00045761451348015289 0.0086500198294737936 -0.003126929484250775 0.0067337103019401035 -0.0049512806162427155 0.0007399566367611533 0.0099976728395584566 0.0012812776890790474 0.0003494654790469947 0.0032992183199710198 -0.031332498396259026 -0.051654598422559921 -0.050210431666821646 0.0030095860746833158 0.0064067066459231881
leaf_weight=1.1067550211446344 51.665396442636847 106.10792558616959 31.412470407783985 91.489143738523126 94.065656596794724 15.014623966068028 90.858877507038414 80.955231243744493 93.309724289923906 50.192150857299566 90.160369032993913 74.145568277686834 46.37035724055022 96.946941506117582 4.0393117330968371 5.3799363975413144 1.5391623112955128 90.390880171209574 48.371096208691597
leaf_count=602 553 4112 270 592 518 168 813 571 576 378 1045 589 595 525 69 316 602 515 529
internal_value=0.00136341 3.36115e-06 -0.0104514 0.000548852 0.00148514 -0.00495128 0.00071223 0.00137062 0.000229618 0.00552173 0.00653628 0.00412719 0.00440467 0.00195038 -0.0403835 -0.0449387 -0.0312833 0.00315947 0.0062844
internal_weight=1163.52 876.762 43.4776 833.285 712.162 121.123 620.673 529.814 374.713 286.759 236.567 155.101 146.407 281.403 12.0652 8.02585 2.64592 187.338 100.036
internal_count=13938 10838 1859 8979 4699 4280 4107 3294 2134 3100 2722 1160 1677 1558 1589 1520 1204 1040 1082
is_linear=0
shrinkage=0.05


Tree=139
num_leaves=18
num_cat=0
split_feature=1 1 1 0 1 1 0 1 0 1 1 1 0 1 1 1 1
split_gain=1.81174 2.8324 1.05197 3.34949 1.38398 1.18206 0.927309 0.63102 0.599974 4.27557 2.92814 1.69924 1.09871 1.69232 1.01733 0.198005 0.0858501
threshold=42.330055500000007 37.468544500000007 31.883990000000001 96.115375000000014 28.035833500000006 29.709762000000001 110.08070000000002 27.318099500000006 103.31033000000001 20.458539500000004 19.969917000000006 19.465683500000004 101.38876500000002 14.744388500000001 20.458539500000004 24.657355000000003 22.954624000000003
decision_type=2 2 2 2 2 2 2 2 2 2 2 2 2 2 2 2 2
left_child=1 2 4 -4 6 -6 7 8 9 10 11 12 13 -1 -10 -11 -16
right_child=-2 -3 3 -5 5 -7 -8 -9 14 15 -12 -13 -14 -15 16 -17 -18
leaf_value=-0.014450055832950419 -0.010124103931777142 0.012609484270359479 -0.015854860978126422 0.0031304357405801328 0.0088633848277082147 0.00023397529064498064 0.0067134523391649192 -0.0063844683578522486 0.0029465638515442259 -0.00024701081105803706 -0.034190914046151634 -0.00024701081105803706 -0.0025073772404001428 -0.040183267078180158 -0.00024701081105803706 -0.0020625382038339216 0.002326986708225271
leaf_weight=3.1875588891562137 42.121306985616684 45.846119815483689 41.076559253036976 53.477025867439806 81.788581110537052 77.087803491391242 43.117205953225493 47.811718158423901 121.64815241890028 210.35689063882455 15.184146258980034 9.1317838844843191 7.9509357828646889 9.0178787616314349 110.6790376752615 160.80776041932404 79.301082599908113
leaf_count=1831 330 437 270 966 835 819 508 357 1910 1374 170 146 598 960 539 893 922
internal_value=5.55451e-05 0.000439251 -8.14146e-05 -0.00511728 0.000405918 0.00467634 -0.00042331 -0.000820325 -0.000454528 -0.00169804 -0.0163724 -0.00713456 -0.0169709 -0.0263927 0.00120402 -0.000247011 -0.000247011
internal_weight=1159.59 1117.47 1071.62 94.5536 977.071 158.876 818.194 775.077 727.265 415.637 44.4723 29.2882 20.1564 12.2054 311.628 371.165 189.98
internal_count=13865 13535 13098 1236 11862 1654 10208 9700 9343 5972 3705 3535 3389 2791 3371 2267 1461
is_linear=0
shrinkage=0.05


Tree=140
num_leaves=20
num_cat=0
split_feature=1 1 1 0 1 1 1 1 1 1 1 1 1 1 1 1 1 1 1
split_gain=1.43215 1.29813 1.00238 1.70297 3.92847 1.32859 0.874715 1.45491 0.763359 0.988467 0.755452 0.676293 1.44389 0.777925 3.38973 0.205748 0.388624 0.381911 0.0938267
threshold=29.124218000000003 28.243602000000006 26.854381500000006 95.403570000000016 24.195836000000003 23.250302500000004 22.184146000000002 17.070639500000002 36.069474500000005 31.570948000000005 -2.1947644999999993 18.973988500000001 20.365479500000003 17.634273500000003 15.145972500000001 25.127249000000003 22.097619500000004 23.338152500000003 33.535955500000007
decision_type=2 2 2 2 2 2 2 2 2 2 2 2 2 2 2 2 2 2 2
left_child=1 2 3 4 5 6 7 10 9 -2 -1 13 -13 14 -5 16 -14 -18 -11
right_child=8 -3 -4 11 -6 -7 -8 -9 -10 18 -12 12 15 -15 -16 -17 17 -19 -20
leaf_value=-0.0053183300452660023 0.0019982888657051972 -0.0086966898429373003 0.0050632326394150495 -0.0053183300452660023 -0.0053183300452660023 -0.055812826286323593 -0.0053183300452660023 -0.050914360403377185 0.00029547718704431509 0.0079184915773370338 -0.05007072333313381 0.0064182837165306737 0.001076611897126764 -0.0053183300452660023 0.016280771436115546 0.001479668056065618 -0.0044174895930446474 -0.00053217013889831255 0.011198962435802973
leaf_weight=0.84649602300487181 92.141782755032182 45.147128592245281 87.745891764760017 9.5236172704026085 26.757607348263264 4.5853155991062513 2.7799233174882829 4.0405515164602548 107.70273879542947 47.952170110307634 1.0164000408840372 90.228553060442209 151.25604976527393 58.042995881754905 22.639640198787674 111.29688985645771 106.28030168265104 156.21048868820071 39.9615518739447
leaf_count=260 989 439 723 2455 227 81 93 428 999 618 898 622 825 533 868 838 580 951 541
internal_value=0.000563837 -0.000439055 8.35997e-06 -0.000586598 -0.0106193 -0.0340402 -0.0225429 -0.033723 0.00362522 0.00561695 -0.00531833 -1.73804e-05 0.000575381 -0.00406045 0.00273801 -0.000428719 -0.00094207 -0.0021053 0.00940964
internal_weight=1166.16 878.398 833.251 745.505 40.0263 13.2687 8.68337 5.90345 287.758 180.056 1.8629 705.479 615.272 90.2063 32.1633 525.044 413.747 262.491 87.9137
internal_count=13968 10821 10382 9659 1987 1760 1679 1586 3147 2148 1158 7672 3816 3856 3323 3194 2356 1531 1159
is_linear=0
shrinkage=0.05


Tree=141
num_leaves=21
num_cat=0
split_feature=1 0 1 0 1 1 1 0 1 1 1 0 1 1 1 1 1 1 1 1
split_gain=1.35688 3.41899 1.40382 1.6588 0.74783 0.454878 1.06578 1.44214 0.567288 0.443829 0.523398 0.485456 0.331813 0.333898 0.315039 0.602469 0.436711 0.296976 0.155354 0.000157575
threshold=18.776802500000002 111.77500500000001 18.351030500000004 104.26212000000002 14.744388500000001 36.069474500000005 31.078967000000002 98.223670000000013 29.485594500000001 28.035833500000006 21.163659000000006 104.14552000000002 17.542188000000003 16.364561000000005 22.954624000000003 25.330475000000003 24.373750000000005 26.854381500000006 14.281418 21.997570500000005
decision_type=2 2 2 2 2 2 2 2 2 2 2 2 2 2 2 2 2 2 2 2
left_child=1 2 3 4 -1 6 8 -8 9 10 11 -2 13 18 19 16 -16 -17 -5 -12
right_child=5 -3 -4 12 -6 -7 7 -9 -10 -11 14 -13 -14 -15 15 17 -18 -19 -20 -21
leaf_value=-0.010455764960896192 -2.0322500916780826e-05 0.02144583470997484 -0.020817672693581216 -0.010455764960896192 -0.029345943434384084 -0.0019725260737429424 0.0013871323980950943 0.013727783471438352 -0.0034640834187026114 0.0050607471110361915 -0.0016371476956708077 0.0054605632034142315 0.0038515580065771934 0.00052846221276546751 0.0010643786161483636 -0.0026947266289758182 0.0057888335848166562 0.0013991434189025208 0.00031721883347587976 -0.0015409357939282081
leaf_weight=4.1040608746989156 65.41324996878393 10.401605970226226 19.167467972962186 4.0947067032102522 9.0496708376449515 104.93817025143653 57.822100035846233 40.086367999203503 67.50704727973789 71.754335637204349 80.983819482382387 105.6563408523798 22.550243780016899 11.713523790240286 131.34986319113523 112.88616321235895 77.936815498396754 72.9104865193367 3.8687319301534444 89.687104911543429
leaf_count=2340 818 131 217 792 1008 985 412 874 670 704 493 490 141 191 848 864 536 586 273 559
internal_value=0.000676182 -0.00540798 -0.00915485 -0.00511832 -0.0206229 0.00115522 0.0014922 0.00643973 0.000939285 0.00130692 0.000941356 0.00336479 -0.000288666 -0.00503346 0.00020857 0.000984056 0.00282373 -0.00108821 -0.0104558 -0.00158659
internal_weight=1163.88 84.95 74.5484 55.3809 13.1537 1078.93 973.994 97.9085 876.085 808.578 736.824 171.07 42.2272 19.677 565.754 395.083 209.287 185.797 7.96344 170.671
internal_count=13932 5093 4962 4745 3348 8839 7854 1286 6568 5898 5194 1308 1397 1256 3886 2834 1384 1450 1065 1052
is_linear=0
shrinkage=0.05


Tree=142
num_leaves=19
num_cat=0
split_feature=1 0 0 1 1 1 1 1 0 1 1 1 1 1 1 1 1 1
split_gain=1.87531 2.41262 3.9895 2.30271 1.65508 1.03408 1.38332 1.21057 0.99613 0.470742 0.876352 0.82817 1.00286 0.350269 0.30695 0.165506 0.0317953 2.94316e-06
threshold=22.384542500000002 99.151430000000019 96.436265000000006 25.330475000000003 26.155499500000001 18.973988500000001 20.458539500000004 17.542188000000003 102.01477000000001 27.318099500000006 29.124218000000003 33.159111500000009 39.339145500000008 18.107568000000004 -2.1947644999999993 30.652786000000003 35.482836500000012 15.811577000000002
decision_type=2 2 2 2 2 2 2 2 2 2 2 2 2 2 2 2 2 2
left_child=1 2 13 8 -5 7 -7 -3 -2 -6 -11 15 16 14 -1 -12 -13 -16
right_child=3 5 -4 4 9 6 -8 -9 -10 10 11 12 -14 -15 17 -17 -18 -19
leaf_value=-0.027482124038587182 0.0024364131513234071 -0.0092561474181448011 -0.0092561474181448011 -0.0076733408271219177 0.0042895802216697436 0.0046297429925092675 -0.0029823444323618326 -0.0013832065290249158 0.0085690381661728317 -0.0040086941320010101 0.0062162073149889807 -0.0035447365173897983 0.0035632965302438884 -0.05193132485449669 -0.050053519820758841 0.0025927383515344932 -0.0054315412259843196 -0.050193208777717359
leaf_weight=0.91571847256273242 145.2424757280387 26.955897716572508 19.850236786354799 69.199466399848461 73.466359004378319 96.606470815837383 156.15858938544989 60.487871360033751 121.69828389212489 103.67607306968421 62.237902131862938 42.855697297491133 66.958718253299594 6.3015186896082014 0.82349264982622095 63.838797932490706 46.613901512697339 0.69558356830384582
leaf_count=279 830 2608 824 503 600 587 770 491 913 916 662 576 549 431 867 817 548 234
internal_value=8.06634e-05 -0.00286665 -0.0168179 0.00144655 -0.00046433 -0.00169438 -7.30147e-05 -0.0063811 0.00523228 0.000620979 -7.69286e-05 0.00136598 -0.00106441 -0.0457081 -0.0296017 0.00438147 -0.00452777 -0.0501175
internal_weight=1164.58 368.795 28.5866 795.788 528.847 340.209 252.765 87.4438 266.941 459.647 386.181 282.505 156.428 8.73631 2.43479 126.077 89.4696 1.51908
internal_count=14005 7091 2635 6914 5171 4456 1357 3099 1743 4668 4068 3152 1673 1811 1380 1479 1124 1101
is_linear=0
shrinkage=0.05


Tree=143
num_leaves=21
num_cat=0
split_feature=1 1 1 0 1 0 1 1 1 1 1 1 1 1 1 1 1 1 1 1
split_gain=3.41249 1.59039 0.809605 1.52086 2.27056 1.95412 1.48796 0.696508 0.597443 1.05834 0.496521 2.36512 0.474503 0.67514 0.896598 0.44172 0.409625 0.386656 0.049538 2.78754e-06
threshold=42.330055500000007 37.468544500000007 23.338152500000003 98.824290000000019 22.713784000000004 95.881240000000005 30.927838000000005 18.444922000000002 25.859904500000003 24.283802500000004 18.444922000000002 16.211084000000003 26.972914500000005 28.580445500000003 29.709762000000001 20.682076000000006 32.556687000000004 -1.0470689999999998 21.997570500000005 16.096741000000005
decision_type=2 2 2 2 2 2 2 2 2 2 2 2 2 2 2 2 2 2 2 2
left_child=1 2 3 4 5 7 8 17 9 -4 11 -5 -10 -14 -15 -12 -8 -1 -17 -19
right_child=-2 -3 6 10 -6 -7 16 -9 12 -11 15 -13 13 14 -16 18 -18 19 -20 -21
leaf_value=-0.018733684611098311 -0.013783136329324021 0.010017145060058397 0.0047763363256027721 -0.0059479658226179065 -0.033393658557015059 -0.0059479658226179065 -0.0076188413063107323 -0.042301782117100548 0.0075989868852166494 -0.0022396713364730507 -0.0034565636038640193 0.0090817922930886488 -9.085754315723188e-05 0.010464394523918671 0.0010606086109863442 0.00091914700238851586 -0.0014878052581836999 -0.050047072013744767 -0.00061424416798612903 -0.050189946130315667
leaf_weight=0.88866753084585193 42.825128734111786 43.101591940969229 92.362652629613876 11.698512997711076 8.9053966877982003 18.786318991682492 40.858704494312406 5.3823807269800454 74.33872571028769 128.57561411522329 139.87737854942679 51.295882360544056 96.083690760657191 50.650324295274913 50.73905485868454 107.45888201892376 81.754066766239703 0.678564648260364 103.30748251080513 0.68705680721905082
leaf_count=295 329 433 598 2247 99 841 531 393 593 912 881 725 813 560 500 525 1037 790 538 223
internal_value=6.58338e-05 0.000601383 0.000220078 -0.00139438 -0.011352 -0.00594797 0.00139798 -0.0315194 0.00262445 0.000693352 -0.000543911 0.00354315 0.00419411 0.00291234 0.00575839 -0.00127817 -0.00353087 -0.0187337 0.000167553 -0.050119
internal_weight=1150.26 1107.43 1064.33 448.967 35.3284 26.423 615.363 7.63667 492.75 220.938 413.638 62.9944 271.812 197.473 101.389 350.644 122.613 2.25429 210.766 1.36562
internal_count=13863 13534 13101 7557 2641 2542 5544 1701 3976 1510 4916 2972 2466 1873 1060 1944 1568 1308 1063 1013
is_linear=0
shrinkage=0.05


Tree=144
num_leaves=22
num_cat=0
split_feature=1 1 1 1 1 1 1 1 1 1 1 1 1 1 1 0 1 1 1 1 1
split_gain=1.17402 0.843817 1.6201 0.865897 0.975007 0.613554 4.66894 1.01702 0.694504 0.582133 0.993605 0.552848 0.471348 1.33672 0.449748 0.431498 0.405082 0.389364 0.220824 0.0230611 1.38811e-06
threshold=36.069474500000005 28.912007000000006 28.144946000000001 30.219216500000005 32.199767000000008 19.170901000000004 15.145972500000001 -2.1947644999999993 17.741842000000002 22.184146000000002 23.250302500000004 11.294609000000001 25.236882000000005 26.053299000000006 21.446952500000005 99.151430000000019 13.2544795 20.573768500000003 24.283802500000004 17.322752000000005 6.278925000000001
decision_type=2 2 2 2 2 2 2 2 2 2 2 2 2 2 2 2 2 2 2 2 2
left_child=1 2 5 -3 -5 6 7 -1 19 14 -11 20 18 -14 17 -15 -13 -7 -12 -8 -9
right_child=-2 3 -4 4 -6 9 8 11 -10 10 12 16 13 15 -16 -17 -18 -19 -20 -21 -22
leaf_value=0.008486812675041637 -0.0046717175136980734 0.0094525531723470228 -0.0093164429578026717 -0.0025682307816533544 0.0059639505414333001 -0.0023871509713008819 0.013228330173701845 -0.050199255841989615 0.0051406851020961812 0.0058367354795071952 -0.0001999146685724546 -0.0086552508894006328 0.0075307484079920953 -0.0038652370638937311 -0.0049077509930105165 0.0017561079972167059 -0.035612160652691627 0.0023988437304814933 -0.0037523224066143626 0.016099917456109825 -0.050269048369613135
leaf_weight=1.7018557575065631 101.86273405794054 52.379432790912688 41.740908412262797 64.339411116205156 69.81721736676991 96.839156154775992 14.997908191056924 1.0630911867774542 64.174228611635044 95.926641030237079 101.40719509217888 2.3918322621611878 67.692016292363405 68.464103892445564 75.782618500292301 68.089030327275395 3.3392520442721434 75.728471291251481 76.935450918972492 13.09705154749099 2.1599260170187335
leaf_count=438 956 598 388 707 929 757 926 661 704 601 646 621 495 352 447 742 716 498 528 227 997
internal_value=0.000455007 0.000948569 0.000295322 0.00400066 0.00187205 0.000778823 0.00439191 -0.0269446 0.00801089 0.000267204 0.00128659 -0.0336788 0.000145728 0.00178566 -0.00169692 -0.00106228 -0.0243619 -0.000286896 -0.00173239 0.014567 -0.050246
internal_weight=1159.93 1058.07 871.531 186.536 134.157 829.79 102.925 10.656 92.2692 726.865 478.514 8.9541 382.588 204.245 248.35 136.553 5.73108 172.568 178.343 28.095 3.22302
internal_count=13934 12978 10744 2234 1636 10356 5290 3433 1857 5066 3364 2995 2763 1589 1702 1094 1337 1255 1174 1153 1658
is_linear=0
shrinkage=0.05


Tree=145
num_leaves=18
num_cat=0
split_feature=1 1 0 1 1 1 0 0 1 1 1 1 1 1 1 1 1
split_gain=1.39177 3.91412 1.0493 1.09241 1.73044 1.0028 1.11933 3.80371 1.01705 0.756324 0.702609 1.00596 0.631166 0.581394 1.81058 0.681753 0.459673
threshold=42.330055500000007 37.468544500000007 109.72039500000001 24.553758500000004 33.159111500000009 24.018968000000005 98.361425000000011 94.28288000000002 20.682076000000006 23.412827000000004 26.053299000000006 28.912007000000006 27.318099500000006 19.170901000000004 17.191724000000004 20.994913500000003 13.120537000000002
decision_type=2 2 2 2 2 2 2 2 2 2 2 2 2 2 2 2 2
left_child=1 2 3 5 10 6 7 8 16 13 -5 12 -12 14 -8 -15 -1
right_child=-2 -3 -4 4 -6 -7 9 -9 -10 -11 11 -13 -14 15 -16 -17 -18
leaf_value=-0.022029935473948579 -0.0080173239094459888 0.016132319168218501 0.0074581640686338119 0.0038168892562339637 -0.0054403883444159706 -0.0084581844528666631 -0.0044498257169988112 -0.0044498257169988112 -0.052360218755229462 0.0038168892562339637 0.0020089155358849536 0.0038168892562339637 -0.0040333686101517189 -0.0044498257169988112 0.0038168892562339637 2.9636174182653553e-05 -0.050258554698169894
leaf_weight=1.0817732813884489 43.353705331683159 41.757387104444206 51.983561972621828 118.40426038019359 70.122957671992481 46.243569323793054 14.212649315421002 30.473879588651471 5.5552964825183153 48.18851800262928 79.270941514521837 137.51526567526162 95.033117858693004 114.43314920552075 61.67793080676347 195.81662940233946 1.6714465339900924
leaf_count=723 335 423 706 824 871 308 2360 1110 248 267 621 1526 768 669 631 956 547
internal_value=0.000771821 0.00111404 0.000528865 0.000175614 0.00184295 -0.0014307 -0.000743804 -0.00888258 -0.03961 -1.70711e-05 0.00303007 0.00126987 -0.00128543 -0.000812402 0.00311038 -0.00177196 -0.0220299
internal_weight=1156.8 1113.44 1071.68 1019.7 500.347 519.355 473.111 38.7824 8.30852 434.329 430.224 311.819 174.304 386.14 75.8906 310.25 2.75322
internal_count=13893 13558 13135 12429 4610 7819 7511 2628 1518 4883 3739 2915 1389 4616 2991 1625 1270
is_linear=0
shrinkage=0.05


Tree=146
num_leaves=22
num_cat=0
split_feature=1 1 0 1 1 1 1 1 1 1 1 1 1 1 1 1 1 1 1 1 1
split_gain=0.975655 2.39618 1.32371 0.953301 1.84619 0.73614 1.41328 1.81859 0.732075 1.22843 1.54642 0.674237 0.512837 0.425899 0.410148 0.50253 0.395414 0.146626 0.133399 1.3444e-07 5.93696e-08
threshold=34.150373000000009 41.300507000000003 110.08070000000002 22.500583500000001 22.097619500000004 21.274107000000004 19.170901000000004 17.542188000000003 16.497425000000003 13.120537000000002 -5.1133954999999984 27.619730000000004 25.859904500000003 11.294609000000001 29.124218000000003 31.713469500000006 24.657355000000003 20.365479500000003 23.583983500000006 2.5460645000000004 8.4871610000000022
decision_type=2 2 2 2 2 2 2 2 2 2 2 2 2 2 2 2 2 2 2 2 2
left_child=2 -2 3 4 5 6 7 8 9 10 -1 12 16 19 -13 -16 18 -8 -5 -12 -21
right_child=1 -3 -4 11 -6 -7 17 -9 -10 -11 13 14 -14 -15 15 -17 -18 -19 -20 20 -22
leaf_value=0.0038006855327312491 0.0096215926565342592 -0.0043170963048020858 0.0081825730081155398 0.00066720918620881702 -0.014552701787620768 0.0025396097997734792 -0.0045264259671867774 0.0038006855327312491 -0.019321600230542735 0.0038006855327312491 -0.050147418922148496 -0.0043626288905854313 0.0038006855327312491 -0.01670292839733601 0.0021645543718199537 -0.0039855243998990573 -0.0019358605209913232 -0.0077587941255864122 0.0032528997005558738 -0.05011344815648875 -0.05013139063072556
leaf_weight=1.1126610299106685 82.022105739451945 49.404726509004831 45.075356361456215 104.02638858463615 30.183228589128703 79.666590062901378 72.409206977346912 57.448895054636523 11.724713572650215 5.960671519220341 0.79407738515874582 86.032315008342266 114.37290110439062 1.490489295509178 94.062407660298049 51.347288301214576 100.64491115510464 68.061470323707908 95.835040251724422 0.88274714397266485 0.96508527401601896
leaf_count=293 964 379 576 628 191 466 599 743 480 1225 409 747 894 507 1016 681 689 458 610 684 618
internal_value=0.000326724 0.00438189 -0.000194712 -0.000581202 -0.00276464 -0.00158067 -0.00306697 0.0022206 -0.0105877 -0.0014492 -0.0215843 0.000535985 0.00174217 -0.0380735 -0.00162619 -7.1706e-06 0.000620002 -0.00609259 0.00190707 -0.0501302 -0.0501228
internal_weight=1153.52 131.427 1022.1 977.021 330.7 300.517 220.85 80.3793 22.9304 11.2057 5.24506 646.321 414.879 4.1324 231.442 145.41 300.506 140.471 199.861 2.64191 1.84783
internal_count=13857 1343 12514 11938 6673 6482 6016 4959 4216 3736 2511 5265 2821 2218 2444 1697 1927 1057 1238 1711 1302
is_linear=0
shrinkage=0.05


Tree=147
num_leaves=26
num_cat=0
split_feature=1 1 1 1 1 1 1 1 1 1 1 1 1 1 1 1 1 1 1 1 1 1 1 1 1
split_gain=3.07127 5.12922 0.613645 1.21984 0.950434 0.543778 1.24079 0.486527 1.61756 2.89618 1.04284 1.03282 2.46625 0.833137 0.902514 0.995031 0.395087 0.390175 0.636879 0.330582 0.165072 0.113696 0.0166234 1.76899e-06 2.69103e-08
threshold=42.330055500000007 37.070985 24.657355000000003 24.195836000000003 25.859904500000003 27.318099500000006 28.035833500000006 18.240351000000004 17.741842000000002 17.542188000000003 20.365479500000003 11.294609000000001 -5.1133954999999984 16.497425000000003 15.430146500000001 13.583680000000003 21.355253000000001 29.485594500000001 32.199767000000008 19.465683500000004 30.652786000000003 22.612800500000002 33.91536150000001 5.4608625000000011 9.115689500000002
decision_type=2 2 2 2 2 2 2 2 2 2 2 2 2 2 2 2 2 2 2 2 2 2 2 2 2
left_child=1 2 3 7 -4 -6 -7 8 9 11 19 12 -1 14 15 -13 -12 -8 20 -9 -19 -18 -20 -14 -25
right_child=-2 -3 4 -5 5 6 17 10 -10 -11 16 13 23 -15 -16 -17 21 18 22 -21 -22 -23 -24 24 -26
leaf_value=0.033404773455310635 -0.013963049304895017 0.015897661260360973 -0.0064518807475501946 0.0087724358534517627 0.0023585751618270725 -0.0094935090030497053 0.0025720466056125958 0.0015350771451141014 -0.018078411542800491 0.027188567261330673 -0.0042950839287256813 0.017333941630095596 -0.050191407986449867 -0.010264660768738726 0.025029464329074737 -0.022088597869787854 0.00091192071319941498 -0.0026261672764809965 0.00051556686862967748 0.0066999372690680001 -0.0068239937753453569 -0.0011785066700454169 0.0019110969865814825 -0.050260488699532417 -0.05027179310133776
leaf_weight=1.1945948281791059 41.35583582893014 48.016646541655064 100.22319355793297 39.593450473621488 92.375115988776088 46.923768458887935 68.848769751377404 61.763216351391748 16.144225215539336 8.1741931799333525 80.195862536784261 2.9475621361052635 1.2429071541992045 14.661700939410364 4.5380183584638871 3.5026800323394127 112.94634148152545 47.281764937564731 40.073612726293504 62.163800081936643 46.401521584950387 153.36868830723688 45.646335041150451 0.98110294420621391 1.1360727911815045
leaf_count=293 327 494 712 268 739 375 705 632 210 103 528 731 686 502 437 731 697 486 501 484 556 990 594 545 550
internal_value=-0.000586345 -8.35897e-05 -0.000812797 0.000309504 -0.00211176 -0.000989376 -0.00203712 -0.000328785 -0.00479995 0.000785687 0.000189417 -0.00635965 -0.0283008 -0.00246354 0.00794555 -0.00407371 -0.00121842 -0.000627733 -0.0018557 0.00412585 -0.00470536 -0.00029194 0.00125869 -0.0502388 -0.0502666
internal_weight=1141.7 1100.35 1052.33 564.554 487.774 387.551 295.176 524.961 54.5231 38.3788 470.438 30.2046 4.55468 25.65 10.9883 6.45024 346.511 248.252 179.403 123.927 93.6833 266.315 85.7199 3.36008 2.11718
internal_count=13876 13549 13055 8387 4668 3956 3217 8119 4788 4578 3331 4475 2074 2401 1899 1462 2215 2842 2137 1116 1042 1687 1095 1781 1095
is_linear=0
shrinkage=0.05


Tree=148
num_leaves=25
num_cat=0
split_feature=1 1 1 1 1 0 0 1 1 1 1 1 1 1 1 1 1 1 1 1 1 1 1 1
split_gain=2.08153 1.06949 2.87846 0.90988 0.960363 2.04924 0.893307 0.826162 0.744946 0.737651 0.633725 0.976859 1.48804 0.735929 1.32683 0.382841 0.378087 0.370185 0.999308 1.27054 0.701143 0.329811 1.09653e-07 8.72431e-08
threshold=22.184146000000002 31.570948000000005 28.680048500000002 21.920208500000005 17.542188000000003 110.79992500000002 98.450310000000016 19.665748000000004 18.776802500000002 37.070985 16.942525500000006 16.211084000000003 14.744388500000001 13.120537000000002 -5.1133954999999984 11.294609000000001 20.882805000000005 24.553758500000004 26.053299000000006 27.082220500000002 23.250302500000004 29.939734000000005 9.115689500000002 2.5460645000000004
decision_type=2 2 2 2 2 2 2 2 2 2 2 2 2 2 2 2 2 2 2 2 2 2 2 2
left_child=3 2 17 4 5 10 -3 8 -6 -8 11 12 13 14 -1 22 -9 20 -19 -20 -2 -4 23 -16
right_child=1 6 21 -5 7 -7 9 16 -10 -11 -12 -13 -14 -15 15 -17 -18 18 19 -21 -22 -23 -24 -25
leaf_value=-0.00043500100308940109 0.003795198257769512 0.0021484651896136599 -0.0097474915741776937 -0.011858189674356694 -0.0021999363097179561 0.016353344650667487 0.014258631730866254 -0.0058067475663236964 0.0062880204206133151 0.0057074437606295485 -0.028825243605621026 -0.00043500100308940109 -0.050674837627487014 -0.00043500100308940109 -0.050135729242674822 -0.018643566538445656 -0.0012845874670140659 0.0066104879727956825 -0.0045979185906822977 0.0043643917730802921 -0.0019150445415060731 -0.0042494566147107133 -0.050144927042270943 -0.050112702852901508
leaf_weight=1.2000661224592537 93.101546905934811 121.0122412443161 52.838800858706236 27.726110979449004 51.631897151935846 5.5893307104706755 37.229556005448103 91.855518552009016 51.767761461436749 32.104129114188254 7.9296446393709621 6.0580713248345992 3.0384766522329301 2.0148369606467895 0.70935099796043066 1.5806792957591822 93.036160341929644 123.77491884306073 67.519408321008086 95.444149895571172 127.20772469043732 56.382691727019846 0.79183270692010399 0.97920634591719136
leaf_count=312 584 903 597 168 582 166 855 652 496 379 273 317 551 573 402 514 581 875 547 801 834 603 525 799
internal_value=7.37227e-05 0.00146523 0.000453387 -0.00317109 -0.0024141 -0.0109449 0.00474119 -0.00152958 0.00204962 0.00926642 -0.0172233 -0.0116042 -0.0212867 -0.00901408 -0.0216832 -0.0378744 -0.00353123 0.00203935 0.00322356 0.000651108 0.000498074 -0.00690928 -0.0501296 -0.0501224
internal_weight=1152.52 806.615 616.269 345.909 318.183 29.8915 190.346 288.291 103.4 69.3337 24.3022 16.3725 10.3144 7.27597 5.26114 4.06107 184.892 507.048 286.738 162.964 220.309 109.221 2.48039 1.68856
internal_count=13889 6978 4841 6911 6743 4432 2137 2311 1078 1234 4266 3993 3676 3125 2552 2240 1233 3641 2223 1348 1418 1200 1726 1201
is_linear=0
shrinkage=0.05


Tree=149
num_leaves=26
num_cat=0
split_feature=1 1 1 1 1 1 1 1 1 1 1 1 1 1 1 1 1 1 1 1 1 1 1 1 1
split_gain=3.57333 2.52867 1.66455 2.19366 3.05019 1.95633 1.24737 1.02882 0.884615 1.69375 0.702855 1.44057 1.20158 0.920581 0.67626 0.911474 1.67688 0.886631 0.358074 0.444424 0.30734 1.21426 0.114766 1.89909e-06 3.02601e-08
threshold=42.330055500000007 37.468544500000007 29.485594500000001 19.385593500000002 19.170901000000004 18.973988500000001 18.444922000000002 18.240351000000004 31.078967000000002 33.159111500000009 13.120537000000002 -5.1133954999999984 11.294609000000001 17.634273500000003 26.854381500000006 25.330475000000003 24.121139500000002 22.713784000000004 20.682076000000006 21.621241500000004 16.364561000000005 15.279829000000001 27.925993000000002 3.9531385000000006 9.115689500000002
decision_type=2 2 2 2 2 2 2 2 2 2 2 2 2 2 2 2 2 2 2 2 2 2 2 2 2
left_child=1 2 3 4 5 6 7 10 -4 -10 11 -1 23 20 15 16 17 18 -5 -20 21 -12 -16 -13 -25
right_child=-2 -3 8 14 -6 -7 -8 -9 9 -11 13 12 -14 -15 22 -17 -18 -19 19 -21 -22 -23 -24 24 -26
leaf_value=0.028402670758862103 -0.013421879324184944 0.012885058973269546 -0.0085518067940503605 0.0003517072459774238 -0.030009729474354693 0.017836495930332805 -0.014614994566776266 0.013872340952525536 0.0059371752712785468 -0.0062598913677419862 0.015963907061343964 -0.05017210325560998 -0.0008388941712433889 -0.0091735022065304369 0.0040374260972655673 -0.0023070435626535903 0.0083738803169376968 -0.0021075042877875525 0.0067564286723703279 0.0018281683982078077 0.0079820242939508644 -0.024479019100815763 0.0068647011266710625 -0.050252422780681996 -0.050263995913066545
leaf_weight=1.2703480222262378 43.83129395544529 43.964326268061996 62.363341595046222 94.994661768898368 11.022779012564568 10.768521007616071 23.469405269483104 9.6785360877402109 48.778988947160542 68.339279833249748 3.7554384088143733 0.90044146994478635 2.0154328258358873 22.514163697371259 66.386739086359739 112.39948803558946 102.86082625202835 133.79738280549645 85.922940501477569 97.83169095730409 18.906940185348503 3.6693486159783788 78.144824353978038 1.1822787224082278 1.0814808077993801
leaf_count=304 328 441 642 703 104 106 256 105 637 886 822 530 542 271 546 874 713 851 560 596 599 426 752 720 563
internal_value=0.000579636 0.00113451 0.000648093 0.00154074 -0.00505743 -0.00228516 -0.00473508 -0.00116635 -0.00374137 -0.00117989 -0.0037986 -0.0193114 -0.0310137 -0.00175017 0.00248249 0.0017726 0.00266228 0.0012382 0.00284412 0.0041326 0.00459693 -0.00402309 0.00556607 -0.0502335 -0.050258
internal_weight=1149.85 1106.02 1062.06 882.574 110.235 99.2123 88.4438 64.9744 179.482 117.118 55.2959 6.44998 5.17963 48.8459 772.339 627.807 515.408 412.547 278.749 183.755 26.3317 7.42479 144.532 3.1642 2.26376
internal_count=13877 13549 13108 10943 5348 5244 5138 4882 2165 1523 4777 2659 2355 2118 5595 4297 3423 2710 1859 1156 1847 1248 1298 1813 1283
is_linear=0
shrinkage=0.05


Tree=150
num_leaves=25
num_cat=0
split_feature=1 1 1 0 1 1 1 1 1 1 1 1 1 1 1 0 1 0 1 1 1 1 1 1
split_gain=0.668112 1.74202 1.07731 0.852785 0.8444 0.826889 0.546909 1.29106 0.545186 0.82752 0.504592 0.695697 0.440865 5.82247 2.30698 2.10067 1.94572 0.931741 1.17401 0.688525 0.344515 0.236919 1.37414e-06 1.66659e-07
threshold=20.882805000000005 21.621241500000004 22.270995500000001 104.76741000000001 23.839913000000003 26.854381500000006 29.586957000000002 39.339145500000008 27.838923500000003 26.252309500000006 31.078967000000002 34.948428000000007 17.634273500000003 17.542188000000003 11.294609000000001 110.79992500000002 16.603204000000002 104.58338000000002 14.744388500000001 -7.0960219999999987 24.755893000000004 19.385593500000002 2.5460645000000004 9.115689500000002
decision_type=2 2 2 2 2 2 2 2 2 2 2 2 2 2 2 2 2 2 2 2 2 2 2 2
left_child=12 -2 -3 6 -5 -6 8 10 9 20 -8 -12 13 14 19 16 17 18 -16 -1 -4 -14 -21 -24
right_child=1 2 3 4 5 -7 7 -9 -10 -11 11 -13 21 -15 15 -17 -18 -19 -20 22 -22 -23 23 -25
leaf_value=-0.0042984075213817145 0.0081560063932016088 -0.0064933798131718047 -0.00042602198591009695 0.010587521723848643 0.0023089946569203393 0.012787373240300326 -0.008271999475250617 0.0023089946569203393 0.0023089946569203393 -0.004387847975189263 0.00034560425054549392 -0.0072124003841033853 -0.0056271509853816513 0.056878046594994819 -0.0031992568004867703 0.028385033857884052 -0.021284991807915203 0.010696236161834367 -0.050324011848269734 -0.05017226080954415 0.0023089946569203393 -0.0020647619232332681 -0.05023110587641702 -0.050257966590865705
leaf_weight=1.0853069326840339 66.808800822589546 63.491300575900823 176.50738997152075 39.539981804788113 27.764558291062713 20.630047366023064 57.265733923763037 62.306787468492985 84.773816475644708 92.758411772549152 77.515447683632374 50.142359280958772 81.91715546278283 4.31065535894595 1.4348215186037179 5.3239438924938431 10.812830223701893 5.9748289308045059 1.5841259648441335 0.96163515365333596 110.5583616849035 108.47581473062746 1.2716454630135561 1.0578753715381024
leaf_count=245 440 377 997 300 506 893 468 478 663 605 854 533 879 56 788 109 427 532 510 478 632 800 833 553
internal_value=-0.000213061 0.000377565 -0.000224423 0.000273255 0.00491859 0.00230899 -0.000300599 -0.00220049 0.000710403 -0.000282197 -0.0043724 -0.00262308 -0.00266307 0.00259769 -0.00533209 0.000502234 -0.00699256 0.0101906 -0.0170947 -0.0388339 0.00104445 -0.00359749 -0.0502225 -0.0502433
internal_weight=1154.27 930.063 863.254 799.763 87.9346 48.3946 711.828 247.23 464.598 379.824 184.924 127.658 224.211 33.8177 29.507 25.1306 19.8066 8.99378 3.01895 4.37646 287.066 190.393 3.29116 2.32952
internal_count=13956 7746 7306 6929 1699 1399 5230 2333 2897 2234 1855 1387 6210 4531 4475 2366 2257 1830 1298 2109 1629 1679 1864 1386
is_linear=0
shrinkage=0.05


Tree=151
num_leaves=22
num_cat=0
split_feature=1 1 1 1 1 1 0 1 0 1 1 1 1 1 1 1 1 1 1 1 1
split_gain=1.89343 1.11054 1.2941 0.755353 0.707402 0.663254 5.02941 1.94157 0.79775 1.03262 0.55223 0.661105 0.617065 0.493247 0.828357 0.353419 0.865467 0.34749 0.255065 0.828517 0.303878
threshold=24.373750000000005 28.243602000000006 26.854381500000006 29.124218000000003 25.330475000000003 17.741842000000002 111.77500500000001 17.542188000000003 106.50353000000003 17.191724000000004 19.465683500000004 20.776348500000001 22.270995500000001 39.85634000000001 35.746358500000007 32.199767000000008 30.652786000000003 23.161274500000001 11.506196500000003 16.497425000000003 14.744388500000001
decision_type=2 2 2 2 2 2 2 2 2 2 2 2 2 2 2 2 2 2 2 2 2
left_child=5 2 4 -3 -2 6 7 8 9 18 -7 -12 -13 14 15 16 -5 -14 -1 20 -20
right_child=1 3 -4 13 -6 10 -8 -9 -10 -11 11 12 17 -15 -16 -17 -18 -19 19 -21 -22
leaf_value=-0.010907601296668928 0.0047659595787201831 -0.0067843327705055211 0.008518009176931773 0.0027048624439500579 -0.0015103574399374941 -0.007179203429041674 0.052072979370875017 0.019588922120343653 -0.001920580876178487 -0.051548951201138005 0.0010305078708524836 -0.0063091091497056995 0.00060161415816979398 0.0039902976687966425 -0.0070771034040365728 0.0034718507457840025 -0.0064612454330319593 -0.0036942189242239742 -0.022429815117603856 -0.010907601296668928 -0.050451412981869018
leaf_weight=2.5447355271899195 76.582863979041576 46.677505270577967 85.711997080594301 59.925030692480505 108.50099162943661 83.762773841619492 4.6519441939890376 7.0487616509199134 13.501080003334208 2.1005777802783987 91.401707498123869 139.36697944719344 79.127856698352844 62.740783570334315 45.035634030587971 64.307691101916134 45.159888939000666 116.21090852841735 1.8055364490719514 2.8385692229494452 2.0844963633571751
leaf_count=1829 533 451 708 655 853 872 111 102 675 125 694 878 501 495 528 850 546 750 878 270 557
internal_value=-0.000876621 0.00107583 0.00343879 -0.000900046 0.00108662 -0.00300128 0.00350256 -0.00357514 -0.0101391 -0.0198946 -0.00346783 -0.00273827 -0.00376745 9.0916e-05 -0.00105003 0.000552365 -0.00123424 -0.00195406 -0.0127243 -0.0208734 -0.0374453
internal_weight=1141.09 594.642 270.796 323.847 185.084 546.446 36.5757 31.9238 24.875 11.3739 509.87 426.107 334.706 277.169 214.428 169.393 105.085 195.339 9.27334 6.7286 3.89003
internal_count=13861 5619 2094 3525 1386 8242 4547 4436 4334 3659 3695 2823 2129 3074 2579 2051 1201 1251 3534 1705 1435
is_linear=0
shrinkage=0.05


end of trees

feature_importances:
Column_1=2123
Column_0=900

parameters:
[boosting: gbdt]
[objective: binary]
[metric: binary_logloss]
[tree_learner: serial]
[device_type: cpu]
[data_sample_strategy: bagging]
[data: ]
[valid: ]
[num_iterations: 152]
[learning_rate: 0.05]
[num_leaves: 31]
[num_threads: 0]
[seed: 42]
[deterministic: 0]
[force_col_wise: 0]
[force_row_wise: 0]
[histogram_pool_size: -1]
[max_depth: -1]
[min_data_in_leaf: 500]
[min_sum_hessian_in_leaf: 0.001]
[bagging_fraction: 0.8]
[pos_bagging_fraction: 1]
[neg_bagging_fraction: 1]
[bagging_freq: 1]
[bagging_seed: 400]
[bagging_by_query: 0]
[feature_fraction: 1]
[feature_fraction_bynode: 1]
[feature_fraction_seed: 30056]
[extra_trees: 0]
[extra_seed: 12879]
[early_stopping_round: 0]
[early_stopping_min_delta: 0]
[first_metric_only: 0]
[max_delta_step: 0]
[lambda_l1: 0]
[lambda_l2: 0]
[linear_lambda: 0]
[min_gain_to_split: 0]
[drop_rate: 0.1]
[max_drop: 50]
[skip_drop: 0.5]
[xgboost_dart_mode: 0]
[uniform_drop: 0]
[drop_seed: 17869]
[top_rate: 0.2]
[other_rate: 0.1]
[min_data_per_group: 100]
[max_cat_threshold: 32]
[cat_l2: 10]
[cat_smooth: 10]
[max_cat_to_onehot: 4]
[top_k: 20]
[monotone_constraints: 1,0]
[monotone_constraints_method: basic]
[monotone_penalty: 0]
[feature_contri: ]
[forcedsplits_filename: ]
[refit_decay_rate: 0.9]
[cegb_tradeoff: 1]
[cegb_penalty_split: 0]
[cegb_penalty_feature_lazy: ]
[cegb_penalty_feature_coupled: ]
[path_smooth: 0]
[interaction_constraints: ]
[verbosity: -1]
[saved_feature_importance_type: 0]
[use_quantized_grad: 0]
[num_grad_quant_bins: 4]
[quant_train_renew_leaf: 0]
[stochastic_rounding: 1]
[linear_tree: 0]
[max_bin: 255]
[max_bin_by_feature: ]
[min_data_in_bin: 3]
[bin_construct_sample_cnt: 200000]
[data_random_seed: 175]
[is_enable_sparse: 1]
[enable_bundle: 1]
[use_missing: 1]
[zero_as_missing: 0]
[feature_pre_filter: 1]
[pre_partition: 0]
[two_round: 0]
[header: 0]
[label_column: ]
[weight_column: ]
[group_column: ]
[ignore_column: ]
[categorical_feature: ]
[forcedbins_filename: ]
[precise_float_parser: 0]
[parser_config_file: ]
[objective_seed: 16083]
[num_class: 1]
[is_unbalance: 0]
[scale_pos_weight: 1]
[sigmoid: 1]
[boost_from_average: 1]
[reg_sqrt: 0]
[alpha: 0.9]
[fair_c: 1]
[poisson_max_delta_step: 0.7]
[tweedie_variance_power: 1.5]
[lambdarank_truncation_level: 30]
[lambdarank_norm: 1]
[label_gain: ]
[lambdarank_position_bias_regularization: 0]
[eval_at: ]
[multi_error_top_k: 1]
[auc_mu_weights: ]
[num_machines: 1]
[local_listen_port: 12400]
[time_out: 120]
[machine_list_filename: ]
[machines: ]
[gpu_platform_id: -1]
[gpu_device_id: -1]
[gpu_use_dp: 0]
[num_gpu: 1]

end of parameters

pandas_categorical:null
