tree
version=v4
num_class=1
num_tree_per_iteration=1
label_index=0
max_feature_idx=1
objective=binary sigmoid:1
feature_names=Column_0 Column_1
monotone_constraints=1 0
feature_infos=[5.9254100000000003:119.57187] [-84.655405000000002:84.046130000000005]
tree_sizes=3384 3429 3435 3437 3422 3428 3441 3436 3433 3431 3445 3441 3443 3440 3454 3453 3445 3450 3438 3437 3449 3430 3440 3454 3458 3446 3446 3444 3450 3444 3451 3442 3460 3450 3468 3458 3468 3445 3459 3441 3465 3458 3453 3474 3454 3454 3456 3469 3460 3463 3444 3487 3474 3476 3488 3468 3478 3481 3476 3491 3475 3491 3470 3491 3486 3471 3503 3495 3488 3485 3495 3471 3491 3495 3492 3500 3489 3491 3490 3491 3489 3508 3478 3497 3500 3507 3492 3492 3490 3499 3509 3520 3506 3493 3499 3527 3495 3488 3530 3507 3508 3488 3491 3512 3471 3489 3489 3517 3502 3505 3498 3516 3548 3474 3505 3545 3510 3523 3475 3510 3534 3493 3536 3516 3514 3510 3515 3499 3566 3494

Tree=0
num_leaves=31
num_cat=0
split_feature=1 0 1 1 0 1 0 0 0 0 1 0 1 0 0 1 0 1 0 1 1 1 0 0 0 0 1 0 1 0
split_gain=12178.2 6273.6 573.628 408.144 323.562 216.156 191.738 157.402 80.727 70.6376 67.8203 35.8785 32.5844 32.1061 30.9012 27.1461 18.6462 17.9957 17.6088 24.8795 16.4822 6.22492 5.41272 4.74756 3.21531 2.42653 2.0864 1.80456 1.51778 1.44838
threshold=16.496098500000002 89.335865000000013 10.281606000000002 18.870009500000005 97.454175000000006 13.279954000000002 82.628065000000007 100.35868500000001 104.62793500000002 94.243855000000011 2.9478600000000004 89.088855000000009 32.876920500000004 77.954705000000018 105.96054500000001 14.896122000000002 69.64633000000002 21.379609000000002 104.88252000000001 8.0285400000000013 13.720637500000002 -6.6622614999999987 102.10770000000001 85.051900000000018 94.379800000000017 79.756050000000016 4.8743095000000016 53.104270000000007 22.514860500000001 101.05306000000002
decision_type=2 2 2 2 2 2 2 2 2 2 2 2 2 2 2 2 2 2 2 2 2 2 2 2 2 2 2 2 2 2
left_child=2 6 10 7 11 14 12 -3 15 -5 16 25 13 28 -6 -7 27 22 23 -20 24 -18 -11 -12 -13 -4 -25 -1 -2 -28
right_child=1 3 4 9 5 8 -8 -9 -10 17 18 20 -14 -15 -16 -17 21 -19 19 -21 -22 -23 -24 26 -26 -27 29 -29 -30 -31
leaf_value=-0.64137042265871236 -0.62983898329111454 -0.52072800693792809 -0.62458032786526119 -0.46261315079775128 -0.58675420229504371 -0.5686651213660705 -0.55695362801540715 -0.46178478413615093 -0.50960522436233102 -0.44614535419047019 -0.6218596598186964 -0.60876026943100281 -0.59210737194227481 -0.59783353648211324 -0.56300875458982702 -0.53783635720087719 -0.62638459745442265 -0.42744582501145034 -0.6077366442125961 -0.58338293707294286 -0.58713937398005367 -0.62050284055792437 -0.43502895999023616 -0.61697690836726182 -0.6001914631060925 -0.61617202830091589 -0.61312181090981444 -0.63300066748625983 -0.62345005762152361 -0.60892583659752009
leaf_weight=131.75443053245544 162.72827911376953 147.93479919433594 131.06098616123199 179.37094402313232 442.87980508804321 159.26105725765228 200.17427515983582 196.01360893249512 149.78398418426514 119.27243185043335 165.27090847492218 146.08561420440674 147.93479919433594 135.45280051231384 137.76428174972534 129.44294929504395 765.33143770694733 1474.2627332210541 237.38912308216095 128.51835680007935 191.85294270515442 1091.2502921819687 168.27583408355713 238.5448637008667 135.91509675979614 248.48423302173615 622.25074911117554 125.9757274389267 216.81694006919861 307.19585645198822
leaf_count=570 704 640 567 776 1916 689 866 848 648 516 715 632 640 586 596 560 3311 6378 1027 556 830 4721 728 1032 588 1075 2692 545 938 1329
internal_value=-0.563888 -0.484994 -0.607571 -0.441616 -0.584907 -0.565888 -0.59984 -0.491816 -0.53939 -0.432721 -0.618699 -0.60762 -0.61279 -0.618731 -0.585899 -0.554843 -0.624677 -0.429678 -0.611261 -0.601545 -0.598445 -0.622927 -0.44112 -0.613928 -0.606137 -0.619076 -0.612806 -0.637279 -0.626189 -0.611735
internal_weight=8834.25 3148.24 5686.01 2285.13 1872.53 1019.13 863.107 343.948 438.488 1941.18 3813.48 853.399 662.933 514.998 580.644 288.704 2114.31 1761.81 1699.17 365.907 473.854 1856.58 287.548 1333.26 282.001 379.545 1167.99 257.73 379.545 929.447
internal_count=38219 13620 24599 9886 8101 4409 3734 1488 1897 8398 16498 3692 2868 2228 2512 1249 9147 7622 7351 1583 2050 8032 1244 5768 1220 1642 5053 1115 1642 4021
is_linear=0
shrinkage=1


Tree=1
num_leaves=31
num_cat=0
split_feature=1 0 1 0 1 1 0 1 0 0 1 0 1 0 0 1 1 0 1 1 1 0 0 1 0 1 0 0 1 1
split_gain=11007.5 5381.36 556.928 345.727 292.058 240.321 202.219 122.955 120.896 55.3941 47.9344 41.86 41.3494 38.0236 32.0803 24.8916 17.0037 14.0948 12.5073 10.2725 10.067 8.61886 8.09423 5.96126 4.40045 2.11839 1.74945 1.73737 2.13128 1.19634
threshold=16.633432500000001 89.823640000000012 9.5757900000000014 97.955315000000013 18.870009500000005 14.533550500000002 81.422705000000022 20.228838000000003 100.35868500000001 106.05361500000002 -4.9381519999999997 95.060390000000027 33.35857450000001 103.48565000000001 94.379800000000017 13.174949000000002 4.8743095000000016 77.054615000000013 13.082711500000002 -36.359374499999994 20.228838000000003 106.26395000000001 85.051900000000018 13.720637500000002 86.630460000000014 22.514860500000001 73.182640000000006 73.685200000000023 -19.543540499999995 -11.100671999999998
decision_type=2 2 2 2 2 2 2 2 2 2 2 2 2 2 2 2 2 2 2 2 2 2 2 2 2 2 2 2 2 2
left_child=2 6 10 14 8 9 12 -8 -3 15 19 -6 17 -7 22 -5 -12 26 -16 -1 -13 24 -4 -24 -18 -22 -2 -21 -29 -30
right_child=1 4 3 5 11 13 7 -9 -10 -11 16 20 -14 -15 18 -17 21 -19 -20 27 25 -23 23 -25 -26 -27 -28 28 29 -31
leaf_value=-0.072915875382948456 -0.06185690178439434 0.040716125295592126 -0.055806833403676148 -0.02285408881267299 0.10037871256664266 0.021941679191257321 -0.020415633763495353 0.040716125295592126 0.096339719837771703 0.0073611195552319951 -0.054197774403522296 0.11194866441930343 -0.023675325815567857 0.061659198814525376 -0.039089816350401839 -0.0073696402063229138 -0.056251725792001085 -0.039876627299354546 -0.02285408881267299 -0.066058623468772198 0.12067053779809521 -0.035216115416352257 -0.049950491116728828 -0.039090057371798638 -0.046308939190610639 0.12551264747474508 -0.054396228232736377 -0.054088405556013588 -0.062880263755060381 -0.05914367472110528
leaf_weight=206.80894660949707 241.60650208592415 136.53343558311462 267.90793241560459 494.62876617908478 219.66180056333542 121.6641548871994 121.71179793775082 118.29570347070694 183.30298833549023 211.47935371100903 1322.966310814023 157.99265013635159 141.71210101246834 119.39712984859943 163.07588672637939 155.1083470582962 128.47319342195988 124.09855279326439 127.10444025695324 124.52084159851074 271.55273941159248 163.36444021761417 244.6656406223774 189.8776745647192 831.57009069621563 1342.966908827424 116.44588552415371 139.14882484078407 252.64705064892769 394.07735233008862
leaf_count=913 1064 584 1178 2156 925 523 526 511 773 913 5816 663 618 510 713 671 565 543 553 550 1138 714 1073 829 3646 5621 513 613 1113 1735
internal_value=-0.000435633 0.0740622 -0.0422483 -0.0217895 0.113847 -0.00251414 -0.0324144 0.00658773 0.069495 -0.0148659 -0.0542753 0.120967 -0.047419 0.0416137 -0.043194 -0.0221004 -0.0503565 -0.0543977 -0.0292088 -0.0628565 0.123519 -0.0458329 -0.0489713 -0.044757 -0.0476395 0.124698 -0.0594305 -0.0605714 -0.0597019 -0.0609097
internal_weight=8834.37 3175.88 5658.49 2094.91 2312.01 1102.28 863.871 240.008 319.836 861.216 3563.58 1992.17 623.863 241.061 992.632 649.737 2446.37 482.151 290.18 1117.2 1772.51 1123.41 702.451 434.543 960.043 1614.52 358.052 910.394 785.873 646.724
internal_count=38263 13479 24784 9119 9704 4773 3775 1037 1357 3740 15665 8347 2738 1033 4346 2827 10741 2120 1266 4924 7422 4925 3080 1902 4211 6759 1577 4011 3461 2848
is_linear=0
shrinkage=0.05


Tree=2
num_leaves=31
num_cat=0
split_feature=1 0 1 0 0 1 1 1 0 0 0 0 1 1 1 1 1 0 0 1 1 0 0 1 1 1 1 0 1 1
split_gain=9964.72 4521.1 667.821 473.199 230.976 230.651 123.026 95.9273 88.6694 61.0532 48.6785 32.6408 38.0589 29.9108 22.1479 20.4129 19.4156 14.6927 14.5494 12.3489 7.1705 7.01484 5.11525 4.97677 3.95803 2.89306 2.4475 2.23686 1.25327 1.15067
threshold=17.374357000000003 89.823640000000012 11.467827000000002 98.049895000000006 81.853820000000013 15.502636500000003 20.049193000000006 3.7978405000000004 99.536495000000016 105.35582500000001 90.644325000000009 104.52859000000001 8.0285400000000013 32.876920500000004 14.779953000000001 13.720637500000002 -36.359374499999994 93.803150000000016 77.054615000000013 18.704101500000004 -4.9381519999999997 85.051900000000018 84.349770000000021 10.166312000000003 22.514860500000001 -23.565164499999998 -13.543357499999997 97.251210000000015 22.514860500000001 13.174949000000002
decision_type=2 2 2 2 2 2 2 2 2 2 2 2 2 2 2 2 2 2 2 2 2 2 2 2 2 2 2 2 2 2
left_child=2 4 7 10 13 9 8 16 -3 15 22 21 -13 18 29 -5 -1 -8 28 -10 25 -9 -4 -23 -19 -18 -27 -25 -2 -12
right_child=1 6 3 5 -6 -7 17 11 19 -11 14 12 -14 -15 -16 -17 20 24 -20 -21 -22 23 -24 27 -26 26 -28 -29 -30 -31
leaf_value=-0.071301192569245886 -0.06117052533619427 0.047369622035204506 -0.055105049706894942 -0.012020660067629843 0.016372517004354936 0.061196229718519173 0.098071555499304852 -0.054191887602317926 0.087953570903655631 0.023960007669436963 -0.037798002948392959 -0.037223629159766201 -0.013867649250663007 -0.025709000029614723 -0.012020660067629843 0.0054167948736526762 -0.051843307886793477 0.11015928335055936 -0.036820296391655023 0.10995310037346964 -0.052527864391867907 -0.045335738934805345 -0.044307319256811771 -0.044303098425335086 0.11642301632150941 -0.063974904955514458 -0.057841047404564666 -0.037223629159766201 -0.054815382483825961 -0.031202297765703685
leaf_weight=207.52364528179169 125.51981636881828 120.17233745753765 234.38475608825684 277.56509335339069 203.02810348570347 200.83985279500484 132.60241132974625 181.59742775559425 122.13500808179379 184.27137811481953 137.89384761452675 216.06620380282402 222.99890771508217 145.25839638710022 141.5642284154892 172.71247197687626 135.32141990959644 305.35863195359707 118.71467772126198 133.52709621191025 1098.2975912839174 1006.6216755658388 206.15872620046139 113.46975353360176 1448.8449468016624 238.10327015817165 513.04721719026566 167.05808965861797 203.10633404552937 127.05246251821518
leaf_count=938 564 503 1047 1214 873 844 548 813 506 789 611 959 974 638 615 743 608 1252 525 549 4912 4479 913 504 5930 1070 2303 733 911 559
internal_value=-0.00012608 0.0728664 -0.0387303 -0.0122045 -0.0296533 0.0144968 0.108916 -0.0496149 0.082793 -0.000283923 -0.0385381 -0.0414166 -0.0294549 -0.045422 -0.0260602 -0.0102055 -0.0567494 0.11412 -0.0518231 0.0994435 -0.0552279 -0.0449924 -0.0500521 -0.0436945 0.115333 -0.058573 -0.0597854 -0.037805 -0.0572427 -0.0346351
internal_weight=8840.82 3058.27 5782.55 1682.44 795.627 835.389 2262.64 4100.11 375.834 634.549 847.054 1907.81 439.065 592.599 406.511 450.278 2192.29 1886.81 447.341 255.662 1984.77 1468.75 440.543 1287.15 1754.2 886.472 751.15 280.528 328.626 264.946
internal_count=38427 12799 25628 7335 3511 3590 9288 18293 1558 2746 3745 8462 1933 2638 1785 1957 9831 7730 2000 1055 8893 6529 1960 5716 7182 3981 3373 1237 1475 1170
is_linear=0
shrinkage=0.05


Tree=3
num_leaves=31
num_cat=0
split_feature=1 0 1 0 0 1 1 0 1 0 0 1 0 1 1 0 1 0 1 0 1 1 0 0 1 0 1 1 0 1
split_gain=8923.47 3924.07 620.6 482.622 168.186 150.069 129.441 131.419 110.704 69.3463 62.7469 44.5354 37.2291 34.7512 21.1215 17.805 22.3083 17.0614 16.2147 10.4899 9.66976 8.3319 5.73632 5.24525 3.6894 2.32487 2.06829 1.63666 3.81351 1.4468
threshold=17.374357000000003 89.335865000000013 13.174949000000002 99.019215000000017 80.646875000000009 3.7978405000000004 20.049193000000006 98.774975000000012 15.502636500000003 90.644325000000009 105.35582500000001 9.9294565000000024 104.62793500000002 32.876920500000004 -36.359374499999994 96.543190000000024 10.500345000000001 93.379845000000003 15.502636500000003 76.133025000000018 18.704101500000004 -7.1192084999999992 85.051900000000018 84.706745000000026 21.379609000000002 73.685200000000023 -19.543540499999995 8.8289620000000024 101.28726500000002 7.5006760000000012
decision_type=2 2 2 2 2 2 2 2 2 2 2 2 2 2 2 2 2 2 2 2 2 2 2 2 2 2 2 2 2 2
left_child=2 4 5 9 13 14 7 -3 12 23 15 29 -5 19 -1 22 27 -8 -11 -2 -9 25 -7 -4 -19 -16 -27 -17 -29 -12
right_child=1 6 3 8 -6 10 17 20 -10 18 11 -13 -14 -15 21 16 -18 24 -20 -21 -22 -23 -24 -25 -26 26 -28 28 -30 -31
leaf_value=-0.07050188537348076 -0.056700899733085598 0.036024159404022787 -0.053644542088065329 0.0003262388444936926 0.0067980174318074613 -0.053153797742901077 0.088567346001157968 0.084519211617437653 0.06329349375058739 -0.024270811317674626 -0.030389840903786103 -0.0006696521142273888 0.035595940282606701 -0.022669078461378129 -0.064328668897011082 -0.041528420629502898 -0.030389840903786103 0.10078057326957537 -0.00084250252717330129 -0.038679863643248831 0.10347133390535668 -0.051038312118568102 -0.04381469174286854 -0.041090213505166527 0.10856387170391076 -0.051228463174032457 -0.058200739126780032 -0.041528420629502898 -0.030591570978859318 -0.023448750554328813
leaf_weight=201.91445940732956 292.69944506883621 120.35389311611652 191.19978874921799 180.43793015182018 228.64639413356781 224.81256237626076 122.87895825505257 128.62958450615406 187.58645913004875 200.82433754205704 146.51865808665752 180.40176868438721 123.56624332070351 137.99823592603207 115.36626160144806 519.51207220554352 400.12228088080883 168.10678108036518 116.80917657911777 111.51848442852497 141.16863706707954 1238.6604944467545 612.10068851709366 147.29272849857807 1614.5243054777384 138.78065630793571 455.39735639095306 112.37231530249119 115.81609995663166 118.01758824288845
leaf_count=936 1340 500 869 779 986 1025 501 526 778 887 658 780 522 611 531 2346 1768 680 505 502 572 5642 2763 660 6516 634 2088 505 518 522
internal_value=-0.000394053 0.0684399 -0.0372479 -0.00437043 -0.0291671 -0.0454872 0.101215 0.0749768 0.0330879 -0.0324354 -0.0369729 -0.0200024 0.0144494 -0.0443331 -0.0551085 -0.0407773 -0.0367335 0.106588 -0.0156551 -0.0517291 0.0944357 -0.0535131 -0.0463234 -0.0481816 0.10783 -0.0578334 -0.0565722 -0.0415284 -0.0371776 -0.0303898
internal_weight=8794.03 3066.52 5727.51 1147.72 770.863 4579.79 2295.66 390.152 491.591 656.126 2429.67 444.938 304.004 542.216 2150.12 1984.74 1147.82 1905.51 317.634 404.218 269.798 1948.2 836.913 338.493 1782.63 709.544 594.178 747.7 228.188 264.536
internal_count=38450 12734 25716 5000 3439 20716 9295 1598 2079 2921 10885 1960 1301 2453 9831 8925 5137 7697 1392 1842 1098 8895 3788 1529 7196 3253 2722 3369 1023 1180
is_linear=0
shrinkage=0.05


Tree=4
num_leaves=31
num_cat=0
split_feature=1 0 1 0 1 0 1 0 1 1 0 0 1 1 0 1 0 0 0 1 1 1 0 1 1 0 0 1 1 1
split_gain=8058.75 3717.87 428.3 258.649 256.295 206.024 167.366 101.8 100.932 57.9512 44.9378 36.4505 30.703 26.3309 22.1929 20.5702 20.0347 18.1406 8.27263 7.72211 5.49158 4.97298 4.64686 2.57269 2.22525 2.19371 1.26991 3.62078 1.44505 1.13583
threshold=16.496098500000002 88.611470000000011 10.281606000000002 96.543190000000024 20.049193000000006 96.746215000000021 13.9525655 80.200220000000016 20.623621000000004 3.7978405000000004 102.80447500000001 105.35582500000001 32.876920500000004 18.364714500000002 90.036915000000008 -36.359374499999994 106.26395000000001 93.379845000000003 76.133025000000018 13.720637500000002 12.978030000000002 -7.1192084999999992 84.706745000000026 21.922323000000002 -23.565164499999998 84.349770000000021 102.56563500000001 8.169472500000003 8.3030100000000022 37.884339500000003
decision_type=2 2 2 2 2 2 2 2 2 2 2 2 2 2 2 2 2 2 2 2 2 2 2 2 2 2 2 2 2 2
left_child=2 7 9 14 5 -3 11 12 -9 15 -8 20 18 -7 25 -1 22 -6 -2 -16 -5 24 -11 -19 -17 -4 28 -28 -24 -25
right_child=1 4 3 6 17 13 10 8 -10 16 -12 -13 -14 -15 19 21 -18 23 -20 -21 -22 -23 26 29 -26 -27 27 -29 -30 -31
leaf_value=-0.068328859220926685 -0.055152030230312843 0.029913335298223733 -0.052210369248740021 -0.021322778198794426 0.082959643617721748 0.069444411792346949 0.0077708471279360845 -0.024728224887181325 0.029258833018699301 -0.050868441151536617 0.042861971167815642 0.0027109168036534258 -0.024728224887181325 0.095018782877094005 -0.037592185778167031 -0.048743035761008698 -0.025895150246077067 0.096887070067863151 -0.039341701912477031 -0.022654716466398536 -0.010514838778766415 -0.049349100494878589 -0.040723955758328365 0.10286091417760918 -0.056056234845641817 -0.044666787992336338 -0.040392398541750196 -0.034112301321460752 -0.045163250652951778 0.097888541602728391
leaf_weight=194.60600219666958 300.15855799615383 149.0338514149189 208.85659499466419 400.89332114160061 138.60079592466354 212.21318244934082 181.66754780709743 130.18879491090775 118.2437584400177 141.32851304113865 183.27636924386024 191.11663666367531 136.78934498131275 191.43922260403633 210.74000270664692 128.09030754864216 217.71842423081398 238.0918485224247 114.2221907377243 146.78471496701241 129.59458707273006 1219.3368172943592 521.25195033848286 1443.1754125803709 553.45782016217709 178.94886761903763 181.16727881133556 124.64184330403805 282.75082525610924 124.77883034944534
leaf_count=927 1403 625 971 1790 562 864 779 571 508 657 766 822 610 771 960 598 977 955 522 654 568 5657 2392 5782 2594 820 828 562 1294 500
internal_value=0.0002193 0.0618085 -0.0374099 -0.0177609 0.0918528 0.061807 -0.00220027 -0.0320261 -0.00545281 -0.0475084 0.0253938 -0.0161557 -0.0440036 0.0815735 -0.0404453 -0.0528462 -0.0398935 0.100392 -0.050794 -0.0314595 -0.0213228 -0.0512611 -0.0423295 0.10173 -0.0546818 -0.0487295 -0.0412421 -0.0384996 -0.0422852 0.102465
internal_weight=8693.16 3296.94 5396.23 1831.88 2497.33 552.686 1086.55 799.603 248.433 3564.35 364.944 721.605 551.17 403.652 745.33 2095.49 1468.86 1944.65 414.381 357.525 530.488 1900.88 1251.14 1806.05 681.548 387.805 1109.81 305.809 804.003 1567.95
internal_count=38289 13673 24616 8130 10059 2260 4725 3614 1079 16486 1545 3180 2535 1635 3405 9776 6710 7799 1925 1614 2358 8849 5733 7237 3192 1791 5076 1390 3686 6282
is_linear=0
shrinkage=0.05


Tree=5
num_leaves=31
num_cat=0
split_feature=1 0 1 0 1 0 0 1 0 0 1 0 1 1 1 0 0 0 0 1 0 0 1 0 1 0 1 1 1 1
split_gain=7317.67 3213.39 540.081 315.902 255.347 156.426 76.0257 52.491 50.1983 43.9396 43.2372 36.8851 28.273 20.4304 19.0347 17.3389 10.7773 7.81658 7.03893 5.1718 5.0207 4.55029 4.3832 3.00891 2.3783 5.7186 1.54943 0.872687 2.99731 0.732059
threshold=17.374357000000003 86.630460000000014 9.5757900000000014 97.454175000000006 14.533550500000002 93.379845000000003 80.646875000000009 19.714772000000004 108.03371500000002 103.72468000000002 2.9478600000000004 89.088855000000009 32.876920500000004 13.279954000000002 15.502636500000003 67.40744500000001 101.67668500000001 84.706745000000026 76.133025000000018 -6.6622614999999987 107.86395000000002 95.896575000000013 21.379609000000002 80.200220000000016 7.7646335000000013 100.35868500000001 12.6476065 6.3552920000000013 5.2136915000000004 -28.972538499999995
decision_type=2 2 2 2 2 2 2 2 2 2 2 2 2 2 2 2 2 2 2 2 2 2 2 2 2 2 2 2 2 2
left_child=2 6 10 11 8 -3 12 16 13 -6 15 23 18 -5 21 -1 -7 -12 -2 29 24 26 -9 -4 27 -26 -13 28 -19 -17
right_child=1 5 3 4 9 7 -8 22 -10 -11 17 14 -14 -15 -16 19 -18 20 -20 -21 -22 -23 -24 -25 25 -27 -28 -29 -30 -31
leaf_value=-0.065843277728629371 -0.052927092521811631 0.050522408872724058 -0.052672052558500992 -0.017491602063366526 0.021252198016047923 0.07176881936882569 -0.0023763588594690639 0.089450018617558372 0.018195407291088522 0.056826629769684979 -0.052504515462561255 -0.037548408640642544 -0.022733477595917422 -0.0002692157033974353 -0.017491602063366526 -0.057310259304455317 0.084178868179945049 -0.04372417205732141 -0.03812376516545618 -0.048223004941180959 -0.029574374119404147 -0.024732942700709609 0.09706202783381021 -0.044087366676517206 -0.044130043103096345 -0.034995850163054551 -0.032367574470024751 -0.044328760311706239 -0.035731784995475434 -0.053073791016768512
leaf_weight=207.6530829668045 288.93317727744579 240.5824136286974 160.98930677771568 600.66840393841267 188.68712674081326 125.26770171523094 155.59336389601231 213.64640459418297 113.52426540851593 160.74728736281395 125.12182764708996 155.60016869008541 140.38495467603207 172.21592557430267 110.57791715860367 123.63641786575317 184.63010996580124 318.56182567775249 111.21081784367561 997.78727596998215 117.82661958038807 121.24896621704102 1647.2439661622047 278.89639280736446 191.15163257718086 177.13452214002609 170.62168061733246 264.15678039193153 185.6790024638176 581.92330123484135
leaf_count=1009 1380 987 764 2686 789 509 670 855 487 657 593 722 631 743 482 598 740 1490 514 4717 537 552 6590 1302 891 814 776 1226 862 2783
internal_value=7.52145e-05 0.0614572 -0.0344523 -0.0154775 0.00141893 0.0887757 -0.0331743 0.0930152 -0.0128509 0.0376172 -0.0473329 -0.0364021 -0.0420396 -0.0174111 -0.0278676 -0.0522027 0.0739626 -0.0405875 -0.0488128 -0.0505398 -0.0393989 -0.0330033 0.0961881 -0.0472292 -0.0404173 -0.0371138 -0.0360772 -0.0420007 -0.0407811 -0.0538162
internal_weight=8631.9 3107.49 5524.41 2233.78 1235.84 2411.37 696.122 2170.79 886.409 349.434 3290.63 997.934 540.529 772.884 558.049 1911 309.898 1379.63 400.144 1703.35 1254.51 447.471 1860.89 439.886 1136.68 368.286 326.222 768.398 504.241 705.56
internal_count=38356 12876 25480 9960 5362 9681 3195 8694 3916 1446 15520 4598 2525 3429 2532 9107 1249 6413 1894 8098 5820 2050 7445 2066 5283 1705 1498 3578 2352 3381
is_linear=0
shrinkage=0.05


Tree=6
num_leaves=31
num_cat=0
split_feature=1 0 1 0 1 0 1 0 0 1 1 1 0 0 0 0 1 0 0 1 1 1 0 1 0 1 1 0 1 0
split_gain=6673.73 3051.64 396.114 214.377 178.261 133.666 98.2176 92.1102 68.0538 53.2242 33.2765 29.2192 25.6601 23.4437 17.4704 14.5775 16.3228 9.92022 8.40506 8.37861 7.16929 6.26821 3.09668 2.28876 2.28712 1.77414 1.64132 1.6011 1.51572 1.31172
threshold=16.496098500000002 89.823640000000012 10.281606000000002 102.80447500000001 18.870009500000005 84.000045000000014 14.050973000000001 100.35868500000001 94.379800000000017 2.4974175000000005 13.174949000000002 32.876920500000004 94.928615000000022 78.432805000000016 65.316570000000013 105.75526500000002 7.7646335000000013 84.349770000000021 106.05361500000002 21.379609000000002 -7.1192084999999992 13.720637500000002 84.706745000000026 4.8743095000000016 102.10770000000001 22.514860500000001 -32.203934499999995 98.049895000000006 12.129366500000001 97.860140000000015
decision_type=2 2 2 2 2 2 2 2 2 2 2 2 2 2 2 2 2 2 2 2 2 2 2 2 2 2 2 2 2 2
left_child=2 5 9 8 7 11 18 -3 17 14 28 13 -6 25 -1 22 -17 -4 -5 24 26 -19 -11 -24 -14 -2 -16 -12 -10 -25
right_child=1 4 3 6 12 -7 -8 -9 10 15 27 -13 19 -15 20 16 -18 21 -20 -21 -22 -23 23 29 -26 -27 -28 -29 -30 -31
leaf_value=-0.065515802216447316 -0.053933927678148676 0.028459858699356268 -0.048646929944049212 -0.0081601244277721887 0.073702759939202153 0.012725067955187356 0.040992022395460653 0.072699535020881625 -0.028060917898957538 -0.047348172738066838 -0.016261027174765949 -0.017632069478739725 0.082543268153830521 -0.026756987162967434 -0.05735826019015583 -0.034381016628920645 -0.012940591385622225 -0.041007172692773972 0.0043485489832057449 0.092876453009920326 -0.046429520319205754 -0.028296944582122143 -0.043545633176565811 -0.04078510818917927 0.08838633764722692 -0.046803656800579914 -0.052031728177508389 -0.0081601244277721887 -0.022325150354272513 -0.036955340106606747
leaf_weight=182.25898443162441 154.24521099030972 143.0892570912838 200.43630748987198 186.35002864897251 230.59485962986946 168.87413327395916 178.05173993110657 208.82399921119213 242.91315852105618 150.60625344514847 126.89585088193417 149.21810673177242 125.3180173933506 158.15301334857941 107.33431121706963 173.62990368902683 112.78248779475689 203.66614644229412 161.30391052365303 1555.2684928029776 965.01517783105373 185.21405273675919 281.25398278236389 381.07206001877785 182.97936154901981 200.82454752922058 572.97078350186348 197.14273357391357 127.72125992178917 540.99412387609482
leaf_count=912 749 591 970 829 924 720 733 837 1107 729 569 673 502 712 535 810 508 961 691 6244 4653 858 1344 1804 733 975 2802 843 580 2539
internal_value=-0.000263261 0.0557768 -0.0350641 -0.0161017 0.0839037 -0.0269839 0.0107929 0.0509768 -0.0271132 -0.0449594 -0.0165109 -0.0371069 0.0894369 -0.0427691 -0.0508278 -0.0384211 -0.028173 -0.0396109 -0.00467358 0.0913838 -0.0492007 -0.0349536 -0.0405891 -0.0397431 0.0838537 -0.0499011 -0.0531317 -0.00816012 -0.0270058 -0.0385381
internal_weight=8555 3277.39 5277.61 1809.7 2446.07 831.315 525.706 351.913 1283.99 3467.92 694.673 662.441 2094.16 513.223 1827.58 1640.34 286.412 589.317 347.654 1863.57 1645.32 388.88 1353.93 1203.32 308.297 355.07 680.305 324.039 370.634 922.066
internal_count=38437 13660 24777 8141 9831 3829 2253 1428 5888 16636 3099 3109 8403 2436 8902 7734 1318 2789 1520 7479 7990 1819 6416 5687 1235 1724 3337 1412 1687 4343
is_linear=0
shrinkage=0.05


Tree=7
num_leaves=31
num_cat=0
split_feature=1 0 1 0 1 0 1 0 1 0 0 1 0 0 1 1 0 1 1 1 0 1 0 0 1 0 1 1 0 1
split_gain=6068.63 2820 355.663 184.79 172.942 159.649 135.085 71.8492 41.2137 29.9022 26.3155 25.5753 25.4442 24.8706 19.5159 18.109 17.8721 15.3738 14.9476 11.1973 8.60098 4.27416 3.12646 2.4019 2.38621 3.8417 1.89168 0.915399 0.604264 0.533955
threshold=16.496098500000002 90.262340000000009 9.5757900000000014 97.955315000000013 18.870009500000005 82.989140000000006 13.279954000000002 100.35868500000001 -7.1192084999999992 104.11609000000001 90.644325000000009 35.569485500000006 95.670565000000025 106.05361500000002 14.779953000000001 13.720637500000002 78.432805000000016 26.882295500000001 3.7978405000000004 -36.359374499999994 106.26395000000001 20.804573000000001 84.706745000000026 85.051900000000018 21.725658000000003 70.322435000000027 -23.565164499999998 -13.543357499999997 79.337810000000005 6.8190585000000006
decision_type=2 2 2 2 2 2 2 2 2 2 2 2 2 2 2 2 2 2 2 2 2 2 2 2 2 2 2 2 2 2
left_child=2 5 8 10 7 11 13 -3 19 14 23 16 17 -5 -8 -12 24 -6 -10 -1 22 -14 -20 28 -2 -26 -21 -28 -4 -24
right_child=1 4 3 6 12 -7 9 -9 18 -11 15 -13 21 -15 -16 -17 -18 -19 20 26 -22 -23 29 -25 25 -27 27 -29 -30 -31
leaf_value=-0.064895910498744533 -0.054902366427083994 0.027012249275324609 -0.04921894764887156 -0.01869884241272169 0.058469136173029117 0.009928237357079487 -0.0066188931198761349 0.066807458195415267 -0.044987039634229925 0.033958610952035874 -0.034003078697472461 -0.017511917202711277 0.081545335082726947 0.00075452483858465182 0.020576392620866964 -0.01869884241272169 -0.027746284028756285 0.079578478391473126 -0.046668847418467239 -0.045079328437912486 -0.027132105288094 0.088734728094730222 -0.036585293672312114 -0.039083086787495155 -0.053068557536836286 -0.04051021657497425 -0.054595193352067306 -0.050326742271112938 -0.044045164933959186 -0.038976322726612098
leaf_weight=180.36684703826904 134.4496116489172 142.95893777906895 113.43022418022156 488.52879652380943 127.26626460254192 224.35423310101032 125.74797523021698 209.56327798962593 1153.8132186084986 180.77485503256321 299.88117107748985 109.87817384302616 237.91749601066113 166.30413773655891 121.12731102108955 173.78157411515713 124.9875123500824 143.61813533306122 113.32207284867764 118.33582851290703 184.93270727992058 1577.1478054523468 432.0232999175787 196.36045762896538 118.32857000827789 125.47062826156616 213.6231654137373 304.85239389538765 112.31636302173138 508.10928365588188
leaf_count=935 668 588 562 2224 511 954 546 839 5671 743 1414 499 957 719 506 788 572 577 560 591 860 6380 2076 940 582 616 1074 1527 552 2433
internal_value=-0.000280261 0.0529986 -0.0339254 -0.0172501 0.0801851 -0.0261606 -0.00334874 0.0477944 -0.044204 0.0185079 -0.0340489 -0.0393664 0.085659 -0.0176226 0.00719417 -0.0259588 -0.0441381 0.0713646 -0.0408924 -0.0538984 -0.0370774 0.0877923 -0.0388233 -0.0431272 -0.0495546 -0.0466054 -0.0507835 -0.0520854 -0.0466448 -0.0378776
internal_weight=8463.57 3275.94 5187.63 1978.25 2438.47 837.469 1082.48 352.522 3209.38 427.65 895.77 613.114 2085.95 654.833 246.875 473.663 503.236 270.884 2392.2 817.178 1238.39 1815.07 1053.45 422.107 378.249 243.799 636.811 518.476 225.747 940.133
internal_count=38464 13743 24721 8994 9852 3891 4738 1427 15727 1795 4256 2937 8425 2943 1052 2202 2438 1088 11600 4127 5929 7337 5069 2054 1866 1198 3192 2601 1114 4509
is_linear=0
shrinkage=0.05


Tree=8
num_leaves=31
num_cat=0
split_feature=1 0 1 0 1 1 0 0 1 1 1 0 0 0 0 0 1 1 0 1 1 0 0 1 1 1 1 0 1 1
split_gain=5555.58 2365.85 451.871 280.509 165.621 113.902 112.86 80.7422 46.9243 46.5945 27.8612 25.0638 23.1809 21.2461 20.0079 17.0322 14.1068 12.8238 12.1411 7.0603 5.47782 3.55352 3.01789 4.20806 4.07088 2.71044 2.66214 2.27706 1.98792 1.17456
threshold=17.374357000000003 88.065595000000016 10.500345000000001 96.543190000000024 13.623574000000001 20.049193000000006 98.326165000000017 80.200220000000016 3.7978405000000004 15.632842000000002 33.35857450000001 106.05361500000002 104.11609000000001 90.644325000000009 65.316570000000013 106.26395000000001 13.720637500000002 7.6308260000000008 94.928615000000022 18.704101500000004 -6.6622614999999987 75.22111000000001 97.860140000000015 8.4381390000000014 9.0920650000000016 21.725658000000003 -32.203934499999995 85.051900000000018 -19.543540499999995 6.6674260000000016
decision_type=2 2 2 2 2 2 2 2 2 2 2 2 2 2 2 2 2 2 2 2 2 2 2 2 2 2 2 2 2 2
left_child=2 7 8 13 11 6 -3 10 14 12 21 -5 -6 27 -1 22 -15 -17 -7 -8 26 -2 23 -10 29 -20 -16 -4 -28 -24
right_child=1 5 3 4 9 18 19 -9 15 -11 -12 -13 -14 16 20 17 -18 -19 25 -21 -22 -23 24 -25 -26 -27 28 -29 -30 -31
leaf_value=-0.063227036413349688 -0.048497848007361864 0.025426788505942783 -0.04490641533904996 -0.015030530768197718 0.0020111688070210739 0.072283070300508664 0.063918593937804996 -0.00020069841490651661 -0.037818405994282524 0.043125699120449335 -0.019142523061583455 0.0067200071133471295 0.029785908124083323 -0.033430087867363192 -0.054395145251026011 -0.030169401000873265 -0.015030530768197718 -0.010158639874696476 0.079321968139457633 0.079780474645960997 -0.043350580861779384 -0.038010323255723621 -0.037818405994282524 -0.046062365212717046 -0.030169401000873265 0.085421487808731864 -0.041928944584382372 -0.037696325605612091 -0.049246241664888307 -0.034420666861643294
leaf_weight=176.62151330709457 247.045025780797 123.82875560224056 247.86825509369373 460.12104849517345 194.20343181490898 223.79938653111458 135.08393302559853 196.70955511927605 365.08536261320114 210.04427754878998 126.470604211092 134.91627626121044 122.51405282318592 172.12570659816265 99.470939546823502 115.52248150110245 169.7942922860384 111.49613681435585 207.56202211976051 145.9532476067543 1071.3643669784069 120.00619281828403 242.07028771936893 206.08582332730293 176.43575333058834 1486.6346021294594 117.03478865325451 196.17045715451241 448.60180179774761 254.88579703867435
leaf_count=936 1259 503 1241 2095 837 903 542 851 1799 854 581 578 502 826 524 548 765 505 844 591 5367 588 1179 1014 832 6084 595 944 2300 1236
internal_value=-0.000206696 0.05399 -0.031062 -0.0116018 0.00444627 0.0781414 0.0540428 -0.0272879 -0.0420306 0.0248653 -0.0380843 -0.0136298 0.0127551 -0.0345073 -0.047194 -0.0353181 -0.0251391 -0.0227233 0.0832284 0.0721563 -0.0455633 -0.045069 -0.0376155 -0.0402889 -0.0353479 0.0846742 -0.0491275 -0.0417211 -0.0477322 -0.0377071
internal_weight=8305.53 3013.09 5292.43 1907.76 1121.8 2322.86 404.866 690.231 3384.68 526.762 493.522 595.037 316.717 785.959 1913.09 1471.58 341.92 227.019 1918 281.037 1736.47 367.051 1244.56 571.171 673.392 1694.2 665.108 444.039 565.637 496.956
internal_count=38223 12746 25477 8642 4866 9467 1636 3279 16835 2193 2428 2673 1339 3776 9722 7113 1591 1053 7831 1133 8786 1847 6060 2813 3247 6928 3419 2185 2895 2415
is_linear=0
shrinkage=0.05


Tree=9
num_leaves=31
num_cat=0
split_feature=1 0 1 0 1 1 0 0 1 1 0 0 0 1 1 1 1 0 1 1 0 0 1 0 1 1 1 0 1 1
split_gain=5103.64 2134.71 412.56 230.19 174.366 132.378 147.35 63.9418 67.5131 38.5676 37.1629 32.7715 24.4791 17.7393 14.8032 14.672 12.0569 15.0289 11.2383 9.58015 8.44773 4.98442 2.91189 4.13624 2.53624 2.46714 1.99443 1.81881 2.15473 1.67572
threshold=17.374357000000003 87.476700000000008 9.5757900000000014 97.251210000000015 14.533550500000002 20.623621000000004 96.746215000000021 77.954705000000018 21.551369000000005 -4.5264704999999994 104.45388000000001 102.71889000000002 88.065595000000016 32.876920500000004 13.720637500000002 11.777991000000002 5.8891125000000004 104.52859000000001 -36.359374499999994 18.523872000000004 93.803150000000016 93.520585000000011 6.8190585000000006 97.660420000000016 22.722694000000004 13.279954000000002 15.632842000000002 73.685200000000023 -19.543540499999995 23.661935000000003
decision_type=2 2 2 2 2 2 2 2 2 2 2 2 2 2 2 2 2 2 2 2 2 2 2 2 2 2 2 2 2 2
left_child=2 7 9 12 10 6 -3 13 -9 18 25 -6 26 24 -14 -12 -11 22 -1 -8 -7 -16 -18 -24 -2 -5 -4 -20 -29 -22
right_child=1 5 3 4 11 20 19 8 -10 16 15 -13 14 -15 21 -17 17 -19 27 -21 29 -23 23 -25 -26 -27 -28 28 -30 -31
leaf_value=-0.061993511501800262 -0.050789792858653787 0.023624658597371364 -0.039855601711894895 -0.01574421675894758 0.013394933073933893 0.069981031851107378 0.058276193409663495 -0.022786658871185576 0.022239587990169812 -0.041087260961522681 -0.0063956412957734514 0.044005363897689193 -0.033017037649304005 -0.022786658871185576 -0.025752455202617278 0.013439791142582367 -0.030715360015240802 -0.021341240169897514 -0.053805006351402042 0.075318792355158898 0.078946350400486268 -0.01574421675894758 -0.043425100350525589 -0.034201440485929616 -0.041528112302316823 -0.0063956412957734514 -0.047912232103129032 -0.040605052784242798 -0.048025399413365047 0.082711815528371133
leaf_weight=166.03656250238419 125.82050062716007 131.22329756617546 261.19780747592449 435.14832164347172 157.107535764575 165.13835588097572 127.69919288158417 124.08654080331326 114.06718927621841 1291.355425298214 155.2335632443428 197.17274768650532 298.29856161773205 117.81238278746605 125.49665740132332 164.17882600426674 137.16249980032444 198.07013265788555 105.36027170717716 232.7604913264513 384.59580755233765 118.59121140837669 251.27433684468269 235.42468495666981 179.19116160273552 123.71030087769032 108.81839601695538 118.1368740350008 569.233468323946 1274.9028338342905
leaf_count=916 656 534 1330 2018 653 668 514 558 504 6543 686 795 1456 546 582 698 682 942 563 951 1591 533 1263 1162 927 541 542 612 2970 5292
internal_value=-0.000289345 0.0519447 -0.0300988 -0.0132718 0.000820957 0.0745611 0.0515348 -0.0273118 -0.00659031 -0.0418477 -0.0111233 0.030431 -0.0323094 -0.038983 -0.025545 0.00295293 -0.0380742 -0.0333404 -0.0501652 0.0692812 0.0807659 -0.0164134 -0.03715 -0.0389635 -0.0453487 -0.0157442 -0.042225 -0.0476877 -0.0467501 0.0818392
internal_weight=8194.31 2977.3 5217.01 2144.95 1232.55 2316.32 491.683 660.978 238.154 3072.05 878.271 354.28 912.403 422.824 542.386 319.412 2113.29 821.932 958.767 360.46 1824.64 244.088 623.862 486.699 305.012 558.859 370.016 792.731 687.37 1659.5
internal_count=38228 12741 25487 9834 5391 9550 1999 3191 1062 15653 3943 1448 4443 2129 2571 1384 10592 4049 5061 1465 7551 1115 3107 2425 1583 2559 1872 4145 3582 6883
is_linear=0
shrinkage=0.05


Tree=10
num_leaves=31
num_cat=0
split_feature=1 0 1 0 1 0 1 0 0 1 1 0 1 0 1 1 0 0 1 0 1 0 0 0 1 0 1 1 1 0
split_gain=4703.54 2090.56 292.762 157.093 151.066 127.27 72.0617 58.6571 36.8387 30.7212 27.9697 56.4311 26.4422 20.4973 20.9343 11.4555 8.3054 6.35968 6.13112 5.89956 5.45956 4.37224 4.19644 3.17427 2.65202 1.03934 0.834232 1.26828 1.00477 0.765802
threshold=16.360031000000003 90.644325000000009 9.0920650000000016 102.80447500000001 18.870009500000005 84.706745000000026 13.400919000000002 100.59646000000002 90.644325000000009 13.720637500000002 23.661935000000003 74.70933500000001 -9.7656944999999986 96.641260000000003 25.530067500000005 3.7978405000000004 67.40744500000001 107.04167500000001 32.442796500000007 78.432805000000016 12.310562500000001 86.931550000000016 97.660420000000016 106.26395000000001 22.514860500000001 79.337810000000005 -16.763144999999998 -28.972538499999995 -12.652998499999999 96.543190000000024
decision_type=2 2 2 2 2 2 2 2 2 2 2 2 2 2 2 2 2 2 2 2 2 2 2 2 2 2 2 2 2 2
left_child=2 5 12 8 7 10 17 -3 25 20 19 18 16 14 -6 -14 -1 -5 -12 -2 -10 -17 -22 -23 -15 -4 27 -18 -28 -11
right_child=1 4 3 6 13 -7 -8 -9 9 29 11 -13 15 24 -16 21 26 -19 -20 -21 22 23 -24 -25 -26 -27 28 -29 -30 -31
leaf_value=-0.060598472385602023 -0.048972081261968399 0.024978245585841073 -0.042477683759363415 -0.010897182632073094 0.048749475994307047 0.014166683627491308 0.026718216326164314 0.059233824788626877 -0.029474199604355079 -0.018043917894432892 -0.046160911986838499 -0.0088960522055737106 -0.042115791573578344 0.075421742850618201 0.071983371588438858 -0.044084204560601831 -0.049397692828533818 0.00053375892275530441 -0.029505532399133529 -0.035062449712720586 -0.027392540365762635 -0.03518715510292298 -0.013361070442031839 -0.027487663852211325 0.080057540371037864 -0.036845580842870145 -0.052946923056137442 -0.04217001346888441 -0.046121270950339077 -0.010897182632073094
leaf_weight=152.94900690019131 170.96189533174038 158.45977199077606 112.00425577163696 266.19893330335617 125.28299534320831 195.42034009099007 226.66391283273697 220.61734358966351 451.76111613214016 123.35000319778919 120.95584607124329 105.89067326486111 1222.7910284996033 410.95801240205765 194.23240651190281 117.47190882265568 104.44631932675838 139.95572596788406 101.7245082706213 137.57310175895691 103.64575871825218 769.61150163412094 109.66934807598591 162.04899591207504 1237.544266462326 304.90649315714836 105.04248963296413 144.8999402821064 110.7729673832655 182.73045125603676
leaf_count=867 909 650 591 1217 513 824 927 891 2182 574 642 497 6404 1714 806 612 576 608 478 639 505 3873 498 779 5231 1555 567 773 595 782
internal_value=-0.000437082 0.0469421 -0.0311132 -0.016514 0.0710882 -0.0211317 0.00413233 0.0421854 -0.0259267 -0.0205897 -0.0319588 -0.0218069 -0.0413217 0.0766554 0.0650649 -0.0388271 -0.0504909 -0.00847224 -0.0385524 -0.0427699 -0.0267925 -0.0349941 -0.0201787 -0.0338479 0.0789019 -0.0383587 -0.0471675 -0.0451975 -0.0494435 -0.0108972
internal_weight=8090.54 3179.62 4910.92 2020.89 2347.09 832.526 632.819 379.077 1388.07 971.157 637.106 328.571 2890.03 1968.02 319.515 2271.92 618.111 406.155 222.68 308.535 665.076 1049.13 213.315 931.66 1648.5 416.911 465.162 249.346 215.815 306.08
internal_count=38279 13794 24485 9439 9805 3989 2752 1541 6687 4541 3165 1617 15046 8264 1319 11668 3378 1825 1120 1548 3185 5264 1003 4652 6945 2146 2511 1349 1162 1356
is_linear=0
shrinkage=0.05


Tree=11
num_leaves=31
num_cat=0
split_feature=1 0 1 0 1 0 1 1 0 1 0 0 0 1 1 0 1 0 0 0 1 0 1 1 1 0 1 1 0 1
split_gain=4381.72 1800.13 370.575 255.72 134.32 107.719 88.7359 65.5478 51.3734 78.4308 29.5383 24.0343 23.8854 22.1159 19.4604 17.8074 16.3343 16.1403 13.5949 5.51607 5.84053 6.14246 5.15505 3.70086 3.47965 2.62341 2.5981 1.85702 1.16001 0.849479
threshold=17.374357000000003 86.931550000000016 11.467827000000002 98.049895000000006 20.049193000000006 98.242805000000018 14.896122000000002 3.7978405000000004 77.054615000000013 22.112892500000005 88.065595000000016 106.26395000000001 105.35582500000001 8.0285400000000013 32.876920500000004 102.88862000000002 15.502636500000003 65.316570000000013 93.379845000000003 86.325980000000015 7.9046140000000014 101.28726500000002 -9.7656944999999986 12.6476065 18.704101500000004 95.896575000000013 22.514860500000001 10.166312000000003 71.534865000000011 -4.9381519999999997
decision_type=2 2 2 2 2 2 2 2 2 2 2 2 2 2 2 2 2 2 2 2 2 2 2 2 2 2 2 2 2 2
left_child=2 8 7 10 5 -3 12 17 14 -10 -4 19 23 -13 28 -8 25 -1 -6 -9 -21 27 -19 -5 -7 -12 -20 -22 -2 -24
right_child=1 4 3 6 18 24 15 11 9 -11 16 13 -14 -15 -16 -17 -18 22 26 20 21 -23 29 -25 -26 -27 -28 -29 -30 -31
leaf_value=-0.059483083422983377 -0.047820529072295892 0.021753123566435981 -0.041619582600380393 -0.0092134830607659094 0.061423935691945701 0.057324973735862088 0.018790841453176634 -0.041598215763760077 -0.022912861567295478 0.021753123566435981 -0.029951656746731621 -0.024841359849556679 0.014539567935383533 -0.0016811678800283593 -0.022912861567295478 0.043736784277062818 -0.0092134830607659094 -0.047401378643586949 0.072351270200665049 -0.035707838587697181 -0.035554580527640697 -0.024841359849556679 -0.043519000201132689 -0.0027363380991013713 0.068549538129749038 -0.020422238399603602 0.077522494617702914 -0.028806447112957424 -0.041255544799074201 -0.040347245909243025
leaf_weight=160.41384139657021 147.17040908336639 140.10676997900009 296.82318192720413 141.41832460463047 161.25873060524464 133.8915549069643 125.60544636845589 169.38014851510525 132.61737841367722 115.99893456697464 245.06480731070042 122.23674915730953 164.33417215943336 136.16897469758987 111.00216215848923 166.19469256699085 123.48250102996826 449.80866198241711 294.24130304157734 572.23784695565701 246.44626326858997 262.18423353135586 276.82384534180164 226.51374693214893 142.56280991435051 102.40097586810589 1391.7348910868168 172.07486891746521 123.96471238136292 889.18499866127968
leaf_count=934 806 569 1556 656 658 545 516 903 613 519 1206 600 690 612 524 668 549 2491 1251 2931 1260 1263 1503 997 599 483 5992 845 670 4727
internal_value=-0.000348507 0.0486964 -0.0284667 -0.00850432 0.0695098 0.0438624 0.0108393 -0.0376588 -0.0260035 -0.00831247 -0.0292662 -0.0305809 -0.00130905 -0.0165533 -0.0375133 0.0329988 -0.0214803 -0.0443561 0.0752934 -0.0331294 -0.0319846 -0.0288546 -0.0428544 -0.00838772 0.0631133 -0.0271433 0.07662 -0.0327715 -0.044819 -0.0411003
internal_weight=7943.35 2894.55 5048.8 1591.84 2263.8 416.561 824.066 3456.96 630.754 248.616 767.771 1680.73 532.266 258.406 382.137 291.8 470.948 1776.23 1847.23 1422.32 1252.94 680.705 1615.82 367.932 276.454 347.466 1685.98 418.521 271.135 1166.01
internal_count=38136 12746 25390 7321 9614 1713 3527 18069 3132 1132 3794 8414 2343 1212 2000 1184 2238 9655 7901 7202 6299 3368 8721 1653 1144 1689 7243 2105 1476 6230
is_linear=0
shrinkage=0.05


Tree=12
num_leaves=31
num_cat=0
split_feature=1 0 1 0 1 0 1 1 0 1 0 1 1 0 1 0 1 0 1 1 0 0 0 1 1 1 0 1 1 1
split_gain=3936.89 1788.22 291.998 145.038 124.643 108.682 100.736 76.2773 44.539 39.008 33.4018 25.7194 22.8684 26.4644 18.5562 17.6997 9.90658 6.84515 6.43176 4.23478 3.04569 2.85772 2.43787 3.30933 2.08079 1.83075 1.16626 0.922271 3.10149 1.79029
threshold=16.633432500000001 90.849770000000021 7.9046140000000014 102.48281000000001 18.523872000000004 81.853820000000013 21.174646000000003 14.050973000000001 90.644325000000009 13.174949000000002 101.28726500000002 -7.1192084999999992 21.379609000000002 100.03031500000002 32.051735000000008 108.03371500000002 -36.359374499999994 77.542500000000004 3.7978405000000004 12.129366500000001 88.065595000000016 94.808555000000013 73.685200000000023 -16.763144999999998 11.467827000000002 25.106159000000002 97.251210000000015 6.8190585000000006 5.8891125000000004 4.5531645000000003
decision_type=2 2 2 2 2 2 2 2 2 2 2 2 2 2 2 2 2 2 2 2 2 2 2 2 2 2 2 2 2 2
left_child=2 5 11 8 10 14 -7 15 20 24 -3 16 13 -6 17 19 -1 25 -13 -5 -4 -14 -18 -24 -10 -2 -26 28 29 -20
right_child=1 4 3 7 12 6 -8 -9 9 -11 -12 18 21 -15 -16 -17 22 -19 27 -21 -22 -23 23 -25 26 -27 -28 -29 -30 -31
leaf_value=-0.059805978238353312 -0.04710335182566347 0.023513069098172946 -0.039696405415427488 -0.011331583454195993 0.041434103226221014 -0.014157948369920712 0.023513069098172946 0.028156838413762732 -0.028200565717122296 -0.011331583454195993 0.052890194982708222 -0.039699403467884191 0.067615031692266556 0.06994476909409432 -0.018280694597571989 0.008419271402776967 -0.052742094266072785 -0.028890552640353562 -0.030195389411670895 -0.0022830079981245484 -0.03026609997368181 0.075124110393473609 -0.037947642344699078 -0.046809495650040112 -0.027064927046631077 -0.038652006557580422 -0.020084996157487 -0.036269208257892489 -0.027101734946383529 -0.037786204137035873
leaf_weight=149.17988581955433 162.60854341089725 132.4468058347702 356.95665754377842 299.29131083190441 120.79416075348854 147.34054513275623 123.98651909828186 204.15503492951393 421.84402906894684 404.67231057584286 150.04041574895382 1034.8571670353413 139.02079911530018 249.53253850340843 142.01489977538586 135.32929046452045 92.893322333693504 108.50355497002602 117.27960713207722 135.41049265861511 112.63696575164795 1429.9650525897741 157.15836331248283 319.56548915803432 104.30209821462631 105.75326772034168 140.40809634327888 230.25653165578842 177.72609616816044 230.02257011830807
leaf_count=905 909 539 1927 1412 500 643 512 825 2136 1822 613 5630 584 1070 680 590 543 532 615 594 580 6297 876 1803 526 584 657 1193 917 1197
internal_value=-0.000525867 0.0443253 -0.0285303 -0.0157239 0.0673011 -0.0202749 0.00536787 0.00193191 -0.0245951 -0.0189667 0.0362715 -0.0403469 0.0718209 0.0606451 -0.0336838 -0.00746047 -0.0483359 -0.0394881 -0.037139 -0.0113316 -0.0374344 0.0744588 -0.045332 -0.0438881 -0.0268232 -0.0437729 -0.02306 -0.0336309 -0.0324738 -0.0352229
internal_weight=7835.95 3012.01 4823.95 2315.01 2221.8 790.207 271.327 774.186 1540.82 1071.23 282.487 2508.94 1939.31 370.327 518.88 570.031 718.797 376.865 1790.14 434.702 469.594 1568.99 569.617 476.724 666.554 268.362 244.71 755.285 525.028 347.302
internal_count=38211 13463 24748 11069 9603 3860 1155 3421 7648 5141 1152 13679 8451 1570 2705 2596 4127 2025 9552 2006 2507 6881 3222 2679 3319 1493 1183 3922 2729 1812
is_linear=0
shrinkage=0.05


Tree=13
num_leaves=31
num_cat=0
split_feature=1 0 1 0 1 1 0 0 1 1 0 0 1 1 1 0 1 0 1 1 1 1 1 1 0 1 0 0 1 0
split_gain=3694.44 1575.6 325.455 175.401 127.749 105.188 100.288 61.1159 46.9776 46.159 32.7281 28.7614 18.4181 17.9067 12.9665 11.6414 14.3384 11.4397 10.8691 8.37026 4.76355 4.38109 3.83238 3.23384 2.93455 2.84221 2.75482 2.50361 2.06131 3.73299
threshold=17.374357000000003 87.476700000000008 10.500345000000001 98.413210000000007 20.049193000000006 15.502636500000003 97.144585000000021 78.432805000000016 21.379609000000002 4.8743095000000016 105.35582500000001 91.472660000000005 32.876920500000004 -36.359374499999994 12.766297500000002 104.52859000000001 8.0285400000000013 93.379845000000003 14.659504500000002 13.174949000000002 -4.5264704999999994 18.523872000000004 21.922323000000002 21.725658000000003 84.349770000000021 -23.565164499999998 70.95659000000002 84.706745000000026 6.8190585000000006 97.251210000000015
decision_type=2 2 2 2 2 2 2 2 2 2 2 2 2 2 2 2 2 2 2 2 2 2 2 2 2 2 2 2 2 2
left_child=2 7 9 11 6 10 -3 12 -9 13 19 24 23 -1 -12 27 -17 -6 -13 -5 25 -8 -19 -2 -4 -15 -25 -11 -29 -30
right_child=1 4 3 5 17 -7 21 8 -10 15 14 18 -14 20 -16 16 -18 22 -20 -21 -22 -23 -24 26 -26 -27 -28 28 29 -31
leaf_value=-0.05830523793722861 -0.050108902684987348 0.020480857318219504 -0.039854862411392938 -0.011045168828574887 0.057877481729564841 0.036476486410692163 0.051382112798197724 -0.019738387888682082 0.019506306264551004 -0.03909457726108137 2.1834637346043741e-05 -0.023419152443529639 -0.019738387888682082 -0.035685476405747478 0.022281895349756897 -0.026139805056436694 -0.0087838552093274826 0.066109148732422504 -0.011045168828574887 -0.001390290430601531 -0.037943319718302067 0.063887749587552764 0.07322345350604155 -0.044781649256302437 -0.031627365593069785 -0.044548407231297764 -0.032874455825464097 -0.026930927261652745 -0.034987609083937381 -0.028803871142281823
leaf_weight=146.96072533726692 96.202042490243912 126.16326031088829 208.99969945847988 304.61487275362015 151.14912194013596 202.33875674009323 125.17660935223103 114.25732359290123 115.03775165975094 105.03651742637157 120.21268665790558 294.58280423283577 116.20941713452339 106.04284571111202 125.90260808169842 147.01233744621277 151.16100773215294 218.91259813308716 144.30431954562664 224.48979359865189 1025.7902826666832 158.98197312653065 1399.2521425485611 98.338066130876541 225.11485940217972 615.43668560683727 95.99088479578495 233.30705532431602 227.8457907140255 333.16047477722168
leaf_count=924 550 511 1161 1434 625 818 516 527 501 586 519 1458 557 611 516 747 705 964 645 962 5649 686 6304 562 1161 3541 530 1232 1214 1717
internal_value=-0.000715203 0.0449983 -0.0267585 -0.010174 0.0652029 0.00437288 0.0400668 -0.0242412 -0.00359845 -0.0366851 -0.00400643 -0.0264632 -0.0358783 -0.0415427 0.0110568 -0.0290014 -0.0204397 0.0710322 -0.0174373 -0.0110132 -0.0401328 0.0583788 0.072261 -0.0426115 -0.0355884 -0.0432457 -0.0389 -0.03184 -0.0308806 -0.0325232
internal_weight=7757.99 2815.67 4942.31 1850.56 2179.64 977.559 410.322 636.035 229.295 3091.75 775.22 873.002 406.74 1894.23 246.115 1197.52 298.173 1769.31 438.887 529.105 1747.27 284.159 1618.16 290.531 434.115 721.48 194.329 899.35 794.313 561.006
internal_count=38433 12833 25600 8674 9606 4249 1713 3227 1028 16926 3431 4425 2199 10725 1035 6201 1452 7893 2103 2396 9801 1202 7268 1642 2322 4152 1092 4749 4163 2931
is_linear=0
shrinkage=0.05


Tree=14
num_leaves=31
num_cat=0
split_feature=1 0 1 0 1 0 1 0 1 0 0 1 1 0 0 1 0 0 1 1 1 0 1 0 0 1 1 1 0 1
split_gain=3360.77 1472.28 301.392 166.823 94.8947 90.7666 79.6071 59.9777 42.313 34.8043 20.5243 38.0851 19.0782 16.7659 14.7107 12.3488 7.78987 5.99585 18.9837 4.49212 4.49016 4.32106 4.24436 2.35687 2.11722 1.88196 1.41991 1.17037 2.6842 2.34306
threshold=17.374357000000003 89.823640000000012 10.602863500000002 96.006825000000021 15.632842000000002 84.000045000000014 20.228838000000003 98.599965000000012 1.4741875000000004 104.62793500000002 71.534865000000011 25.339624500000003 13.400919000000002 65.316570000000013 90.849770000000021 13.174949000000002 94.808555000000013 106.26395000000001 7.9046140000000014 14.533550500000002 18.870009500000005 84.000045000000014 -4.9381519999999997 80.200220000000016 101.05306000000002 22.722694000000004 31.355935500000005 5.8891125000000004 101.28726500000002 8.4381390000000014
decision_type=2 2 2 2 2 2 2 2 2 2 2 2 2 2 2 2 2 2 2 2 2 2 2 2 2 2 2 2 2 2
left_child=2 5 8 14 9 10 7 -3 13 15 26 -12 -11 -1 23 -5 -8 21 -19 -16 -9 -10 -15 -4 -17 -18 -2 -23 29 -29
right_child=1 6 3 4 -6 -7 16 20 17 12 11 -13 -14 22 19 24 25 18 -20 -21 -22 27 -24 -25 -26 -27 -28 28 -30 -31
leaf_value=-0.057442897599440303 -0.043865350066410305 0.023250564382497764 -0.040510215771807662 -0.012978642522046616 0.032654420920423165 0.014995943854957606 0.05989672301420082 0.052334908520179912 -0.039124549438992441 -0.00042541813732529523 -0.030426939328845073 -0.0066554561235773364 0.025333160686211532 -0.041998228396418029 -0.024766348853767436 -0.0067076295924834994 0.067370764656626017 -0.026555737721035928 -0.0040262348636382955 -0.012978642522046616 0.065133206036472435 -0.03171878622680159 -0.036105408074654552 -0.032180193297896169 -0.00042541813732529523 0.071993818265197199 -0.035638384458727017 -0.028815870061493765 -0.026555737721035928 -0.034450556315084084
leaf_weight=142.90194499492645 122.97115802764893 122.98632927238941 120.88227039575577 358.66684380173683 214.11423221230507 155.53179250657558 171.04582670331001 144.1091078966856 136.89133808016777 172.27733173966408 207.96600928902626 122.87520554661751 119.76273980736732 680.70410607755184 169.99785974621773 149.64609384536743 268.42817758023739 158.38034687936306 102.24661172926426 105.27112986147404 130.67782980203629 482.30026219785213 554.4642957597971 285.38688443601131 126.01292327046394 1223.6197630316019 91.450473964214325 244.44956754148006 303.12006813287735 245.39861960709095
leaf_count=918 726 497 694 1717 873 647 736 605 780 747 1079 612 484 4032 869 669 1218 829 469 483 582 2662 3138 1526 536 5669 457 1317 1553 1305
internal_value=-0.000157452 0.0439087 -0.0251316 -0.00904079 0.00265481 -0.0186964 0.0651975 0.0451037 -0.0347413 -0.00427911 -0.0283069 -0.0204973 0.0100043 -0.0412288 -0.0286121 -0.0108551 0.0700035 -0.0293967 -0.0224287 -0.0196879 0.0584213 -0.0306827 -0.039353 -0.0346587 -0.00191653 0.0711621 -0.0403566 -0.0297766 -0.0285953 -0.031076
internal_weight=7634.54 2761.66 4872.88 1822.02 1140.48 700.795 2060.87 397.773 3050.86 926.366 545.263 330.841 292.04 1378.07 681.538 634.326 1663.09 1672.79 260.627 275.269 274.787 1412.16 1235.17 406.269 275.659 1492.05 214.422 1275.27 792.968 489.848
internal_count=38429 12828 25601 8598 5026 3521 9307 1684 17003 4153 2874 1691 1231 8088 3572 2922 7623 8915 1298 1352 1187 7617 7170 2220 1205 6887 1183 6837 4175 2622
is_linear=0
shrinkage=0.05


Tree=15
num_leaves=31
num_cat=0
split_feature=1 0 1 0 1 0 1 1 0 1 0 0 1 1 0 1 1 0 1 0 0 1 1 1 1 1 0 1 1 1
split_gain=3024.07 1341.39 275.985 170.203 127.721 79.491 92.6655 75.3536 77.6494 34.1142 29.971 28.7887 18.5706 10.8497 9.08114 8.73288 7.23477 9.65879 6.96402 6.43744 6.13313 4.24923 3.77741 3.28184 2.90266 2.61163 1.81442 1.48468 1.77676 1.53238
threshold=17.374357000000003 89.823640000000012 9.5757900000000014 94.379800000000017 14.533550500000002 79.337810000000005 22.112892500000005 21.174646000000003 97.144585000000021 -4.9381519999999997 102.71889000000002 105.35582500000001 32.876920500000004 -36.359374499999994 90.644325000000009 18.523872000000004 7.3655910000000011 100.35868500000001 12.310562500000001 94.808555000000013 99.103015000000013 12.129366500000001 21.922323000000002 -23.565164499999998 -12.652998499999999 8.4381390000000014 80.200220000000016 3.7978405000000004 4.5531645000000003 -2.6246229999999997
decision_type=2 2 2 2 2 2 2 2 2 2 2 2 2 2 2 2 2 2 2 2 2 2 2 2 2 2 2 2 2 2
left_child=2 5 9 14 11 12 -7 8 -3 13 -6 18 22 -1 26 -10 27 25 -5 -9 -20 -13 -2 -15 -25 -18 -4 29 -29 -11
right_child=1 7 3 4 10 6 -8 19 15 16 -12 21 -14 23 -16 -17 17 -19 20 -21 -22 -23 -24 24 -26 -27 -28 28 -30 -31
leaf_value=-0.055769657907696529 -0.045764933914206198 0.022442606870875285 -0.041269473100674463 -0.016549224850811294 0.0096633831173282229 -0.014288440763186262 0.022442606870875285 0.058985342324411764 0.046512021413997108 -0.029523376059149172 0.036061466774216955 -0.0021497128463870553 -0.015355881976816567 -0.032053817491752658 -0.02334416975160987 0.062730979530197864 -0.026955347940946114 -0.018162285911426303 -0.016549224850811294 0.069557124702288586 -0.0058367027631845165 0.010598679032810516 -0.034064655299709749 -0.046734076553408575 -0.039218211763214272 -0.037252468038024157 -0.034143958183543419 -0.02488626148292283 -0.031957780184733851 -0.034957203841520165
leaf_weight=139.98525524139404 110.13573448359966 121.42073392868042 128.0415074378252 424.32197023928165 232.78448903560638 152.94788163900375 120.94107206165791 161.3283144980669 120.70566245913506 159.73063530027866 199.81562456488609 141.20410473644733 123.73642461001873 99.116865560412407 198.79702463746071 265.65272770822048 116.90326601266861 231.36785486340523 129.50337567925453 1340.4871987551451 211.95993907749653 121.69962854683399 184.61647087335587 200.89979991316795 356.28715389966965 130.1120428442955 295.57275094091892 107.99525161087513 500.45407079160213 691.18380345404148
leaf_count=941 651 496 752 2098 990 683 511 707 507 925 807 621 603 598 1001 1202 649 1188 626 6372 951 507 1071 1233 2143 726 1616 596 2719 3982
internal_value=-0.000226717 0.0421128 -0.0239724 -0.0102643 -0.000938074 -0.0179064 0.00303529 0.0627916 0.0461407 -0.0344197 0.0218565 -0.010524 -0.0316122 -0.0431323 -0.0321604 0.0576639 -0.0308394 -0.0255033 -0.015425 0.0684215 -0.00921294 0.00375159 -0.0384365 -0.0404369 -0.0419281 -0.0323792 -0.0362977 -0.0325886 -0.0307026 -0.0339372
internal_weight=7519.71 2701.97 4817.74 2083.7 1461.29 692.378 273.889 2009.59 507.779 2734.04 432.6 1028.69 418.489 796.289 622.411 386.358 1937.75 478.383 765.785 1501.82 341.463 262.904 294.752 656.304 557.187 247.015 423.614 1459.36 608.449 850.914
internal_count=38472 12803 25669 9969 6600 3519 1194 9284 2205 15700 1797 4803 2325 4915 3369 1709 10785 2563 3675 7079 1577 1128 1722 3974 3376 1375 2368 8222 3315 4907
is_linear=0
shrinkage=0.05


Tree=16
num_leaves=31
num_cat=0
split_feature=1 0 1 1 0 0 0 1 0 1 1 1 0 1 0 0 1 1 0 1 1 1 0 0 1 0 1 1 1 1
split_gain=2771.24 1331.47 221.801 115.1 110.236 82.165 62.6461 57.1442 36.4851 28.0187 26.1404 20.8242 10.9162 10.6149 10.5829 8.8687 7.75481 6.93176 5.77691 3.52145 2.64588 2.57126 2.37735 2.17197 1.95296 1.92994 1.65473 1.38925 0.763506 0.63707
threshold=16.496098500000002 91.070965000000015 7.9046140000000014 20.049193000000006 102.32701000000002 84.000045000000014 97.860140000000015 13.279954000000002 90.644325000000009 13.174949000000002 -13.543357499999997 32.051735000000008 77.542500000000004 18.195942000000002 94.808555000000013 105.35582500000001 3.7978405000000004 -36.359374499999994 108.03371500000002 -23.565164499999998 21.922323000000002 11.467827000000002 84.349770000000021 71.534865000000011 4.5531645000000003 98.242805000000018 13.279954000000002 -4.117513999999999 -2.6246229999999997 11.777991000000002
decision_type=2 2 2 2 2 2 2 2 2 2 2 2 2 2 2 2 2 2 2 2 2 2 2 2 2 2 2 2 2 2
left_child=2 5 10 6 8 11 -3 18 22 21 17 12 23 -8 -5 -9 27 -1 29 -19 -16 -10 -4 -2 -18 -23 -24 -12 -29 -6
right_child=1 3 4 14 7 -7 13 15 9 -11 16 -13 -14 -15 20 -17 24 19 -20 -21 -22 25 26 -25 -26 -27 -28 28 -30 -31
leaf_value=-0.056071644018887992 -0.043918582331527248 0.021265396605163984 -0.037381703182678701 0.053177166459530412 -0.0096879355701131129 0.0086986400498562932 0.041616841141315038 0.011443529226863494 -0.024904893534717948 -0.0096879355701131129 -0.037569480384889345 -0.011133887376216896 -0.022681703718826308 0.058891366219032217 0.062125166462532383 0.029644732633188647 -0.022399270645638153 -0.034838393343374581 0.0021223658154307639 -0.046628935836061314 0.068338277605533543 -0.023229026426079557 -0.033660558211431678 -0.034683518840066006 -0.029787574205512091 -0.01430145695958387 -0.025195126349718197 -0.030057735375431334 -0.034640686399834468 -0.0054441492157280462
leaf_weight=135.09598580002785 130.1910929530859 132.91614094376564 210.0849417001009 142.4410802423954 280.60009756684303 222.12431693077087 177.03610296547413 131.99565272033215 400.11799912154675 386.42390803992748 427.87088698148727 147.92872646450996 158.23173685371876 178.68615852296352 199.17557090520859 135.7644150853157 105.00699174404144 101.44709403812885 115.98393361270428 168.53428648412228 1226.6904149502516 124.95470042526722 119.22888746857643 124.59891666471958 603.43813054263592 117.42558671534061 100.1058621108532 104.93806952238083 678.31257213652134 114.22578471899033
leaf_count=942 805 543 1252 638 1362 942 737 545 2133 1768 2624 726 779 808 941 547 587 623 511 1062 6010 650 673 744 3329 560 552 617 3985 515
internal_value=-0.000327291 0.0384467 -0.024468 0.0595702 -0.0132284 -0.0170394 0.0383808 0.00196265 -0.0213385 -0.0162294 -0.0352833 -0.0272311 -0.0329966 0.0502942 0.0661722 0.0206722 -0.0328477 -0.0468253 -0.00784467 -0.0421986 0.0674704 -0.0230127 -0.0335804 -0.0394024 -0.0286925 -0.0189039 -0.0299394 -0.0352783 -0.0340267 -0.00968794
internal_weight=7401.58 2840.02 4561.56 2056.95 2236.91 783.075 488.638 778.57 1458.34 1028.92 2324.64 560.95 413.022 355.722 1568.31 267.76 1919.57 405.077 510.81 269.981 1425.87 642.498 429.42 254.79 708.445 242.38 219.335 1211.12 783.251 394.826
internal_count=38510 13673 24837 9677 11068 3996 2088 3480 7588 5111 13769 3054 2328 1545 7589 1092 11142 2627 2388 1685 6951 3343 2477 1549 3916 1210 1225 7226 4602 1877
is_linear=0
shrinkage=0.05


Tree=17
num_leaves=31
num_cat=0
split_feature=1 0 1 0 1 1 0 0 1 0 1 0 1 0 1 0 0 0 1 1 1 1 1 1 1 0 1 1 1 1
split_gain=2625.24 1147.69 285.113 180.367 137.544 63.6472 71.0377 33.8122 74.4275 33.6215 32.1424 19.2708 17.9155 15.0896 11.2656 10.128 9.71816 8.76207 5.99728 5.90678 4.33485 2.76336 2.3007 1.64835 1.32865 1.76502 1.70717 1.20018 1.10237 0.842727
threshold=18.195942000000002 86.931550000000016 9.5757900000000014 96.006825000000021 15.632842000000002 20.623621000000004 98.599965000000012 74.238605000000021 25.339624500000003 106.05361500000002 -7.1192084999999992 102.71889000000002 13.720637500000002 91.472660000000005 5.8891125000000004 94.545300000000012 65.316570000000013 103.41552500000002 33.35857450000001 12.129366500000001 14.659504500000002 8.0285400000000013 23.661935000000003 3.7978405000000004 16.935424500000003 78.884190000000018 14.779953000000001 -23.565164499999998 25.339624500000003 4.5531645000000003
decision_type=2 2 2 2 2 2 2 2 2 2 2 2 2 2 2 2 2 2 2 2 2 2 2 2 2 2 2 2 2 2
left_child=2 7 10 13 9 6 -3 18 -9 12 16 -6 -5 24 23 -7 -1 -16 28 -11 -15 -19 -17 -12 25 -4 -27 -18 -2 -25
right_child=1 5 3 4 11 15 -8 8 -10 19 14 -13 -14 20 17 22 27 21 -20 -21 -22 -23 -24 29 -26 26 -28 -29 -30 -31
leaf_value=-0.056251574559612633 -0.036019475511282831 0.019520420111829362 -0.037923123174779715 -0.013036557394195472 0.017616710502639448 0.053940671484821283 0.058982379248122843 -0.022142231061657067 0.019520420111829362 0.0015043982114418301 -0.034131482816143276 0.042566136958239464 -0.00085160966727997826 -0.023630835898922706 -0.028952364148248151 0.062624568729503463 -0.036100469289317975 -0.022050532758750869 -0.023951849157713825 0.016824272805446166 -0.013036557394195472 -0.011004831747482886 0.067449621881448693 -0.026284919451521439 -0.038553442855852743 -0.032773444041213427 -0.026009317643929799 -0.04161803570017833 -0.044018404648075986 -0.031776269865184573
leaf_weight=115.38339303433895 87.944355249404907 123.73533456027508 94.372165590524673 606.15014860033989 142.86588947474957 189.90122371912003 209.45297256112099 187.98848554491997 106.60771082341671 119.92257115244865 932.90278591215611 168.89114274084568 243.25107656419277 186.73316651582718 505.43894752860069 326.36968825757504 132.58996865153313 128.25505325198174 88.95777952671051 132.36628238856792 108.17184060811996 101.38126836717129 1016.6168294101954 104.82723228633404 92.150592178106308 212.52293099462986 107.08484074473381 383.98930449783802 84.418637871742249 209.4890718460083
leaf_count=825 559 512 581 2949 588 834 980 940 507 524 5613 705 1042 990 2867 1618 868 689 441 543 488 503 5135 593 472 1222 593 2453 518 1184
internal_value=-0.000823409 0.0416575 -0.0221309 -0.00893016 0.00181218 0.0604436 0.0406373 -0.0214028 -0.00978898 -0.00648499 -0.0333131 0.0311328 -0.0112454 -0.0278853 -0.0301827 0.0647488 -0.0431322 -0.0252728 -0.0344955 0.00954215 -0.018895 -0.017174 0.066277 -0.0330764 -0.0331236 -0.031915 -0.0301409 -0.0402018 -0.0399371 -0.0299449
internal_weight=7250.73 2421.99 4828.74 2214.48 1413.45 1866.08 333.188 555.917 294.596 1101.69 2614.26 311.757 849.401 801.036 1982.29 1532.89 631.963 735.075 261.321 252.289 294.905 229.636 1342.99 1247.22 506.131 413.98 319.608 516.579 172.363 314.316
internal_count=38336 12044 26292 10697 6351 9079 1492 2965 1447 5058 15595 1293 3991 4346 11449 7587 4146 4059 1518 1067 1478 1192 6753 7390 2868 2396 1815 3321 1077 1777
is_linear=0
shrinkage=0.05


Tree=18
num_leaves=31
num_cat=0
split_feature=1 0 1 0 1 0 1 1 0 0 1 1 1 0 0 1 1 0 1 1 0 1 1 1 0 1 0 1 1 1
split_gain=2402.94 1084.96 249.876 122.853 107.193 74.2738 71.849 58.6759 53.8778 31.0054 30.6539 21.7266 14.4893 13.4341 12.3571 10.6394 9.09636 8.61338 8.59709 5.67997 8.97746 5.1126 4.10506 2.13557 1.66366 1.45261 1.37942 1.45965 1.40647 1.27013
threshold=17.374357000000003 90.644325000000009 8.8289620000000024 96.543190000000024 13.279954000000002 81.422705000000022 21.174646000000003 21.005013000000002 97.955315000000013 106.16179500000001 -6.6622614999999987 32.876920500000004 15.632842000000002 107.04167500000001 88.611470000000011 -36.359374499999994 13.720637500000002 94.379800000000017 18.523872000000004 22.112892500000005 73.182640000000006 4.8743095000000016 -23.565164499999998 22.514860500000001 82.240200000000002 13.9525655 104.97074500000001 6.3552920000000013 7.5006760000000012 -13.543357499999997
decision_type=2 2 2 2 2 2 2 2 2 2 2 2 2 2 2 2 2 2 2 2 2 2 2 2 2 2 2 2 2 2
left_child=2 5 10 14 13 11 -7 8 -3 12 15 19 -6 -5 24 -1 -16 -9 -10 -2 -21 -12 -17 -19 25 -4 27 -23 -29 -24
right_child=1 7 3 4 9 6 -8 17 18 -11 21 -13 -14 -15 16 22 -18 23 -20 20 -22 26 29 -25 -26 -27 -28 28 -30 -31
leaf_value=-0.055465362090441277 -0.040794180465915 0.022403605163650808 -0.032401169404118503 -0.012901672176384549 0.0027902091791759641 -0.008977992762936756 0.022403605163650808 0.051287270578517744 0.042337946865209669 0.037061941516307449 -0.031773150424401035 -0.008977992762936756 0.021420217005849732 0.0027545718616198895 -0.026049885317648819 -0.029860526095429909 -0.012901672176384549 0.059757812132825078 0.059330020623232685 -0.036792902539466481 -0.015181993490686621 -0.024819240067499127 -0.044747305946816293 0.065968692280032964 -0.028933697730400044 -0.040430646260111808 -0.022175852800568299 -0.032831818330017824 -0.026618554630583203 -0.039116126622440239
leaf_weight=124.02197560667992 133.39339768886566 110.82803219556808 80.540750131011009 667.78679114580154 291.26880541443825 118.03686228394508 126.972422555089 121.95695459842682 112.00394500792027 131.20366771519184 1048.9652547836304 127.95862138271332 162.64515061676502 137.63998876512051 257.91906455159187 96.508204564452171 201.70691254734993 158.03095577657223 221.9451148211956 110.72768352925777 84.904720425605774 182.79026202857494 163.09269434213638 1114.3837874084711 177.95289869606495 87.701952576637268 158.7907330095768 161.27698999643326 209.2647342979908 259.40676073729992
leaf_count=926 809 457 502 3302 1256 516 527 563 488 533 6375 631 665 601 1427 621 977 800 1075 707 468 1052 1086 5805 1034 545 839 928 1199 1692
internal_value=-0.000271749 0.0387521 -0.0218271 -0.00963566 -0.000633702 -0.0141295 0.00808215 0.0589367 0.0431239 0.0156537 -0.032965 -0.0260381 0.00946566 -0.012466 -0.0251696 -0.0423086 -0.019796 0.0639807 0.053631 -0.0328384 -0.0274137 -0.0295534 -0.0391646 0.0651973 -0.0323039 -0.0358686 -0.0262838 -0.0274626 -0.0293229 -0.0412899
internal_weight=7141.63 2541.14 4600.48 2196.37 1390.54 701.994 245.009 1839.15 444.777 585.118 2404.12 456.984 453.914 805.427 805.822 643.03 459.626 1394.37 333.949 329.026 195.632 1761.09 519.008 1272.41 346.196 168.243 712.123 553.332 370.542 422.499
internal_count=38406 12846 25560 10842 6357 3658 1043 9188 2020 2454 14718 2615 1921 3903 4485 4325 2404 7168 1563 1984 1175 10393 3399 6605 2081 1047 4018 3179 2127 2778
is_linear=0
shrinkage=0.05


Tree=19
num_leaves=31
num_cat=0
split_feature=1 0 1 0 1 0 1 0 0 1 1 1 1 1 0 1 1 0 0 1 1 1 0 0 1 1 0 1 1 1
split_gain=2211.7 968.499 263.47 151.891 129.027 68.7139 34.7667 31.4155 16.9988 16.8249 15.8424 15.5244 15.2613 11.876 9.19943 8.51867 8.01701 8.08121 4.24083 3.19318 2.73609 2.51009 2.35691 1.68547 2.21144 1.85419 1.51134 1.19466 1.09059 1.08633
threshold=18.364714500000002 86.325980000000015 9.5757900000000014 96.543190000000024 14.896122000000002 93.379845000000003 -7.1192084999999992 79.756050000000016 90.644325000000009 32.876920500000004 16.496098500000002 13.174949000000002 20.049193000000006 15.502636500000003 103.26759000000001 -36.359374499999994 5.8891125000000004 104.52859000000001 105.65613500000002 21.922323000000002 16.935424500000003 23.661935000000003 79.337810000000005 97.251210000000015 8.4381390000000014 7.5006760000000012 73.685200000000023 37.079089000000003 13.513445000000003 -0.78220649999999992
decision_type=2 2 2 2 2 2 2 2 2 2 2 2 2 2 2 2 2 2 2 2 2 2 2 2 2 2 2 2 2 2
left_child=2 7 6 8 11 -3 15 9 20 21 -6 18 -7 -10 -13 -1 29 23 -5 -14 22 -2 -4 24 -18 -25 -17 -21 -24 -8
right_child=1 5 3 4 10 12 16 -9 13 -11 -12 14 19 -15 -16 26 17 -19 -20 27 -22 -23 28 25 -26 -27 -28 -29 -30 -31
leaf_value=-0.0535317164744048 -0.039998827188354104 0.030612901814677032 -0.035451405671498563 -0.010724456082761119 0.016258933575147159 0.047912683289103614 -0.028168708809786593 8.6377894659972357e-05 -0.02296168048554487 -0.013691479451113708 0.035553335794603097 -0.0061332947655841075 0.0572794878093182 -0.010724456082761119 0.011770906851243892 -0.045098117676358039 -0.026767820605681315 -0.014374671439215534 -0.0027999003716850275 0.064762072422618569 -0.038105470305544703 -0.03009506605207804 -0.029745655539721323 -0.026767820605681315 -0.036114470588948087 -0.020510078623294667 -0.03738364012169134 0.05921074208045516 -0.023501782380084123 -0.031326673539414172
leaf_weight=119.23374671489 120.03396347165108 204.6409672498703 94.467835262417793 492.2231666892767 219.03352807462215 183.47861807048321 412.30742506682873 142.5162868052721 279.53332932293415 120.13927309215069 206.87212589383125 151.64046916365623 190.85561762750149 102.03465144336224 136.17056915163994 75.331128910183907 171.00435583293438 178.7208458930254 177.93247607350349 1061.4983113706112 96.803237721323967 136.99607476592064 123.52905467152596 113.89638331532478 86.392720058560371 167.01609510183334 403.81231011450291 106.65214864909649 147.31980513036251 802.10196068882942
leaf_count=925 761 879 608 2445 898 866 2595 640 1496 598 880 680 970 446 558 531 1015 931 774 5694 517 851 744 657 521 943 2691 569 856 4871
internal_value=-0.000633568 0.0400118 -0.0200004 -0.00746087 0.00273359 0.0578364 -0.0310418 -0.0199126 -0.0241825 -0.0274693 0.0256307 -0.00744629 0.0614482 -0.016372 0.00233763 -0.0415725 -0.0277792 -0.023587 -0.0107245 0.0632756 -0.0306316 -0.0347202 -0.0286511 -0.0266455 -0.0295683 -0.0239674 -0.0385965 0.0642552 -0.0262793 -0.0302545
internal_weight=7024.19 2266.81 4757.38 2227.56 1383.87 1747.13 2529.82 519.686 843.688 377.169 425.906 957.967 1542.48 381.568 287.811 598.377 1931.44 717.03 670.156 1359.01 462.12 257.03 365.317 538.31 257.397 280.912 479.143 1168.15 270.849 1214.41
internal_count=38410 11828 26582 10902 6235 8978 15680 2850 4667 2210 1778 4457 8099 1942 1238 4147 11533 4067 3219 7233 2725 1612 2208 3136 1536 1600 3222 6263 1600 7466
is_linear=0
shrinkage=0.05


Tree=20
num_leaves=31
num_cat=0
split_feature=1 0 1 0 1 1 0 1 0 1 0 0 1 1 1 0 1 1 0 0 1 0 1 1 1 1 1 1 1 1
split_gain=2002.65 952.635 215.368 110.654 70.8356 69.59 69.3611 110.752 52.3092 40.8048 24.0727 16.9737 12.4897 12.2631 8.6236 6.93562 5.92107 5.59483 5.26544 5.24891 3.68744 3.33129 2.08697 1.77956 1.73943 1.59898 1.59167 1.33501 1.33157 2.73409
threshold=17.374357000000003 90.644325000000009 10.281606000000002 94.379800000000017 21.005013000000002 14.896122000000002 77.054615000000013 23.482148500000005 97.955315000000013 -7.1192084999999992 104.11609000000001 102.63928500000002 33.35857450000001 3.7978405000000004 -36.359374499999994 88.611470000000011 12.978030000000002 18.870009500000005 106.26395000000001 94.243855000000011 12.310562500000001 84.706745000000026 23.482148500000005 9.7070385000000012 25.106159000000002 -23.565164499999998 13.720637500000002 -11.815307999999998 8.8289620000000024 6.8190585000000006
decision_type=2 2 2 2 2 2 2 2 2 2 2 2 2 2 2 2 2 2 2 2 2 2 2 2 2 2 2 2 2 2
left_child=2 6 9 15 8 10 12 -8 -3 14 20 -7 24 -11 -1 -4 -12 -10 21 -6 -5 -15 -21 28 -2 -16 -17 -27 29 -23
right_child=1 4 3 5 19 11 7 -9 17 13 16 -13 -14 18 25 26 -18 -19 -20 22 -22 23 -24 -25 -26 27 -28 -29 -30 -31
leaf_value=-0.052881288652145211 -0.040896008654446897 0.021285265370510273 -0.030739119601341028 -0.012089020700969635 0.05139963581918984 0.010004670588405267 -0.014284495055738096 0.021285265370510273 0.042372836230015178 -0.030157725257220748 -6.8053060207773507e-05 0.031813813796697739 -0.015788221555869338 -0.032586251290989868 -0.031630087996399957 -0.023690699617189066 0.014124975876832785 0.055605416460071104 -0.014839323887998804 0.058697705926622205 -0.0067776771095297813 -0.020061069901345218 0.063895441393412633 -0.027734290491615424 -0.032026432714441042 -0.041873133468081497 -0.015679367727990095 -0.035941801999116403 -0.019341334237644899 -0.026621659895028921
leaf_weight=115.51310465484858 121.50402715802193 113.79828585684299 294.91284175217152 279.56898447871208 109.24199540913105 193.98220022022724 224.19586285948753 135.20986370742321 142.86466443538666 880.70691561698914 189.34909118711948 165.18808656930923 102.7155878841877 98.163396194577217 89.743198573589325 115.99584975838661 120.08793017268181 181.18724213540554 194.17602987587452 241.87885943055153 330.36656381189823 343.30433250963688 958.01347528398037 109.46429671347141 101.41346487402916 199.30626893043518 133.18480588495731 181.04191505908966 144.78354682028294 295.49684855341911
leaf_count=931 821 473 1833 1420 521 819 1055 590 645 5610 841 679 517 625 604 663 492 932 1001 1313 1557 2030 5331 594 651 1397 667 1240 822 1721
internal_value=-4.58947e-05 0.0364739 -0.0198962 -0.00666475 0.0560697 0.00137205 -0.0134992 0.00164489 0.0386604 -0.0289908 -0.005919 0.020035 -0.0302139 -0.0256887 -0.0406411 -0.0255501 0.00544005 0.0497716 -0.0223684 0.0618924 -0.0116818 -0.0238433 0.0628477 -0.0228823 -0.0368609 -0.0376334 -0.0194087 -0.0390499 -0.0220327 -0.0230959
internal_weight=6906.36 2432.02 4474.34 1822.64 1746.98 1278.54 685.039 359.406 437.85 2651.7 919.373 359.17 325.633 2066.1 585.604 544.093 309.437 324.052 1185.39 1309.13 609.936 991.212 1199.89 893.049 222.917 470.091 249.181 380.348 783.585 638.801
internal_count=38395 12849 25546 8971 9215 5808 3634 1645 2050 16575 4310 1498 1989 12403 4172 3163 1333 1577 6793 7165 2977 5792 6644 5167 1472 3241 1330 2637 4573 3751
is_linear=0
shrinkage=0.05


Tree=21
num_leaves=31
num_cat=0
split_feature=1 0 1 0 1 0 0 1 1 1 0 1 0 0 1 0 0 1 1 0 0 0 1 1 1 1 1 1 0 1
split_gain=1850.72 901.388 202.099 116.662 68.7367 53.3377 40.4402 38.2186 36.931 20.6151 14.6647 14.2359 12.2556 11.9436 15.5842 9.95054 8.11491 8.05045 6.61514 6.51782 4.33351 4.24885 3.06855 2.89536 2.79085 4.20866 1.7692 3.10706 2.18863 1.48105
threshold=17.374357000000003 89.823640000000012 11.467827000000002 98.049895000000006 20.228838000000003 82.240200000000002 98.599965000000012 14.896122000000002 3.7978405000000004 -36.359374499999994 94.379800000000017 32.876920500000004 94.808555000000013 104.52859000000001 8.0285400000000013 102.88862000000002 105.35582500000001 18.523872000000004 13.9525655 69.64633000000002 77.054615000000013 88.065595000000016 12.6476065 21.922323000000002 -21.291152999999998 -13.543357499999997 11.027724000000001 10.166312000000003 84.706745000000026 6.8190585000000006
decision_type=2 2 2 2 2 2 2 2 2 2 2 2 2 2 2 2 2 2 2 2 2 2 2 2 2 2 2 2 2 2
left_child=2 5 8 10 6 11 -3 16 9 -1 21 20 -6 26 -15 -9 22 -8 -12 -11 -2 -4 -5 -14 -21 -26 27 28 -10 -30
right_child=1 4 3 7 12 -7 17 15 13 19 18 -13 23 14 -16 -17 -18 -19 -20 24 -22 -23 -24 -25 25 -27 -28 -29 29 -31
leaf_value=-0.053135179160903337 -0.033575531458608303 0.020089216605405427 -0.028874521255928612 -0.0054698550987907525 0.046718949835335907 0.0073777819123560908 0.036852559747282486 0.012617961010462803 -0.031659341326847439 -0.045070805549286691 -0.016409377192527864 -0.0097887416729245339 0.055167876108086766 -0.018731999630326363 -0.0032944683775163563 0.031426354403737644 0.0096359171759785051 0.055054544511860273 -0.0054698550987907525 -0.020994037104846791 -0.021424815534971147 -0.01941034662523412 0.00076324907807680524 0.062535850044000987 -0.037483537717861296 -0.029484911048993846 -0.03064694326425705 -0.018731999630326363 -0.020985316200976808 -0.025486917421639374
leaf_weight=111.45621611922979 214.78114488720894 113.66362512111664 246.44854027032852 134.19530265033245 156.74457417428493 195.16245052218437 105.02400088310242 124.48958325386047 96.393594607710838 74.983873426914215 104.32856371998787 128.73305310308933 152.95804573595524 173.35413287580013 205.44533862173557 161.60948768258095 169.02966178953648 144.08873492479324 107.39182285964489 82.27880422770977 111.46004022657871 228.5816545933485 229.3282692283392 1039.3714112490416 119.89547149837017 1055.2094585001469 88.652712821960449 172.21956235170364 307.47200916707516 450.31356617808342
leaf_count=933 1456 467 1564 653 762 827 476 510 626 552 547 642 827 978 967 667 703 746 491 554 588 1223 1024 5985 860 6947 480 945 1843 2644
internal_value=-0.00013044 0.035632 -0.0191421 -0.00424558 0.0546672 -0.0144888 0.0353462 0.00850287 -0.0267758 -0.0324783 -0.0194426 -0.0238685 0.0598628 -0.0212644 -0.0135938 0.0232423 0.00058453 0.0473807 -0.00849834 -0.0307503 -0.0294242 -0.0243204 -0.00362415 0.0615906 -0.0298963 -0.0305196 -0.0238702 -0.0232848 -0.0245631 -0.0236604
internal_weight=6805.06 2361.99 4443.08 1505.4 1711.85 650.137 362.776 818.652 2937.67 1443.82 686.751 454.974 1349.07 1493.85 378.799 286.099 532.553 249.113 211.72 1332.37 326.241 475.03 363.524 1192.33 1257.38 1175.1 1115.05 1026.4 854.179 757.786
internal_count=38487 12776 25711 7382 9263 3513 1689 3557 18329 9846 3825 2686 7574 8483 1945 1177 2380 1222 1038 8913 2044 2787 1677 6812 8361 7807 6538 6058 5113 4487
is_linear=0
shrinkage=0.05


Tree=22
num_leaves=31
num_cat=0
split_feature=1 0 1 0 1 0 1 0 1 0 0 0 1 1 1 0 1 0 1 1 0 1 1 0 1 1 1 1 0 1
split_gain=1738.65 802.974 212.325 114.217 97.3961 74.173 64.5625 30.894 50.9013 26.3111 25.8213 14.8679 12.0844 12.0715 10.678 7.97469 7.58918 6.09841 4.97587 4.41072 3.91729 2.61414 1.99188 1.6135 1.25573 2.36584 1.68054 1.21394 1.60521 1.07286
threshold=18.364714500000002 86.325980000000015 8.8289620000000024 96.210740000000015 14.533550500000002 94.928615000000022 23.482148500000005 73.182640000000006 24.687082000000004 65.316570000000013 106.05361500000002 106.26395000000001 5.8891125000000004 16.496098500000002 21.174646000000003 90.849770000000021 12.310562500000001 101.52216000000001 15.377434000000003 -6.6622614999999987 106.26395000000001 32.876920500000004 6.8190585000000006 97.251210000000015 -28.972538499999995 -16.763144999999998 -11.815307999999998 16.935424500000003 88.065595000000016 -8.617210499999997
decision_type=2 2 2 2 2 2 2 2 2 2 2 2 2 2 2 2 2 2 2 2 2 2 2 2 2 2 2 2 2 2
left_child=2 7 9 15 11 6 -3 21 -9 -1 13 16 19 -6 17 27 -5 -7 -17 24 22 -2 -14 -24 -11 -26 -27 28 -4 -28
right_child=1 5 3 4 10 14 -8 8 -10 12 -12 -13 20 -15 -16 18 -18 -19 -20 -21 -22 -23 23 -25 25 26 29 -29 -30 -31
leaf_value=-0.051369533681229831 -0.036692264713117595 0.017965745198801064 -0.026819519456792951 -0.010322170986864547 0.0056039356917671765 0.044794264455352444 0.044794264455352444 -0.019925825324852275 0.017200592678611976 -0.039234107857310123 0.039780293140131963 0.0036699860723402424 -0.017320664205930824 0.024140840622753311 0.061167094208189166 -0.020072739126823544 -0.0033260924572621527 0.056397085332184543 -0.010322170986864547 -0.027784655584632362 -0.010977412105639569 -0.025326906010903524 -0.029008081566953725 -0.021745884871026668 -0.026010358780642381 -0.039351552257128858 -0.028478877920048197 -0.031098296214438478 -0.021095915790138507 -0.036084493242056662
leaf_weight=120.34734169393778 135.3553603887558 120.0406187325716 284.52956914901733 482.47330760955811 219.25960879027843 101.18614126741886 159.13258078694344 161.685377150774 124.90339048206806 80.439028017222881 119.73322440683842 227.28825232386589 124.8008703738451 146.51494807004929 1082.1905847042799 256.42839542031288 299.51456704735756 168.55018323659897 95.535916641354561 1110.7962987571955 85.690346881747246 80.794753924012184 131.59325201809406 182.63487359881401 106.47124551236629 101.22303234040737 102.68010388314724 95.357214719057083 102.37369032204151 84.546078443527222
leaf_count=989 955 517 1852 2507 911 495 763 874 619 626 513 980 750 629 6436 1433 1379 908 424 7173 456 415 826 1076 754 744 733 525 602 596
internal_value=-0.000176381 0.0370751 -0.0176072 -0.00704725 0.0012246 0.0541034 0.0306399 -0.0181719 -0.00740764 -0.02863 0.0196263 -0.00762746 -0.0273336 0.0130291 0.0589486 -0.0218689 -0.0103222 0.050048 -0.0161466 -0.0295095 -0.0207561 -0.032444 -0.0226647 -0.0247872 -0.03354 -0.0323802 -0.0347314 -0.0260453 -0.0247999 -0.0319134
internal_weight=6694.07 2133.84 4560.23 2329.01 1494.78 1631.1 279.173 502.739 286.589 2231.22 485.508 1009.28 2110.88 365.775 1351.93 834.225 781.988 269.736 351.964 1586.16 524.719 216.15 439.029 314.228 475.359 394.92 288.449 482.26 386.903 187.226
internal_count=38460 11982 26478 11755 6919 9119 1280 2863 1493 14723 2053 4866 13734 1540 7839 4836 3886 1403 1857 10626 3108 1370 2652 1902 3453 2827 2073 2979 2454 1329
is_linear=0
shrinkage=0.05


Tree=23
num_leaves=31
num_cat=0
split_feature=1 0 1 0 1 1 0 0 0 1 0 1 1 1 0 0 0 0 1 0 1 1 0 1 0 1 0 1 1 0
split_gain=1621.16 669.84 215.393 142.833 124.229 40.6812 40.6068 30.2758 30.0785 28.5932 18.4026 10.4964 10.2033 9.06106 8.94186 7.29376 6.4115 4.37084 4.85963 4.03054 3.79934 3.30972 3.04518 2.93561 2.82635 2.61823 2.43088 1.81308 1.22464 0.728958
threshold=19.187255500000003 86.325980000000015 10.500345000000001 94.379800000000017 15.502636500000003 21.174646000000003 99.873120000000014 77.054615000000013 105.35582500000001 -9.7656944999999986 102.18135000000001 3.7978405000000004 32.876920500000004 -46.741781499999995 78.884190000000018 94.243855000000011 84.706745000000026 106.26395000000001 7.7646335000000013 91.472660000000005 16.935424500000003 13.174949000000002 99.019215000000017 17.213393000000003 70.322435000000027 -23.565164499999998 107.57090000000001 23.661935000000003 -13.543357499999997 85.051900000000018
decision_type=2 2 2 2 2 2 2 2 2 2 2 2 2 2 2 2 2 2 2 2 2 2 2 2 2 2 2 2 2 2
left_child=2 7 9 14 8 6 -3 12 21 13 -6 -11 -2 -1 -4 -7 -13 -18 -19 20 29 -5 -23 -12 -15 -26 -10 -17 -27 -16
right_child=1 5 3 4 10 15 -8 -9 26 11 23 16 -14 24 19 27 17 18 -20 -21 -22 22 -24 -25 25 28 -28 -29 -30 -31
leaf_value=-0.054350704628710049 -0.031240600579179312 0.020419140856562601 -0.035998321044423569 -0.0094856087076040929 0.015824700133548291 0.048742904384176722 0.054753319438022779 0.0025273144200699811 0.0047915635452541148 -0.027468232065703813 0.030438453991372141 -0.03294949242760687 -0.011772940457690948 -0.044028253527865262 -0.024016627138412891 0.056174627781000866 -0.020853812883930602 -0.016800971884925481 -0.0043590147939058495 -0.014298088067000262 -0.028414316440037713 -0.0094856087076040929 -0.00058627821150165676 0.041644157234545932 -0.024519142549713172 -0.038237931004925139 0.014701945532376293 0.061250454293973647 -0.03101080594716207 -0.018995135555098228
leaf_weight=68.217487722635269 182.5510867536068 98.223635256290436 118.53284758329391 407.65061722695827 215.90774875879288 160.1872621178627 132.33903588354588 169.97853603959084 123.6076258867979 945.19947572052479 116.30065827071667 94.281043380498886 106.61483091115952 63.960592970252037 89.452396661043167 222.51314564049244 907.87566880881786 103.52676701545715 100.08584633469582 164.20538781583309 105.96399603784084 114.17532336711884 210.36240676045418 117.49267883598804 77.225583627820015 124.14109122753143 123.89678283035755 840.39362992346287 97.537912577390671 179.38256205618382
leaf_count=616 1278 450 831 2068 920 754 747 808 524 6422 488 636 548 537 591 1339 5433 588 474 851 506 549 901 577 558 929 514 5196 716 1072
internal_value=-0.000340835 0.0384284 -0.0162239 -0.00427845 0.0045934 0.0550573 0.0357922 -0.014219 -0.00539332 -0.0258788 0.0263499 -0.0235233 -0.0240629 -0.0376319 -0.0235646 0.0586889 -0.0204308 -0.0193689 -0.0127481 -0.0208303 -0.0236922 -0.00948561 -0.00420568 0.0360699 -0.0344889 -0.0324476 0.00975254 0.0601879 -0.0352096 -0.0202645
internal_weight=6581.78 1912.8 4668.98 2086.93 1429.39 1453.66 230.563 459.144 979.693 2582.05 449.701 2150.97 289.166 431.083 657.537 1223.09 1205.77 1111.49 203.613 539.004 374.799 732.188 324.538 233.793 362.865 298.905 247.504 1062.91 221.679 268.835
internal_count=38421 11120 27301 10392 6541 8486 1197 2634 4556 16909 1985 13553 1826 3356 3851 7289 7131 6495 1062 3020 2169 3518 1450 1065 2740 2203 1038 6535 1645 1663
is_linear=0
shrinkage=0.05


Tree=24
num_leaves=31
num_cat=0
split_feature=1 0 1 0 1 0 1 1 1 0 0 1 0 1 0 0 0 1 1 1 0 1 1 0 0 1 0 0 1 1
split_gain=1486.71 671.804 202.423 140.365 94.1727 58.9992 64.9343 36.7428 28.3546 58.1919 21.5808 13.8371 12.6138 9.66556 9.56773 9.12018 8.38146 6.23095 4.66449 4.45094 2.65765 1.95959 1.69817 1.67052 1.59019 1.16366 0.963535 0.798794 0.651129 1.19037
threshold=18.704101500000004 86.325980000000015 10.602863500000002 94.379800000000017 15.632842000000002 96.641260000000003 22.284970000000005 -4.9381519999999997 22.112892500000005 77.054615000000013 105.25389500000001 -36.359374499999994 100.35868500000001 5.8891125000000004 106.26395000000001 70.322435000000027 90.644325000000009 12.310562500000001 21.922323000000002 12.978030000000002 78.432805000000016 -23.565164499999998 -13.543357499999997 98.049895000000006 97.660420000000016 16.778936500000004 85.051900000000018 104.62793500000002 9.5757900000000014 7.3655910000000011
decision_type=2 2 2 2 2 2 2 2 2 2 2 2 2 2 2 2 2 2 2 2 2 2 2 2 2 2 2 2 2 2
left_child=2 8 7 16 10 6 -3 11 -2 15 17 -1 -6 -9 24 -10 20 -5 -7 -12 -4 -13 -23 -19 28 26 -22 -14 29 -15
right_child=1 5 3 4 12 18 -8 13 9 -11 19 21 27 14 -16 -17 -18 23 -20 -21 25 22 -24 -25 -26 -27 -28 -29 -30 -31
leaf_value=-0.052512835654356764 -0.034790392206048876 0.019040835747279179 -0.034763358576487678 -0.0092523722547831391 0.014187579085511565 0.05272643449622523 0.046771925085597632 -0.025040029392531461 -0.030655803778181352 0.019040835747279179 0.0032208968478658695 -0.025358330225296811 0.030317452115688565 -0.020525417299321044 -0.0065742980126000912 -0.011203212823496398 -0.014869213267883725 -0.0079379588857869301 0.060283400782681212 0.016563854620756765 -0.027695162483079329 -0.038247783702851361 -0.031587462589588763 -0.0011477156879031976 -0.018235780451677393 -0.030104636957650657 -0.021282337444710305 0.036050821022369221 -0.020525417299321044 -0.026880236934541907
leaf_weight=100.54868594557047 130.36407089233398 114.97011566162109 100.89077945053577 257.07650902867317 135.29478174448013 267.49872663617134 236.84712940454483 1005.7763687223196 127.12956430017948 113.26686741411686 130.15790782868862 85.42245177924633 119.38108123838902 95.335179135203362 153.86256031692028 114.54347933828831 183.20917400717735 124.32395793497562 862.88612449169159 120.23925502598286 88.282390013337135 137.62481215596199 314.1929844096303 333.69193477928638 435.34730499982834 86.661369577050209 142.04711022973061 123.70056313276291 82.890931785106659 157.59504082798958
leaf_count=937 787 508 726 1320 564 1534 1268 6701 807 514 561 624 520 606 774 699 960 630 5539 488 595 1071 2305 1481 2522 436 876 561 518 1024
internal_value=-5.93864e-05 0.0362118 -0.0158704 -0.00370197 0.00528135 0.0529298 0.0350488 -0.0250843 -0.0148482 -0.00752369 -0.00300461 -0.0354893 0.0264243 -0.0216474 -0.0179585 -0.021436 -0.0237861 -0.00742809 0.0584951 0.00962811 -0.0276955 -0.0323032 -0.0336162 -0.00299086 -0.0202299 -0.0254459 -0.0235854 0.0332351 -0.0228151 -0.0241855
internal_weight=6481.06 1967.51 4513.55 1944.96 1343.87 1482.2 351.817 2568.6 485.304 354.94 965.49 637.789 378.376 1930.81 925.031 241.673 601.091 715.092 1130.38 250.397 417.882 537.24 451.818 458.016 771.168 316.991 230.33 243.082 335.821 252.93
internal_count=38456 11656 26800 9718 6125 8849 1776 17082 2807 2020 4480 4937 1645 12145 5444 1506 3593 3431 7073 1049 2633 4000 3376 2111 4670 1907 1471 1081 2148 1630
is_linear=0
shrinkage=0.05


Tree=25
num_leaves=31
num_cat=0
split_feature=1 0 1 0 1 1 0 1 0 1 0 0 0 0 0 1 0 1 0 0 0 0 1 1 1 1 1 1 1 1
split_gain=1346.46 642.139 191.746 96.9269 90.8507 59.8475 54.4271 36.9233 23.9786 48.821 17.8113 15.3126 12.5309 10.3735 7.3278 6.3553 8.83706 5.09121 4.01134 2.84515 2.67102 2.41575 1.70556 1.51284 1.78264 1.63702 1.38909 1.26615 1.25456 0.899648
threshold=18.523872000000004 86.630460000000014 10.500345000000001 94.379800000000017 15.632842000000002 21.174646000000003 96.850860000000011 -4.117513999999999 70.322435000000027 27.128399000000005 107.40893500000001 100.35868500000001 65.316570000000013 94.808555000000013 88.611470000000011 7.3655910000000011 97.356190000000012 13.720637500000002 106.26395000000001 80.646875000000009 101.28726500000002 77.542500000000004 13.720637500000002 2.4974175000000005 6.8190585000000006 5.8891125000000004 22.722694000000004 9.7070385000000012 -2.6246229999999997 -28.972538499999995
decision_type=2 2 2 2 2 2 2 2 2 2 2 2 2 2 2 2 2 2 2 2 2 2 2 2 2 2 2 2 2 2
left_child=2 8 7 14 10 6 -3 12 -2 19 17 -6 -1 -7 21 23 -17 -5 27 -10 -19 -4 -16 28 25 -25 -15 -18 -9 -14
right_child=1 5 3 4 11 13 -8 15 9 -11 -12 -13 29 26 22 16 18 20 -20 -21 -22 -23 -24 24 -26 -27 -28 -29 -30 -31
leaf_value=-0.05159209312939203 -0.032735334343806266 0.018094782954506134 -0.032805835578145391 -0.0082800338418591805 0.011333760571074216 0.045476645611541411 0.048413119881193456 -0.019514055186451051 -0.020426023447671943 0.015991971248849737 0.013048143802169614 0.032564722903576503 -0.036902679253017968 0.053611988912522585 -0.019003704158142894 -0.024949296163502541 -0.01331909673755826 -0.0060289161117626534 -0.0044783788160272578 -0.01073892960611688 0.0031369111823067834 -0.022903515027579459 -0.010905154718034825 -0.021954877606454093 -0.027791045671136778 -0.015847981576805815 0.059311246339271484 -0.018773676318668997 -0.026065618586363016 -0.031042063972396131
leaf_weight=92.777719169855118 138.22383588552475 95.274468138813972 82.044370546936989 561.39167755842209 132.38607500493526 178.77767324447632 207.67478747665882 87.482981145381927 126.96947309374809 131.75511020421982 130.7186446338892 236.9072088599205 75.238319978117943 122.44005417823792 110.52854642271996 220.30722549557686 216.95765060186386 143.65041808784008 111.85278871655464 89.022565141320229 146.56544506549835 247.05929927527905 157.86970265209675 413.92733336985111 93.49393267929554 149.32447409629822 843.10172511637211 93.836830884218216 443.52260394394398 505.02077678591013
leaf_count=872 918 406 607 2770 550 893 1199 604 831 676 541 1056 637 778 666 1439 1288 657 545 406 604 1568 790 2705 586 913 5618 507 3081 3788
internal_value=-0.000233605 0.0346102 -0.0153613 -0.00360177 0.00381159 0.0513085 0.0315476 -0.0245158 -0.0151189 -0.00811671 -0.00413654 0.0249537 -0.03453 0.05654 -0.0203717 -0.0208343 -0.0168302 -0.00677432 -0.0125981 -0.020426 -0.001173 -0.0253721 -0.0142402 -0.0230017 -0.0213972 -0.0203359 0.0585885 -0.0155203 -0.0249863 -0.031802
internal_weight=6386.1 1933.24 4452.86 1949.12 1351.62 1447.27 302.949 2503.74 485.971 347.747 982.326 369.293 673.037 1144.32 597.502 1830.71 642.954 851.608 422.647 215.992 290.216 329.104 268.398 1187.75 656.746 563.252 965.542 310.794 531.006 580.259
internal_count=38499 11725 26774 9809 6178 8894 1605 16965 2831 1913 4572 1606 5297 7289 3631 11668 3779 4031 2340 1237 1261 2175 1456 7889 4204 3618 6396 1795 3685 4425
is_linear=0
shrinkage=0.05


Tree=26
num_leaves=31
num_cat=0
split_feature=1 0 1 0 1 0 1 1 0 0 1 0 0 0 1 0 0 1 0 1 0 1 1 0 0 1 1 1 1 1
split_gain=1255.04 621.303 159.528 87.738 65.8856 47.9591 30.5455 29.5009 29.4268 21.386 16.302 26.2909 12.009 11.55 9.96626 6.76776 5.95922 5.83057 8.11004 6.06011 4.23432 2.9995 2.34529 5.20038 2.16867 2.02419 1.03894 1.0628 0.913211 1.71275
threshold=18.523872000000004 90.849770000000021 10.166312000000003 94.379800000000017 15.632842000000002 82.989140000000006 -7.1192084999999992 21.379609000000002 99.019215000000017 108.03371500000002 21.922323000000002 73.182640000000006 69.64633000000002 103.95794000000002 13.082711500000002 94.379800000000017 100.35868500000001 5.8891125000000004 104.52859000000001 8.0285400000000013 88.611470000000011 13.720637500000002 8.3030100000000022 101.12929500000001 68.243545000000012 16.935424500000003 15.130106500000002 12.978030000000002 -16.763144999999998 -28.972538499999995
decision_type=2 2 2 2 2 2 2 2 2 2 2 2 2 2 2 2 2 2 2 2 2 2 2 2 2 2 2 2 2 2
left_child=2 5 6 20 9 10 12 8 -3 14 -2 24 -1 -6 -5 -9 -16 -8 22 -20 25 -22 -19 -24 -12 26 27 -4 29 -14
right_child=1 7 3 4 13 -7 17 15 -10 -11 11 -13 28 -15 16 -17 -18 18 19 -21 21 -23 23 -25 -26 -27 -28 -29 -30 -31
leaf_value=-0.050199714332650407 -0.035929369418428107 0.022073365392149869 -0.020564352751124546 -0.0091284543097364165 0.013876139805160437 0.01299087955496649 -0.023141309964059248 0.044264429839670438 0.050144358079600548 0.01619187351791913 -0.032102400283755786 -0.00265600576331914 -0.034294007113952932 0.032446214246002317 -0.0077171331947131 0.058329115464836601 0.0044837649241846432 -0.017524022836768807 -0.014867156035515864 -0.001228375796764575 -0.020203191700811363 -0.011418591024896303 -0.028324740788144592 -0.014867156035515864 -0.020833264091835765 -0.031461797838614636 -0.020203191700811363 -0.028573550186204423 -0.032788550851963166 -0.023738115289955796
leaf_weight=99.913173660635948 99.358085013926029 88.373990193009377 77.58520719408989 523.09299099445343 223.27223841845989 174.62310652434826 1078.4607703238726 94.203049257397652 192.16657787561417 116.62363955378532 85.279768690466881 139.50929978489876 63.423955157399178 133.97723814845085 167.88689927756786 929.13803544640541 247.79159651696682 302.19881194829941 94.894041657447815 118.7646735906601 115.59983682632446 160.71664749085903 196.10653080046177 79.868860021233559 85.490442752838135 77.536473169922829 79.986990109086037 88.859464690089226 234.70086777210236 97.503630682826042
leaf_count=969 660 418 542 2639 949 743 7460 515 1160 483 560 740 548 616 796 6386 1047 1938 548 591 707 808 1267 462 552 477 546 617 1849 750
internal_value=-0.000177404 0.0338971 -0.0148705 -0.00452405 0.00228069 -0.00894985 -0.0236736 0.0530966 0.0387324 -0.00400173 -0.0183029 -0.0126585 -0.034711 0.0208404 -0.00651038 0.0570344 -0.000444012 -0.0207492 -0.0174911 -0.00916711 -0.0205376 -0.0159905 -0.0205672 -0.0238996 -0.0264609 -0.0244158 -0.0221989 -0.0248402 -0.0307994 -0.0278983
internal_weight=6266.91 1888.14 4378.76 2012.93 1412.64 584.261 2365.84 1303.88 280.541 1055.4 409.638 310.28 495.542 357.249 938.771 1023.34 415.678 1870.29 791.833 213.659 600.285 276.316 578.174 275.975 170.77 323.968 246.432 166.445 395.628 160.928
internal_count=38343 11734 26609 10227 6530 3255 16382 8479 1578 4965 2512 1852 4116 1565 4482 6901 1843 12266 4806 1139 3697 1515 3667 1729 1112 2182 1705 1159 3147 1298
is_linear=0
shrinkage=0.05


Tree=27
num_leaves=31
num_cat=0
split_feature=1 0 1 0 0 1 1 1 0 1 0 0 1 1 0 1 1 0 0 1 1 1 0 0 0 1 0 1 1 1
split_gain=1175 533.994 174.629 114.099 57.5109 51.4256 32.5143 31.6389 20.4126 15.5985 28.5626 12.3958 10.0503 9.61078 8.28584 7.61678 7.02451 6.97447 6.44801 10.8702 4.37849 3.68716 3.57111 3.01957 2.01162 1.43235 1.10257 1.01995 1.19091 0.663705
threshold=19.187255500000003 85.393190000000018 11.467827000000002 96.543190000000024 94.545300000000012 16.496098500000002 24.455561500000005 2.9478600000000004 65.316570000000013 21.922323000000002 76.592205000000021 91.275250000000014 13.720637500000002 21.922323000000002 103.95794000000002 33.859040500000006 15.502636500000003 104.45388000000001 104.62793500000002 8.0285400000000013 -13.543357499999997 16.935424500000003 80.200220000000016 105.35582500000001 101.67668500000001 11.027724000000001 85.051900000000018 -28.972538499999995 -19.543540499999995 15.006364500000002
decision_type=2 2 2 2 2 2 2 2 2 2 2 2 2 2 2 2 2 2 2 2 2 2 2 2 2 2 2 2 2 2
left_child=2 9 7 11 6 12 -3 8 -1 -2 15 21 23 24 -7 -11 -13 -14 25 -20 27 22 -4 -5 -6 26 -9 -10 -29 -24
right_child=1 4 3 5 13 14 -8 18 20 10 -12 16 17 -15 -16 -17 -18 -19 19 -21 -22 -23 29 -25 -26 -27 -28 28 -30 -31
leaf_value=-0.050677248657143383 -0.032599210731248857 0.018068148210683862 -0.028975416936507372 -0.0045367658916196704 0.041473063963939488 0.019676207942536123 0.041473063963939488 -0.023420739511992673 -0.037615958311581321 -0.026650500065587879 0.012102875150374583 -0.016277538973888051 0.0027832940091515913 0.057660199925438055 0.03761445859215036 -0.0079204573416386693 -0.0045367658916196704 0.016460936863128144 -0.015467305409221466 -0.0027418155656882331 -0.024766155060363566 -0.029646957811751584 -0.019903638860923233 0.0038300798575358719 0.04980968265949795 -0.025564822117461972 -0.018166745676943537 -0.0252978014175823 -0.034216532285771227 -0.016277538973888051
leaf_weight=93.640577130019665 90.758691608905792 104.26694363355637 75.593487024307251 285.48715978860855 84.925241529941559 144.27988687157631 126.40570786595345 112.09889513254166 70.074012719094753 137.3867165595293 106.7948133200407 177.92798295617104 261.29515437781811 848.15703336894512 116.23799066245556 89.730273306369781 117.42033694684505 144.88105709850788 175.80068299174309 201.15671940147877 875.46631848067045 138.32453183829784 126.19370990991592 113.87067523598671 137.15875522792339 83.12121057510376 914.15546900033951 66.38942714035511 85.805798918008804 79.981065899133682
leaf_count=931 589 469 568 1395 501 662 648 808 626 998 499 991 1111 6079 589 476 511 593 1075 957 6444 793 836 478 887 475 5762 508 715 499
internal_value=-0.000570465 0.0344633 -0.0141275 -0.00199674 0.050355 0.0083694 0.0277105 -0.0221982 -0.0282688 -0.0142187 -0.00922281 -0.0174429 0.00212419 0.0552357 0.0276799 -0.0192506 -0.00959371 0.00766204 -0.0173323 -0.0116827 -0.0263573 -0.0229614 -0.0196793 -0.00350822 0.0459761 -0.019252 -0.0187406 -0.0326243 -0.0303261 -0.0162775
internal_weight=6184.79 1725.58 4459.2 1781.49 1300.91 1066.05 230.673 2677.71 1191.38 424.67 333.912 715.441 805.534 1070.24 260.518 227.117 295.348 406.176 1486.33 376.957 1097.74 420.093 281.768 399.358 222.084 1109.38 1026.25 222.269 152.195 206.175
internal_count=38473 11146 27327 9026 8584 4828 1117 18301 9224 2562 1973 4198 3577 7467 1251 1474 1502 1704 9077 2032 8293 2696 1903 1873 1388 7045 6570 1849 1223 1335
is_linear=0
shrinkage=0.05


Tree=28
num_leaves=31
num_cat=0
split_feature=1 0 1 0 1 0 1 0 1 0 0 0 0 1 0 1 1 0 1 0 1 1 0 0 1 0 1 1 0 1
split_gain=1099.52 489.042 181.853 126.378 108.894 30.0881 29.2652 23.4364 19.3811 12.6336 10.9782 10.8613 10.5414 5.91324 6.94309 4.96489 3.90473 3.35478 2.91828 2.74774 2.49348 2.15856 1.92888 1.92558 1.46 1.90012 0.946847 0.928626 0.811724 0.651865
threshold=20.049193000000006 84.000045000000014 10.281606000000002 95.670565000000025 16.496098500000002 93.379845000000003 -6.6622614999999987 73.182640000000006 13.279954000000002 91.653605000000013 103.55697500000001 69.64633000000002 101.96446000000002 5.8891125000000004 100.97604500000001 23.482148500000005 32.051735000000008 81.028915000000026 8.5627025000000021 106.92402000000001 14.779953000000001 15.632842000000002 100.03031500000002 100.66633 16.935424500000003 88.065595000000016 21.922323000000002 6.9490010000000009 84.000045000000014 -16.763144999999998
decision_type=2 2 2 2 2 2 2 2 2 2 2 2 2 2 2 2 2 2 2 2 2 2 2 2 2 2 2 2 2 2
left_child=2 7 6 9 8 -3 11 16 19 17 22 -1 -6 28 27 23 -2 21 -16 -5 -11 -4 -10 -7 25 -19 -25 -15 -8 -13
right_child=1 5 3 4 12 15 13 -9 10 20 -12 29 -14 14 18 -17 -18 24 -20 -21 -22 -23 -24 26 -26 -27 -28 -29 -30 -31
leaf_value=-0.048196711351743714 -0.032476571896653567 0.03375781374058888 -0.024443465211698837 -0.0058549510979121356 0.020930980184329165 0.044712743851052811 -0.026221154580286694 -0.00079699863245692021 -0.0041463553300984972 -0.013980255415028245 0.014766873842722928 -0.026818038574098636 0.038699031854158038 -0.015995559754926513 -0.015190027009622019 0.05779963785543514 -0.018056315783577952 -0.022577021965242288 -0.0064451074388790627 0.0031401997727413117 -0.0058549510979121356 -0.034026546047437628 0.0039354845344734884 0.049422902622546977 -0.024443465211698837 -0.016030994978524307 0.056687111821996684 -0.021762482773331315 -0.021356538454575854 -0.030972488491778184
leaf_weight=94.928908944129944 102.92981778085232 186.14213052392006 71.031194686889648 478.9421065300703 143.89410649240017 82.697869822382927 94.548437334597111 182.79282809793949 147.55669610202312 139.09274098277092 214.13865576684475 152.96386526525021 198.80523729324341 88.654767051339149 210.35865867137909 726.86063407361507 86.308415621519089 127.78805881738663 174.57443986833096 102.11785486340523 116.55724266171455 91.902941092848778 147.75773215293884 98.745145544409752 126.16756868362427 106.86738678812981 82.200815513730049 328.32961851358414 921.86199207603931 246.71162946522236
leaf_count=992 817 871 539 2418 666 540 705 992 666 810 879 1284 1071 579 1262 5398 483 873 928 432 523 694 626 666 597 650 603 2190 6536 2018
internal_value=3.77809e-05 0.0364026 -0.0124065 -0.00215894 0.00665317 0.0522016 -0.0222097 -0.0135658 -0.0010729 -0.0183631 0.00614744 -0.0329935 0.0312385 -0.0192764 -0.0160663 0.0556677 -0.0258997 -0.0228105 -0.011224 -0.00585495 -0.00925148 -0.0287655 -0.000102685 0.0497899 -0.0201215 -0.0177893 0.0527229 -0.0205364 -0.0218091 -0.0293825
internal_weight=6074.23 1548.68 4525.55 2212.62 1433.21 1176.65 2312.93 372.031 1090.51 779.407 509.453 494.604 342.699 1818.33 801.917 990.504 189.238 523.757 384.933 581.06 255.65 162.934 295.314 263.644 360.823 234.655 180.946 416.984 1016.41 399.675
internal_count=38308 10370 27938 11444 6758 8078 16494 2292 5021 4686 2171 4294 1737 12200 4959 7207 1300 3353 2190 2850 1333 1233 1292 1809 2120 1523 1269 2769 7241 3302
is_linear=0
shrinkage=0.05


Tree=29
num_leaves=31
num_cat=0
split_feature=1 0 1 0 1 0 1 1 0 0 0 0 1 1 0 1 1 0 1 0 1 1 1 1 1 1 1 1 1 1
split_gain=1004.83 509.722 120.922 68.3594 62.3921 44.4962 44.8856 31.3638 26.5594 24.045 15.1777 14.6922 11.3955 10.466 6.57681 6.27799 5.74048 5.06044 3.94935 1.67374 1.65221 1.57701 1.37906 1.25333 1.2309 1.64587 1.38422 1.1742 0.928958 1.90111
threshold=18.523872000000004 90.849770000000021 8.8289620000000024 94.379800000000017 15.502636500000003 79.756050000000016 22.722694000000004 21.174646000000003 99.103015000000013 64.157455000000013 103.55697500000001 105.35582500000001 32.876920500000004 -4.117513999999999 94.808555000000013 12.6476065 12.129366500000001 88.611470000000011 22.722694000000004 99.019215000000017 12.6476065 2.9478600000000004 23.661935000000003 -2.6246229999999997 -13.543357499999997 -19.543540499999995 -28.972538499999995 16.935424500000003 4.5531645000000003 5.2136915000000004
decision_type=2 2 2 2 2 2 2 2 2 2 2 2 2 2 2 2 2 2 2 2 2 2 2 2 2 2 2 2 2 2
left_child=2 5 9 17 11 12 -7 8 -3 -1 -6 15 18 24 -9 -5 -13 27 -2 -17 -19 23 -16 -15 25 26 -11 -4 -23 -30
right_child=1 7 3 4 10 6 -8 14 -10 13 -12 16 -14 21 22 19 -18 20 -20 -21 -22 28 -24 -25 -26 -27 -28 -29 29 -31
leaf_value=-0.048191163376528262 -0.034242889466204893 0.021813299651768526 -0.022086742550267088 -0.0097947515580123351 0.0094591866413834755 -0.0045793447940551445 0.021813299651768526 0.042633784825726669 0.047586443515231926 -0.031729821648941302 0.029861242223413482 -0.0027035546027644967 -0.0058787316407006808 -0.015452692378057459 0.05225892715324524 -0.0083786393404038876 0.010258589542233564 -0.019140204928157808 -0.020310011314924881 -0.0027035546027644967 -0.011915806288182149 -0.014434910375577911 0.057302130158297306 -0.022251679234696779 -0.025371972909802528 -0.034776095946477542 -0.021488704346372761 -0.02921603769432294 -0.025333189838266462 -0.017501736356215252
leaf_weight=87.376407764852047 79.307671390473843 85.164267495274544 267.79613626003265 512.86536335945129 228.21117024123669 120.15045787394047 119.87249678373337 99.33091738820076 162.12060341238976 69.101713374257088 151.79165132343769 168.64322470128536 114.58238698542118 80.075946472585201 171.12983654439449 133.82231585681438 160.03544513881207 100.15978160500526 141.79657877236605 252.94233560562134 191.5064482986927 172.3655796200037 652.03704822063446 441.50579661130905 312.91618759930134 79.138308584690094 63.146875217556953 73.635650008916855 89.503362342715263 577.50269669294357
leaf_count=916 611 407 1945 2825 974 553 516 593 1059 654 717 765 606 585 1273 669 657 649 1016 1111 1022 1202 5079 3262 2505 692 502 477 604 3716
internal_value=-0.000307515 0.0315932 -0.0135211 -0.00557528 -9.68198e-05 -0.0069217 0.0095171 0.0505483 0.0347352 -0.0225495 0.0176088 -0.00557441 -0.0186758 -0.021361 0.0547872 -0.00887973 0.00347262 -0.0194927 -0.0253076 -0.00327343 -0.0146561 -0.0190487 0.0562537 -0.0212079 -0.0273632 -0.0303107 -0.0268398 -0.0236243 -0.017707 -0.0185526
internal_weight=5959.53 1745.49 4214.04 2241.41 1608.31 575.71 240.023 1169.78 247.285 1972.63 380.003 1228.31 335.687 1885.26 922.498 899.63 328.679 633.098 221.104 386.765 291.666 1360.95 823.167 521.582 524.303 211.387 132.249 341.432 839.372 667.006
internal_count=38162 11713 26449 11811 7718 3302 1069 8411 1466 14638 1691 6027 2233 13722 6945 4605 1422 4093 1627 1780 1671 9369 6352 3847 4353 1848 1156 2422 5522 4320
is_linear=0
shrinkage=0.05


Tree=30
num_leaves=31
num_cat=0
split_feature=1 0 1 0 1 1 0 1 0 0 0 0 1 1 0 0 0 1 1 0 0 0 1 1 1 1 1 1 0 1
split_gain=914.081 429.956 157.127 119.974 44.5437 39.1233 30.488 19.7072 18.4702 16.5922 15.324 11.3599 9.17867 5.20045 4.53595 4.32683 4.14744 3.33316 2.96946 2.84676 1.84075 1.72446 1.66533 4.19419 3.19924 1.43527 1.33639 1.14837 1.07505 0.965821
threshold=20.049193000000006 84.706745000000026 13.082711500000002 93.654605000000018 17.070640500000003 3.7978405000000004 93.803150000000016 -36.359374499999994 74.238605000000021 108.54184000000002 101.89027500000002 100.35868500000001 15.377434000000003 22.514860500000001 85.051900000000018 73.685200000000023 90.644325000000009 32.051735000000008 7.9046140000000014 102.10770000000001 78.432805000000016 104.62793500000002 -4.117513999999999 -21.291152999999998 -2.6246229999999997 -11.815307999999998 11.777991000000002 10.048001000000001 91.275250000000014 16.935424500000003
decision_type=2 2 2 2 2 2 2 2 2 2 2 2 2 2 2 2 2 2 2 2 2 2 2 2 2 2 2 2 2 2
left_child=2 8 5 16 11 7 -3 -1 17 14 -6 -5 21 -8 -7 -9 20 -2 -16 28 -4 -13 23 -17 -24 -25 27 -21 -20 -22
right_child=1 6 3 4 10 9 13 15 -10 -11 -12 12 -14 -15 18 22 -18 -19 19 26 29 -23 24 25 -26 -27 -28 -29 -30 -31
leaf_value=-0.048666529250901563 -0.02801159285881006 0.031342389119918206 -0.027038632717130213 -0.0029676630882710026 0.016220962397919574 -0.023462216029071642 0.046101143833001262 -0.034616551317741211 -2.3729448977452536e-05 0.0034993243628818971 0.038856298378781184 0.0035955287383637492 0.020332150286713827 0.055691677277644937 -0.01702703279618592 -0.012538231938304235 -0.0098458784100090083 -0.015052437592958622 -0.018660540384114747 -0.0070242992839998665 -0.016060845777798479 0.0095763801012055116 -0.01120822904519965 -0.028490546542503631 -0.022060368636285299 -0.024135220186173378 -0.0055731961156392732 -0.01170668039625806 -0.013534457601808639 -0.021894179109299486
leaf_weight=81.662658289074898 110.11158541589975 180.36251176893711 87.914873078465462 255.38449001312256 140.87175799906254 133.9335892945528 175.03972402215004 77.456142507493496 177.48925895243883 136.50918175280094 159.35451212525368 141.73316217958927 144.77771781384945 734.39854291826487 495.4358449280262 61.715961441397667 114.8083139359951 90.317108511924744 93.182164385914803 141.35468833148479 153.13140058517456 130.72255443036556 78.460748359560966 124.1003994718194 505.21082220971584 264.90833701938391 105.82065457105637 146.50811462104321 518.3945114761591 132.23225836455822
leaf_count=935 897 883 722 1190 659 1014 1247 717 930 675 927 614 621 5903 3281 489 568 508 641 782 1045 531 579 1090 3774 2141 490 716 3048 674
internal_value=-8.51894e-06 0.0341852 -0.0113487 0.00207226 0.0122213 -0.0179623 0.0501215 -0.0249593 -0.01177 -0.0132472 0.0282354 0.00507338 0.0101587 0.0538458 -0.0146457 -0.0232181 -0.0181567 -0.0221719 -0.0138589 -0.0122975 -0.0207128 0.00475276 -0.0223645 -0.0246475 -0.0206016 -0.0265687 -0.00898112 -0.0108162 -0.0144322 -0.0187639
internal_weight=5893.3 1467.72 4425.58 1460.93 972.844 2964.65 1089.8 1193.52 377.918 1771.14 300.226 672.618 417.233 909.438 1634.63 1111.85 488.087 200.429 1500.7 1005.26 373.279 272.456 1034.4 450.725 583.672 389.009 393.683 287.863 611.577 285.364
internal_count=38291 10368 27923 7551 4542 20372 8033 9725 2335 10647 1586 2956 1766 7150 9972 8790 3009 1405 8958 5677 2441 1145 8073 3720 4353 3231 1988 1498 3689 1719
is_linear=0
shrinkage=0.05


Tree=31
num_leaves=31
num_cat=0
split_feature=1 0 1 0 0 1 1 1 1 0 1 0 0 0 1 1 0 0 0 1 0 1 1 1 1 0 1 0 1 0
split_gain=880.764 437.123 133.932 92.6154 43.4739 43.9868 34.3866 25.2652 14.0126 16.8575 13.4138 39.4449 11.0061 8.11884 7.41101 6.01215 4.99042 4.35798 4.04602 3.12064 3.09669 1.68443 1.62127 2.10001 1.60564 1.49781 1.06273 1.78511 1.42336 0.795805
threshold=19.187255500000003 84.706745000000026 13.513445000000003 94.243855000000011 95.670565000000025 23.482148500000005 -4.117513999999999 16.496098500000002 8.6935790000000015 102.40624500000003 25.339624500000003 70.322435000000027 67.40744500000001 100.03031500000002 21.922323000000002 15.130106500000002 103.72468000000002 94.379800000000017 108.03371500000002 12.310562500000001 81.028915000000026 12.129366500000001 17.070640500000003 15.502636500000003 -13.543357499999997 78.432805000000016 2.7279990000000005 86.020590000000013 -2.6246229999999997 101.67668500000001
decision_type=2 2 2 2 2 2 2 2 2 2 2 2 2 2 2 2 2 2 2 2 2 2 2 2 2 2 2 2 2 2
left_child=2 10 6 20 5 -3 12 13 26 17 25 -12 -1 -5 29 -15 -9 21 -11 -19 -4 -10 23 -22 -14 -2 28 -28 -8 -6
right_child=1 4 3 7 14 -7 8 16 9 18 11 -13 24 15 -16 -17 -18 19 -20 -21 22 -23 -24 -25 -26 -27 27 -29 -30 -31
leaf_value=-0.045935386013842699 -0.028427380859077707 0.01698203216545496 -0.024810933728139806 -0.002707222037010962 0.041242962170836554 0.041242962170836554 -0.014533691351440906 0.018402943590052168 -0.018169117954325752 -0.0062438050300545793 -0.030456478529790609 0.011362145211630016 -0.029472742957701886 0.0039080252216026961 0.055100583332271469 0.017550623829756109 0.031827481453384675 -0.016004959854352539 0.0049164127604961116 -0.0097903662818728688 -0.01653089433757857 -0.026615715508075229 -0.019721498186299764 -0.0061834390350585348 -0.02371037578076899 -0.018883462279209728 -0.024809176875043828 -0.016871885602070206 -0.02172774707453818 0.046615276147848897
leaf_weight=79.864536307752132 92.368224211037159 102.0050293058157 103.25066232681274 166.38647085428238 72.525738477706909 169.92329913377762 82.346722096204758 180.22584879398346 164.80091479420662 338.70727713406086 94.902570888400078 138.94723732024431 198.68743976950645 193.56022365391254 689.99242491275072 138.56946535408497 112.40306681394577 320.35521329939365 106.8265271037817 121.9586107134819 115.75742575526237 91.959522910416126 109.02043682336807 85.067315459251404 308.73506335914135 74.080054953694344 78.21008013188839 751.40726111829281 416.57158996909857 121.34141458570957
leaf_count=932 746 478 828 772 476 992 616 822 1171 1669 645 755 1798 807 5805 575 610 1855 461 625 733 636 512 499 2557 376 591 5015 3181 887
internal_value=-0.000499379 0.0316992 -0.0122479 0.00187757 0.047295 0.0298122 -0.0178061 0.0118972 -0.0152234 -0.0111687 -0.0133309 -0.00560898 -0.0286822 0.00505145 0.0526737 0.00959992 0.0235595 -0.0160128 -0.0035679 -0.013005 -0.0173117 -0.0211943 -0.0148127 -0.0121478 -0.0259667 -0.0241797 -0.0187168 -0.0176202 -0.0205404 0.0440362
internal_weight=5820.76 1556.09 4264.67 1204.24 1155.79 271.928 3060.43 791.145 2473.14 1144.61 400.298 233.85 587.287 498.516 883.86 332.13 292.629 699.074 445.534 442.314 413.096 256.76 309.845 200.825 507.423 166.448 1328.54 829.617 498.918 193.867
internal_count=38425 11160 27265 6158 8638 1470 21107 3586 15820 6417 2522 1400 5287 2154 7168 1382 1432 4287 2130 2480 2572 1807 1744 1232 4355 1122 9403 5606 3797 1363
is_linear=0
shrinkage=0.05


Tree=32
num_leaves=31
num_cat=0
split_feature=1 0 1 0 1 0 1 0 1 1 1 0 0 1 0 0 1 1 1 1 1 1 0 1 1 1 1 1 1 1
split_gain=772.845 397.052 113.777 67.3416 71.5273 38.6649 30.7699 21.7985 27.1206 20.7546 12.7517 9.65697 9.04252 6.91342 6.70941 4.77866 3.5078 2.782 2.62129 2.60978 2.48178 1.88197 1.60461 1.32202 1.09265 1.08358 1.38387 1.15514 1.42084 0.805399
threshold=19.528578000000003 86.325980000000015 7.6308260000000008 96.543190000000024 15.130106500000002 95.670565000000025 24.083189500000003 70.322435000000027 24.687082000000004 -36.359374499999994 18.015394000000004 90.849770000000021 104.70950500000002 22.514860500000001 103.72468000000002 73.685200000000023 13.720637500000002 16.935424500000003 13.082711500000002 1.4741875000000004 12.310562500000001 -19.543540499999995 108.36910000000002 15.130106500000002 10.810903500000002 -13.543357499999997 -0.78220649999999992 -4.117513999999999 -2.6246229999999997 13.174949000000002
decision_type=2 2 2 2 2 2 2 2 2 2 2 2 2 2 2 2 2 2 2 2 2 2 2 2 2 2 2 2 2 2
left_child=2 7 9 11 12 6 -3 -2 -9 -1 14 17 20 -7 -6 -11 -13 23 22 21 -5 -17 -14 24 -4 -23 27 -27 -29 -26
right_child=1 5 3 4 10 13 -8 8 -10 15 -12 16 18 -15 -16 19 -18 -19 -20 -21 -22 25 -24 -25 29 26 -28 28 -30 -31
leaf_value=-0.046901758176967276 -0.028002554931991486 0.018566917693658647 -0.014980663999981214 -0.0067046425372952094 0.0079608906141499843 0.044189522552235468 0.040885475872108001 -0.015448010927409382 0.010970521384877129 -0.031525701708902391 0.033532815192310245 -0.014256356817209929 -0.0026697871146869612 0.054995238663241124 0.022471147890520349 -0.013679809747150013 -0.0067046425372952094 -0.025590309772451615 0.0079316842775771206 -0.017125996531672991 -0.0026697871146869612 -0.025410850686577904 0.0040651460463613232 -0.01457163213565273 -0.02506941313263027 -0.021959787379708551 -0.025201295852850743 -0.011735561116308741 -0.020463925201952737 -0.01844809074671188
leaf_weight=74.668185696005821 122.1298436447978 89.719350010156631 95.638432160019875 466.63824087381363 192.072355940938 193.63697075098753 141.8993121907115 131.83165232092142 163.93965291976929 84.289478607475758 111.77597752213478 208.91639660298824 205.2016379237175 628.35674714297056 136.12833733856678 74.148235939443111 207.06226435303688 144.04820170253515 111.96534852683544 726.05255940556526 301.12462981045246 70.789956480264664 108.12975116074085 92.761818699538708 86.827405489981174 289.82485135644674 170.19597524404526 77.633442938327789 116.73102426528931 97.495407693088055
leaf_count=921 901 446 720 2692 813 1453 867 804 861 801 666 1342 992 5518 633 615 984 883 454 5102 1392 661 484 661 646 2441 1318 583 902 713
internal_value=-0.000222025 0.0310082 -0.0110348 -0.00440656 0.00171534 0.0473653 0.0293212 -0.0102315 -0.00289347 -0.0211318 0.0189469 -0.0151246 -0.00463931 0.0524497 0.0139793 -0.0199364 -0.00945413 -0.0196891 0.00136507 -0.019296 -0.00670464 -0.0212671 -0.000981436 -0.0174085 -0.0193171 -0.0220429 -0.0213231 -0.0199598 -0.0169776 -0.0215671
internal_weight=5721.63 1471.51 4250.12 2565.79 1633.04 1053.61 231.619 417.901 295.771 1684.33 439.977 932.75 1193.06 821.994 328.201 1609.67 415.979 516.771 425.297 1525.38 767.763 799.323 313.331 372.723 279.961 725.175 654.385 484.189 194.364 184.323
internal_count=38269 10850 27419 14075 8126 8284 1313 2566 1665 13344 2112 5949 6014 6971 1446 12423 2326 3623 1930 11622 4084 6520 1476 2740 2079 5905 5244 3926 1485 1359
is_linear=0
shrinkage=0.05


Tree=33
num_leaves=31
num_cat=0
split_feature=1 0 1 0 1 0 0 0 0 0 1 1 1 1 1 0 1 0 1 0 0 0 1 0 1 1 1 1 1 1
split_gain=718.444 399.222 131.042 75.3832 83.777 38.9477 20.002 16.2091 13.5652 11.3197 9.50871 9.2088 7.52209 6.19694 5.66669 4.97744 6.06388 3.59356 3.32113 2.4859 2.37813 2.09715 1.46061 1.2667 1.26012 1.15958 1.07305 1.08491 1.04482 1.04412
threshold=20.049193000000006 84.706745000000026 7.9046140000000014 94.379800000000017 15.632842000000002 94.928615000000022 65.316570000000013 106.26395000000001 78.884190000000018 99.61916500000001 33.35857450000001 26.184329500000004 18.195942000000002 12.310562500000001 -1.9481454999999999 91.653605000000013 16.935424500000003 104.11609000000001 23.482148500000005 78.432805000000016 98.049895000000006 101.05306000000002 14.178294500000002 108.54184000000002 2.9478600000000004 -0.78220649999999992 -9.1617669999999976 -23.565164499999998 -6.209322499999999 13.513445000000003
decision_type=2 2 2 2 2 2 2 2 2 2 2 2 2 2 2 2 2 2 2 2 2 2 2 2 2 2 2 2 2 2
left_child=2 8 6 15 7 11 -1 13 10 -6 -2 -3 17 -5 26 16 19 -11 21 -4 -15 -7 -17 -9 25 -16 27 -8 -28 -21
right_child=1 5 3 4 9 18 14 23 -10 12 -12 -13 -14 20 24 22 -18 -19 -20 29 -22 -23 -24 -25 -26 -27 28 -29 -30 -31
leaf_value=-0.044958639444920255 -0.025530599807571039 0.017659448787908896 -0.02328505592010198 -0.0069885623955645215 0.0090404912044759807 0.040904402077598129 -0.021132378154904603 0.0035595497517786063 0.0034714274217092452 0.017480471110571345 -0.0073981003996291365 0.038330206114192605 0.037003272202442386 -0.0069885623955645215 -0.014270056299297593 -0.013909836829385503 -0.026168361299253651 0.027520358188988299 0.055039670739555548 -0.018052619823432991 3.7834447979723242e-06 0.051061794982239297 -0.0069885623955645215 0.010178392116738927 -0.016058107445444874 -0.021082995725879128 -0.017391424846600261 -0.027710827664419409 -0.023511656395942746 -0.013909836829385503
leaf_weight=82.349494732916355 171.88832393288612 94.672098681330681 77.498121984302998 594.96058563888073 143.68403789401054 66.258509017527103 90.515632055699825 154.57122375071049 96.834349319338799 107.15067484974861 105.2501032948494 114.00598734617233 103.72933650016785 123.14831158518791 78.553030908107758 94.046472698450089 182.49348463863134 110.78363001346588 572.48694545775652 162.8795543089509 365.85025964677334 147.54328386485577 89.744401976466179 135.78472693264484 636.49454905092716 304.77303930372 104.16402063518763 203.75775232166052 210.97315120697021 153.14822759479284
leaf_count=988 1339 481 645 3429 625 518 872 681 453 474 570 652 698 644 616 614 1107 544 5239 1195 1624 1228 427 586 4423 2392 901 1864 1657 1041
internal_value=-0.000153113 0.0314036 -0.0101737 -0.0031001 0.00237192 0.0479575 -0.0209167 -0.0038369 -0.0126386 0.0207085 -0.0182676 0.028755 0.0259205 -0.00664728 -0.0197015 -0.016349 -0.018635 0.0206454 0.0530538 -0.0151415 -0.00133702 0.0477364 -0.00918469 0.00665485 -0.0174221 -0.0196869 -0.0235162 -0.0256874 -0.0214887 -0.0139098
internal_weight=5679.99 1368.94 4311.05 2599.47 1839.66 994.967 1711.58 1374.32 373.973 465.348 277.138 208.678 321.664 1083.96 1629.23 759.81 576.019 217.934 786.289 393.526 488.999 213.802 183.791 290.356 1019.82 383.326 609.411 294.273 315.137 316.028
internal_count=38527 10480 28047 14334 9305 8118 13713 6964 2362 2341 1909 1133 1716 5697 12725 5029 3988 1018 6985 2881 2268 1746 1041 1267 7431 3008 5294 2736 2558 2236
is_linear=0
shrinkage=0.05


Tree=34
num_leaves=31
num_cat=0
split_feature=1 0 1 0 1 0 1 1 0 0 1 1 1 0 0 0 1 1 1 1 1 1 0 0 1 1 1 0 0 1
split_gain=674.551 342.85 112.005 104.101 73.2451 25.0869 20.4332 14.7345 14.5279 10.8694 9.82251 7.19565 6.52183 5.32905 4.7508 4.56271 4.42728 3.48067 3.28752 2.79706 2.27568 3.60548 1.85435 1.66677 4.09438 2.28324 1.62112 1.39657 1.20439 1.09174
threshold=20.623621000000004 84.706745000000026 10.602863500000002 96.543190000000024 16.496098500000002 94.808555000000013 -36.359374499999994 18.364714500000002 76.592205000000021 90.262340000000009 2.4974175000000005 13.174949000000002 33.35857450000001 108.36910000000002 73.182640000000006 105.44909500000001 13.720637500000002 18.523872000000004 23.661935000000003 27.631753000000003 -19.543540499999995 -4.117513999999999 93.520585000000011 97.251210000000015 6.6674260000000016 6.4979430000000002 -0.78220649999999992 78.432805000000016 103.26759000000001 -12.652998499999999
decision_type=2 2 2 2 2 2 2 2 2 2 2 2 2 2 2 2 2 2 2 2 2 2 2 2 2 2 2 2 2 2
left_child=2 8 6 9 11 19 -1 -6 12 17 14 28 -2 23 -8 -13 -11 27 -7 -3 -16 29 -18 25 -25 -12 -23 -4 -5 -22
right_child=1 5 3 4 7 18 10 -9 -10 16 13 15 -14 -15 20 -17 22 -19 -20 -21 21 26 -24 24 -26 -27 -28 -29 -30 -31
leaf_value=-0.043959475824964886 -0.024922159619496651 0.025875411454511488 -0.024067840222384094 -0.0039698258627762686 0.017976634683166327 0.046518235560727664 -0.033442845299173407 0.039067955679712781 0.0036200642136763497 -0.014985238178226916 -0.015169732403639863 0.0017431582974201246 -0.0075655204321643261 -0.0025223336513069058 -0.011104018704488893 0.012605678458735526 -0.01057101793574145 -0.028945390124341976 0.054355172961976894 0.037991816760051325 -0.02647215355078833 -0.013782517069097562 -0.0039698258627762686 -0.015169732403639863 -0.0096323872125253125 -0.020616007188649119 -0.019902816156616765 -0.016507516373980659 -0.00025155847495516914 -0.022270539043202808
leaf_weight=70.567420713603497 133.79780124872923 94.051138408482075 80.334282509982586 249.28692837059498 181.35741612315178 177.79114939272404 65.785751648247242 152.38677832484245 120.45549906045198 136.84962053596973 161.0619628354907 365.12373520433903 90.887409940361977 98.808392688632011 73.753816932439804 131.48478376865387 114.02489879727364 100.06823078542948 541.05530878901482 96.506218679249287 82.644729383289814 187.55287154763937 131.52347926795483 277.05654583871365 426.21637532114983 247.98626336455345 255.7085332646966 254.89659977704287 217.89036956429482 259.64881104975939
leaf_count=927 1101 495 698 1311 878 1542 683 1053 595 858 1191 1576 502 545 629 544 563 603 5160 563 798 1470 618 1970 2591 1806 2039 1760 988 2251
internal_value=-0.000238645 0.0320384 -0.00960766 -0.00138623 0.00741932 0.0481411 -0.017488 0.0276069 -0.0103902 -0.015359 -0.0166135 0.000428676 -0.0179012 -0.0136503 -0.0204929 0.00461918 -0.00920844 -0.020762 0.0524169 0.0320117 -0.0195015 -0.0202899 -0.00513407 -0.0146389 -0.0131627 -0.0171767 -0.0173132 -0.0183193 -0.00396983 -0.0241446
internal_weight=5576.56 1254.54 4322.02 2115.23 1297.53 909.404 2206.79 333.744 345.141 817.697 2136.22 963.786 224.685 1211.13 925.095 496.609 382.398 435.299 718.846 190.557 859.309 785.555 245.548 1112.32 703.273 409.048 443.261 335.231 467.177 342.294
internal_count=38308 9958 28350 11450 6350 7760 16900 1931 2198 5100 15973 4419 1603 8103 7870 2120 2039 3061 6702 1058 7187 6558 1181 7558 4561 2997 3509 2458 2299 3049
is_linear=0
shrinkage=0.05


Tree=35
num_leaves=31
num_cat=0
split_feature=1 0 1 0 1 0 1 0 0 0 1 0 1 1 1 1 0 0 1 1 0 0 0 1 1 0 0 1 1 1
split_gain=630.4 333.657 101.886 94.5645 41.0196 35.0805 32.0893 14.293 14.2724 9.91156 7.34571 6.39353 5.55686 5.31016 4.46477 4.30666 6.93093 3.44367 3.37754 2.16495 2.066 1.39257 1.24759 1.11968 1.10313 0.76731 0.729268 0.720374 0.680851 0.634787
threshold=20.228838000000003 84.706745000000026 13.279954000000002 95.670565000000025 16.496098500000002 94.379800000000017 1.4741875000000004 64.157455000000013 74.238605000000021 86.931550000000016 18.195942000000002 109.95668500000001 16.633432500000001 26.882295500000001 21.922323000000002 8.8289620000000024 95.896575000000013 105.35582500000001 33.35857450000001 -6.6622614999999987 78.432805000000016 84.000045000000014 102.40624500000003 11.467827000000002 12.129366500000001 102.56563500000001 102.18135000000001 24.278532000000002 11.561916500000001 6.8190585000000006
decision_type=2 2 2 2 2 2 2 2 2 2 2 2 2 2 2 2 2 2 2 2 2 2 2 2 2 2 2 2 2 2
left_child=2 8 6 9 17 13 7 -1 18 20 -6 15 -11 -3 -7 21 23 26 -2 -9 -4 -8 24 -17 -18 27 -5 -16 -24 -23
right_child=1 5 3 4 10 14 11 19 -10 12 -12 -13 -14 -15 25 16 22 -19 -20 -21 -22 29 28 -25 -26 -27 -28 -29 -30 -31
leaf_value=-0.045300789121128664 -0.0256273988329929 0.019128962160260665 -0.028416347900811514 -0.00077579395077133708 0.019402989950335695 0.042171196411875646 -0.021007345330875182 -0.023722156807762393 1.0735164507386269e-05 -0.0024888088929427561 0.034427016768889367 0.0025982484350417973 -0.015251564086894149 0.035835643263299438 0.046668020576840379 -0.01940716046367252 -0.011177277707810233 0.010392066892502166 -0.011847514391523678 -0.018601823466469734 -0.018648069766895047 -0.012721838498576166 -0.0046120812128867678 -0.012977927060500487 -0.0070810990448713657 0.055228002283619328 0.0038537134932751893 0.052789172892231562 -0.0070810990448713657 -0.01561811741595037
leaf_weight=64.496217660605907 108.86220313608646 93.682560324668884 82.980645567178726 235.37257663905621 182.27976562082767 104.30513464659452 72.185727916657925 370.92919324338436 172.79349371790886 172.21690186858177 146.94524102658033 80.101634100079536 134.65984715521336 96.613634720444679 58.484279416501522 144.71798131614923 256.19093322753906 128.89545783400536 75.176260426640511 465.52206794917583 155.68555267900229 525.82256525009871 224.65759539604187 127.27840825915337 106.72702316939831 290.08688642829657 133.20978707075119 269.80219274759293 147.21623748540878 295.50425936281681
leaf_count=856 951 471 747 1047 872 854 587 3540 922 1007 977 408 584 550 551 1066 1495 534 425 3768 1044 3845 1139 905 553 2873 555 2658 672 1985
internal_value=-0.000228573 0.0306875 -0.00945781 0.00175541 0.0124179 0.0467109 -0.0147981 -0.0226212 -0.0103092 -0.0144022 0.0261088 -0.0112391 -0.00845878 0.027611 0.0517403 -0.0118224 -0.00958002 0.00335742 -0.0199986 -0.0208725 -0.0220444 -0.0143491 -0.00705599 -0.0163987 -0.00914152 0.0533543 0.000897362 0.0516987 -0.00502067 -0.0137639
internal_weight=5523.4 1269.81 4253.6 1372.25 826.703 912.975 2881.35 900.947 356.832 545.543 329.225 1980.4 306.877 190.296 722.678 1900.3 1006.79 497.478 184.038 836.451 238.666 893.513 734.792 271.996 362.918 618.373 368.582 328.286 371.874 821.327
internal_count=38441 10255 28186 7367 3985 7957 20819 8164 2298 3382 1849 12655 1591 1021 6936 12247 5830 2136 1376 7308 1791 6417 3859 1971 2048 6082 1602 3209 1811 5830
is_linear=0
shrinkage=0.05


Tree=36
num_leaves=31
num_cat=0
split_feature=1 0 1 0 1 0 1 0 0 1 0 1 0 1 0 0 1 0 1 1 0 1 1 1 1 1 1 1 1 1
split_gain=553.577 319.477 107.163 90.3208 38.1611 35.4084 27.187 16.3353 15.1035 27.0351 10.8682 11.1734 7.97573 7.26205 5.25602 4.45155 4.16708 2.70082 2.52799 2.15796 4.11846 2.5457 2.29158 1.65491 1.65174 1.09744 1.62546 0.935075 0.847932 1.41331
threshold=20.228838000000003 84.706745000000026 12.310562500000001 93.520585000000011 15.632842000000002 94.379800000000017 2.0921470000000002 65.316570000000013 73.182640000000006 25.748001000000006 100.35868500000001 18.364714500000002 108.54184000000002 22.722694000000004 88.324150000000017 100.12123500000001 14.302829000000001 84.000045000000014 -6.6622614999999987 5.8891125000000004 102.48281000000001 8.3030100000000022 8.0285400000000013 32.051735000000008 3.4001085000000004 10.166312000000003 11.561916500000001 18.364714500000002 -23.565164499999998 -13.543357499999997
decision_type=2 2 2 2 2 2 2 2 2 2 2 2 2 2 2 2 2 2 2 2 2 2 2 2 2 2 2 2 2 2
left_child=2 8 6 14 15 -3 7 -1 23 -10 -6 -12 17 -7 27 -5 -17 -8 28 24 21 -21 -22 -2 -19 -23 -27 -4 -9 -30
right_child=1 5 3 4 10 13 12 18 9 -11 11 -13 -14 -15 -16 16 -18 19 -20 20 22 25 -24 -25 -26 26 -28 -29 29 -31
leaf_value=-0.045607689734698392 -0.026391400859266192 0.02575841222790767 -0.019001556235641481 -0.003635001172537301 0.010459300897630842 0.040585106569170498 -0.019886430304592636 -0.018953055270568987 -0.011218834339713223 0.017386835359420063 0.019070803999908029 0.040045119783809459 0.00063114648969542914 0.053225374285749708 -0.01018944747273404 0.00029941336582308239 0.010910851191193033 -0.0092308422581408988 -0.017881616790930262 -0.0098218215941657475 -0.0098218215941657475 -0.015814177425211271 -0.0058481698827014487 -0.016498053955137794 -0.015814177425211271 -0.0098218215941657475 -0.015814177425211271 -0.025418169980989433 -0.029441988650190598 -0.021983433023846199
leaf_weight=67.813897483050823 86.134187139570713 180.44140784442425 221.84920857101679 231.84128069877625 195.53700794279575 143.13675510883331 109.67552174627781 83.785233214497566 93.378101266920567 93.030535861849785 201.99846006929874 92.606764830648899 128.76103852689266 551.17910531163216 201.46911862492561 245.51477998495102 146.39349791407585 98.244721338152885 513.34725631028414 200.12558826059103 101.4699786901474 173.86103025078773 298.22892713546753 83.001721866428852 243.73604928702116 191.30493881553411 108.81658048182726 76.306090250611305 99.903386935591698 174.36950720846653
leaf_count=927 791 980 1723 1175 876 1257 909 858 551 469 986 701 670 5677 1093 1085 603 785 4207 1416 669 1204 1544 493 1775 1163 640 505 988 1626
internal_value=-0.000254217 0.0292475 -0.00888182 0.00123536 0.00915814 0.0454913 -0.0151763 -0.0219703 -0.0107176 -0.000901327 0.0195982 0.0256639 -0.0113188 0.0506195 -0.0164281 0.000954346 0.00423383 -0.0123275 -0.0201308 -0.0117419 -0.0106403 -0.0130247 -0.00661895 -0.0215363 -0.015201 -0.0151149 -0.0126656 -0.0206437 -0.0233554 -0.0247002
internal_weight=5437.26 1230.3 4206.96 1613.52 1113.89 874.757 2593.44 939.219 355.545 186.409 490.142 294.605 1654.22 694.316 499.624 623.75 391.908 1525.46 871.405 1415.79 1073.81 674.108 399.699 169.136 341.981 473.983 300.122 298.155 358.058 274.273
internal_count=38346 10218 28128 8747 5426 7914 19381 8606 2304 1020 2563 1687 10775 6934 3321 2863 1688 10105 7679 9196 6636 4423 2213 1284 2560 3007 1803 2228 3472 2614
is_linear=0
shrinkage=0.05


Tree=37
num_leaves=31
num_cat=0
split_feature=1 0 1 0 1 1 0 0 1 1 0 0 0 1 0 1 1 1 0 1 1 1 1 1 0 1 1 0 1 1
split_gain=536.166 287.52 85.9024 98.3994 31.2634 22.2594 21.6781 16.5425 13.4715 12.7447 9.27345 9.07097 8.51822 5.61174 4.4667 4.28536 2.77907 2.36759 1.63625 1.58343 1.47934 1.29702 1.04681 1.31393 0.971804 1.21052 0.717373 0.701888 0.693809 1.00576
threshold=20.623621000000004 86.325980000000015 14.533550500000002 93.520585000000011 -6.6622614999999987 18.364714500000002 94.545300000000012 78.884190000000018 -36.359374499999994 7.9046140000000014 96.543190000000024 101.74290000000002 103.55697500000001 37.079089000000003 106.26395000000001 21.922323000000002 12.6476065 25.106159000000002 88.85699000000001 18.523872000000004 15.632842000000002 -23.565164499999998 3.7978405000000004 6.9490010000000009 100.66633 25.106159000000002 -13.543357499999997 88.065595000000016 5.8891125000000004 4.5531645000000003
decision_type=2 2 2 2 2 2 2 2 2 2 2 2 2 2 2 2 2 2 2 2 2 2 2 2 2 2 2 2 2 2
left_child=2 7 4 19 8 12 -3 13 -1 22 18 -7 20 17 16 -8 -12 -2 -11 27 -5 -10 -6 28 25 -17 -23 -4 29 -24
right_child=1 6 3 5 9 11 15 -9 21 10 14 -13 -14 -15 -16 24 -18 -19 -20 -21 -22 26 23 -25 -26 -27 -28 -29 -30 -31
leaf_value=-0.046991709889378765 -0.025303170847211121 0.029683122824020448 -0.016853190340335032 0.00028166326889688043 -0.016046788652918805 0.018153870563753068 0.040242251985790241 0.0093403332094430091 -0.015464286934984438 -0.01755903412849848 -0.0090795150257695408 0.04125235910356289 0.017977430712762251 -0.0019755591034742517 0.00048134067458687179 0.042543035379530213 -0.0033033744302488179 -0.013618133526948151 -0.011419280142445002 -0.021559079695832123 0.0072711786141097306 -0.02661553329789236 -0.0087658704421227761 -0.017062014519594933 0.053848648509230962 0.051661730158901721 -0.021371011199065704 -0.011539505390370798 -0.0089476509131211166 -0.015472018215313466
leaf_weight=62.892674259841442 68.220041029155254 149.96623361855745 150.32517404854298 117.92430277168751 656.98516784608364 79.812450788915157 75.352954246103764 117.11094424128532 64.955373473465443 174.81703619658947 553.77957890927792 90.925602950155735 193.92265267670155 72.876515612006187 257.16976854205132 47.517929702997208 251.05495609343052 118.90893828123808 286.11576542258263 122.93888542801142 211.44079127907753 103.34001940488815 84.119451984763145 151.86938305944204 362.26851520687342 155.48696305602789 176.6869315430522 105.94590327143669 152.62515680491924 166.72001022845507
leaf_count=904 586 886 1167 525 5436 463 669 520 620 1421 3165 723 921 397 1132 486 1157 873 1891 719 919 1074 613 1070 3902 1663 1695 561 1058 1217
internal_value=-0.000322432 0.0296599 -0.00862595 0.00358747 -0.0127963 0.0147785 0.0467955 -0.0062633 -0.0257097 -0.0108707 -0.00782554 0.0304548 0.00966365 -0.0132915 -0.00525511 0.0508014 -0.00708809 -0.017878 -0.0137479 -0.0168943 0.00476869 -0.0218299 -0.014696 -0.0130979 0.0522967 0.0495273 -0.0233064 -0.0146564 -0.0116058 -0.0132231
internal_weight=5384.08 1167.71 4216.37 1073.24 3143.13 694.026 790.593 377.116 407.875 2735.26 1522.94 170.738 523.288 260.005 1062 640.626 804.835 187.129 460.933 379.21 329.365 344.982 1212.32 555.334 565.273 203.005 280.027 256.271 403.465 250.839
internal_count=38433 9982 28451 5998 22453 3551 7606 2376 4293 18160 8766 1186 2365 1856 5454 6720 4322 1459 3312 2447 1444 3389 9394 3958 6051 2149 2769 1728 2888 1830
is_linear=0
shrinkage=0.05


Tree=38
num_leaves=31
num_cat=0
split_feature=1 0 1 0 1 1 0 0 1 0 0 0 1 0 1 1 0 1 1 1 1 1 0 0 1 1 1 1 0 1
split_gain=502.225 279.039 82.1605 75.8557 37.7524 31.1775 19.2034 18.5684 17.1451 9.94524 8.66438 5.2977 4.54085 4.00161 3.68779 3.65626 3.1799 2.91602 4.88062 3.03397 2.24859 1.67625 3.12238 1.57919 1.41677 1.24136 1.23277 0.990517 1.24749 0.981505
threshold=20.804573000000001 86.325980000000015 13.720637500000002 96.115980000000022 18.195942000000002 4.1760890000000011 94.808555000000013 77.954705000000018 -36.359374499999994 106.36154000000001 106.26395000000001 91.831240000000022 16.054473000000005 70.322435000000027 16.935424500000003 22.722694000000004 86.020590000000013 -23.565164499999998 -4.117513999999999 -2.6246229999999997 8.6935790000000015 10.702377000000002 101.59036500000002 85.051900000000018 6.0445315000000006 -12.652998499999999 19.187255500000003 12.129366500000001 96.641260000000003 5.0533280000000014
decision_type=2 2 2 2 2 2 2 2 2 2 2 2 2 2 2 2 2 2 2 2 2 2 2 2 2 2 2 2 2 2
left_child=2 7 5 11 9 8 -3 13 -1 12 16 14 -5 -2 23 -8 -7 -10 25 -20 -12 24 27 -4 29 -19 -6 -23 -29 -18
right_child=1 6 3 4 26 10 15 -9 17 -11 20 -13 -14 -15 -16 -17 21 18 19 -21 -22 22 -24 -25 -26 -27 -28 28 -30 -31
leaf_value=-0.045165267986314678 -0.022097627490323624 0.030672681956625193 -0.016958122194501459 0.00021059080759816692 0.028324875768152975 -0.017705168605027317 0.041996513553831084 0.0091231603022778364 -0.0078355981646576773 0.019084046095989442 -0.0061003127929091204 -0.0046808607126698617 0.0093749992160013351 -0.0090945905371593409 -0.019657695405482414 0.052390605186759753 -0.012077512752493174 -0.027705270347830432 -0.0067159636350111636 -0.017458356285508139 0.0016423310865917853 -0.0086387223163527614 -0.0061003127929091204 -0.0099531959831950616 -0.012570432002572924 -0.021469365105893277 0.036972037796436243 -0.01380863556253443 -0.0086387223163527614 -0.0061003127929091204
leaf_weight=62.770161125808954 107.07507751882076 150.48786825686693 80.513502560555935 282.14356788992882 72.339096218347549 145.0600975304842 101.7735319212079 120.97178392112255 63.12388538569212 121.2599790841341 110.50048306584358 172.38038666546345 177.29608564078808 132.24239089339972 211.67113906145096 501.58144477009773 76.94122739136219 114.83905485272408 75.432661272585392 510.88608114421368 203.17147645354271 165.7685365229845 197.9010518938303 93.286785110831261 601.44859918951988 261.61019764095545 95.80212926864624 100.34541565179825 104.33202390372753 94.14184445142746
leaf_count=945 847 926 687 1205 464 1220 981 549 608 562 675 829 813 896 1349 5637 573 1212 613 4210 887 1002 969 614 4034 2441 781 661 526 683
internal_value=-0.0004875 0.0293529 -0.00841275 0.00199052 0.0123883 -0.0131193 0.0466518 -0.00684214 -0.0197984 0.00634733 -0.00907888 -0.0119671 0.00298573 -0.0149124 -0.0152255 0.0506373 -0.0106729 -0.0182463 -0.0189288 -0.0160763 -0.00152775 -0.0099121 -0.00785102 -0.0099532 -0.0114284 -0.0233717 0.0332518 -0.0111771 -0.0135132 -0.00741369
internal_weight=5309.1 1114.13 4194.97 1306.69 748.841 2888.27 753.843 360.289 1088.66 580.7 1799.61 557.852 459.44 239.317 385.471 603.355 1485.94 1025.89 962.768 586.319 313.672 1340.88 568.347 173.8 772.532 376.449 168.141 370.446 204.677 171.083
internal_count=38399 9836 28563 7304 3825 21259 7544 2292 10029 2580 11230 3479 2018 1743 2650 6618 9668 9084 8476 4823 1562 8448 3158 1301 5290 3653 1245 2189 1187 1256
is_linear=0
shrinkage=0.05


Tree=39
num_leaves=31
num_cat=0
split_feature=1 0 1 0 1 1 0 0 1 0 0 1 0 1 0 1 1 0 1 0 0 1 1 1 1 1 1 0 1 1
split_gain=465.187 235.222 92.7583 95.1012 54.8441 22.2105 20.1432 15.8305 10.6384 9.87595 6.24162 6.23709 7.70229 4.76892 4.5633 3.93854 3.63216 3.04026 2.40703 2.08092 1.49865 1.23469 1.19175 1.04101 1.99409 1.135 1.26154 1.5408 1.02264 1.10189
threshold=21.725658000000003 84.706745000000026 12.6476065 95.670565000000025 18.015394000000004 -4.117513999999999 94.379800000000017 76.592205000000021 -36.359374499999994 107.15227000000002 90.036915000000008 8.9436125000000022 104.45388000000001 -23.565164499999998 70.322435000000027 16.496098500000002 19.714772000000004 91.070965000000015 9.8197930000000024 101.36004500000001 103.18943500000002 23.661935000000003 -2.6246229999999997 2.4974175000000005 3.9987590000000002 5.8891125000000004 6.8190585000000006 97.356190000000012 -12.652998499999999 -16.763144999999998
decision_type=2 2 2 2 2 2 2 2 2 2 2 2 2 2 2 2 2 2 2 2 2 2 2 2 2 2 2 2 2 2
left_child=2 7 5 10 9 8 -3 14 -1 15 16 22 17 -10 -2 20 -4 -13 -19 -6 -5 -8 -7 -24 -25 -26 -27 -28 29 -15
right_child=1 6 3 4 19 11 21 -9 13 -11 -12 12 -14 28 -16 -17 -18 18 -20 -21 -22 -23 23 24 25 26 27 -29 -30 -31
leaf_value=-0.043475629315536495 -0.022094355456344694 0.029910834871353032 -0.015188503328953874 -0.0012826553626877589 0.026540732725206781 -0.0076863748338648896 0.045773052913344985 0.0095684723312919329 -0.0076373893119607503 0.018132975146529395 -0.0075590277905223024 -0.01849081069473274 -0.00031135676801586937 -0.0219903539515851 -0.0069728067548839676 0.010094146736720917 -0.027257522107412269 -0.005733837317089375 -0.011368695461936487 0.036508891163377737 0.0040660691088610966 0.052045879077154446 -0.016471462485511575 -0.0075786913331885144 -0.017264347325928988 -0.008714109066586857 -0.019106470495991207 -0.012074845953496999 -0.021116560294889088 -0.031910661108410301
leaf_weight=58.344011384993792 103.33056315034628 144.64289383590221 309.80156113952398 341.26657944917679 83.278250671923161 73.996770709753036 95.380965076386929 100.08924193680286 59.914813652634621 116.27651630342007 256.09180867671967 114.97236135601997 222.82232530415058 57.368920035660267 96.4709108248353 130.29283393919468 78.043307244777679 91.062716424465179 411.21974262595177 141.00129429996014 181.30404862761497 441.81881858408451 359.75293856859207 130.54834794998169 221.86476684361696 129.04667691886425 119.21151135861874 224.8482369184494 260.05320028960705 54.662657491862774
leaf_count=912 821 842 2318 1554 560 604 1040 476 582 518 1333 933 1030 610 659 618 508 611 2384 1186 770 5176 3060 1053 1646 899 930 1470 2462 599
internal_value=-0.000763887 0.0302415 -0.00796491 0.00135003 0.0110517 -0.0138544 0.0464728 -0.00666241 -0.0234355 0.00470774 -0.013617 -0.0116165 -0.0082798 -0.020729 -0.0147932 0.00231667 -0.0176171 -0.0111563 -0.00947745 0.0328076 0.000377511 0.0509321 -0.0138425 -0.0142268 -0.0132486 -0.0143137 -0.01293 -0.0145112 -0.022837 -0.0268307
internal_weight=5208.78 981.733 4227.05 1637.36 993.42 2589.69 681.843 299.891 490.344 769.14 643.937 2099.35 840.077 432 199.801 652.863 387.845 617.255 502.282 224.28 522.571 537.2 1259.27 1185.27 825.52 694.971 473.106 344.06 372.085 112.032
internal_count=38164 9014 29150 9365 5206 19785 7058 1956 5165 3460 4159 14620 4958 4253 1480 2942 2826 3928 2995 1746 2324 6216 9662 9058 5998 4945 3299 2400 3671 1209
is_linear=0
shrinkage=0.05


Tree=40
num_leaves=31
num_cat=0
split_feature=1 0 1 0 1 0 0 0 0 1 1 1 0 1 0 1 0 1 1 1 1 1 1 0 1 1 1 1 1 1
split_gain=433.594 238.33 76.7536 63.7776 52.8345 21.5872 20.9834 13.3095 12.394 9.23573 8.72644 6.17656 4.19253 3.16359 4.81206 3.04225 2.11596 2.04296 1.17912 1.12425 1.09106 1.46111 1.09 0.990952 0.879903 1.4336 0.760316 1.37494 1.9371 1.20024
threshold=21.005013000000002 86.325980000000015 11.467827000000002 95.670565000000025 16.633432500000001 94.808555000000013 64.157455000000013 76.133025000000018 86.931550000000016 18.364714500000002 -4.9381519999999997 15.502636500000003 101.89027500000002 9.2114995000000022 104.45388000000001 23.482148500000005 105.96054500000001 32.876920500000004 -6.209322499999999 -28.972538499999995 16.496098500000002 13.513445000000003 18.870009500000005 94.379800000000017 -19.543540499999995 -13.543357499999997 4.8743095000000016 -0.78220649999999992 -1.9481454999999999 6.3552920000000013
decision_type=2 2 2 2 2 2 2 2 2 2 2 2 2 2 2 2 2 2 2 2 2 2 2 2 2 2 2 2 2 2
left_child=2 7 6 8 11 -3 -1 17 22 -6 18 16 -11 26 23 -7 -5 -2 19 -8 21 -10 -4 -15 -21 -26 27 28 -12 -28
right_child=1 5 3 4 9 15 10 -9 20 12 13 -13 -14 14 -16 -17 -18 -19 -20 24 -22 -23 -24 -25 25 -27 29 -29 -30 -31
leaf_value=-0.041150230494612583 -0.018001113382123027 0.028638715352513062 -0.018485985530787584 -0.0026389419558133448 0.0158875644782728 0.043244385587678062 -0.025191575291812797 0.0063446286608751391 -0.0096701750501887607 0.023250023635797354 -0.013961021657250156 0.0099497916568786239 0.039728552372920251 -0.015486149880405456 -0.00058257299852426182 0.052302325221610414 0.0034307714147376691 -0.0078784711454626937 -0.026871791068789959 -0.01162259063698684 -0.0097160678345302957 -0.0026389419558133448 -0.025708928769219527 -0.0096121507026185396 -0.025095396219574424 -0.016344857930535868 -0.0081473659152665849 -0.015426209620607603 -0.0038585680000118696 -0.012911792794836613
leaf_weight=67.871194917708635 111.19385135173798 146.14201804250479 213.10306051373482 545.42296725511551 165.73394156992435 118.93817727267742 54.794053550809622 146.41248404979706 89.756527975201607 66.772098302841187 141.90692840516567 142.48341734707355 91.483825534582138 100.0885576158762 149.81494516134262 420.19472522288561 171.14686521887779 90.339628607034683 49.443113602697849 53.975260019302368 167.15140950679779 149.34131361544132 69.19123088568449 254.03889213502407 63.964621111750603 174.47851447761059 187.34731962531805 468.72668025642633 71.286545127630234 448.95501045137644
leaf_count=981 1004 931 1754 2600 835 1281 674 697 616 453 1195 612 800 786 706 5154 709 519 449 505 744 894 509 1536 709 1725 1365 3859 607 3134
internal_value=-0.000416192 0.0285723 -0.00761905 -0.000110406 0.00693108 0.0456837 -0.0137646 -0.00512844 -0.012209 0.0241368 -0.012927 0.000441986 0.0327759 -0.011464 -0.00809443 0.0503041 -0.00144856 -0.0134635 -0.0196477 -0.0186189 -0.006617 -0.00445047 -0.0202564 -0.0112723 -0.0173873 -0.0186923 -0.0127521 -0.013912 -0.010583 -0.011509
internal_weight=5191.5 1033.22 4158.28 1871.59 1183.04 685.275 2286.69 347.946 688.544 323.99 2218.82 859.053 158.256 1822.16 503.942 539.133 716.57 201.533 396.656 347.212 406.249 239.098 282.294 354.127 292.418 238.443 1318.22 681.92 213.193 636.302
internal_count=38343 9586 28757 10526 6009 7366 18231 2220 4517 2088 17250 3921 1253 13188 3028 6435 3309 1523 4062 3613 2254 1510 2263 2322 2939 2434 10160 5661 1802 4499
is_linear=0
shrinkage=0.05


Tree=41
num_leaves=31
num_cat=0
split_feature=1 0 1 0 1 1 0 0 1 1 0 0 1 0 1 1 1 0 0 1 1 1 0 1 1 1 1 1 1 1
split_gain=385.112 236.327 69.7788 58.9182 36.2323 20.8697 15.2425 12.7102 8.79788 6.86433 9.97605 6.44268 6.09488 6.87561 4.17545 3.06845 2.59841 2.51984 2.34585 2.92775 2.118 1.77114 1.74061 1.64073 1.58162 1.45405 1.21299 1.10198 1.03079 2.62536
threshold=21.005013000000002 87.754610000000014 13.174949000000002 96.115980000000022 18.364714500000002 -5.3390519999999997 77.054615000000013 94.379800000000017 -36.359374499999994 7.9046140000000014 102.10770000000001 106.92402000000001 19.372234500000001 89.56786000000001 36.273702000000007 22.514860500000001 -23.565164499999998 94.379800000000017 108.03371500000002 9.7070385000000012 19.714772000000004 -12.652998499999999 78.432805000000016 15.502636500000003 16.496098500000002 10.166312000000003 28.377729000000006 -7.5454429999999988 4.1760890000000011 6.3552920000000013
decision_type=2 2 2 2 2 2 2 2 2 2 2 2 2 2 2 2 2 2 2 2 2 2 2 2 2 2 2 2 2 2
left_child=2 6 5 12 11 8 14 -3 -1 28 17 24 13 22 26 -9 -10 -11 19 -12 -6 -18 -4 -15 -5 -19 -2 -23 -7 -30
right_child=1 7 3 4 20 9 -8 15 16 10 18 -13 -14 23 -16 -17 21 25 -20 -21 -22 27 -24 -25 -26 -27 -28 -29 29 -31
leaf_value=-0.040687305586832492 -0.014512540457818407 0.030541872275282839 -0.020413264575495273 0.0018527649152223795 0.02761118393052597 -0.014066328536233666 0.0073541881242780247 0.03982738750431019 -0.0099462023644211126 -0.015258138496600855 0.00038687674291595366 0.016148834632817095 -0.021738620300845508 -0.006781264323676134 -0.0034184925386721056 0.050652132558050095 -0.026209323534738191 -0.012059892275764879 0.0044659904999489004 -0.0064725635763955448 0.039673714227582632 -0.01520537837721294 -0.011111839818050197 0.00013780897419216968 0.0079190744886475581 -0.0067479999769439903 -0.023874286270113693 -0.022780618037182159 -0.0076071556510398904 -0.014946330913488542
leaf_weight=54.598980210721493 81.258735865354538 111.70312814414501 67.821789979934692 424.55657584965229 83.183982744812965 613.9450279250741 148.00606146454811 73.467360951006413 63.090259246528149 240.80441742390394 102.3656849116087 119.75088013708591 95.383668065071106 103.47306428849697 67.935276865959167 452.45824056863785 108.94664993882179 143.34984831511974 115.15002676844597 272.93762318789959 64.691336400806904 118.302375882864 194.65105422586203 132.9841563552618 143.85302741825581 283.61054085195065 60.259612686932087 80.798034638166428 264.22072642296553 226.14600230753422
leaf_count=908 737 732 666 1839 622 5241 676 778 626 1909 607 556 578 607 386 5737 1220 1006 508 1353 590 1210 1361 599 703 1611 461 768 1963 1642
internal_value=-0.000299894 0.0276153 -0.00704441 0.00187777 0.0104337 -0.0117917 -0.00492838 0.0458595 -0.0219476 -0.00988063 -0.00719143 0.00560861 -0.0101581 -0.0079442 -0.0136076 0.0491129 -0.0191907 -0.0111683 -0.00177683 -0.00369224 0.0328882 -0.021084 -0.0135153 -0.00176017 0.00338803 -0.00886165 -0.0184988 -0.0182795 -0.0127011 -0.0109918
internal_weight=5113.7 995.088 4118.62 1430.35 836.036 2688.27 357.46 637.629 425.736 2262.53 1158.22 688.16 594.314 498.93 209.454 525.926 371.137 667.765 490.453 375.303 147.875 308.047 262.473 236.457 568.41 426.96 141.518 199.1 1104.31 490.367
internal_count=38200 9507 28693 8121 4310 20572 2260 7247 4732 15840 6994 3098 3811 3233 1584 6515 3824 4526 2468 1960 1212 3198 2027 1206 2542 2617 1198 1978 8846 3605
is_linear=0
shrinkage=0.05


Tree=42
num_leaves=31
num_cat=0
split_feature=1 0 1 0 1 1 1 1 0 0 0 1 0 0 0 0 1 0 1 1 1 1 1 1 0 1 1 1 1 1
split_gain=351.568 209.517 60.9658 59.5081 40.9736 26.9597 20.9214 16.4404 16.5558 14.8322 12.147 8.82535 8.62601 5.02733 4.95537 3.0635 3.03676 2.25465 2.00866 1.81722 1.80739 1.66796 1.54957 2.34602 2.20379 1.30106 1.11659 1.91527 0.999194 1.74301
threshold=21.725658000000003 82.240200000000002 13.720637500000002 95.670565000000025 18.195942000000002 40.301649000000005 4.8743095000000016 24.083189500000003 97.356190000000012 65.316570000000013 106.26395000000001 37.884339500000003 85.051900000000018 75.22111000000001 109.69805000000001 84.349770000000021 -13.543357499999997 91.653605000000013 16.496098500000002 19.872942500000004 18.870009500000005 4.3640120000000016 6.3552920000000013 7.3655910000000011 102.10770000000001 17.070640500000003 -19.543540499999995 -28.972538499999995 12.310562500000001 8.3030100000000022
decision_type=2 2 2 2 2 2 2 2 2 2 2 2 2 2 2 2 2 2 2 2 2 2 2 2 2 2 2 2 2 2
left_child=2 11 6 12 10 7 9 8 -3 -1 18 13 20 -2 15 -8 26 25 -5 -6 -4 -18 -17 -24 28 -14 27 -11 29 -25
right_child=1 5 3 4 19 -7 14 -9 -10 16 -12 -13 17 -15 -16 22 21 -19 -20 -21 -22 -23 23 24 -26 -27 -28 -29 -30 -31
leaf_value=-0.0404584459507904 -0.020759463485327732 0.016954410823275725 -0.01477142588233589 0.00020939322241005228 0.025963939168453416 0.016954410823275725 -0.016128513884168565 0.050900704298673709 0.044753564340680396 -0.024817537076723323 0.0185622840194327 0.0054078532939734738 -0.0053844794132855414 -0.0040982605718765872 0.0043260159285082936 -0.0028078058039899259 -0.013152147545108711 -0.0013747146127126167 0.0063989224554708742 0.035503899339627908 -0.02427544784272663 -0.021928794374697583 -0.011789543276236623 -0.0068713208589120224 -0.0047030275262159131 -0.011984777495737939 -0.026504738886807572 -0.01114737029236638 -0.0068713208589120224 -0.011694939709751703
leaf_weight=59.80436360090971 126.49273189902306 47.810711644589901 132.4260126799345 339.16154547035694 109.3247609809041 51.443886525928974 109.12114477902651 451.94091408699751 89.154172442853451 51.009901206940413 117.67402304708958 74.488130420446396 92.626660123467445 70.515146367251873 85.310874789953232 160.44022919237614 836.9270651191473 166.032371789217 133.03171539306641 91.861378513276577 80.391495205461979 57.877410754561424 127.67514377832413 76.499110572040081 500.06599254906178 93.009034097194672 60.774146653711796 51.482635609805584 193.30642960965633 437.5784885212779
leaf_count=956 1084 309 1148 1456 814 429 977 5280 1111 641 555 399 625 388 408 1172 7464 820 631 902 619 447 931 575 2572 429 702 494 1132 2916
internal_value=-0.000564077 0.0275556 -0.00672267 0.00198538 0.010835 0.0431616 -0.0109266 0.0463017 0.0311263 -0.0162333 0.00418932 -0.00925277 -0.0104162 -0.0147959 -0.00741642 -0.00804069 -0.014864 -0.005608 0.000607472 0.0303199 -0.0183616 -0.0137198 -0.00745057 -0.00800849 -0.00724361 -0.00939424 -0.021135 -0.0179509 -0.00903961 -0.0102371
internal_weight=5075.26 911.846 4163.41 1355.54 791.053 640.35 2807.87 588.906 136.965 1117.88 589.867 271.496 564.486 197.008 1690 1604.69 1058.07 351.668 472.193 201.186 212.818 894.804 1495.57 1335.13 1207.45 185.636 163.267 102.493 707.384 514.078
internal_count=38386 9000 29386 7999 4358 7129 21387 6700 1420 10704 2642 1871 3641 1472 10683 10275 9748 1874 2087 1716 1767 7911 9298 8126 7195 1054 1837 1135 4623 3491
is_linear=0
shrinkage=0.05


Tree=43
num_leaves=31
num_cat=0
split_feature=1 0 1 0 1 0 0 1 0 1 0 0 0 1 1 0 1 1 1 1 1 1 1 1 1 0 1 1 1 0
split_gain=312.785 220.224 52.6688 52.1212 32.3757 22.6204 17.4725 11.7876 29.5358 6.80489 6.14056 6.07742 4.55056 3.6385 2.04995 1.91422 1.84274 1.4731 1.3935 1.36102 1.53446 1.34533 1.24937 1.1157 1.54095 0.823191 0.723635 1.21624 0.966245 0.963619
threshold=21.005013000000002 87.754610000000014 13.174949000000002 96.543190000000024 18.364714500000002 94.808555000000013 65.316570000000013 24.687082000000004 70.322435000000027 2.7279990000000005 90.644325000000009 106.80555000000001 106.26395000000001 22.514860500000001 16.633432500000001 78.432805000000016 -6.6622614999999987 0.53227800000000014 7.9046140000000014 -16.763144999999998 -28.972538499999995 16.054473000000005 15.632842000000002 11.467827000000002 12.537767500000003 101.96446000000002 11.027724000000001 10.281606000000002 5.3716260000000009 97.660420000000016
decision_type=2 2 2 2 2 2 2 2 2 2 2 2 2 2 2 2 2 2 2 2 2 2 2 2 2 2 2 2 2 2
left_child=2 7 6 10 11 -3 -1 -2 -9 16 15 22 23 -7 -12 -4 19 -18 -14 20 -8 -17 -5 26 -25 -15 27 28 -11 -30
right_child=1 5 3 4 -6 13 9 8 -10 12 14 -13 18 25 -16 21 17 -19 -20 -21 -22 -23 -24 24 -26 -27 -28 -29 29 -31
leaf_value=-0.036457107291901956 -0.01964277001426035 0.024011534449398547 -0.020773084938208869 0.00054025515675887 0.031222602169392273 0.038026920229985099 -0.019750440026330914 -0.023253371916505505 0.01229018990653219 -0.0079656538087721548 -0.00024595160917917499 0.014950231897433506 -0.0062874420169742916 0.048100356715192652 -0.0091321520335952977 -0.016460836076679027 -0.010272289565276455 -0.015931647459767797 -0.00049691074103492899 -0.019491098531437608 -0.0083166713499216293 -0.0094821485614479881 0.0054192733377653656 -0.0062874420169742916 -0.011908028197451584 0.052595176184689445 -0.014941567478545451 -0.0062874420169742916 -0.014074974233402114 -0.010107272071167009
leaf_weight=65.151525910943747 104.80132164061069 115.44179622083902 84.54799984395504 318.03728415071964 140.749003238976 68.665135435760021 48.186690624803305 88.524436376988888 172.02777159959078 225.31263104826212 146.12079851329327 120.94463424384594 101.59782268851995 193.52865912765265 110.8333874642849 97.321326494216919 357.13265877217054 169.58456049114466 207.16290988028049 196.41102531552315 75.04106417298317 171.82460508495569 223.35998523235321 213.27403513342142 130.11913411319256 215.05743742734194 82.024564661085606 142.10023241490126 264.91247374564409 362.32223722338676
leaf_count=1017 718 815 862 1381 1224 776 622 699 921 1812 803 564 693 2658 479 765 3170 1495 933 2093 768 1014 1036 1276 770 2996 509 889 2096 2469
internal_value=-0.000643203 0.025051 -0.00671518 0.00107317 0.00944472 0.0438724 -0.0108854 -0.00548188 0.000214016 -0.0102384 -0.00993663 0.00481688 -0.00844005 0.0486765 -0.00405409 -0.0142102 -0.0139119 -0.0120944 -0.00293869 -0.0169068 -0.0127877 -0.0121486 0.00255315 -0.00963619 -0.00715458 0.0504662 -0.0104277 -0.0100554 -0.0107742 -0.011783
internal_weight=5012.12 958.047 4054.07 1413.74 803.091 592.693 2640.33 365.354 260.552 2575.18 610.648 662.342 1728.83 477.251 256.954 353.694 846.356 526.717 308.761 319.639 123.228 269.146 541.397 1420.07 343.393 408.586 1076.67 994.648 852.547 627.235
internal_count=38323 9583 28740 8128 4205 7245 20612 2338 1620 19595 3923 2981 11447 6430 1282 2641 8148 4665 1626 3483 1390 1779 2417 9821 2046 5654 7775 7266 6377 4565
is_linear=0
shrinkage=0.05


Tree=44
num_leaves=31
num_cat=0
split_feature=1 0 1 0 1 0 1 0 0 1 0 0 0 1 1 1 1 1 1 0 1 1 1 1 1 0 1 1 1 0
split_gain=308.118 187.616 59.6204 65.0251 40.4212 19.0655 15.7317 14.6517 11.0468 10.4092 8.18853 7.821 7.46631 4.6357 4.1501 4.07671 3.20205 2.37842 2.346 2.28693 2.12411 1.79716 1.22262 1.18339 1.16297 1.54487 1.40757 1.11296 1.85628 1.03708
threshold=21.922323000000002 87.476700000000008 13.174949000000002 96.641260000000003 18.364714500000002 73.182640000000006 39.060131500000004 76.133025000000018 81.028915000000026 5.8891125000000004 102.80447500000001 105.96054500000001 53.104270000000007 23.482148500000005 32.051735000000008 8.0285400000000013 18.704101500000004 15.632842000000002 11.676154500000001 90.644325000000009 19.872942500000004 15.502636500000003 -7.1192084999999992 -23.565164499999998 6.8190585000000006 91.070965000000015 12.310562500000001 11.561916500000001 10.166312000000003 105.65613500000002
decision_type=2 2 2 2 2 2 2 2 2 2 2 2 2 2 2 2 2 2 2 2 2 2 2 2 2 2 2 2 2 2
left_child=2 7 5 8 11 12 13 14 16 22 24 17 -1 -3 -2 -12 -4 -5 29 -10 -6 -21 23 -7 -11 -26 27 28 -27 -17
right_child=1 6 3 4 20 9 -8 -9 19 10 15 -13 -14 -15 -16 18 -18 -19 -20 21 -22 -23 -24 -25 25 26 -28 -29 -30 -31
leaf_value=-0.04864774968685566 -0.01958334861668037 0.036581846756083558 -0.016338550882310489 0.00060079407570554706 0.026777048778579445 -0.010166868398526903 0.021232341086189589 0.0093216085783726591 -0.010134278505660736 -0.0061585397934175072 -0.0061585397934175072 0.015350502036915029 -0.0215518060321616 0.050121822395091012 -0.0046590837175733892 -0.00052026919777929919 -0.032008515603447467 0.0066845572096089117 -0.0050304510495697043 -0.0068058412486353553 0.037787839166400772 -2.7917328960802185e-05 -0.012487498738087627 -0.018051730906198316 -0.015021950862230588 -0.011928461796215505 -0.0061585397934175072 -0.012277641308924343 -0.0061585397934175072 0.0053908835580498728
leaf_weight=38.706557806581259 92.940831527113914 74.867766849696636 80.448837675154209 293.74100570380688 84.859988518059254 61.00763251632452 42.686238914728165 139.56947594881058 245.80145083367825 77.049402236938477 114.51595894992352 151.32039488852024 74.084555886685848 406.14640109241009 93.385856308043003 131.17319211363792 54.813868463039398 202.36801391839981 138.76917803287506 108.2695741802454 90.525650545954704 163.28404699265957 838.85613655298948 216.30498126894236 162.73622193932533 249.4024011194706 102.95108081400394 91.718755722045898 160.12307024002075 170.83819788694382
leaf_count=637 873 891 779 1279 700 682 466 646 1544 572 775 710 944 5397 563 752 518 931 631 617 959 763 7181 2355 1374 1829 586 534 982 807
internal_value=-0.000549722 0.0268573 -0.0062239 0.00181976 0.011168 -0.0107394 0.0453925 -0.00292784 -0.0099664 -0.00983767 -0.00696501 0.0054 -0.0308503 0.0480144 -0.0121034 -0.00224954 -0.0226886 0.00236496 0.000350859 -0.00664016 0.0324603 -0.0034774 -0.013439 -0.0163171 -0.0100675 -0.010698 -0.00953333 -0.0107136 -0.00914903 0.00282348
internal_weight=4953.27 849.597 4103.67 1475.43 822.815 2628.24 523.7 325.896 652.618 2515.45 1399.28 647.429 112.791 481.014 186.327 555.297 135.263 496.109 440.781 517.355 175.386 271.554 1116.17 277.313 843.981 766.932 604.195 501.244 409.525 302.011
internal_count=38277 8836 29441 8800 4579 20641 6754 2082 4221 19060 8842 2920 1581 6288 1436 2965 1297 2210 2190 2924 1659 1380 10218 3037 5877 5305 3931 3345 2811 1559
is_linear=0
shrinkage=0.05


Tree=45
num_leaves=31
num_cat=0
split_feature=1 0 1 0 1 0 0 0 0 1 1 0 1 0 1 1 1 1 1 1 1 0 1 0 0 0 1 1 1 0
split_gain=262.11 196.717 50.837 32.793 42.2482 14.6408 14.5369 12.8458 7.5606 5.87741 5.15157 4.2165 4.08794 2.91538 2.68374 3.10116 2.16385 2.11626 3.4921 1.54135 1.51476 1.48106 1.53812 1.18214 1.17568 0.998881 0.987952 0.855599 0.77751 0.82451
threshold=21.005013000000002 89.088855000000009 10.166312000000003 96.543190000000024 18.195942000000002 65.316570000000013 76.133025000000018 94.808555000000013 108.54184000000002 5.8891125000000004 16.054473000000005 78.432805000000016 24.278532000000002 70.322435000000027 18.870009500000005 15.502636500000003 19.714772000000004 -4.117513999999999 -2.6246229999999997 12.129366500000001 6.4979430000000002 106.92402000000001 9.7070385000000012 100.66633 103.26759000000001 91.653605000000013 35.569485500000006 22.514860500000001 7.2267535000000009 97.251210000000015
decision_type=2 2 2 2 2 2 2 2 2 2 2 2 2 2 2 2 2 2 2 2 2 2 2 2 2 2 2 2 2 2
left_child=2 6 5 11 8 -1 13 -3 10 17 24 -4 23 -2 15 19 -6 -7 -19 -13 -11 22 28 -9 -5 -17 -14 -25 -22 -30
right_child=1 7 3 4 16 9 -8 12 -10 20 -12 14 26 -15 -16 25 -18 18 -20 -21 21 -23 -24 27 -26 -27 -28 -29 29 -31
leaf_value=-0.03588063580758203 -0.019158459539237109 0.027027631883471306 -0.017776435850457874 -0.00167459243305405 0.024791286960875306 -0.015687910606576479 0.0066458912304415254 0.037056543576017363 0.013064051643870148 -0.00074368496318542952 0.006606609606711009 -0.0033028869542848574 0.051363924442929913 -0.0069282585497396233 -0.012242580428533639 -0.0060423817685112662 0.037048459146888486 -0.00054382900440118657 -0.012298924487099929 -0.010388620449421251 -0.011921410072962256 -0.0019891549469411057 -0.015420882300389432 0.040290114288760386 0.0012295175772503114 -0.00167459243305405 0.043591933867151531 0.048515046875811763 -0.0098749190603403258 -0.0054314612388280253
leaf_weight=59.006645243614912 98.960375815629959 97.273427881300449 97.827313005924225 517.94210074841976 90.941522404551506 403.74734522029757 177.34395658969879 38.89576880633831 126.87452304363251 86.630181133747101 191.23726379871368 109.07538341730833 266.30252829194069 95.992378637194633 107.47921065241098 138.15246760845184 59.607624121010303 69.815171785652637 664.69483957439661 258.96343276649714 87.710411556065083 92.299632713198662 76.253766849637032 45.72872968018055 351.73486295342445 101.44438403844833 48.30674384534359 45.759282015264034 130.23780564963818 214.23109541833401
leaf_count=1003 845 758 1016 2604 722 4359 839 489 564 621 917 816 4054 701 544 880 611 596 5660 1788 670 494 513 562 1583 448 714 671 1078 1448
internal_value=0.000104566 0.0242732 -0.00537221 -0.00011986 0.0046914 -0.0113677 -0.00371311 0.0434874 0.00152868 -0.0105754 0.000149168 -0.00804058 0.0470855 -0.0131365 -0.00670873 -0.00538095 0.0296443 -0.01278 -0.0111816 -0.00828863 -0.00692464 -0.00781598 -0.00887377 0.0396412 -0.00149751 -0.00167459 0.0501706 0.0435237 -0.00771859 -0.00664845
internal_weight=4950.47 914.563 4035.91 2151.28 1338.34 1884.63 372.297 542.266 1187.79 1825.62 1060.91 812.942 444.993 194.953 715.115 607.636 150.549 1138.26 734.51 368.039 687.363 600.733 508.433 130.384 869.677 239.597 314.609 91.488 432.179 344.469
internal_count=38568 9633 28935 12493 7001 16442 2385 7248 5668 15439 5104 5492 6490 1546 4476 3932 1333 10615 6256 2604 4824 4203 3709 1722 4187 1328 4768 1233 3196 2526
is_linear=0
shrinkage=0.05


Tree=46
num_leaves=31
num_cat=0
split_feature=1 0 1 0 0 0 1 0 0 1 0 0 0 1 1 1 0 1 1 1 1 1 0 1 0 1 1 1 1 1
split_gain=262.453 156.665 47.4684 68.8239 26.572 16.5155 16.2243 13.5803 12.5022 8.61415 6.66796 6.53677 4.7663 2.79264 2.44056 1.49457 2.32598 1.56658 1.42422 1.39422 1.38218 1.37545 1.12248 1.1113 6.51585 1.72732 1.08505 0.843269 0.806628 0.804088
threshold=21.922323000000002 82.989140000000006 14.533550500000002 93.379845000000003 94.808555000000013 67.40744500000001 18.364714500000002 110.66012500000001 99.019215000000017 5.8891125000000004 102.63928500000002 73.182640000000006 53.104270000000007 20.049193000000006 -13.543357499999997 11.467827000000002 96.543190000000024 9.9294565000000024 23.482148500000005 12.537767500000003 -19.543540499999995 -28.972538499999995 105.85001000000001 8.6935790000000015 100.50422500000002 6.8190585000000006 12.6476065 7.3655910000000011 20.049193000000006 4.5531645000000003
decision_type=2 2 2 2 2 2 2 2 2 2 2 2 2 2 2 2 2 2 2 2 2 2 2 2 2 2 2 2 2 2
left_child=2 11 5 13 -3 12 10 9 -8 14 -5 -2 -1 -4 20 17 26 23 -6 -18 21 -7 -12 25 -25 -11 -17 -27 -10 -16
right_child=1 4 3 6 18 7 8 -9 28 15 22 -13 -14 -15 29 16 19 -19 -20 -21 -22 -23 -24 24 -26 27 -28 -29 -30 -31
leaf_value=-0.04523614476082375 -0.012667675997116762 0.023712440780155424 -0.011008782280645814 0.00293845526792153 0.041181189588599287 -0.019859171052525281 0.0065021622997508723 0.012931425670203271 0.029195339111928804 -0.0027451279164180725 0.011058767988891677 0.0027719453298863644 -0.020222318022136716 -0.021505378565609978 -0.010519376922450172 -0.013435058293723302 0.00073777593759678751 -0.01045214023523456 0.049695253058240151 -0.0047449926107990944 -0.020222318022136716 -0.0076464540624654014 0.018175378977081002 -0.013080571187626316 0.0021455092829179507 -0.014378182926575439 -0.0063296092578250156 -0.0082160045960861829 0.036745067054974732 -0.01451701195876509
leaf_weight=35.953137822449207 137.33573877811432 151.35213877260685 331.38581025600433 294.59714725613594 57.737588331103325 44.282242242246866 66.449376747012138 74.91124315187335 74.451725840568542 119.68350420147181 117.75124479830265 136.87921464443207 35.783327847719193 78.347645275294781 816.15578296035528 82.276785634458065 180.03345376253128 335.15500538051128 329.02059868723154 325.74443165957928 56.031008124351501 48.093776501715183 104.65195247530937 97.175141610205173 115.09329700469971 77.060238391160965 154.84925788640976 198.60360806435347 67.415040880441666 148.70623755455017
leaf_count=629 1132 975 2293 1301 816 588 414 407 686 869 550 751 540 528 7552 624 912 2033 5198 1484 687 477 535 770 668 595 1114 1450 783 1165
internal_value=-0.000155389 0.0257989 -0.00532206 0.00336528 0.0414736 -0.00866962 0.0126191 -0.00807811 0.0243998 -0.00864041 0.00787221 -0.00496072 -0.0323665 -0.0130159 -0.0120536 -0.00638621 -0.00470903 -0.00770782 0.0484242 -0.00279338 -0.0180229 -0.0135009 0.0144075 -0.00619408 -0.00327586 -0.00776092 -0.00879502 -0.00993861 0.032783 -0.0111355
internal_weight=4892.97 812.325 4080.64 1135.05 538.11 2945.59 725.316 2873.86 208.316 2798.94 517 274.215 71.7365 409.733 1113.27 1685.67 742.904 942.771 386.758 505.778 148.407 92.376 222.403 607.616 212.268 395.347 237.126 275.664 141.867 964.862
internal_count=38526 8872 29654 7090 6989 22564 4269 21395 1883 20988 2386 1883 1169 2821 10469 10519 4134 6385 6014 2396 1752 1065 1085 4352 1438 2914 1738 2045 1469 8717
is_linear=0
shrinkage=0.05


Tree=47
num_leaves=31
num_cat=0
split_feature=1 0 1 0 1 0 0 0 1 1 1 0 1 0 1 1 1 1 0 0 1 1 1 1 1 1 1 1 1 1
split_gain=231.398 176.134 47.7469 41.4948 33.1079 14.6418 13.6484 13.2877 15.3828 11.9272 8.83338 6.56547 5.95526 8.09321 5.62652 3.79472 2.38541 2.20235 1.63358 1.56813 1.43955 1.4515 0.905067 1.02458 0.546714 2.95386 0.920672 1.13299 0.668029 0.733169
threshold=21.922323000000002 86.325980000000015 13.082711500000002 95.670565000000025 18.195942000000002 94.379800000000017 110.66012500000001 70.322435000000027 28.650046000000003 -4.9381519999999997 -36.359374499999994 81.028915000000026 15.502636500000003 102.63928500000002 18.704101500000004 20.049193000000006 10.281606000000002 -23.565164499999998 94.379800000000017 102.80447500000001 16.935424500000003 15.502636500000003 23.883054000000005 35.569485500000006 3.7978405000000004 4.5531645000000003 -2.6246229999999997 -1.3474854999999997 5.2136915000000004 6.0445315000000006
decision_type=2 2 2 2 2 2 2 2 2 2 2 2 2 2 2 2 2 2 2 2 2 2 2 2 2 2 2 2 2 2
left_child=2 7 6 11 12 -3 9 -2 -9 10 -1 14 -5 -14 -4 -6 24 -12 -18 22 21 -13 -7 -24 26 -26 -11 -28 -27 -30
right_child=1 5 3 4 15 19 -8 8 -10 16 17 20 13 -15 -16 -17 18 -19 -20 -21 -22 -23 23 -25 25 28 27 -29 29 -31
leaf_value=-0.037875832288162603 -0.020988286591442241 0.027000906194346686 -0.011266329860883051 0.00077430353901944285 0.02206618760736381 0.03767790818797289 0.01421100348020333 -0.0095827542423280315 0.015426830036126236 -0.0061167892761814901 -0.0056222541848115915 -0.0053976852701033331 0.0016695995258809799 0.018461848821838787 -0.03047204116109662 0.03664247550658941 -0.01031042932866722 -0.016386011412811451 -0.004185862606790566 0.051711008923194968 -0.0078516917773080192 0.00077430353901944285 0.048435224491441026 0.038737469976185775 0.0011777889160009757 -0.013770941158924544 -0.017407738542504693 -0.010306268304233833 -0.0046858391851208837 -0.0093755471515589231
leaf_weight=46.407728761434555 91.156122401356697 105.23978681862354 80.25068698823452 409.45165406167507 106.0649323835969 33.387145359069109 62.225649498403072 107.25448701530695 105.79346533864737 101.3764506727457 56.395251076668501 156.67933831363916 147.43412590026855 139.78358392417431 52.395195119082928 77.112926013767719 137.87685336172581 302.04823398962617 517.60335758328438 166.54359116405249 225.52311710268259 88.343584597110748 147.07038131728768 33.426236052066088 74.332207262516022 73.686683095991611 66.611349068582058 358.16298095881939 95.382470659911633 660.08446219563484
leaf_count=909 792 739 801 1796 874 479 356 661 545 908 607 1076 635 729 515 891 1128 3383 2740 2723 1114 538 2399 525 592 594 607 3260 732 4706
internal_value=7.18506e-05 0.0248205 -0.00477255 0.00236237 0.00928729 0.043507 -0.00891853 -0.00501266 0.00182278 -0.00949655 -0.01735 -0.00773868 0.00431386 0.00984208 -0.0175636 0.0282024 -0.00797171 -0.0146925 -0.00547413 0.0480731 -0.00496905 -0.00231582 0.0452404 0.0466393 -0.00911684 -0.00837068 -0.0103981 -0.0114199 -0.00922668 -0.00878344
internal_weight=4825.1 789.871 4035.23 1483.04 879.847 485.667 2552.19 304.204 213.048 2489.97 404.851 603.192 696.669 287.218 132.646 183.178 2085.12 358.443 655.48 380.427 470.546 245.023 213.884 180.497 1429.64 903.486 526.151 424.774 829.154 755.467
internal_count=38354 8863 29491 8969 4925 6865 20522 1998 1206 20166 4899 4044 3160 1364 1316 1765 15267 3990 3868 6126 2728 1614 3403 2924 11399 6624 4775 3867 6032 5438
is_linear=0
shrinkage=0.05


Tree=48
num_leaves=31
num_cat=0
split_feature=1 0 1 0 1 0 0 0 1 0 0 0 0 1 1 0 0 1 1 1 1 0 1 1 1 0 0 1 1 0
split_gain=221.163 169.137 38.5756 32.0248 23.5535 21.3519 16.2821 12.8659 6.62671 5.64554 5.56711 5.52732 3.43069 9.18603 2.88957 2.82522 2.60667 2.46043 2.09473 2.05678 1.86139 1.85468 1.56612 1.54511 1.37759 1.26509 1.23186 1.20632 1.10831 1.08094
threshold=21.174646000000003 94.379800000000017 13.720637500000002 95.670565000000025 18.195942000000002 80.646875000000009 67.40744500000001 110.66012500000001 5.8891125000000004 105.44909500000001 53.104270000000007 88.611470000000011 70.322435000000027 28.917160000000006 24.278532000000002 98.242805000000018 100.66633 -7.1192084999999992 16.054473000000005 17.070640500000003 -23.565164499999998 87.476700000000008 -5.3390519999999997 8.4381390000000014 12.129366500000001 101.74290000000002 91.275250000000014 -13.543357499999997 35.569485500000006 106.69120500000001
decision_type=2 2 2 2 2 2 2 2 2 2 2 2 2 2 2 2 2 2 2 2 2 2 2 2 2 2 2 2 2 2
left_child=2 5 6 11 9 12 10 8 17 18 -1 -4 -2 -14 16 23 -3 20 -5 -13 -8 -7 -19 -10 29 -6 -25 -22 -16 -17
right_child=1 14 3 4 25 21 7 -9 15 -11 -12 19 13 -15 28 24 -18 22 -20 -21 27 -23 -24 26 -26 -27 -28 -29 -30 -31
leaf_value=-0.047449998600847282 -0.01559568921442501 0.028625125764671286 -0.012557273361129884 0.00061670156172343317 0.020812545271755901 0.0092979856417421992 -0.0085060011406647828 0.013633812395726301 -0.0069946094519053731 0.012447358164797881 -0.020609588882784604 0.00061670156172343317 -0.0095240845492582851 0.0033055733140896233 0.050811724295723774 -0.0068519737255728552 0.045179873459565666 -0.0022418388017103395 0.0064845922654422185 -0.007287016312770127 -0.020609588882784604 0.019351948700312052 -0.010749033931439297 -0.014614120766905922 -0.0013853240246476798 0.03000361205986532 -0.0089367167759038611 -0.014743214939057076 0.042204367113462031 -0.0020563892730672234
leaf_weight=33.797128975391388 91.986030355095863 34.834806248545647 264.86934670060873 272.36961370706558 64.705832093954086 88.170758798718452 70.06651659309864 66.858611598610878 134.44906839728355 150.07348731160164 32.012021813541651 140.42199182510376 80.970112293958664 77.21882301568985 240.63770107924938 553.10342068970203 74.916315220296383 58.274948321282864 156.01389046013355 116.40277755260468 78.692486733198166 95.612681590020657 754.99691031873226 150.84342452138662 231.45903953909874 88.848413109779358 260.61863732337952 132.21948487311602 44.281219679862261 149.20348908007145
leaf_count=629 821 480 2159 1176 492 372 844 372 1087 725 513 791 605 423 4152 3485 1142 587 717 509 957 707 6622 1318 1088 920 1765 1464 729 756
internal_value=-0.000359083 0.0231314 -0.00527408 0.00197656 0.00872285 0.00158857 -0.0086326 -0.0080204 -0.00858288 0.00410187 -0.0331988 -0.00748944 -0.00791738 -0.00345248 0.0468187 -0.00640118 0.0399254 -0.011533 0.00117824 -0.00226287 -0.0155667 0.0145285 -0.0101395 -0.00925857 -0.00473065 0.0261306 -0.0110181 -0.0179123 0.049474 -0.00583316
internal_weight=4788.93 828.628 3960.3 1253.71 732.011 433.958 2706.6 2640.79 2573.93 578.457 65.8092 521.694 250.175 158.189 394.67 1479.68 109.751 1094.25 428.384 256.825 280.978 183.783 813.272 545.911 933.766 153.554 411.462 210.912 284.919 702.307
internal_count=38407 9431 28976 7489 4030 2928 21487 20345 19973 2618 1142 3459 1849 1028 6503 9499 1622 10474 1893 1300 3265 1079 7209 4170 5329 1412 3083 2421 4881 4241
is_linear=0
shrinkage=0.05


Tree=49
num_leaves=31
num_cat=0
split_feature=1 0 1 0 1 0 0 1 1 0 0 1 0 1 0 1 1 1 1 1 1 1 1 0 0 0 1 1 0 1
split_gain=215.602 162.372 33.8493 26.2385 25.279 13.2364 11.4649 9.50844 9.42395 8.27718 6.73325 3.53564 3.48865 6.48893 3.18887 3.16393 2.1278 2.06322 3.06002 1.71184 1.46968 1.33346 1.24638 1.45454 1.09234 0.795179 0.79075 0.783253 0.653257 1.31408
threshold=21.005013000000002 89.335865000000013 10.500345000000001 91.472660000000005 16.633432500000001 98.866220000000013 94.379800000000017 18.523872000000004 -9.7656944999999986 80.200220000000016 67.40744500000001 23.661935000000003 70.322435000000027 27.885291500000005 108.36910000000002 12.310562500000001 -21.291152999999998 13.400919000000002 15.502636500000003 1.4741875000000004 -13.543357499999997 12.537767500000003 10.048001000000001 84.000045000000014 102.56563500000001 101.20437000000001 35.569485500000006 11.259378000000003 81.028915000000026 16.054473000000005
decision_type=2 2 2 2 2 2 2 2 2 2 2 2 2 2 2 2 2 2 2 2 2 2 2 2 2 2 2 2 2 2
left_child=2 9 8 21 14 -6 -3 -7 10 12 -1 25 -2 -14 15 27 -12 -17 -19 -10 -18 -4 23 -21 26 -8 -13 -5 -23 -30
right_child=1 6 3 4 5 7 11 -9 19 -11 16 24 13 -15 -16 17 20 18 -20 22 -22 28 -24 -25 -26 -27 -28 -29 29 -31
leaf_value=-0.037439566891828799 -0.014784887886889418 0.025184201013876917 -0.0049724005027736648 -0.00013022377464119055 0.0016954620256805514 0.012447395001201976 0.035472181694273699 0.033145214994085362 -0.011300076636358066 0.0086819747047685563 -0.0090691235530850588 0.047446246652912999 -0.0087205024327721599 0.00073321111329663075 0.0068975373783261842 0.0023429108869127721 -0.024796296400407904 -0.0044742840540241274 0.0023429108869127721 -0.013956189274071754 -0.014076126886880822 -0.015829583798025234 -0.013264153116021211 -0.0067724857330321358 0.051935204323364619 0.041661484968768064 0.038451963039004944 -0.0047561528639096283 -0.013593266923300052 -0.0081356076075015816
leaf_weight=42.320078574120998 94.999919705092907 82.134813129901886 64.537244983017445 138.19793616235256 146.6939862370491 135.46370156854391 34.276277843862772 93.986514389514923 492.11375042051077 121.11874172091484 78.543552361428738 130.07058217749 75.176057308912277 82.537821114063263 105.24654158949852 208.98174943029881 65.01137387752533 391.5103005617857 162.28828205168247 75.898246362805367 62.908484846353531 118.31540230661631 95.028785802423954 984.20728605985641 129.26245066896081 61.518682569265366 30.090051338076591 201.54350036382675 108.84908413141966 154.51174053549767
leaf_count=882 853 663 568 786 682 765 459 1007 4760 531 944 2308 582 466 446 1101 818 1805 716 727 715 1211 595 7431 2355 938 507 1126 856 868
internal_value=-0.000474787 0.0224971 -0.00539655 -0.000909894 0.00210716 0.0134259 0.042144 0.0209256 -0.0102005 -0.00206488 -0.019271 0.0457602 -0.00721555 -0.00265612 -0.00141792 -0.00221172 -0.0155469 -0.000314591 -0.00202072 -0.00883059 -0.0195243 -0.0116195 -0.00777854 -0.0072868 0.048516 0.037434 0.0457565 -0.00475615 -0.0127434 -0.011357
internal_weight=4767.34 841.185 3926.16 2030.13 1583.91 376.144 467.353 229.45 1896.03 373.833 248.783 385.218 252.714 157.714 1207.77 1102.52 206.463 762.78 553.799 1647.25 127.92 446.213 1155.13 1060.11 289.423 95.795 160.161 339.741 381.676 263.361
internal_count=38471 9662 28809 11937 8434 2454 7230 1772 16872 2432 3359 6567 1901 1048 5980 5534 2477 3622 2521 13513 1533 3503 8753 8158 5170 1397 2815 1912 2935 1724
is_linear=0
shrinkage=0.05


Tree=50
num_leaves=31
num_cat=0
split_feature=1 0 1 0 1 0 1 0 1 0 1 1 0 1 1 1 1 1 0 1 1 1 0 1 0 1 1 1 1 1
split_gain=182.188 143.882 33.1768 32.0835 37.748 13.7675 10.936 10.1813 8.74515 7.24518 6.99208 3.2614 2.45103 2.34943 2.3948 1.84257 1.53429 2.74143 4.82629 2.69717 1.95731 1.52866 1.49519 1.6358 1.30683 1.29972 1.1349 1.0706 1.06451 1.06043
threshold=22.112892500000005 89.56786000000001 11.467827000000002 96.641260000000003 18.364714500000002 74.238605000000021 -4.117513999999999 94.808555000000013 -36.359374499999994 88.065595000000016 16.054473000000005 19.714772000000004 105.35582500000001 17.671927000000004 15.502636500000003 -23.565164499999998 11.144069000000002 8.8289620000000024 102.40624500000003 10.166312000000003 9.5757900000000014 13.9525655 100.66633 26.397110000000001 102.63928500000002 33.35857450000001 8.3030100000000022 19.714772000000004 -13.543357499999997 7.7646335000000013
decision_type=2 2 2 2 2 2 2 2 2 2 2 2 2 2 2 2 2 2 2 2 2 2 2 2 2 2 2 2 2 2
left_child=2 5 6 9 10 25 8 -3 -1 11 12 -4 -5 14 21 -10 17 26 20 -20 -19 -11 23 -9 -12 -2 29 -6 -17 -8
right_child=1 7 3 4 27 -7 16 22 15 13 24 -13 -14 -15 -16 28 -18 18 19 -21 -22 -23 -24 -25 -26 -27 -28 -29 -30 -31
leaf_value=-0.036859090624287931 -0.016958566915222129 0.026736567419054877 -0.010129736158449656 -0.00057041415798855311 0.024104949206843102 0.0079045962008312664 -0.0077404348833199996 0.037013776194321148 -0.0048120817296098519 -0.0018530879255895039 0.0061623234187286836 -0.021976380481295413 0.0049465801373751589 -0.0079350124021000737 -0.00057041415798855311 -0.019624808011581511 -0.013654667503277674 -0.014643566602977285 0.0079914371113089279 -0.0026398936713489959 -0.0049966660589141412 -0.0079350124021000737 0.049850310108466814 0.046290775134610745 0.014014952873867715 -0.0075921626250803871 -0.013321889015556957 0.032465455539565764 -0.013038742716340297 -0.0017817035180260135
leaf_weight=43.980332884937525 77.382114268839359 74.203354321420193 252.53688774257898 520.44928313791752 67.218484438955784 187.61912029236555 973.12178655713797 38.599148005247116 54.714613053947687 127.49948486685753 100.3585611730814 75.455695793032646 209.2155706435442 118.74506098777056 104.17533439397812 82.7336739115417 76.486669607460499 73.647101864218712 107.97004219889641 100.63265125453472 183.81589857488871 84.934774458408356 205.15744384005666 76.553042624145746 112.23265816271305 71.040139645338058 84.008883662521839 88.978405378758907 237.41231068223715 80.869468942284584
leaf_count=923 799 668 2207 2463 607 930 8310 666 607 876 446 570 883 557 510 1080 462 590 592 494 1313 503 3831 1411 629 439 609 1121 2583 590
internal_value=2.81703e-06 0.0229457 -0.0042285 0.000630589 0.00610219 -0.00109684 -0.00853767 0.0434249 -0.0157663 -0.00724302 0.0023284 -0.0128551 3.52388e-06 -0.00301493 -0.00073518 -0.0132916 -0.0067361 -0.0064062 -0.00317626 0.00247637 -0.00775615 -0.00588297 0.047291 0.0427312 0.0103079 -0.0124755 -0.00772902 0.0288676 -0.0147407 -0.00728324
internal_weight=4691.75 730.554 3961.19 1861.8 1098.45 336.041 2099.39 394.513 418.841 763.347 942.256 327.993 729.665 435.355 316.61 374.861 1680.55 1604.07 466.066 208.603 257.463 212.434 320.31 115.152 212.591 148.422 1138 156.197 320.146 1053.99
internal_count=38269 8744 29525 11372 6149 2168 18153 6576 5193 5223 4421 2777 3346 2446 1889 4270 12960 12498 2989 1086 1903 1379 5908 2077 1075 1238 9509 1728 3663 8900
is_linear=0
shrinkage=0.05


Tree=51
num_leaves=31
num_cat=0
split_feature=1 0 1 0 0 0 1 1 0 0 1 0 1 1 1 1 1 0 1 1 1 1 1 1 1 1 1 1 1 1
split_gain=172.977 149.652 27.5855 19.1139 14.2463 11.1803 14.1803 9.42095 6.38025 5.78665 5.74948 5.26359 4.89218 4.81658 2.87967 2.3438 2.00163 1.98135 1.94939 1.64049 1.35145 1.84418 0.93997 1.11133 0.898913 0.765767 0.66519 0.791865 1.15335 0.611979
threshold=20.228838000000003 92.898400000000024 9.5757900000000014 81.853820000000013 73.182640000000006 102.32701000000002 15.377434000000003 23.661935000000003 57.217710000000004 99.019215000000017 37.884339500000003 81.422705000000022 16.054473000000005 37.884339500000003 15.632842000000002 17.213393000000003 -4.117513999999999 90.644325000000009 12.310562500000001 -6.209322499999999 30.008453000000003 24.687082000000004 4.5531645000000003 3.7978405000000004 21.379609000000002 13.400919000000002 7.9046140000000014 6.8190585000000006 5.8891125000000004 -13.543357499999997
decision_type=2 2 2 2 2 2 2 2 2 2 2 2 2 2 2 2 2 2 2 2 2 2 2 2 2 2 2 2 2 2
left_child=2 3 4 10 8 11 -7 9 -1 -3 20 14 17 -9 -4 -8 19 -13 -19 29 21 -2 23 -18 -11 -20 27 28 -24 -6
right_child=1 7 5 -5 16 6 15 13 -10 24 -12 12 -14 -15 -16 -17 22 18 25 -21 -22 -23 26 -25 -26 -27 -28 -29 -30 -31
leaf_value=-0.045777106198692685 -0.01481117928471438 0.02063937959352731 -0.007901932876406571 0.013330874347579267 -0.01266127006257077 3.7053163361475476e-05 0.0098294591254550253 0.048797402245529531 -0.018776444578916144 0.031014888450213548 0.0025696425821935803 -0.007901932876406571 3.7053163361475476e-05 0.026966881191824013 -0.019992363541332572 0.020410211602813193 -0.0069453863226815009 -0.0058371475304537989 3.7053163361475476e-05 -0.018481261502417533 -0.018682727737336074 -0.0034397564772262802 -0.011432420652591181 -0.00036166793222625624 0.041164854941900475 -0.0031263846623766295 -0.0068890893230468351 -0.012935205071854304 -0.0048623929881177891 -0.0079827710505136883
leaf_weight=34.774221077561378 81.557255513966084 36.286295354366302 62.245789214968681 163.49908548593521 128.27281396463513 542.33209072053432 109.62650045752525 256.13517643138766 54.960136983543634 33.977036572992802 73.049071133136749 144.28725131601095 389.85189916938543 28.032063789665699 74.207784377038479 100.15812124311924 485.94326943159103 287.75115788727999 131.51095739006996 73.901366800069809 61.565259136259556 63.348339296877384 146.44533514231443 73.836908802390099 60.933934614062309 298.15709763765335 269.00396641343832 153.52933833748102 122.82206984609365 153.59258528053761
leaf_count=721 711 395 634 886 1590 2493 528 4860 772 445 398 1205 2036 468 768 849 4491 1838 755 738 448 527 1181 592 1014 1458 1914 1190 904 1722
internal_value=-0.000323767 0.0199664 -0.00486268 -0.000248582 -0.00962339 -0.00108753 0.00382189 0.0415273 -0.0290119 0.0304451 -0.00819159 -0.00374778 -0.00273111 0.0466439 -0.0130728 0.0148811 -0.00854097 -0.00499512 -0.00377236 -0.0118504 -0.0124767 -0.00983994 -0.00760025 -0.00607697 0.0375313 -0.00154053 -0.00883283 -0.0100695 -0.00843561 -0.0101119
internal_weight=4695.59 858.384 3837.21 443.019 1697.08 2140.13 752.117 415.365 89.7344 131.197 279.52 1388.01 1251.56 284.167 136.454 209.785 1607.35 861.706 717.419 355.767 206.471 144.906 1251.58 559.78 94.911 429.668 691.801 422.797 269.267 281.865
internal_count=38531 10152 28379 2970 15815 12564 3870 7182 1493 1854 2084 8694 7292 5328 1402 1377 14322 5256 4051 4050 1686 1238 10272 5083 1459 2213 5189 3275 2085 3312
is_linear=0
shrinkage=0.05


Tree=52
num_leaves=31
num_cat=0
split_feature=1 0 1 0 1 0 0 1 1 0 1 1 1 1 1 0 0 0 1 0 1 0 0 1 1 1 1 1 1 1
split_gain=164.628 134.802 29.0441 24.5839 15.7685 12.5744 12.047 8.23792 9.70434 5.68305 5.05303 4.3216 4.09601 3.56286 4.46686 2.45487 2.16899 1.80866 1.63235 3.45502 1.1853 2.20218 1.17157 0.932236 2.18329 2.09495 1.17484 1.97889 0.834762 0.795147
threshold=21.005013000000002 93.379845000000003 13.513445000000003 95.781220000000005 16.496098500000002 110.66012500000001 80.646875000000009 -6.6622614999999987 -36.359374499999994 101.52216000000001 32.876920500000004 18.704101500000004 -23.565164499999998 23.482148500000005 37.884339500000003 90.644325000000009 104.62793500000002 100.89142000000002 7.9046140000000014 91.472660000000005 9.7070385000000012 102.10770000000001 77.542500000000004 6.8190585000000006 5.8891125000000004 5.3716260000000009 4.1760890000000011 1.8783900000000002 -12.652998499999999 10.810903500000002
decision_type=2 2 2 2 2 2 2 2 2 2 2 2 2 2 2 2 2 2 2 2 2 2 2 2 2 2 2 2 2 2
left_child=2 6 5 15 16 7 10 8 -1 -6 -2 -11 -10 17 -15 22 -5 -3 23 29 21 -21 -4 24 25 26 27 -9 -14 -20
right_child=1 13 3 4 9 -7 -8 18 12 11 -12 -13 28 14 -16 -17 -18 -19 19 20 -22 -23 -24 -25 -26 -27 -28 -29 -30 -31
leaf_value=-0.0378383690468342 -0.011032854277333857 0.02552640291632062 -0.014875030724760275 0.0010413695176921254 0.0090254249389712157 0.014272852881149959 0.012222184610663026 -0.0065015590791204191 0.0004282186654131011 0.017048915712782976 0.0033565639603045337 0.033644082169854941 -0.018340269250751811 0.048627292346333034 0.027034027368521119 -0.0017964919486520875 0.0075635681537576929 0.040486957920902768 -0.0080801346162427297 -0.0057339893080453688 -0.0049616278300992842 0.0033833451493615165 -0.0072635976365009241 -0.011456116747227043 -0.00083671044536928654 -0.017490059119368771 -0.0030155238928994774 -0.012732970163249908 -0.012144630275554659 -0.015022486284347131
leaf_weight=40.593943648040295 143.40371795743704 32.314637236297131 63.111426495015621 308.83721631765366 129.3705797046423 68.064718648791313 174.21494960784912 427.99418640136719 55.904773723334074 111.27907634526491 106.18782919645309 60.590929701924324 92.479562755674124 247.19474465399981 26.519410349428654 208.79563522338867 140.6184356212616 53.898045495152473 77.398694045841694 119.0748188868165 737.94250905513763 119.51069937646389 254.13235046714544 151.7991713732481 116.62866552919149 55.968285292387009 123.89368129521608 181.40691435337067 131.91696798801422 88.299620263278484
leaf_count=901 1264 433 736 1343 758 378 962 4113 627 692 611 730 1232 4938 465 1035 601 900 712 922 4084 704 1788 1203 872 450 1021 1629 1522 792
internal_value=0.000346449 0.0212418 -0.00388999 0.00228157 0.00808951 -0.00693357 0.00213201 -0.00750616 -0.0149901 0.0169411 -0.00491093 0.0228994 -0.0116812 0.0437433 0.0465352 -0.00600677 0.00215689 0.0348794 -0.0064145 -0.00510388 -0.00397113 -0.000907531 -0.00877779 -0.00782987 -0.00722223 -0.00816581 -0.00745414 -0.00835653 -0.014698 -0.0117797
internal_weight=4649.35 783.733 3865.61 1276.74 750.696 2588.88 423.806 2520.81 320.895 301.241 249.592 171.87 280.301 359.927 273.714 526.039 449.456 86.2127 2199.92 1142.23 976.528 238.586 317.244 1057.69 905.892 789.263 733.295 609.401 224.397 165.698
internal_count=38418 9573 28845 7683 4124 21162 2837 20784 4282 2180 1875 1422 3381 6736 5403 3559 1944 1333 16502 7214 5710 1626 2524 9288 8085 7213 6763 5742 2754 1504
is_linear=0
shrinkage=0.05


Tree=53
num_leaves=31
num_cat=0
split_feature=1 0 1 0 1 1 0 1 1 1 1 0 1 0 1 1 0 0 1 0 1 1 1 1 1 1 1 0 0 1
split_gain=141.824 132.629 24.1101 36.186 20.6844 12.4343 12.3356 11.3579 8.95216 8.05533 6.77969 5.74909 5.28281 3.75026 3.17553 1.92421 2.24512 1.26064 1.23459 0.988755 1.37637 0.899008 1.26085 1.13809 0.767131 0.758106 0.740025 0.721845 0.686728 0.651823
threshold=22.112892500000005 89.088855000000009 13.174949000000002 98.413210000000007 18.870009500000005 -6.6622614999999987 73.182640000000006 39.060131500000004 28.377729000000006 -36.359374499999994 15.632842000000002 86.931550000000016 24.278532000000002 100.66633 19.714772000000004 3.7978405000000004 106.26395000000001 104.11609000000001 -10.369385999999999 93.654605000000018 15.502636500000003 2.3061595000000001 1.4741875000000004 -0.78220649999999992 16.633432500000001 8.6935790000000015 -1.9481454999999999 94.094325000000012 77.954705000000018 -3.6699494999999995
decision_type=2 2 2 2 2 2 2 2 2 2 2 2 2 2 2 2 2 2 2 2 2 2 2 2 2 2 2 2 2 2
left_child=2 6 5 11 10 9 -2 12 -8 -1 -5 14 13 -3 28 21 -17 -12 -11 24 -21 22 23 26 -13 -18 29 -14 -4 -7
right_child=1 7 3 4 -6 15 8 -9 -10 18 17 19 27 -15 -16 16 25 -19 -20 20 -22 -23 -24 -25 -26 -27 -28 -29 -30 -31
leaf_value=-0.036627749722321183 -0.014015481333481253 0.020273438352667844 -0.013723121686582466 0.0017484569389368413 0.029939332812383902 -0.0048551476010557579 -0.0041049535565109629 0.019981930285873573 0.016529697668288976 -0.010442493253739683 0.0091345391594738513 -0.0030746454777500851 0.042111755488494031 0.043043777865336898 -0.021670572314429166 -0.0053055433063493879 -0.0028801254825486645 0.016337120338845611 -0.017506095984546118 -0.0030746454777500851 0.0017484569389368413 -0.011801087436165656 -0.00023129328248559065 -0.011514009750157626 -0.007637993388282977 0.0015559176091253207 -0.0013573122570099813 0.049362437629300399 -0.007637993388282977 -0.010730155179755294
leaf_weight=40.897997420281172 129.41399069130421 32.447881877422333 55.274005845189095 342.40835574269295 106.64726451784372 105.84083719924092 100.92208668589592 31.213048152625561 98.582879260182381 181.69239401817322 136.24455405026674 115.15450061112642 40.898079060018063 40.844727382063866 66.402538388967514 1295.8304272294044 108.64058801531792 109.63939399272203 93.793254546821117 99.421042487025261 152.38055653125048 112.52103486657143 62.791644752025604 138.43144769966602 122.78093357384205 183.70473611354828 66.661216214299202 213.6201882623136 133.66570518165827 85.230552770197392
leaf_count=942 1116 443 638 1456 1387 1068 550 451 471 2285 669 757 364 808 528 9308 707 672 1080 525 763 1033 600 1336 564 810 630 4534 1072 789
internal_value=6.00913e-06 0.0209436 -0.00367214 0.00147231 0.0096793 -0.00666407 -0.00199307 0.0419569 0.00580557 -0.0159214 0.00600651 -0.00618239 0.0447912 0.032963 -0.012265 -0.00530789 -0.00441262 0.0123462 -0.0128474 -0.00301101 -0.000827108 -0.00779592 -0.00681398 -0.00785733 -0.00532218 -0.000454708 -0.00589328 0.0481973 -0.0089594 -0.00747579
internal_weight=4604 687.943 3916.05 1440.02 694.94 2476.04 328.919 359.024 199.505 316.384 588.292 745.079 327.811 73.2926 255.342 2159.65 1588.18 245.884 275.486 489.737 251.802 571.477 458.956 396.164 237.935 292.345 257.733 254.518 188.94 191.071
internal_count=38356 8737 29619 9031 4184 20588 2137 6600 1021 4307 2797 4847 6149 1251 2238 16281 10825 1341 3365 2609 1288 5456 4423 3823 1321 1517 2487 4898 1710 1857
is_linear=0
shrinkage=0.05


Tree=54
num_leaves=31
num_cat=0
split_feature=1 0 1 1 0 1 0 0 0 1 1 1 1 0 1 0 1 1 0 1 1 1 1 1 0 1 1 0 1 1
split_gain=142.921 103.602 32.9624 18.3299 14.3476 13.5117 39.0679 10.8118 10.1358 5.09399 3.36869 1.71109 3.38606 3.01495 1.69109 1.62399 1.58387 2.35345 1.32516 1.11766 1.03434 1.28701 1.95283 2.19892 1.74473 1.00876 1.00305 0.999466 0.814547 0.979277
threshold=23.482148500000005 86.931550000000016 3.7978405000000004 40.301649000000005 110.66012500000001 15.502636500000003 93.379845000000003 75.22111000000001 67.40744500000001 33.859040500000006 20.428562000000003 13.720637500000002 14.178294500000002 100.20239000000002 13.400919000000002 81.422705000000022 -13.543357499999997 -23.565164499999998 93.048375000000007 12.310562500000001 4.5531645000000003 7.7646335000000013 9.8197930000000024 10.281606000000002 104.52859000000001 6.3552920000000013 11.259378000000003 98.242805000000018 9.3343845000000023 8.4381390000000014
decision_type=2 2 2 2 2 2 2 2 2 2 2 2 2 2 2 2 2 2 2 2 2 2 2 2 2 2 2 2 2 2
left_child=2 7 8 18 5 11 10 9 -1 -2 15 14 -13 -14 19 -7 17 -10 -3 20 -4 25 24 -24 28 -22 -25 -21 29 -23
right_child=1 3 4 -5 -6 6 -8 -9 16 -11 -12 12 13 -15 -16 -17 -18 -19 -20 27 21 22 23 26 -26 -27 -28 -29 -30 -31
leaf_value=-0.034606050426718958 -0.018370744499493361 0.038926880147258661 0.001081974159853123 0.021149489314547534 0.018812501130619396 -0.012452741632171015 0.0086462188896357667 0.011288908024475193 -0.0085541722253782166 0.00021541727144951226 -0.016531900929824192 0.0066387294387314473 -0.008348765597058827 0.0017885444142604146 -0.011631832436398004 -0.0038033815583162788 -0.0096785394090922704 -0.021791113971085452 0.048150734343483312 -0.0050101112348222374 -0.0049683333761019908 -0.00042135545225125705 -0.013099620608658664 -0.0019531660394253862 0.0051990146806625802 -0.010066572009174164 -0.0066214836409331157 0.0014566126662052658 0.0010530426911281277 -0.0079416587675311349
leaf_weight=46.59129798039794 73.143955260515213 46.368941806256771 73.144108586013317 30.501786720007658 89.339452870190144 75.631514966487885 554.91448598727584 118.30153203755617 63.095626007765532 74.326926320791245 113.28605427592993 109.83565707504749 158.10248962789774 136.81692823767662 78.732435531914234 192.13863400369883 695.73190042376518 71.779989033937454 243.00676881149411 97.925162434577942 201.06369315832853 73.717749990522861 86.765324614942074 217.37284455448389 85.97300086915493 187.511743940413 244.47475947439671 153.26912227272987 63.442360907793045 104.87176442146301
leaf_count=1014 747 349 598 390 511 814 4204 560 813 454 799 586 1008 569 437 1073 6937 949 5235 720 1612 589 576 1337 476 1486 1469 728 484 835
internal_value=4.07441e-05 0.0231007 -0.0033563 0.0422696 -0.00093378 -0.00152006 0.00346631 2.9339e-05 -0.0119128 -0.00900312 -0.00930422 -0.00377142 -0.000855056 -0.00364594 -0.00447899 -0.00624639 -0.0106399 -0.0155988 0.0466727 -0.00412469 -0.00469909 -0.00503331 -0.00397158 -0.00579633 -0.000919537 -0.00742855 -0.0044243 -0.00106436 -0.00309293 -0.00483745
internal_weight=4561.18 585.65 3975.53 319.877 3098.33 3008.99 935.971 265.772 877.199 147.471 381.056 2073.02 404.755 294.919 1668.26 267.77 830.608 134.876 289.376 1589.53 1338.34 1265.19 876.618 548.613 328.005 388.575 461.848 251.194 242.032 178.59
internal_count=38359 7735 30624 5974 20911 20400 6890 1761 9713 1201 2686 13510 2163 1577 11347 1887 8699 1762 5584 10910 9462 8864 5766 3382 2384 3098 2806 1448 1908 1424
is_linear=0
shrinkage=0.05


Tree=55
num_leaves=31
num_cat=0
split_feature=1 0 1 0 1 0 1 0 1 0 0 0 0 0 1 0 1 1 1 1 1 1 1 0 1 1 1 1 0 1
split_gain=121.871 92.3171 27.132 35.21 23.6684 18.0685 9.96424 9.11453 7.30771 5.6961 4.47265 4.4675 4.03354 3.6363 2.22987 1.22725 1.00935 1.46959 0.906174 1.23328 1.00502 2.23447 0.787844 0.758195 0.708873 0.829602 0.643035 0.613702 0.597927 0.544981
threshold=23.482148500000005 94.379800000000017 15.006364500000002 97.860140000000015 18.870009500000005 70.322435000000027 7.9046140000000014 68.243545000000012 16.935424500000003 80.200220000000016 90.644325000000009 53.104270000000007 81.028915000000026 105.44909500000001 20.049193000000006 102.56563500000001 10.702377000000002 13.513445000000003 -6.6622614999999987 -23.565164499999998 -2.6246229999999997 -1.3474854999999997 0.53227800000000014 91.831240000000022 -11.815307999999998 -16.763144999999998 20.428562000000003 21.922323000000002 108.54184000000002 12.310562500000001
decision_type=2 2 2 2 2 2 2 2 2 2 2 2 2 2 2 2 2 2 2 2 2 2 2 2 2 2 2 2 2 2
left_child=2 5 6 8 13 -2 7 11 -4 -7 16 -1 26 -5 -6 -3 -8 -18 19 -9 -20 -22 -23 -14 25 -21 -10 -16 29 -12
right_child=1 15 3 4 14 9 10 18 12 -11 28 -13 23 -15 27 -17 17 -19 20 24 21 22 -24 -25 -26 -27 -28 -29 -30 -31
leaf_value=-0.044683508498597035 -0.0159002477328553 0.042976464939097965 0.004064210224375666 0.0045765018562954566 0.022245693998862618 0.0037425150992227126 -0.0057602300192118941 -0.0043081817235296116 -0.012661936073980454 0.018593599938468344 -0.0030674445729871685 -0.018706148068735905 -0.0073974873285055755 0.014629267777798834 0.032366126090049692 0.050355646290258675 -0.016730964088114555 -0.0063946385917939153 -0.0034820007325972848 -0.010178136188047871 -0.01689467101733462 -0.0032529433835762102 -0.0078053165748940669 -0.0023208749274787753 -0.0096803411850571175 -0.018706148068735905 -0.020552904460576067 0.040705663695604549 0.0014439388756517994 -0.00092382460452159051
leaf_weight=25.320642963051796 78.668135598301888 126.24733054637909 172.2168029025197 237.93493954837322 46.268162064254284 124.17523211240768 67.801946148276329 61.763632968068123 49.821883417665958 134.49944860488176 697.99773439019918 25.636322408914566 179.74890942871571 105.06727008521557 55.100986283272505 101.76200621575117 78.10342413187027 61.43828073143959 150.58000578731298 41.581799663603306 64.061002351343632 109.58809155225754 715.89174820482731 124.48360747843981 113.05362904071808 53.294240951538086 53.585051596164703 36.789668597280979 127.39295324683189 515.46232180297375
leaf_count=600 709 2832 1144 1147 523 772 637 794 557 875 4356 486 927 615 792 2404 729 549 1469 535 615 1060 6052 689 1319 717 505 706 550 2562
internal_value=-2.567e-05 0.0216939 -0.00311867 0.00372555 0.0137246 0.005083 -0.00561504 -0.0087364 -0.00457156 0.0114644 -0.00287156 -0.029483 -0.00821994 0.00668655 0.0311976 0.0462698 -0.00970571 -0.01218 -0.00792927 -0.010512 -0.00725959 -0.00789906 -0.00720096 -0.00532028 -0.0123548 -0.0155416 -0.016751 0.035705 -0.00181475 -0.00215686
internal_weight=4535.34 565.352 3969.99 1061.02 481.161 337.343 2908.97 1360.77 579.856 258.675 1548.2 50.957 407.639 343.002 138.159 228.009 207.344 139.542 1309.81 269.693 1040.12 889.541 825.48 304.233 207.93 94.876 103.407 91.8907 1340.85 1213.46
internal_count=38227 7592 30635 7605 3783 2356 23030 13647 3822 1647 9383 1086 2678 1762 2021 5236 1915 1278 12561 3365 9196 7727 7112 1616 2571 1252 1062 1498 7468 6918
is_linear=0
shrinkage=0.05


Tree=56
num_leaves=31
num_cat=0
split_feature=1 0 1 1 0 1 0 0 0 0 0 0 1 1 0 0 1 1 1 1 1 1 0 1 1 1 1 1 1 1
split_gain=116.336 88.8827 30.9325 20.0494 30.2279 33.1432 9.8051 5.99316 5.90801 5.16198 4.60358 3.97781 3.95391 3.57817 2.48198 2.28761 1.83121 2.1995 1.52201 1.5975 1.51375 1.39292 2.00187 1.15165 0.676135 2.27827 1.25066 1.17401 0.823208 0.612516
threshold=23.482148500000005 79.756050000000016 40.301649000000005 13.513445000000003 96.746215000000021 18.870009500000005 73.685200000000023 57.217710000000004 110.66012500000001 106.05361500000002 88.065595000000016 74.238605000000021 18.870009500000005 -7.1192084999999992 85.393190000000018 93.803150000000016 14.779953000000001 16.054473000000005 12.406044500000002 8.0285400000000013 20.804573000000001 31.355935500000005 102.56563500000001 -23.565164499999998 6.8190585000000006 5.8891125000000004 4.5531645000000003 3.7978405000000004 0.53227800000000014 5.2136915000000004
decision_type=2 2 2 2 2 2 2 2 2 2 2 2 2 2 2 2 2 2 2 2 2 2 2 2 2 2 2 2 2 2
left_child=3 11 10 6 12 9 7 -1 13 -6 -3 -2 15 23 -14 16 -5 -18 19 24 -7 22 -12 -8 25 26 27 28 -15 -28
right_child=1 2 -4 4 5 20 8 -9 -10 -11 21 -13 14 18 -16 -17 17 -19 -20 -21 -22 -23 -24 -25 -26 -27 29 -29 -30 -31
leaf_value=-0.038943507873143886 -0.010130831234026114 0.028565674418124926 0.015525331443129231 -0.0023554653715314794 0.0010565902655932352 0.024605365483009626 -0.0047826373307903319 -0.013322860652654795 0.0096306201712375653 0.011749981877171658 0.038604691776044364 0.0044829593406906267 -0.017043601216303678 -0.0044437323018115581 -0.0064542084518451129 0.0010565902655932352 -0.015226409722871105 -0.0049533508301887437 -0.008631021623887257 -0.0028572154938402011 0.034665546593003124 0.05068335598578233 0.049371844786495964 -0.013322860652654795 -0.0087609502744591481 0.001393045069599607 -0.013322860652654795 0.00082413481425568482 -0.008386064966877332 -0.0072091984628728139
leaf_weight=32.533342462033033 134.67374688386917 48.817519769072533 47.281315077096224 73.920750983059406 474.35664907097816 77.324718706309795 50.293453048914671 63.982107147574425 65.363723158836365 138.10488852858543 109.9285043515265 71.17403082549572 109.75841911137104 325.2637217566371 111.59474813938141 117.86346980929375 76.241462036967278 164.57068295031786 249.46034156531096 841.60411308705807 72.406026966869831 82.148538462817669 71.084431324154139 183.14056386053562 161.79847767204046 112.64908205717802 68.083027549088001 70.072270892560482 223.33965229988098 69.410618625581264
leaf_count=748 1146 208 449 594 2200 917 626 913 361 731 2143 389 930 3186 600 566 612 1168 1430 5442 1278 1666 1772 2300 1292 851 575 571 2135 568
internal_value=-9.47575e-05 0.0211186 0.0361286 -0.00314267 0.00161659 0.00838303 -0.00582037 -0.0214485 -0.00519721 0.00322777 0.0426676 -0.00507796 -0.00626985 -0.00560874 -0.011705 -0.00348878 -0.00576752 -0.00820582 -0.00496229 -0.00447346 0.0294702 0.0452836 0.042833 -0.0114843 -0.00579328 -0.00524062 -0.00622886 -0.00527025 -0.00604868 -0.0105423
internal_weight=4498.24 565.108 359.26 3933.14 1416.14 762.192 2516.99 96.5154 2420.48 612.462 311.979 205.848 653.95 2355.12 221.353 432.596 314.733 240.812 2121.68 1872.22 149.731 263.161 181.013 233.434 1030.62 868.818 756.169 618.676 548.603 137.494
internal_count=38367 7773 6238 30594 9596 5126 20998 1661 19337 2931 5789 1535 4470 18976 1530 2940 2374 1780 16050 14620 2195 5581 3915 2926 9178 7886 7035 5892 5321 1143
is_linear=0
shrinkage=0.05


Tree=57
num_leaves=31
num_cat=0
split_feature=1 0 1 0 0 0 1 0 1 0 0 1 1 1 0 0 1 1 1 1 1 1 1 1 1 1 1 1 1 1
split_gain=109.037 101.618 20.3636 12.1503 11.3198 10.8714 9.18686 6.10313 9.00545 12.3075 4.32438 4.13006 2.24079 2.23594 1.95591 1.28695 1.14025 0.929595 0.883239 1.47896 0.969387 0.623407 0.610926 2.11277 0.56041 0.559381 0.44661 0.611342 0.954723 0.80504
threshold=21.174646000000003 94.379800000000017 2.4974175000000005 110.66012500000001 76.592205000000021 69.033990000000003 25.339624500000003 84.706745000000026 15.502636500000003 98.866220000000013 53.104270000000007 22.722694000000004 18.870009500000005 33.35857450000001 102.56563500000001 93.379845000000003 35.569485500000006 26.646057500000001 1.2293315 -4.5264704999999994 -2.6246229999999997 0.26511750000000006 14.415001500000001 13.720637500000002 -0.78220649999999992 -6.209322499999999 -9.7656944999999986 -16.763144999999998 -12.652998499999999 -26.122594999999997
decision_type=2 2 2 2 2 2 2 2 2 2 2 2 2 2 2 2 2 2 2 2 2 2 2 2 2 2 2 2 2 2
left_child=2 4 5 7 13 10 -6 12 22 15 -1 -3 -4 -2 16 -10 17 -13 19 25 -21 24 23 -9 -22 26 27 29 -29 -7
right_child=1 11 3 -5 6 18 -8 8 9 -11 -12 14 -14 -15 -16 -17 -18 -19 -20 20 21 -23 -24 -25 -26 -27 -28 28 -30 -31
leaf_value=-0.049962316867684667 -0.01124693445516832 0.028282606722200451 -0.0064506581991361058 0.017131305407898565 0.0020007125492135058 -0.012787261477930821 0.018727326315047584 -0.0027726363037866531 -0.0047778932791912795 0.0077446895982862599 -0.021334067247012853 0.036729825365826155 -0.017714766614308961 -0.00014753459506599041 0.049764717620249116 0.00037388276117824448 0.030348932605481167 0.045155869998632962 -0.013316329506371774 -0.00081850545411867438 -0.0064837459277209131 -0.0028404994879988512 -0.0047778932791912795 0.0033267244288812271 -0.012600804113726678 -0.014786393407642866 -0.0064800889954277838 -0.019644718536451056 -0.0090641236031471246 -0.0038693611083347292
leaf_weight=22.00167527794838 101.2583927065134 45.741828709840775 225.19966054707766 88.811650924384594 96.636121675372124 48.673388414084911 139.99106054008007 1620.5065630376339 172.17661840468645 307.61267411708832 23.371591754257679 41.289576157927513 54.918919019401073 82.212563529610634 105.14844637364149 159.44980517029762 22.548131410032511 63.293527171015739 91.268224649131298 80.937115743756294 95.711945123970509 58.762066178023815 222.38296351581812 155.6128168925643 61.501147791743279 58.245798170566559 89.072010912001133 39.14786509051919 46.818527869880199 52.713633440434933
leaf_count=580 1053 789 2252 486 543 671 893 10972 893 2208 476 946 518 502 2680 765 500 1579 887 750 926 581 1101 769 604 610 1029 558 568 645
internal_value=0.000413447 0.0185663 -0.00294369 -0.0010874 0.00304765 -0.0102088 0.0102748 -0.00164193 -0.000896733 0.00426894 -0.0339495 0.0420154 -0.00865905 -0.00627334 0.0447197 -0.0030288 0.040547 0.0427457 -0.00871863 -0.00805424 -0.00548545 -0.00723439 -0.00254902 -0.00223825 -0.00887672 -0.0103332 -0.00939487 -0.0107806 -0.0138824 -0.00815062
internal_weight=4473.02 698.12 3774.9 3006.67 420.098 768.225 236.627 2917.86 2637.74 639.239 45.3733 278.022 280.119 183.471 232.28 331.626 127.131 104.583 722.852 631.583 296.912 215.975 1998.5 1776.12 157.213 334.671 276.425 187.353 85.9664 101.387
internal_count=38334 9485 28849 19964 2991 8885 1436 19478 16708 3866 1056 6494 2770 1555 5705 1658 3025 2525 7829 6942 2861 2111 12842 11741 1530 4081 3471 2442 1126 1316
is_linear=0
shrinkage=0.05


Tree=58
num_leaves=31
num_cat=0
split_feature=1 0 1 0 0 1 0 1 1 0 0 1 0 1 1 1 1 1 1 0 0 0 1 1 1 0 0 1 1 1
split_gain=106.844 94.9944 17.9111 16.3065 13.9995 14.1399 10.5087 7.29523 6.13239 6.18829 5.37488 4.32823 4.27056 3.21785 2.75828 2.69163 2.19502 1.93972 3.04217 2.87684 2.79465 1.45489 1.44763 1.78633 1.24042 1.16636 0.951358 0.811831 0.785813 1.46676
threshold=22.112892500000005 93.803150000000016 11.467827000000002 73.182640000000006 91.831240000000022 18.523872000000004 96.746215000000021 25.748001000000006 2.9478600000000004 68.243545000000012 53.104270000000007 19.714772000000004 105.96054500000001 37.884339500000003 15.632842000000002 14.050973000000001 24.278532000000002 10.048001000000001 9.2114995000000022 101.36004500000001 105.25389500000001 78.432805000000016 -16.763144999999998 -28.972538499999995 16.935424500000003 98.944690000000023 102.56563500000001 20.623621000000004 8.4381390000000014 7.9046140000000014
decision_type=2 2 2 2 2 2 2 2 2 2 2 2 2 2 2 2 2 2 2 2 2 2 2 2 2 2 2 2 2 2
left_child=2 3 8 -2 11 12 -7 -5 9 10 -1 21 14 16 -6 -14 -3 18 28 -20 -19 -4 23 -11 -23 -16 -18 -8 29 -10
right_child=1 13 4 7 5 6 27 -9 17 22 -12 -13 15 -15 25 -17 26 20 19 -21 -22 24 -24 -25 -26 -27 -28 -29 -30 -31
leaf_value=-0.047407333065881158 -0.01128503317245747 0.036184794606044651 -0.011734495535306677 -0.00029258621114515231 -0.0022442289012784447 -0.0022442289012784447 0.020550556953339551 0.016978072371781804 -0.0046683655884531359 -0.011895939433463338 -0.018619602605302991 -0.017009508662721304 0.0031488126098726792 0.024633805128443917 -0.0017005700123281363 0.012397387512789147 0.044437722346051915 -0.010451633448653757 -0.0040050613498256067 0.0096047167736579894 0.00029552403131203903 -0.0022442289012784447 -0.0097778523179368731 0.0016560554882791012 -0.0075562069847724929 0.0031488126098726792 0.051970506669280159 0.028881290390337891 -0.0081001374194787541 0.0025769732700936499
leaf_weight=21.149290006607771 128.00862360745668 54.340146906673908 63.221654340624809 85.948692671954632 657.30523245036602 49.175357975065708 85.366116270422935 161.31262326985598 554.01805099099874 38.87477058544755 22.163046132773161 91.929136797785759 113.96254882216454 21.375243727117777 125.11424562335014 117.5107297450304 96.036252431571484 236.03762336075306 73.326831601560116 82.531914532184601 81.332869201898575 187.41791997849941 649.95596285164356 64.929450944066048 108.26286801695824 163.35903958976269 74.377785094082355 44.482759360224009 124.4740669503808 79.930589780211449
leaf_count=583 1143 1171 743 511 3352 259 965 983 4553 589 466 662 473 457 541 625 2413 1595 601 454 369 1536 6842 769 642 819 2039 722 908 587
internal_value=-0.000200621 0.0190329 -0.00331642 0.00320058 0.000303682 0.00284095 0.0159327 0.0106999 -0.00654106 -0.00995824 -0.028337 -0.00732941 0.000850092 0.0431721 -0.000639726 0.00693735 0.0449352 -0.0043296 -0.00316054 0.00320173 -0.00769745 -0.00484995 -0.00890217 -0.00341918 -0.00337792 0.00314881 0.0477254 0.0234044 -0.00446801 -0.00375485
internal_weight=4457.23 621.399 3835.83 375.27 1807.11 1356.28 179.024 247.261 2028.72 797.073 43.3123 450.832 1177.25 246.129 945.779 231.473 224.754 1231.65 914.281 155.859 317.37 358.902 753.76 103.804 295.681 288.473 170.414 129.849 758.423 633.949
internal_count=38372 8717 29655 2637 11339 7756 1946 1494 18316 9249 1049 3583 5810 6080 4712 1098 5623 9067 7103 1055 1964 2921 8200 1358 2178 1360 4452 1687 6048 5140
is_linear=0
shrinkage=0.05


Tree=59
num_leaves=31
num_cat=0
split_feature=1 0 1 1 0 0 0 1 0 0 0 1 1 0 1 1 0 1 1 1 1 1 1 1 1 1 1 1 1 1
split_gain=87.219 87.7451 20.7409 17.7018 10.6598 7.92135 6.58799 10.2915 13.2338 6.51687 6.37296 3.33921 2.36709 1.67269 1.78789 1.71028 1.27698 1.13877 0.936649 1.05324 0.875292 1.33292 1.07219 1.24801 0.961854 1.52747 0.824429 0.714924 0.60847 0.766168
threshold=23.482148500000005 80.200220000000016 41.879956500000006 2.0921470000000002 110.66012500000001 87.754610000000014 84.706745000000026 18.523872000000004 96.746215000000021 70.322435000000027 69.033990000000003 13.513445000000003 20.428562000000003 95.781220000000005 16.496098500000002 16.496098500000002 102.56563500000001 -28.972538499999995 31.355935500000005 28.917160000000006 -3.3339264999999996 -4.5264704999999994 -0.78220649999999992 0.26511750000000006 -6.6622614999999987 -16.763144999999998 14.302829000000001 -9.7656944999999986 4.1760890000000011 6.0445315000000006
decision_type=2 2 2 2 2 2 2 2 2 2 2 2 2 2 2 2 2 2 2 2 2 2 2 2 2 2 2 2 2 2
left_child=3 9 5 10 6 -3 12 11 -9 -2 17 28 -5 14 -13 26 18 -1 19 -7 21 24 -22 -24 25 -12 -15 -27 -8 -30
right_child=1 2 -4 4 -6 16 7 8 -10 -11 20 13 -14 15 -16 -17 -18 -19 -20 -21 22 -23 23 -25 -26 27 -28 -29 29 -31
leaf_value=-0.036035896542976106 -0.017418486858471059 0.021465392571731311 0.014825533679449191 -0.0057287570202968954 0.015994871165573642 0.041983325868781847 -0.0041545377231217749 -0.0041545377231217749 0.0073921943427127717 0.00091622462660925275 -0.0052314699377833361 0.00011045362421570597 -0.016190969305494986 0.0042938383203752432 -0.0041545377231217749 0.0066130768110661308 0.049490474590007168 -0.019736573083328469 0.0456532247756797 0.03297764295083979 -0.002659339312842143 -0.017790069516014428 -0.014587007813611011 -0.0057534242718587369 -0.0033976065519563583 -0.016212480384891502 0.00011045362421570597 -0.0094998407812414212 0.0006236169196688012 -0.0028491347812086999
leaf_weight=21.948650134727359 78.802568458020687 44.284643158316612 36.297806307673454 260.79075332731009 92.732886288315058 74.023919675499201 142.23503597825766 134.3768915720284 149.74511677026749 125.89090378582478 99.550432082265615 167.82791167497635 68.202821619808674 128.45568133890629 97.601299583911896 177.6453025713563 83.186869598925114 20.939402274787426 56.576889112591743 24.969647694379091 124.97159301489592 46.081594564020634 59.849039517343044 120.46127285808325 67.654418855905533 86.181194320321083 297.51415479183197 73.489610083401203 181.39366344362497 1276.4891920760274
leaf_count=654 744 188 330 2626 551 1542 1310 705 2217 786 1301 1094 579 568 474 962 2368 404 1133 562 1205 436 598 1199 720 1149 1279 878 1485 8244
internal_value=0.000261691 0.0194128 0.0357933 -0.00231415 -0.000707964 0.0408875 -0.00121048 -0.000411424 0.00739219 -0.00614224 -0.00938592 -0.00145788 -0.00789765 0.00103713 -0.00227085 0.00249175 0.0444899 -0.028078 0.041816 0.0388126 -0.00820393 -0.00982902 -0.0062186 -0.00868549 -0.0087067 -0.0100923 0.00077301 -0.0131229 -0.00281295 -0.00241705
internal_weight=4420.17 524.033 319.34 3896.14 3175.01 283.042 3082.28 2753.28 284.122 204.693 721.127 2469.16 328.994 869.044 265.429 603.615 238.757 42.8881 155.57 98.9936 678.239 372.957 305.282 180.31 326.876 259.221 425.97 159.671 1600.12 1457.88
internal_count=38291 7653 6123 30638 22094 5793 21543 18338 2922 1530 8544 15416 3205 4377 1568 2809 5605 1058 3237 2104 7486 4484 3002 1797 4048 3328 1847 2027 11039 9729
is_linear=0
shrinkage=0.05


Tree=60
num_leaves=31
num_cat=0
split_feature=1 0 1 0 0 1 0 0 1 0 1 1 1 1 1 0 1 1 0 1 1 1 1 1 1 1 0 0 1 1
split_gain=77.6561 110.356 11.3573 11.302 6.67235 16.0412 6.50035 5.06408 3.16713 4.20228 3.133 4.35463 2.66423 2.46759 3.38571 2.41128 1.68104 1.27268 2.65305 1.25985 1.22176 0.848429 0.738416 2.08536 1.79432 0.820932 0.722219 0.713062 0.582378 0.543335
threshold=21.005013000000002 93.379845000000003 2.9478600000000004 110.66012500000001 100.35868500000001 15.502636500000003 85.393190000000018 69.033990000000003 37.884339500000003 77.542500000000004 37.884339500000003 23.883054000000005 11.358157000000002 -23.565164499999998 -13.543357499999997 78.432805000000016 1.8783900000000002 12.310562500000001 93.803150000000016 30.008453000000003 13.279954000000002 14.659504500000002 -4.117513999999999 -6.209322499999999 -2.6246229999999997 -1.3474854999999997 100.66633 102.56563500000001 31.355935500000005 16.360031000000003
decision_type=2 2 2 2 2 2 2 2 2 2 2 2 2 2 2 2 2 2 2 2 2 2 2 2 2 2 2 2 2 2
left_child=2 6 7 4 12 20 8 -1 9 19 11 26 -4 -9 -15 -14 22 -17 21 -2 -6 -19 23 -16 -24 -26 -3 28 -13 -23
right_child=1 10 3 -5 5 -7 -8 13 -10 -11 -12 27 15 14 16 17 -18 18 -20 -21 -22 29 24 -25 25 -27 -28 -29 -30 -31
leaf_value=-0.024668003349258304 -0.0089772485711228419 0.026442688143760773 -0.0015750421186359041 0.016259473786132669 -0.0015750421186359041 0.0072400300465680191 0.010131439161555789 0.0026393489494496492 0.0028878322475130338 0.0015846321599469382 0.022164659200851439 0.041053510566771527 -0.013809674710264877 -0.01585080459594114 -0.0045677820868747698 -0.0093155633283717003 -0.013713698866244612 -0.0043040055734988826 -0.0015750421186359041 -0.018702942828189413 0.0022384586269089111 -0.0093155633283717003 0.0033899672063425045 -0.014999571918600477 -0.011115997452922834 -0.0044626779581837354 0.036253602697635189 0.05041183385681082 0.047133277420670423 -0.0066008843760779218
leaf_weight=43.079694129526615 87.551510699093342 30.511894799768925 559.77937527000904 89.541785024106503 825.22822155058384 251.32825668901205 103.91604065150023 60.542378224432468 81.067831471562386 81.431557230651379 21.294825579971075 67.35785985738039 81.247560523450375 66.733091488480568 147.70175852626562 98.754497572779655 74.733670897781849 108.81300836801529 409.52108085155487 53.734347552061081 236.61003710329533 83.739988721907139 62.877615831792355 70.906206466257572 60.681669093668461 196.48133592307568 48.694802913814783 72.876496445387602 28.823093205690384 213.5573705881834
leaf_count=1080 915 485 4679 477 5126 1840 720 797 433 394 468 1777 988 940 1793 688 732 867 2094 430 995 631 581 752 601 1960 1037 2191 772 1218
internal_value=0.000168569 0.0157482 -0.00265127 -0.00123338 -0.00177941 0.00084504 -0.000663233 -0.00800292 -0.00435577 -0.00746203 0.04057 0.0421487 -0.00399512 -0.00703361 -0.00789467 -0.00555493 -0.00668641 -0.00482145 -0.00416354 -0.0126762 -0.00157504 -0.00703297 -0.00571142 -0.00795137 -0.0041814 -0.00603263 0.0324743 0.0466813 0.0438547 -0.00846423
internal_weight=4419.12 677.26 3741.86 2958.12 2868.58 1313.17 407.701 783.737 303.785 222.717 269.559 248.264 1555.41 740.658 680.115 995.634 613.382 914.386 815.631 141.286 1061.84 406.11 538.649 218.608 320.041 257.163 79.2067 169.057 96.181 297.297
internal_count=38461 9622 28839 19603 19126 7961 2892 9236 2172 1739 6730 6262 11165 8156 7359 6486 6419 5498 4810 1345 6121 2716 5687 2545 3142 2561 1522 4740 2549 1849
is_linear=0
shrinkage=0.05


Tree=61
num_leaves=31
num_cat=0
split_feature=1 0 1 0 1 1 1 1 1 1 1 0 1 1 0 1 1 1 1 1 1 0 1 1 1 1 1 1 1 1
split_gain=70.8109 107.577 11.8778 11.0439 17.7965 10.1511 7.41577 7.22525 6.09224 5.10226 3.41489 2.70202 1.92452 1.7717 1.73434 1.27461 0.91978 0.885194 0.615206 0.58206 0.581727 0.759683 0.911234 0.77413 0.582617 1.18407 0.569735 0.550344 2.14929 0.534202
threshold=18.523872000000004 96.746215000000021 -13.543357499999997 80.200220000000016 24.083189500000003 22.514860500000001 11.467827000000002 35.006506000000009 -36.359374499999994 37.884339500000003 -26.122594999999997 88.611470000000011 15.632842000000002 16.935424500000003 102.80447500000001 14.302829000000001 26.646057500000001 -19.543540499999995 14.050973000000001 27.390394500000003 -1.9481454999999999 107.57090000000001 8.0285400000000013 11.144069000000002 1.2293315 3.7978405000000004 22.899860000000004 6.3552920000000013 7.2267535000000009 -7.5454429999999988
decision_type=2 2 2 2 2 2 2 2 2 2 2 2 2 2 2 2 2 2 2 2 2 2 2 2 2 2 2 2 2 2
left_child=2 3 8 9 -5 -3 20 -6 -1 19 -10 18 15 -14 16 -13 -7 -12 -8 26 29 23 -23 24 -22 -26 -2 -27 -29 -4
right_child=1 5 6 4 7 14 11 -9 10 -11 17 12 13 -15 -16 -17 -18 -19 -20 -21 21 22 -24 -25 25 27 -28 28 -30 -31
leaf_value=-0.035126557342291163 -0.010961069764873224 0.025641962854507278 -0.0039216451147419855 -0.0010086546160596708 0.017924550947907476 0.032352991344629427 -0.0022471024377878068 -0.00079801528536099602 0.0011766327991745906 -0.0010086546160596708 -0.022992802509965281 0.00086946011385217309 0.0070428564787522914 0.00026509674906147239 0.048899697763996997 -0.0022471024377878068 0.042741281699916728 -0.01267940309693614 -0.007119461389091232 -0.0090124385797857847 -0.0030275930394570907 -0.0030275930394570907 0.002724443475769001 -0.010172885822028797 -0.0088868225226582508 -0.0030275930394570907 -0.017958092864110316 -0.011840750367626262 -0.0039568385078994324 -0.0082954573264218921
leaf_weight=35.043017657473683 56.534951955080032 134.93537864089012 106.22508642822504 194.12345892563462 87.513181712478399 32.992190159857273 61.15094406157732 52.923540618270636 37.12070195004344 64.510103270411491 35.702005501836538 610.4925239533186 199.25265203416348 186.81981829553843 86.314345262944698 263.60482597351074 60.163918666541576 49.862948298454285 147.71232207864523 79.512367032468319 170.39641622453928 82.458831772208214 84.98575858771801 64.16114255040884 167.97786262631416 241.50590378046036 59.935652174055576 100.89216334372759 603.81064273416996 203.6501633040607
leaf_count=936 654 1897 1357 1077 917 887 604 444 465 359 449 3211 937 1005 2604 1233 1736 776 1364 644 1716 628 386 419 1655 2006 544 826 4391 2114
internal_value=-6.67879e-05 0.0123457 -0.00333618 -0.00015415 0.00585641 0.0360033 -0.00269457 0.0179246 -0.01674 -0.00787372 -0.0114883 -4.99918e-05 0.000823009 0.00376311 0.0437934 -0.000475579 0.0390622 -0.0169827 -0.00531721 -0.0123103 -0.00482208 -0.00441863 -0.00124221 -0.00481298 -0.00454527 -0.00501829 -0.0145617 -0.00433152 -0.00508558 -0.00679612
internal_weight=4362.28 909.459 3452.83 595.053 334.56 314.406 3295.1 140.437 157.729 260.493 122.686 1469.03 1260.17 386.072 179.47 874.097 93.1561 85.565 208.863 195.983 1826.06 1516.19 167.445 1348.74 1284.58 1114.19 116.471 946.209 704.703 309.875
internal_count=38241 11763 26478 4639 2438 7124 23852 1361 2626 2201 1690 8354 6386 1942 5227 4444 2623 1225 1968 1842 15498 12027 1014 11013 10594 8878 1198 7223 5217 3471
is_linear=0
shrinkage=0.05


Tree=62
num_leaves=31
num_cat=0
split_feature=1 0 1 0 1 1 0 1 1 1 1 1 1 0 1 1 0 0 0 1 0 1 0 1 1 1 1 1 1 1
split_gain=74.4337 68.61 17.583 28.4384 12.3885 6.66659 6.34661 5.0592 4.5835 4.19263 5.08294 3.55517 2.00292 2.18218 2.37197 1.84749 1.73656 1.46396 1.38208 1.22152 1.75925 1.16977 1.08703 1.05399 0.982388 2.68199 0.70479 1.09079 0.844257 0.675228
threshold=23.661935000000003 92.898400000000024 15.502636500000003 95.670565000000025 19.872942500000004 39.060131500000004 74.70933500000001 5.8891125000000004 18.364714500000002 -28.972538499999995 -36.359374499999994 17.070640500000003 6.4979430000000002 109.69805000000001 15.130106500000002 21.551369000000005 85.714230000000015 104.45388000000001 89.56786000000001 7.7646335000000013 89.088855000000009 21.379609000000002 102.56563500000001 30.666177500000003 4.5531645000000003 3.7978405000000004 11.561916500000001 13.082711500000002 14.050973000000001 3.1832840000000004
decision_type=2 2 2 2 2 2 2 2 2 2 2 2 2 2 2 2 2 2 2 2 2 2 2 2 2 2 2 2 2 2
left_child=2 6 7 8 11 22 -2 9 18 10 -1 -5 -9 14 19 16 -10 -13 -4 -14 -21 -6 23 -3 25 29 -22 -28 -29 -11
right_child=1 5 3 4 21 -7 -8 12 15 24 -12 17 13 -15 -16 -17 -18 -19 -20 20 26 -23 -24 -25 -26 -27 27 28 -30 -31
leaf_value=-0.032898512933477474 -0.0047211760866459253 0.037823976608329986 -0.0039009971161115481 0.0032119834648109483 0.021870841029779316 0.022755206934018547 0.0098352417803178483 0.0047739110549781822 -0.012691665924544591 -0.0063813241658511009 -0.0027555496785601637 0.0092931240483168191 -0.0075001985146777488 0.0038962108081395186 -0.012036481340947735 -0.016329622368642591 -0.002686848182951616 0.01852790793346944 0.0032119834648109483 -0.0076153710258953069 -0.00097414554982371395 0.03268512510332397 0.050174222224519907 0.046083755379233607 -0.010356550356066663 0.0031529451173160253 -0.0049280513469329885 8.5598526186676793e-05 -0.0038759422141765158 -0.012541058819092088
leaf_weight=33.739135446026921 133.24372605234385 62.772202849388123 106.31904827803373 189.18623448908329 47.512934736907482 17.772368691861629 170.95662058889866 80.011010587215424 78.032579176127911 727.52730818092823 23.88762841373682 115.51012849062681 157.26834457367659 99.34784147143364 81.76210543513298 79.18581011518836 97.645447008311749 68.286031030118465 94.267560720443726 172.28686470538378 597.3074943125248 52.788501910865307 69.097305713221431 35.697293158620596 143.58408595621586 74.853707887232304 301.93483874201775 203.47226226329803 206.69796119630337 47.388323433697224
leaf_count=934 1151 1735 935 864 689 377 987 600 722 8093 311 766 1298 444 438 582 441 607 448 1685 3893 1167 2272 1002 1212 618 1689 1015 980 448
internal_value=-0.000301926 0.0180701 -0.00262005 0.00338002 0.011963 0.0420511 0.00345934 -0.00450833 -0.005539 -0.00729196 -0.0204036 0.00776802 -0.00296865 -0.00330901 -0.00372501 -0.00998885 -0.00713078 0.0127241 0.000114941 -0.00331039 -0.00286568 0.0275624 0.0453668 0.0419933 -0.00653132 -0.00588498 -0.00224073 -0.00330313 -0.00157658 -0.00675801
internal_weight=4369.34 489.54 3879.8 928.734 473.284 185.339 304.2 2951.07 455.45 1050.98 57.6268 372.982 1900.09 1820.08 1720.73 254.864 175.678 183.796 200.587 1638.97 1481.7 100.301 167.567 98.4695 993.353 849.769 1309.41 712.105 410.17 774.916
internal_count=38403 7524 30879 7221 4093 5386 2138 23658 3128 11616 1245 2237 12042 11442 10998 1745 1163 1373 1383 10560 9262 1856 5009 2737 10371 9159 7577 3684 1995 8541
is_linear=0
shrinkage=0.05


Tree=63
num_leaves=31
num_cat=0
split_feature=1 0 1 0 1 0 0 0 0 0 1 1 0 1 1 1 1 1 1 1 1 1 1 1 1 1 1 1 1 1
split_gain=66.1811 70.0635 15.0409 13.5439 20.1494 10.8042 7.99064 4.6833 6.13259 3.59744 3.57537 3.19793 3.83565 3.1904 3.05698 0.794422 2.77262 0.792028 0.779366 0.682417 1.19621 1.439 1.53491 1.15642 1.01617 1.09884 0.800448 1.35069 1.0898 1.93086
threshold=23.482148500000005 93.803150000000016 10.281606000000002 94.379800000000017 18.015394000000004 79.756050000000016 97.356190000000012 73.685200000000023 57.217710000000004 70.322435000000027 37.884339500000003 14.779953000000001 103.64331000000001 18.870009500000005 20.428562000000003 12.129366500000001 13.513445000000003 17.070640500000003 24.455561500000005 1.8783900000000002 7.9046140000000014 8.4381390000000014 8.9436125000000022 9.7070385000000012 -6.6622614999999987 -16.763144999999998 6.8190585000000006 5.8891125000000004 4.5531645000000003 3.7978405000000004
decision_type=2 2 2 2 2 2 2 2 2 2 2 2 2 2 2 2 2 2 2 2 2 2 2 2 2 2 2 2 2 2
left_child=2 5 7 14 11 9 -6 8 -1 -2 18 -5 -13 -8 15 -4 -17 -18 -3 24 26 -22 -23 -24 25 -9 27 28 29 -21
right_child=1 10 3 4 6 -7 13 19 -10 -11 -12 12 -14 -15 -16 16 17 -19 -20 20 21 22 23 -25 -26 -27 -28 -29 -30 -31
leaf_value=-0.038440919791468402 -0.012572375073265977 0.035641014030137703 -0.0010036114982294988 -0.00094248443416849168 -0.0010036114982294988 0.014816830975506512 0.010729975120362502 -0.0020477395622838577 -0.011495876378728998 0.0013727772246671516 0.023104681159273593 0.00091944538126592179 0.010935159445509199 0.026455608206818311 -0.012803322393542975 -0.013652358055828798 -0.0010193497086161683 -0.0053853547541421708 0.046588882605933309 -0.0091797733194911146 0.0021295310155598551 -0.011436875650119185 -6.7542362545809208e-05 -0.0071095624220540408 -0.002337559669678255 -0.0090511014031407905 -0.010683504933713096 -0.0017099978753585554 -0.011322114864727955 0.00095120673824943133
leaf_weight=25.337529676035047 75.042689099907875 18.451071696355939 75.900873579084873 825.1207130253315 40.307716969400644 125.54788687825203 42.283451549708843 88.906865935772657 51.354630347341299 120.52390332520008 17.908766530454159 274.00028114020824 146.80742962658405 125.86792550608516 112.63961143046618 72.219915993511677 224.17613019794226 193.56761562079191 136.66487814299762 134.02123790234327 80.268726862967014 78.287658087909222 125.06536342203617 109.20397788286209 395.76437505334616 151.36741051077843 141.08055901527405 115.99011970311403 141.40634305775166 72.45936457067728
leaf_count=724 721 550 668 4183 292 808 337 1176 811 763 438 1204 765 2130 831 632 1756 1301 4393 1310 585 585 869 721 4003 1971 1156 877 1198 592
internal_value=-3.41808e-05 0.0171904 -0.00224871 0.000552383 0.00327379 0.00337017 0.0176617 -0.00574148 -0.0178171 -0.00397825 0.0428392 0.000866525 0.00441363 0.0224636 -0.00528102 -0.00378365 -0.00460629 -0.0030424 0.0452866 -0.00517465 -0.00599051 -0.00384209 -0.00537568 -0.00335016 -0.00389477 -0.0064597 -0.00738557 -0.00638256 -0.00794045 -0.00562455
internal_weight=4337.55 494.139 3843.41 2132.89 1454.39 321.114 208.459 1710.51 76.6922 195.567 173.025 1245.93 420.808 168.151 678.504 565.865 489.964 417.744 155.116 1633.82 997.783 392.826 312.557 234.269 636.039 240.274 604.958 463.877 347.887 206.481
internal_count=38350 7673 30677 14099 8911 2292 2759 16578 1535 1484 5381 6152 1969 2467 5188 4357 3689 3057 4943 15043 7893 2760 2175 1590 7150 3147 5133 3977 3100 1902
is_linear=0
shrinkage=0.05


Tree=64
num_leaves=31
num_cat=0
split_feature=1 0 1 0 1 0 1 0 1 1 0 1 1 0 1 1 1 1 0 1 0 1 1 0 1 1 1 0 0 1
split_gain=52.0878 68.2579 14.2929 8.79866 12.8411 19.4956 9.42595 7.51185 4.94951 3.87545 3.74294 3.1862 2.58338 1.08961 0.959392 0.881894 0.873635 1.28244 1.57177 0.910343 0.942483 0.793926 0.675629 0.656095 0.655175 0.637075 0.597394 0.865125 0.383696 0.767202
threshold=23.482148500000005 86.325980000000015 40.301649000000005 84.706745000000026 16.496098500000002 96.746215000000021 18.870009500000005 70.322435000000027 -26.122594999999997 3.7978405000000004 92.898400000000024 15.632842000000002 -41.37671799999999 102.56563500000001 21.922323000000002 31.355935500000005 6.0445315000000006 7.2267535000000009 89.088855000000009 9.2114995000000022 98.049895000000006 4.5531645000000003 19.528578000000003 103.34122000000001 18.523872000000004 5.2136915000000004 7.9046140000000014 101.05306000000002 108.54184000000002 12.310562500000001
decision_type=2 2 2 2 2 2 2 2 2 2 2 2 2 2 2 2 2 2 2 2 2 2 2 2 2 2 2 2 2 2
left_child=3 7 10 8 9 24 23 -2 12 -5 -3 -10 -1 15 -8 -12 21 -18 -19 26 -21 -11 -13 -7 -6 -23 -20 -28 29 -22
right_child=1 2 -4 4 5 6 14 -9 11 16 13 22 -14 -15 -16 -17 17 18 19 20 28 25 -24 -25 -26 -27 27 -29 -30 -31
leaf_value=-0.036303359192494278 -0.016024971899202489 0.02678605364545851 0.016035656208521439 -0.0051287735169786731 -0.0012989063646311114 0.0046704603510235466 0.02202240938150796 0.0028090730173908245 -0.0051287735169786731 0.0058810856696420808 0.036473973395933133 -0.015555707266859738 -0.013303626517461399 0.048429603857089207 0.032251881123472687 0.044246939556716748 -0.0051287735169786731 -0.0051287735169786731 -0.0021060779565685484 -0.0032036432447477589 -0.0020650201570317768 -0.0045082839239175745 -0.0093227476277848477 0.0098745082957941016 -0.0051287735169786731 0.0021042126598574203 -0.0010444691152395888 0.0060303536735137608 0.0016783876520079452 0.00014432447718336645
leaf_weight=22.439759217202663 75.457298949360847 42.565878815948963 24.655448447912931 669.82861977815628 114.28686934709549 91.481392823159695 97.057874631136656 177.42746368795633 242.62330854311585 65.26643692702055 64.322126800194383 88.771148435771465 26.779088474810123 65.421513974666595 30.007181029766798 31.795263648033142 143.01801539212465 96.480142764747143 81.07941061258316 409.13080311566591 389.21394491195679 63.817816056311131 85.209818638861179 82.917949259281158 138.90420875325799 84.860380858182907 74.236960083246231 103.388931453228 124.11516571044922 503.11008152365685
leaf_count=702 732 353 359 7301 545 468 1431 999 2801 529 1906 884 439 2337 737 939 1117 846 646 2641 2199 550 782 591 728 685 611 643 533 2232
internal_value=-0.000405045 0.0150917 0.0348821 -0.00235485 -0.0014626 0.00548942 0.0140802 -0.00281074 -0.00879495 -0.00283603 0.0399764 -0.00702343 -0.0237896 0.0434521 0.0244382 0.0400643 -0.00174706 -0.00208414 -0.00169152 -0.00127851 -0.00177371 0.00128394 -0.012503 0.00653355 -0.00473929 -0.000734099 0.0014502 0.0030735 -0.000926397 -0.0012887
internal_weight=4309.67 481.645 228.76 3828.03 3362.2 554.655 301.464 252.885 465.823 2807.55 204.105 416.604 49.2188 161.539 127.065 96.1174 2137.72 1923.77 1780.76 1684.28 1425.57 213.945 173.981 174.399 253.191 148.678 258.705 177.626 1016.44 892.324
internal_count=38266 7625 5894 30641 25033 4500 3227 1731 5608 20533 5535 4467 1141 5182 2168 2845 13232 11468 10351 9505 7605 1764 1666 1059 1273 1235 1900 1254 4964 4431
is_linear=0
shrinkage=0.05


Tree=65
num_leaves=31
num_cat=0
split_feature=1 0 1 1 1 1 0 1 0 1 0 0 1 0 1 1 1 0 1 1 1 1 1 1 1 0 1 1 1 1
split_gain=52.3752 84.7832 10.3503 9.85285 7.95179 4.63503 9.71915 4.20208 11.5369 3.50715 2.7655 2.66719 3.11905 3.64989 1.46047 1.30172 1.22292 1.13121 1.22376 0.850559 0.749202 2.00065 1.23945 1.83526 1.55144 2.06495 1.42616 0.941308 0.687672 1.27395
threshold=18.364714500000002 95.670565000000025 21.922323000000002 9.5757900000000014 -28.972538499999995 23.661935000000003 70.322435000000027 40.301649000000005 79.756050000000016 -36.359374499999994 102.80447500000001 94.379800000000017 15.502636500000003 100.35868500000001 26.646057500000001 35.569485500000006 21.551369000000005 100.12123500000001 19.872942500000004 19.528578000000003 2.0921470000000002 1.2293315 6.8190585000000006 5.8891125000000004 7.3655910000000011 97.356190000000012 4.5531645000000003 8.3030100000000022 16.054473000000005 14.415001500000001
decision_type=2 2 2 2 2 2 2 2 2 2 2 2 2 2 2 2 2 2 2 2 2 2 2 2 2 2 2 2 2 2
left_child=3 5 17 4 9 16 -7 8 -8 -1 14 28 -13 -14 -4 -16 19 -3 -19 -2 21 -6 23 26 -24 -26 -22 -27 29 -5
right_child=1 2 10 11 20 6 7 -9 -10 -11 -12 12 13 -15 15 -17 -18 18 -20 -21 22 -23 24 -25 25 27 -28 -29 -30 -31
leaf_value=-0.035695626823474713 -0.0070392652192644654 0.015955930354419959 0.026846778172472968 -0.0027569963591095614 -0.0054438073430229626 -0.01214226259667494 -0.0019392783351998234 -0.0019392783351998234 0.015955930354419959 -0.0099504684884910467 0.047134514076818651 -0.000525890394358556 -0.0013283147132212821 0.0094237319867466317 0.040807815812531421 0.026094303340239811 -0.010758644137958144 0.020389214902126782 0.030987971867931646 -5.9290673036064844e-05 -0.0013637343613688777 -0.015228386429175306 -0.012668333589592684 0.0031123324276843651 -0.010267526451527061 0.0019767359422454092 -0.0079651290111211314 -0.0045130682301033611 -0.0014029703413144816 -0.0095058509287777593
leaf_weight=30.601968733593822 78.349273167550564 42.006234411150217 37.831765813753009 220.57346769422293 579.51992966234684 75.732791192829609 84.714447312057018 68.590740907937288 100.9458426348865 23.30026975274086 78.814196914434433 1064.9027806594968 132.93676851689816 194.28030876815319 42.183862701058388 15.496133571490644 75.317678783088923 45.708695754408836 42.703726835548878 98.535228881984949 194.32978956028819 57.419189713895321 72.765651009976864 117.73488906025887 110.63321207463741 91.584942527115345 141.30833483487368 143.29445812106133 140.83888951689005 102.38142514228821
leaf_count=906 492 389 1092 1926 6692 740 591 385 914 308 2734 5443 566 1054 1474 448 573 563 760 682 1799 592 621 901 1009 654 1215 928 1019 826
internal_value=3.80031e-05 0.0108647 0.0322317 -0.00277106 -0.00569662 -0.000319814 0.00358044 0.00826371 0.0121725 -0.0245668 0.0402018 -0.000308037 0.000786025 0.00505555 0.0344811 0.0394884 -0.00542295 0.0215783 0.0248225 -0.003151 -0.00502239 -0.00632587 -0.0040699 -0.0022589 -0.00603284 -0.0046354 -0.00414301 -0.00198254 -0.00359197 -0.00489648
internal_weight=4305.34 886.931 304.745 3418.41 1562.49 582.186 329.984 254.251 185.66 53.9022 174.326 1855.91 1392.12 327.217 95.5118 57.68 252.202 130.419 88.4124 176.885 1508.59 636.939 871.651 453.373 418.278 345.513 335.638 234.879 463.794 322.955
internal_count=38296 11837 7460 26459 15625 4377 2630 1890 1505 1214 5748 10834 7063 1620 3014 1922 1747 1712 1323 1174 14411 7284 7127 3915 3212 2591 3014 1582 3771 2752
is_linear=0
shrinkage=0.05


Tree=66
num_leaves=31
num_cat=0
split_feature=1 0 0 1 0 1 1 1 0 1 1 1 1 1 1 0 1 1 1 1 1 1 1 1 1 1 1 1 1 1
split_gain=56.6389 68.7548 10.4304 9.52678 8.12325 5.10278 4.7461 5.20189 3.08646 5.39233 5.32056 2.82846 4.45699 3.8509 2.66833 4.09488 2.55503 2.95539 1.91591 1.28228 1.01017 0.804542 0.796279 0.783181 0.587164 0.577085 1.93474 0.634332 0.960516 0.812394
threshold=22.112892500000005 93.803150000000016 110.66012500000001 13.720637500000002 85.051900000000018 18.870009500000005 23.661935000000003 39.060131500000004 70.322435000000027 25.339624500000003 36.273702000000007 -1.9481454999999999 -28.972538499999995 -36.359374499999994 16.054473000000005 96.641260000000003 13.400919000000002 13.082711500000002 -16.763144999999998 15.254350000000001 -11.815307999999998 -6.209322499999999 18.704101500000004 16.496098500000002 -4.5264704999999994 11.467827000000002 12.406044500000002 11.144069000000002 -0.78220649999999992 5.8891125000000004
decision_type=2 2 2 2 2 2 2 2 2 2 2 2 2 2 2 2 2 2 2 2 2 2 2 2 2 2 2 2 2 2
left_child=2 8 3 11 5 23 -3 -8 -2 -10 -11 12 13 -1 19 22 17 25 -14 -6 -20 -22 -16 -5 -23 27 -27 28 -13 -30
right_child=1 6 -4 4 14 -7 7 -9 9 10 -12 16 18 -15 15 -17 -18 -19 20 -21 21 24 -24 -25 -26 26 -28 -29 29 -31
leaf_value=-0.033610958670559937 -0.0066435730887290032 0.022552660380876128 0.013809766104200453 -0.0094155838269050947 0.0015369067275766257 -0.019368154198283295 0.04643466539402244 0.020892805468488457 -0.001030740254637831 0.016500528131863559 0.00011674524292567467 0.0020387477043944282 0.0012702994473288024 -0.0062871480027097831 0.0015426958501294022 0.0054885709620436669 -0.012502157185225148 0.0054885709620436669 -0.014360095380689709 -0.0032043836004614027 -0.003687672902649044 -0.013239857579545348 -0.0032043836004614027 -0.0032043836004614027 -0.0069143755128186924 0.00086296138295512939 -0.006542035791763815 -0.0090408035429230798 -0.005959524450458057 -0.0033936961924795612
leaf_weight=30.011037828400731 77.880438208580017 33.440444432199001 96.646563082933426 53.789841666817665 317.69725750386715 71.711736936122179 137.31889628060162 14.361146047711371 83.868980295956135 116.13064996153116 86.43446546792984 61.649850875139236 67.751926951110363 22.609784912317991 144.38975857198238 312.45699035003781 81.196325168013573 73.353530406951904 51.906263630837202 146.33969022333622 121.16455987840891 55.564368356019258 107.38226719200611 57.173786155879498 107.98605825006962 222.24603220075369 146.25911501795053 67.066062048077583 490.62830311059952 831.03621001541615
leaf_count=929 792 837 585 577 1583 699 4929 362 545 823 481 619 920 304 713 2713 457 416 799 713 1523 624 518 559 1077 1340 879 433 4673 6045
internal_value=-0.000199076 0.0147905 -0.00240233 -0.00283262 0.000790561 -0.00892541 0.0396033 0.0433624 0.00218235 0.00458209 0.00950957 -0.00463785 -0.00818238 -0.0218706 0.00251664 0.0048265 -0.00381703 -0.00344435 -0.00640114 -0.000291949 -0.00794517 -0.00677567 -0.00096456 -0.00320438 -0.00906338 -0.00384295 -0.00207607 -0.00429187 -0.00406163 -0.00434618
internal_weight=4287.45 549.435 3738.02 3641.37 1210.94 182.675 185.12 151.68 364.315 286.434 202.565 2430.43 456.994 52.6208 1028.27 564.229 1973.44 1892.24 404.373 464.037 336.621 284.715 251.772 110.964 163.55 1818.89 368.505 1450.38 1383.31 1321.66
internal_count=38467 8769 29698 29113 8075 1835 6128 5291 2641 1849 1304 21038 6176 1233 6240 3944 14862 14405 4943 2296 4023 3224 1231 1136 1701 13989 2219 11770 11337 10718
is_linear=0
shrinkage=0.05


Tree=67
num_leaves=31
num_cat=0
split_feature=1 0 1 0 1 0 0 1 0 0 0 1 1 0 0 1 0 1 1 1 1 1 1 1 1 1 1 1 1 1
split_gain=53.2296 61.3076 11.3741 14.4261 16.4234 7.14954 6.13746 2.96745 2.22383 2.08723 1.76993 3.01591 2.51653 1.32772 1.26585 0.841638 2.26228 2.81903 1.41795 1.84094 1.00009 2.60952 1.06609 1.59711 0.731018 0.907253 0.715787 0.74755 0.647033 0.646726
threshold=22.722694000000004 94.808555000000013 11.467827000000002 96.543190000000024 18.870009500000005 74.238605000000021 73.182640000000006 27.128399000000005 108.03371500000002 62.373210000000007 78.432805000000016 17.848989000000003 17.374357000000003 101.74290000000002 102.56563500000001 8.8289620000000024 94.379800000000017 9.7070385000000012 -0.78220649999999992 -1.9481454999999999 4.8743095000000016 6.3552920000000013 7.3655910000000011 8.3030100000000022 -16.763144999999998 -11.815307999999998 -6.209322499999999 -4.5264704999999994 20.428562000000003 3.5945530000000008
decision_type=2 2 2 2 2 2 2 2 2 2 2 2 2 2 2 2 2 2 2 2 2 2 2 2 2 2 2 2 2 2
left_child=2 5 6 10 8 -2 9 -7 -5 -1 11 -4 -12 -6 -3 18 -17 -18 19 24 29 -22 -23 -24 -8 -26 -27 -28 -15 -20
right_child=1 14 3 4 13 7 15 -9 -10 -11 12 -13 -14 28 -16 16 17 -19 20 -21 21 22 23 -25 25 26 27 -29 -30 -31
leaf_value=-0.029312457896598389 -0.0060531752443483758 0.037136009116158449 -0.0076669942434431414 0.00122241294318991 0.015841681154128172 0.0014455473307180482 -5.2134432035800594e-05 0.01349660963207913 0.0085129063913872757 -0.012045966870294619 -0.006408569595837469 -0.021601872346980341 -0.00034420674220514424 0.03219421512300983 0.046244119279792877 -0.0099919839658431375 0.0052730021816369578 -0.0037404394487476874 -0.0068125785145892364 0.0052381119532420098 0.00043471212024369968 -0.010901795607734376 -0.0018644465059532015 -0.010847626429869701 -0.011778349600531514 -0.0011357328421597692 -0.011230464391309147 -0.0038794523515732191 0.022232708837551039 -0.011199986324396668
leaf_weight=30.383122067898512 128.85825730115175 86.455194717273116 46.627729125320911 845.58584819734097 42.822920400649309 83.294084522873163 87.59721314907074 132.09234743192792 119.36421190202236 41.285844257101417 401.33995954692364 45.334483806043863 246.18358719721437 32.343963999301195 68.271934039890766 89.711625568568707 119.4263713657856 317.02824534475803 274.2405553907156 60.815468214452267 161.7818903028965 127.1418948918581 136.46540864557028 77.621886812150478 45.122347146272659 115.32247876375914 51.925877630710602 103.56081937253475 32.864562962204218 121.07577333599329
leaf_count=881 1182 2970 562 4138 586 538 1180 900 590 638 2865 605 1339 492 2671 814 777 1839 2791 603 1314 1044 1051 584 681 1424 580 1020 704 1042
internal_value=-0.000334672 0.0150128 -0.00236436 0.000490836 0.00419405 0.0032628 -0.00500396 0.00883623 0.00212425 -0.0193659 -0.00488246 -0.0113734 -0.00396061 0.0226818 0.0411549 -0.00445902 -0.00276051 -0.00127411 -0.00511487 -0.00287149 -0.00627447 -0.0047955 -0.00727523 -0.00512149 -0.00409369 -0.00521427 -0.00412056 -0.00633437 0.0271737 -0.00815633
internal_weight=4271.95 498.972 3772.97 1812.47 1072.98 344.245 1960.51 215.386 964.95 71.669 739.486 91.9622 647.524 108.031 154.727 1888.84 526.166 436.455 1362.67 464.344 898.327 503.011 341.229 214.087 403.529 315.932 270.809 155.487 65.2085 395.316
internal_count=38405 8261 30144 11881 6510 2620 18263 1438 4728 1519 5371 1167 4204 1782 5641 16744 3430 2616 13314 5488 7826 3993 2679 1635 4885 3705 3024 1600 1196 3833
is_linear=0
shrinkage=0.05


Tree=68
num_leaves=31
num_cat=0
split_feature=1 0 0 1 0 0 0 0 1 1 0 0 1 0 1 1 1 1 1 1 1 1 1 1 1 1 1 1 1 1
split_gain=38.9058 62.5997 11.6073 9.31209 8.54352 6.44486 5.85987 4.61027 2.7796 2.22407 2.17802 2.15984 1.9783 1.82539 1.06945 0.94526 0.925054 0.57749 0.548806 0.480256 3.09815 1.70521 0.832125 0.827734 1.15511 1.19485 0.976184 1.04992 3.18658 0.624003
threshold=22.112892500000005 94.243855000000011 111.11673000000002 14.533550500000002 93.379845000000003 77.954705000000018 73.182640000000006 57.217710000000004 18.015394000000004 32.876920500000004 103.72468000000002 84.706745000000026 23.661935000000003 102.56563500000001 35.569485500000006 26.646057500000001 16.360031000000003 18.870009500000005 26.646057500000001 11.467827000000002 11.144069000000002 10.500345000000001 12.406044500000002 10.048001000000001 9.5757900000000014 8.3030100000000022 7.9046140000000014 6.3552920000000013 5.8891125000000004 4.1760890000000011
decision_type=2 2 2 2 2 2 2 2 2 2 2 2 2 2 2 2 2 2 2 2 2 2 2 2 2 2 2 2 2 2
left_child=2 5 3 6 11 9 7 -1 10 -2 16 17 -3 14 15 -14 -6 -5 -7 20 21 23 -21 24 25 26 27 28 29 -8
right_child=1 12 -4 4 8 18 19 -9 -10 -11 -12 -13 13 -15 -16 -17 -18 -19 -20 22 -22 -23 -24 -25 -26 -27 -28 -29 -30 -31
leaf_value=-0.034666286847507596 -0.010422410286271801 0.026443750927893035 0.017704176674549217 -0.0058424808329371001 0.0042472184354333557 0.0049643877960334135 -0.004172191300527291 -0.010179563097048913 0.0077917466435448697 0.00039893448091589525 0.0077917466435448697 -0.00075361704975889518 0.030022678400128584 0.047696602950849057 0.024593249971745008 0.041820174546551708 0.00071164951320513883 -0.011899087319267705 0.01056688244608932 0.00037568488355817366 -0.010179563097048913 0.002043260400416652 -0.0033219281604249967 -0.0083973734927713078 0.0021556627975828969 -0.0074450019906451325 0.0030221710312245465 -0.006937094122528591 0.0077917466435448697 -0.00079254284711767302
leaf_weight=25.520982451736927 97.810021296143532 29.1709452457726 75.363402344286442 92.678908884525299 185.02645440399647 78.446237213909626 778.6827542334795 53.766349863260984 181.80819744616747 92.277785561978817 143.44557908177376 214.53297243267298 20.921313250437379 56.220650816336274 16.483079273253679 42.714552609249949 128.95888145267963 68.407471925020218 98.719764173030853 220.54314908385277 69.953673906624317 139.86348446458578 490.67918673157692 89.043242692947388 87.033601522445679 192.30537693947554 59.796889446675777 189.5520107448101 58.023650139570236 165.63011162728071
leaf_count=763 1010 794 468 968 818 455 8658 869 2082 572 737 1211 742 2374 495 1622 588 682 685 1318 448 866 2736 578 585 1419 439 1567 434 1422
internal_value=9.60836e-05 0.0127311 -0.00171804 -0.00212068 0.00194569 0.0012253 -0.00369556 -0.0170812 0.00546233 -0.00516921 0.00301951 -0.00403903 0.0382616 0.0407901 0.0359437 0.0388838 0.00071165 -0.0084145 0.00808619 -0.0032779 -0.00370643 -0.00325368 -0.00217533 -0.00371097 -0.00343842 -0.00377559 -0.00321183 -0.00352459 -0.00287925 -0.00357941
internal_weight=4243.38 532.764 3710.62 3635.25 1014.86 367.254 2620.39 79.2873 639.239 190.088 457.431 375.619 165.511 136.34 80.1189 63.6359 313.985 161.086 177.166 2541.11 1829.88 1759.93 711.222 1620.07 1531.02 1443.99 1251.69 1191.89 1002.34 944.313
internal_count=38405 8749 29656 29188 7086 2722 22102 1632 4225 1582 2143 2861 6027 5233 2859 2364 1406 1650 1140 20470 16416 15968 4054 15102 14524 13939 12520 12081 10514 10080
is_linear=0
shrinkage=0.05


Tree=69
num_leaves=31
num_cat=0
split_feature=1 0 1 0 0 1 1 0 1 0 0 1 1 0 1 1 1 1 1 0 1 0 1 1 0 1 0 1 1 1
split_gain=39.378 64.4574 8.06425 11.2891 5.22396 3.23938 2.99409 2.83634 2.37121 2.35866 4.57277 2.15888 2.64816 2.12631 1.65551 1.08717 1.05792 1.02074 0.893572 0.866568 0.887966 0.830274 0.81804 0.707077 1.43338 1.12305 0.603519 0.5355 0.479361 2.40688
threshold=20.804573000000001 94.379800000000017 13.279954000000002 93.654605000000018 84.000045000000014 16.633432500000001 23.482148500000005 81.028915000000026 32.876920500000004 73.182640000000006 57.217710000000004 12.406044500000002 4.8743095000000016 102.71889000000002 37.884339500000003 15.006364500000002 -23.565164499999998 17.848989000000003 18.015394000000004 102.56563500000001 26.646057500000001 105.25389500000001 -13.543357499999997 6.3552920000000013 103.34122000000001 10.602863500000002 76.133025000000018 3.4001085000000004 9.3343845000000023 10.166312000000003
decision_type=2 2 2 2 2 2 2 2 2 2 2 2 2 2 2 2 2 2 2 2 2 2 2 2 2 2 2 2 2 2
left_child=2 4 9 7 8 21 -3 -4 26 10 -1 12 16 18 19 -9 -11 -15 -7 20 -8 -5 -18 -14 28 -26 -2 -24 -25 -30
right_child=1 6 3 5 -6 13 14 15 -10 11 -12 -13 23 17 -16 -17 22 -19 -20 -21 -22 -23 27 24 25 -27 -28 -29 29 -31
leaf_value=-0.030908499959765467 -0.009180394911657579 0.027022418689089202 -0.012769665965003497 0.0017523969549657092 0.0092876467035813634 0.0023763769534866433 0.03005143333937332 2.5558334349623513e-05 0.0029991451197073915 0.002518092187694429 -0.0074389185287506406 -0.0074389185287506406 0.0021081640573931723 0.019831431058779676 0.024470342841092365 -0.0046846361950910629 -0.0074389185287506406 0.010352950350498409 0.0095076284797717247 0.047232905421833282 0.04249774103956739 0.0063303026735200803 -0.0038001913584860972 -0.0011755137849532233 -0.00094297769959026951 0.0043446427665292343 -0.003249122332032213 -0.0073218403644842627 -0.0074389185287506406 -0.0015582626053032541
leaf_weight=23.517400046810508 89.808765906840563 62.14194106683135 91.820966944098473 423.06103751063347 135.02259217575192 89.114622965455055 20.985574938356876 82.650327824056149 112.09829044342041 49.412103794515133 50.955179788172245 205.69901539385319 162.96745510399342 51.906951546669006 14.610394764691589 238.34635304659605 61.11825492978096 62.730002671480179 86.631127495318651 50.802620194852352 45.186573570594192 129.31916105747223 609.98053415864706 265.63557014614344 249.07686805725098 151.44828256964684 82.089523583650589 131.15660986304283 87.844650119543076 322.43197853118181
leaf_count=740 1043 1394 1107 1914 1001 400 760 638 650 668 838 1193 1319 335 435 1413 907 789 686 2277 1786 570 6588 2263 1484 712 454 1154 691 2215
internal_value=0.000494104 0.0122176 -0.00148657 0.0017535 0.00119098 0.00507172 0.0360676 -0.0050206 -0.00265848 -0.0032022 -0.0119596 -0.00291824 -0.00243612 0.00934717 0.0403393 -0.00280399 -0.00458261 0.0146448 0.00589162 0.0423213 0.0385506 0.00282414 -0.00501996 -0.000961145 -0.00142582 0.000944381 -0.00634793 -0.00442341 -0.00283034 -0.00390176
internal_weight=4239.57 612.746 3626.82 1255.58 419.019 842.763 193.727 412.818 283.997 2371.24 74.4726 2296.77 2091.07 290.383 131.585 320.997 851.668 114.637 175.746 116.975 66.1721 552.38 802.255 1239.4 1076.44 400.525 171.898 741.137 675.912 410.277
internal_count=38424 9800 28624 7852 3148 4694 6652 3158 2147 20772 1578 19194 18001 2210 5258 2051 9317 1124 1086 4823 2546 2484 8649 8684 7365 2196 1497 7742 5169 2906
is_linear=0
shrinkage=0.05


Tree=70
num_leaves=31
num_cat=0
split_feature=1 0 0 0 1 0 1 1 1 0 1 0 1 1 0 1 1 1 1 1 0 1 1 1 1 1 1 1 1 1
split_gain=35.5715 55.7839 9.96526 6.74703 6.41963 7.01602 5.47468 4.11041 3.30888 2.56784 3.30322 1.85879 1.12369 1.01611 1.21963 0.9585 0.919823 2.24101 0.801004 2.02009 0.772424 1.32767 0.765215 0.674964 1.53874 1.45481 0.655687 1.27655 0.641645 0.576322
threshold=23.482148500000005 94.379800000000017 110.66012500000001 82.989140000000006 12.310562500000001 93.520585000000011 18.195942000000002 32.051735000000008 39.060131500000004 73.685200000000023 -18.125642999999997 81.028915000000026 16.633432500000001 12.978030000000002 103.11111000000001 17.848989000000003 11.561916500000001 10.810903500000002 9.2114995000000022 7.9046140000000014 102.56563500000001 26.646057500000001 15.130106500000002 -4.117513999999999 -23.565164499999998 -2.6246229999999997 -6.209322499999999 -9.1617669999999976 10.281606000000002 18.870009500000005
decision_type=2 2 2 2 2 2 2 2 2 2 2 2 2 2 2 2 2 2 2 2 2 2 2 2 2 2 2 2 2 2
left_child=2 3 4 7 9 11 13 -2 20 10 -1 15 -13 -7 -15 -6 17 18 19 23 21 -3 -16 24 -11 -25 27 -26 -20 -14
right_child=1 8 -4 -5 5 6 -8 -9 -10 16 -12 12 29 14 22 -17 -18 -19 28 -21 -22 -23 -24 25 26 -27 -28 -29 -30 -31
leaf_value=-0.02616585782108884 -0.010541471609889446 0.02918332768463926 0.013578836468227766 0.012704928978425834 -0.0063628301086122181 0.0044660631956979537 0.0055296085210042164 0.003159081596905134 0.021161093764641686 0.0018431670228077363 -0.0086898728421104503 -0.0012939947566742455 -0.0063628301086122181 -0.0012939947566742455 0.0004733063875253671 -0.013472878376141254 -0.0075381626878355222 0.0019191999133100495 -0.0083877316330461579 0.0010828104706469008 0.04812036721327087 0.043992218198377064 0.005062398085556561 0.0037252426039398358 -0.0086898728421104503 -0.0043193351970921799 -0.0086898728421104503 -0.00039630199914993851 -0.00363574406322862 -0.0027557645796200347
leaf_weight=32.49234408326447 102.63587848842144 20.209283053874969 98.707692814990878 95.106260135769844 63.694177277386189 118.17924796044827 185.4144587982446 117.32755605131388 12.442703181877731 47.270501151680946 43.356988541781902 177.19519863277674 93.753557309508324 476.9926742464304 148.05293418467045 78.754411347210407 168.6700711324811 162.87636831402779 185.03989458829165 189.35342664271593 50.036118075251579 45.088580206036568 132.43781810998917 60.355896830558777 127.39092536270618 816.26638199388981 66.23438748717308 72.364674605429173 115.30103962123394 120.03416720032692
leaf_count=984 900 753 625 766 747 620 2618 704 364 625 633 1381 535 2227 618 908 1006 1023 1287 1419 2342 1844 729 576 1788 7510 744 882 721 603
internal_value=-0.000528612 0.0128786 -0.00209926 0.00157753 -0.00251962 -0.000130937 0.00222069 -0.00323366 0.0407447 -0.00434464 -0.0133757 -0.00480868 -0.00302714 0.000153977 -0.000518776 -0.00969852 -0.00400404 -0.0036805 -0.00422353 -0.00371399 0.043446 0.0398641 0.00224061 -0.00447734 -0.00646944 -0.00376546 -0.00794672 -0.00569964 -0.00656344 -0.00561066
internal_weight=4223.04 442.846 3780.19 315.07 3681.48 1594.51 1061.08 219.963 127.777 2086.97 75.8493 533.432 390.983 875.663 757.483 142.449 2011.12 1842.45 1679.58 1379.24 115.334 65.2979 280.491 1189.88 313.26 876.622 265.99 199.756 300.341 213.788
internal_count=38482 7673 30809 2370 30184 10986 6812 1604 5303 19198 1617 4174 2519 4194 3574 1655 17581 16575 15552 13544 4939 2597 1347 12125 4039 8086 3414 2670 2008 1138
is_linear=0
shrinkage=0.05


Tree=71
num_leaves=31
num_cat=0
split_feature=1 0 1 0 1 0 1 1 0 1 1 1 1 1 1 1 1 1 0 1 1 1 1 1 1 1 1 1 0 1
split_gain=35.9449 49.74 8.3568 13.4925 9.09829 8.13892 5.49307 4.1772 3.05781 1.66262 4.49773 2.43244 1.30886 2.3373 1.9762 1.21094 1.80415 1.14808 0.845251 0.793771 0.706174 0.507587 1.30119 1.50845 1.54458 1.0505 1.29045 0.76212 0.977235 0.602838
threshold=23.482148500000005 93.803150000000016 13.279954000000002 97.955315000000013 18.870009500000005 77.054615000000013 39.060131500000004 37.079089000000003 107.15227000000002 -13.543357499999997 -36.359374499999994 -23.565164499999998 14.050973000000001 15.502636500000003 16.935424500000003 18.015394000000004 20.428562000000003 21.379609000000002 102.56563500000001 14.415001500000001 26.646057500000001 11.467827000000002 10.930222500000001 10.602863500000002 9.8197930000000024 7.9046140000000014 8.4381390000000014 12.406044500000002 102.48281000000001 -9.7656944999999986
decision_type=2 2 2 2 2 2 2 2 2 2 2 2 2 2 2 2 2 2 2 2 2 2 2 2 2 2 2 2 2 2
left_child=2 5 9 12 8 7 18 -2 19 10 -1 -12 -4 -14 -15 -16 -17 -6 20 -5 -3 22 23 24 25 29 -27 28 -23 -11
right_child=1 6 3 4 17 -7 -8 -9 -10 21 11 -13 13 14 15 16 -18 -19 -20 -21 -22 27 -24 -25 -26 26 -28 -29 -30 -31
leaf_value=-0.0265587827965953 -0.011029064511474141 0.032692396179759033 0.0018057630193531735 0.0058865933314699304 0.01657589592972197 0.01140485941928231 0.021453989663966926 0.0033070275534756986 0.012107421726692803 0.0015768278565537507 0.0044223290914015998 -0.010248245510336517 -0.00976875452672165 0.0018057630193531735 -0.009079004900585946 0.00084145095887097187 -0.0071510486505485223 0.027689119967094014 0.048962284774299057 0.0018057630193531735 0.04372802796528702 -0.0020293356108635643 -0.0083330712762491686 0.0041135492656478685 -0.007906780681488491 0.0052445138569156601 -0.0020764334634096886 -0.0035686016553226306 0.0046986973601568765 -0.0036924442703802213
leaf_weight=27.682266350835562 102.80433966219425 21.170656634494662 78.278761222958565 134.18672433495522 69.67181945592165 148.05094461888075 12.937451252713798 60.149972423911095 101.49512442201376 57.192409880459309 48.452716238796711 67.77884085662663 133.12567803263664 126.98985927551985 94.480456233024597 166.00005478039384 122.86788540706038 34.871408741921186 47.533535320311785 335.01303803920746 45.981408188119531 135.60218223184347 118.54646462202072 73.062353990972042 159.15014902502298 82.005410708487034 226.298928424716 204.30833232402802 89.655025601387024 1065.905809789896
leaf_count=927 998 772 577 588 1099 946 367 365 557 788 617 1083 961 843 590 1068 1023 942 2329 1661 1902 924 749 447 1051 608 1648 1205 420 10307
internal_value=0.000161202 0.0137049 -0.00142186 0.00164209 0.00672233 0.00291898 0.039989 -0.0047908 0.00423824 -0.00323889 -0.00844636 -0.00413262 -0.0031108 -0.00386861 -0.00232951 -0.00416525 -0.0025581 0.0202828 0.0438603 0.00253601 0.0402489 -0.00290005 -0.00327193 -0.00291128 -0.00323397 -0.00271442 -0.000129146 -0.00135722 0.000648501 -0.00342411
internal_weight=4191.25 438.628 3752.62 1396.98 675.238 311.005 127.623 162.954 570.695 2355.64 143.914 116.232 721.743 643.464 510.338 383.348 288.868 104.543 114.686 469.2 67.1521 2211.73 1782.16 1663.62 1590.55 1431.4 308.304 429.566 225.257 1123.1
internal_count=38362 7679 30683 9909 4847 2309 5370 1363 2806 20774 2627 1700 5062 4485 3524 2681 2091 2041 5003 2249 2674 18147 15598 14849 14402 13351 2256 2549 1344 11095
is_linear=0
shrinkage=0.05


Tree=72
num_leaves=31
num_cat=0
split_feature=1 0 0 1 0 0 0 1 1 1 0 1 1 0 1 1 1 1 0 1 1 1 1 1 1 0 1 1 1 1
split_gain=40.7289 42.5192 7.11613 8.72363 9.96158 4.78381 4.5611 4.10173 3.98887 3.7728 3.32717 1.3853 1.3643 2.02365 1.31955 1.50002 1.26175 1.11842 1.77138 1.71666 1.08487 1.03793 0.849146 0.615761 2.45141 0.540262 0.390666 0.730437 1.13303 0.394666
threshold=24.278532000000002 92.898400000000024 84.706745000000026 20.804573000000001 98.682540000000017 110.66012500000001 74.238605000000021 -26.122594999999997 39.060131500000004 10.602863500000002 94.379800000000017 -36.359374499999994 31.355935500000005 102.56563500000001 4.1760890000000011 10.281606000000002 19.872942500000004 15.632842000000002 99.019215000000017 11.358157000000002 27.885291500000005 16.633432500000001 13.513445000000003 13.400919000000002 12.310562500000001 69.033990000000003 2.9478600000000004 6.2011315000000016 5.3716260000000009 3.9987590000000002
decision_type=2 2 2 2 2 2 2 2 2 2 2 2 2 2 2 2 2 2 2 2 2 2 2 2 2 2 2 2 2 2
left_child=2 6 7 5 -5 9 25 11 12 26 21 -1 13 20 -9 -16 -17 19 -19 -12 -3 22 -11 24 -21 -2 -4 28 29 -28
right_child=1 8 3 4 -6 -7 -8 14 -10 10 17 -13 -14 -15 15 16 -18 18 -20 23 -22 -23 -24 -25 -26 -27 27 -29 -30 -31
leaf_value=-0.031129255268588486 -0.0067746685011972887 0.039488450351137773 -0.0043579580454385812 -0.0010964502718881343 0.028436103849560149 0.0094722490140626558 0.0096536875423701256 -0.0043579580454385812 0.021878482112176537 -0.0043579580454385812 0.0038088389895122908 -0.013315359310387312 0.051403419001664778 0.04932308085267139 -0.015537843974928647 -0.0043579580454385812 -0.011391843735858847 -0.0016711716506850527 0.0038088389895122908 -0.0016711716506850527 0.02377872952197907 -0.0043579580454385812 -0.0016711716506850527 -0.0016711716506850527 0.0038088389895122908 -1.9694087537334516e-05 7.1799286280738978e-05 -0.0039700683856507589 0.0038088389895122908 -0.0043579580454385812
leaf_weight=21.919209839776158 56.962456025183201 24.648662198334932 590.78638564795256 62.009633937850595 52.924312693998218 96.086702924221754 161.23415603488684 99.557152906432748 14.040429800748823 97.986654512584209 130.56741592288017 21.735655955970287 33.420918328687549 29.79364269785583 56.916231755167246 168.20790364593267 89.164928700774908 128.4572419449687 258.38725280016661 174.48286134004593 19.831331396475434 141.76587997376919 133.18946705013514 380.02769590914249 197.65288676321507 61.621993698179722 70.256072632968426 608.51347483694553 82.885658293962479 126.88643987476826
leaf_count=806 563 937 6713 569 1514 560 951 1344 376 812 741 321 1457 1548 606 1803 828 621 1946 953 809 679 923 1691 1009 490 667 4467 662 1090
internal_value=-0.000231431 0.0149106 -0.00183558 -0.00103291 0.0125026 -0.00151635 0.0041791 -0.007683 0.0395779 -0.00185457 -0.000204991 -0.0222598 0.0430139 0.0392389 -0.00614537 -0.00819242 -0.00656803 0.00101468 0.00325645 3.22624e-05 0.0324843 -0.00435703 -0.00167117 -0.000928682 0.000620322 -0.00326447 -0.00368612 -0.00299757 -0.000884293 -0.00294793
internal_weight=4191.92 401.554 3790.37 3332.87 114.934 3217.93 279.819 457.501 121.735 3121.85 1642.52 43.6549 107.695 74.2736 413.846 314.289 257.373 1269.58 386.844 882.731 44.48 372.942 231.176 752.163 372.136 118.584 1479.33 888.542 280.028 197.143
internal_count=38456 7131 31325 25617 2083 23534 2004 5708 5127 22974 9375 1127 4751 3294 4581 3237 2631 6961 2567 4394 1746 2414 1735 3653 1962 1053 13599 6886 2419 1757
is_linear=0
shrinkage=0.05


Tree=73
num_leaves=31
num_cat=0
split_feature=1 0 1 0 0 0 1 1 0 1 1 1 1 0 1 1 1 1 1 1 1 1 1 1 1 1 0 1 1 1
split_gain=26.8257 45.6127 8.079 5.59954 4.41376 4.36206 6.10674 2.59298 2.38796 4.89537 2.97672 2.35993 2.1765 1.47472 1.12983 1.83678 0.813666 0.810968 1.63057 0.794783 0.650259 0.617643 1.09469 1.90717 0.868663 0.686009 0.582241 1.0057 0.527614 0.516577
threshold=21.922323000000002 94.808555000000013 11.777991000000002 76.592205000000021 102.56563500000001 98.049895000000006 18.704101500000004 33.35857450000001 73.182640000000006 -16.763144999999998 -16.763144999999998 31.702940000000002 -4.9381519999999997 84.706745000000026 11.144069000000002 10.166312000000003 13.720637500000002 26.646057500000001 35.569485500000006 18.870009500000005 15.130106500000002 5.8891125000000004 3.9987590000000002 2.9478600000000004 9.3343845000000023 8.8289620000000024 103.48565000000001 15.502636500000003 8.3030100000000022 -2.6246229999999997
decision_type=2 2 2 2 2 2 2 2 2 2 2 2 2 2 2 2 2 2 2 2 2 2 2 2 2 2 2 2 2 2
left_child=2 3 8 7 17 13 26 -2 9 -1 -10 -5 -12 19 15 21 -15 -3 -19 20 -4 22 23 29 25 28 -7 -28 -23 -14
right_child=1 4 5 11 -6 6 -8 -9 10 -11 12 -13 14 16 -16 -17 -18 18 -20 -21 -22 24 -24 -25 -26 -27 27 -29 -30 -31
leaf_value=-0.02887177540560263 -0.01063418000130421 0.021737803140994626 -0.0080383557662183445 0.012031267895710704 0.04622058624825702 0.0015830825882538102 0.016858908895100246 0.0017121161619706637 0.006528124841203531 -0.0074451014071277386 -0.0074451014071277386 0.0017121161619706637 -0.00059293100091768844 -0.0022866709887598819 -0.0066547353222562756 0.0021839336160254818 0.0012854970847966955 0.037158496860695778 0.019262166459166591 -0.0093729869132477654 -0.0022866709887598819 -0.00058855121506138069 -0.0070904373934719466 0.0045515536665210266 -0.0050027982398202601 0.0035648355206709353 0.0028780613610973373 0.0080562327197597587 -0.0052393363924627956 -0.0049585763691229667
leaf_weight=30.022739231586456 84.363369658589363 30.060752792283893 49.356647908687592 128.24471288919449 60.805745150893927 406.64273331314325 85.251379482448101 81.974674269556999 84.005712453275919 37.925450574606657 197.60539964959025 74.066507564857602 86.922735437750816 140.74420147389174 148.584488324821 215.80971260368824 459.19449368864298 31.844744812697172 13.15015055797994 63.606833539903164 77.475612848997116 315.28410797566175 188.24203296750784 78.198970511555672 148.64534156769514 81.108731001615524 266.41673962771893 117.79755507409573 75.605969242751598 307.37737230211496
leaf_count=978 952 1044 546 862 2917 1944 1420 512 1155 565 2582 521 870 1015 908 1346 2509 1510 469 666 827 2507 1624 746 1027 584 1145 747 583 3202
internal_value=0.000634213 0.0114431 -0.000854994 0.00231632 0.036208 0.00171486 0.00414456 -0.00447969 -0.0030013 -0.0122137 -0.00267653 0.00790392 -0.003096 -0.000978393 -0.00249617 -0.00208347 0.000238444 0.0280964 0.0323445 -0.00481179 -0.00252433 -0.00280218 -0.00386609 -0.00258152 -0.00166954 -0.000619804 0.002774 0.00417304 -0.00148811 -0.00399618
internal_weight=4166.34 504.511 3661.82 368.649 135.861 1666.49 876.108 166.338 1995.34 67.9482 1927.39 202.311 1843.38 790.378 1645.78 1497.19 599.939 75.0556 44.9949 190.439 126.832 1281.39 660.741 472.499 620.644 471.999 790.857 384.214 390.89 394.3
internal_count=38283 8787 29496 2847 5940 10819 5256 1464 18677 1543 17134 1383 15979 5563 13397 12489 3524 3023 1979 2039 1373 11143 6442 4818 4701 3674 3836 1892 3090 4072
is_linear=0
shrinkage=0.05


Tree=74
num_leaves=31
num_cat=0
split_feature=1 0 1 1 0 1 1 1 1 1 1 1 1 0 1 1 1 1 1 0 0 1 0 1 1 0 1 1 1 1
split_gain=24.1564 30.6456 34.3025 7.44807 6.09403 5.38401 4.33106 5.61601 2.90986 4.34569 2.35094 2.24336 1.48388 1.47327 1.24401 1.20166 0.862593 1.7369 1.58588 1.48431 0.736328 0.728974 1.27049 0.684058 0.676922 0.599795 0.445664 0.394687 0.841027 0.383198
threshold=15.632842000000002 97.144585000000021 20.804573000000001 -5.3390519999999997 81.853820000000013 -32.203934499999995 24.083189500000003 36.273702000000007 22.112892500000005 18.870009500000005 -23.565164499999998 24.278532000000002 17.070640500000003 76.592205000000021 31.355935500000005 3.7978405000000004 13.849570500000002 13.513445000000003 4.5531645000000003 84.349770000000021 75.22111000000001 21.551369000000005 103.11111000000001 18.364714500000002 -2.6246229999999997 102.56563500000001 14.779953000000001 1.4741875000000004 2.7279990000000005 -0.78220649999999992
decision_type=2 2 2 2 2 2 2 2 2 2 2 2 2 2 2 2 2 2 2 2 2 2 2 2 2 2 2 2 2 2
left_child=3 4 23 5 8 20 12 -8 9 -2 -7 21 -6 14 -10 24 17 18 -17 -20 -1 -4 -23 -3 -5 -13 -18 29 -29 -26
right_child=1 2 11 15 6 10 7 -9 13 -11 -12 25 -14 -15 -16 16 26 -19 19 -21 -22 22 -24 -25 27 -27 -28 28 -30 -31
leaf_value=-0.033821816537129672 -0.0015467369038694898 0.008636049643657084 0.038268103284040331 0.00032793311667855807 0.0063968790376861652 0.0048629190956276736 0.008636049643657084 -0.00036025272441675313 -0.010537865660835867 -0.023491367963287726 -0.0087018117929427916 0.038652335704859556 -0.00036025272441675313 -0.00036025272441675313 -0.0029039069175299985 0.0069133354850234585 -0.0040559067026331268 0.0068462543119679024 -0.0070320359329534678 -0.00031852667865912994 -0.019731107573734124 0.016352224920630799 0.034486585124354138 0.013625211309063565 -0.003104510164396895 0.047147165853706416 -0.00078310684273985999 0.0010538103357008086 -0.0061679194287307254 -0.0073825712943975524
leaf_weight=19.488224573433399 45.510114215314388 237.90695467591286 17.296544812619686 103.51375586912036 98.172419756650925 37.160217739641666 73.206536427140236 41.123817723244429 71.296184062957764 44.737153232097626 227.45586334913969 43.949010331183672 265.7184611056 68.364995658397675 90.203783825039864 71.589337974786758 222.05281457304955 88.177599564194679 87.289774194359779 1449.3214137554169 17.684868428856134 18.299628941342235 20.453978046774864 80.463848177343607 88.623011101037264 39.415289370343089 195.68358896672726 85.124401204288006 76.586649537086487 127.86862214654684
leaf_count=753 540 1258 360 1076 572 452 1028 381 816 553 3156 2021 1429 332 615 606 1205 481 958 9741 326 554 728 1089 915 2181 1063 905 761 1366
internal_value=0.000645102 0.00643635 0.0167497 -0.0018654 0.000522403 -0.0093 0.0040965 0.00863605 -0.00481701 -0.0124251 -0.00679691 0.037468 0.001097 -0.00183001 -0.00544756 -0.00100106 -0.000487548 1.36379e-05 -0.000360994 -0.000699899 -0.0271182 0.0297329 0.0259235 0.00863605 -0.00325474 0.0426688 -0.0025228 -0.00423531 -0.00236641 -0.0056313
internal_weight=4153.74 1256.12 457.785 2897.62 798.333 301.789 478.221 114.33 320.112 90.2473 264.616 139.414 363.891 229.865 161.5 2595.83 2114.11 1696.38 1608.2 1536.61 37.1731 56.0502 38.7536 318.371 481.716 83.3643 417.736 378.203 161.711 216.492
internal_count=38221 14457 8191 23764 6266 4687 3410 1409 2856 1093 3608 5844 2001 1763 1431 19077 14054 11786 11305 10699 1079 1642 1282 2347 5023 4202 2268 3947 1666 2281
is_linear=0
shrinkage=0.05


Tree=75
num_leaves=31
num_cat=0
split_feature=1 0 1 0 0 0 1 1 1 0 0 0 1 0 1 0 1 1 1 1 1 1 1 1 1 1 1 1 1 1
split_gain=23.0449 47.9617 5.29646 7.95471 4.0801 2.77896 3.9736 1.67596 1.41852 1.4126 1.21959 2.89153 1.19982 1.08283 0.67993 1.11967 0.969657 0.669531 0.618704 0.994188 0.99099 0.836764 0.782637 1.21815 1.14503 0.914816 1.27758 0.622831 1.71206 0.693529
threshold=23.482148500000005 94.379800000000017 13.513445000000003 107.15227000000002 74.70933500000001 100.35868500000001 18.364714500000002 14.178294500000002 33.859040500000006 102.56563500000001 73.685200000000023 60.341710000000006 35.569485500000006 110.66012500000001 21.551369000000005 81.422705000000022 15.632842000000002 32.876920500000004 -13.543357499999997 -7.5454429999999988 -23.565164499999998 -4.9381519999999997 -0.78220649999999992 5.8891125000000004 6.4979430000000002 1.8783900000000002 1.009676 12.406044500000002 11.467827000000002 11.027724000000001
decision_type=2 2 2 2 2 2 2 2 2 2 2 2 2 2 2 2 2 2 2 2 2 2 2 2 2 2 2 2 2 2
left_child=2 4 10 5 17 7 -7 -4 -6 12 11 -1 -3 18 15 -9 -17 -2 20 -20 -12 -21 -23 25 -25 26 -24 28 29 -26
right_child=1 9 3 -5 8 6 -8 14 -10 -11 13 -13 -14 -15 -16 16 -18 -19 19 21 -22 22 23 24 27 -27 -28 -29 -30 -31
leaf_value=-0.023764193401975289 -0.0095311793230308788 0.039129407190563369 0.00096937708874214796 0.014014044259048525 0.009763374579793033 0.00096937708874214796 0.0070459905362350132 -0.0070185059586214561 0.00090132294738268746 0.047344494241363548 0.00055051892647859616 -0.0057443650342219512 0.022455841799334495 0.003774603265856805 -0.0070810169948688053 -0.0041333167600587171 4.3741167308936894e-05 -0.0022950560916842697 0.00055051892647859616 -0.0057443650342219512 -0.0057443650342219512 0.00055051892647859616 -0.0057443650342219512 0.00055051892647859616 -0.0025541296368590781 -0.0057443650342219512 0.00055051892647859616 -0.0048304086675922328 0.00055051892647859616 -0.0057443650342219512
leaf_weight=24.684845630079508 57.788141660392284 49.966247998178005 84.177845858037472 111.71570300124586 107.55509717389941 325.83566412329674 72.528047857806087 98.612247928977013 77.831201743334532 41.946930170059204 46.478119030594826 49.432399148121476 13.760896027088164 67.052752520889044 76.31174198538065 159.06824383884668 410.83783759176731 71.541577056050301 96.484980061650276 71.40803312510252 57.778814300894737 172.02752520889044 96.913762368261814 75.149006396532059 707.21242702752352 324.30142044275999 54.323541112244129 237.84124965965748 213.07937312871218 90.304585859179497
leaf_count=830 704 2357 549 956 749 1532 1452 1222 480 2401 624 817 506 362 751 957 2262 471 1279 850 889 1744 1033 571 5180 3004 578 1394 1284 582
internal_value=-2.29516e-05 0.011074 -0.00127579 0.00124058 0.00128773 7.79368e-05 0.00351006 -0.0015713 0.0060428 0.0402191 -0.00268896 -0.00900231 0.035529 -0.00248642 -0.00260971 -0.00209931 -0.00124813 -0.00552836 -0.00267357 -0.00248668 -0.00574437 -0.00274753 -0.00252449 -0.00283287 -0.00205303 -0.00500343 -0.00163969 -0.00252835 -0.00198656 -0.0031269
internal_weight=4143.95 420.39 3723.56 1339.09 314.716 1227.37 398.364 829.008 185.386 105.674 2384.47 74.1172 63.7271 2310.36 744.83 668.518 569.906 129.33 2243.3 2139.05 104.257 2042.56 1971.15 1799.13 1323.59 475.539 151.237 1248.44 1010.6 797.517
internal_count=38370 7668 30702 9681 2404 8725 2984 5741 1229 5264 21021 1647 2863 19374 5192 4441 3219 1175 19012 17499 1513 16220 15370 13626 9011 4615 1611 8440 7046 5762
is_linear=0
shrinkage=0.05


Tree=76
num_leaves=31
num_cat=0
split_feature=1 0 0 0 1 1 0 1 0 0 1 1 1 1 1 1 1 1 1 1 0 1 1 1 1 1 1 1 1 1
split_gain=22.8127 37.8274 5.32487 3.19245 4.17217 2.88341 3.89033 2.844 4.25626 2.38269 1.36785 1.55968 1.32723 1.1405 3.32491 1.07292 1.0449 1.33394 1.04361 0.967163 1.53158 1.2501 0.857724 0.820723 0.790361 1.65333 0.719651 3.31853 1.4372 1.09051
threshold=22.112892500000005 94.808555000000013 110.66012500000001 76.592205000000021 32.876920500000004 2.9478600000000004 84.706745000000026 17.374357000000003 95.670565000000025 101.96446000000002 16.778936500000004 15.632842000000002 25.530067500000005 -28.972538499999995 -36.359374499999994 -0.78220649999999992 26.646057500000001 35.569485500000006 6.0445315000000006 15.632842000000002 81.028915000000026 9.5757900000000014 -1.9481454999999999 23.883054000000005 8.6935790000000015 9.3343845000000023 10.810903500000002 11.676154500000001 13.279954000000002 14.178294500000002
decision_type=2 2 2 2 2 2 2 2 2 2 2 2 2 2 2 2 2 2 2 2 2 2 2 2 2 2 2 2 2 2
left_child=2 3 5 4 -2 13 19 10 -9 16 11 18 -5 14 -1 22 -3 -18 -8 21 -21 -7 -15 -11 -20 -26 -27 -28 -29 -30
right_child=1 9 -4 12 -6 6 7 8 -10 23 -12 -13 -14 15 -16 -17 17 -19 24 20 -22 -23 -24 -25 25 26 27 28 29 -31
leaf_value=-0.024959305620839249 -0.011551821542242463 0.019584303640355526 0.010191035447054436 0.0015467417986389312 0.0015467417986389312 -0.011097943646300493 0.0017346352987736219 -0.0036111342445258807 0.0042016521303436961 0.034546499429635516 -0.0036111342445258807 0.0035011887662864238 0.0093695997003500741 -0.0035428576086817404 0.0018563047687905209 -0.0069612309006073583 0.034546499429635516 0.018130470565304323 -0.0036111342445258807 -0.014068282061632681 -0.0036111342445258807 -0.0036111342445258807 0.0029581453026851631 0.045162300543104619 0.0042016521303436961 -0.0036111342445258807 0.0042016521303436961 -0.0036111342445258807 0.0024078538435366786 -0.0023575220275259419
leaf_weight=24.31364237703383 82.013252966105938 24.983743840828538 95.249708089977503 72.688397023826838 82.140563033521175 55.864143028855324 261.06466434895992 156.34643601626158 191.1486029997468 14.519287673756478 84.29337140917778 193.2063354998827 126.35797951929271 391.15196355618536 22.036757569760084 219.97670267149806 26.327713292092085 11.728865802288054 319.48944285511971 81.662374783307314 52.876494027674198 82.976900286972523 58.299393564462662 43.604657573625445 90.86246507614851 263.04836273938417 174.18402857333422 346.67592606693506 200.84666662663221 298.44773644953966
leaf_count=897 950 928 583 436 523 604 2297 729 2177 556 444 964 935 4955 309 2364 1381 444 2521 1042 385 930 596 2574 658 1716 1058 1995 1031 1489
internal_value=-0.000128221 0.0100697 -0.00147633 0.00199918 -0.00316273 -0.00178773 -0.00107586 -0.000474796 0.00373287 0.0342618 -0.00112984 -0.000784375 0.00625621 -0.00462516 -0.0122101 -0.00409999 0.0275291 0.0327448 -0.00120799 -0.00674747 -0.00976862 -0.00381994 -0.0026996 0.0415639 -0.0016616 -0.00113678 -0.00160679 -0.00100022 -0.00231278 -0.000440597
internal_weight=4148.39 484.364 3664.02 363.2 164.154 3568.77 2852.99 2579.61 347.495 121.164 2232.12 2147.83 199.046 715.778 46.3504 669.428 63.0403 38.0566 1954.62 273.38 134.539 138.841 449.451 58.1239 1693.55 1374.07 1283.2 1020.15 845.97 499.294
internal_count=38471 8727 29744 2844 1473 29161 20040 17079 2906 5883 14173 13729 1371 9121 1206 7915 2753 1825 12765 2961 1427 1534 5551 3130 10468 7947 7289 5573 4515 2520
is_linear=0
shrinkage=0.05


Tree=77
num_leaves=31
num_cat=0
split_feature=1 0 0 1 1 0 1 1 1 1 1 0 1 1 1 1 1 1 1 0 0 0 1 1 1 1 1 1 1 1
split_gain=20.0987 42.7194 4.73659 3.95886 3.79425 4.49321 4.50827 2.29069 2.38574 2.28814 2.16447 2.04224 1.5769 1.12153 1.1185 1.10732 2.03375 1.08614 1.15507 1.01066 0.956757 0.947624 1.41862 0.887157 0.752303 0.696253 0.64992 0.41164 4.36505 2.48807
threshold=22.112892500000005 94.808555000000013 80.646875000000009 24.278532000000002 13.082711500000002 95.781220000000005 19.187255500000003 32.876920500000004 26.184329500000004 19.714772000000004 12.406044500000002 75.22111000000001 30.008453000000003 -18.125642999999997 20.049193000000006 -6.6622614999999987 -16.763144999999998 -2.6246229999999997 -4.117513999999999 102.56563500000001 101.74290000000002 107.15227000000002 15.254350000000001 0.26511750000000006 16.360031000000003 30.666177500000003 -0.78220649999999992 6.3552920000000013 5.8891125000000004 7.3655910000000011
decision_type=2 2 2 2 2 2 2 2 2 2 2 2 2 2 2 2 2 2 2 2 2 2 2 2 2 2 2 2 2 2
left_child=4 2 7 20 10 9 21 8 -2 24 11 13 -4 -1 -8 16 -13 18 -17 25 -3 22 -7 26 -6 -5 -19 28 -25 -29
right_child=1 3 12 19 5 6 14 -9 -10 -11 -12 15 -14 -15 -16 17 -18 23 -20 -21 -22 -23 -24 27 -26 -27 -28 29 -30 -31
leaf_value=-0.017301835703667282 -0.0010579292748642297 0.018440236763766826 0.012378602817419102 0.031479695218871638 0.00020266928121509388 0.0036269542083721728 0.0068527981700958959 0.001883960170441361 -0.015428015520629463 -0.009385826767860787 -0.0084026266980303712 0.0021795940956231235 0.0021184373564991743 -0.0058200348873056786 0.018968832228004214 -0.0012974429101408685 -0.0058200348873056786 -0.0015104620672971472 0.0080010307816711108 0.047903307377639037 0.030577407791043433 0.0061395523727750013 0.00020266928121509388 -0.0020506142228523564 -0.0032845801200461454 0.042383568846686349 -0.0058200348873056786 -0.0058200348873056786 0.012243269498117149 -0.001031404787436343
leaf_weight=31.352244892157614 56.168245323002338 13.416036300361158 85.267054188996553 28.146085733547807 229.67424363642931 307.38785196840763 30.853417359292507 100.1028691381216 59.457720823585987 104.39287021383643 149.76098822802305 80.773517031222582 65.836552875116467 53.832861687988043 49.783951971679926 74.909104540944099 141.40722054988146 87.823798358440399 60.269821360707283 34.176091227680445 16.886997561901808 110.54754268378019 312.4003492295742 426.65272177755833 226.29977389425039 24.558647848665714 53.028804771602154 121.59227420389652 61.053868018090725 944.16099677979946
leaf_count=1017 542 412 609 1443 1808 1376 425 597 581 778 906 1116 532 768 1000 858 1957 900 578 2163 714 621 1646 4081 1523 1161 572 1027 451 6327
internal_value=-7.77916e-05 0.00949722 0.0011016 0.0357789 -0.00134475 0.000734653 0.00311373 -0.00365341 -0.00844738 -0.00270839 -0.00259181 -0.00218456 0.00789029 -0.00977047 0.014333 -0.00186959 -0.00520282 -0.00146479 0.0028483 0.0412064 0.0202178 0.001875 0.00111436 -0.00180891 -0.00117963 0.0368638 -0.00560854 -0.0014644 -0.000261225 -0.00201499
internal_weight=4141.97 484.016 366.832 117.184 3657.96 1371.34 810.973 215.729 115.626 560.367 2286.62 2136.86 151.104 85.1851 80.6374 2051.67 222.181 1829.49 135.179 86.8808 30.303 730.336 619.788 1694.31 455.974 52.7047 140.853 1553.46 487.707 1065.75
internal_count=38489 8754 2861 5893 29735 9177 5068 1720 1123 4109 20558 19652 1141 1785 1425 17867 3073 14794 1436 4767 1126 3643 3022 13358 3331 2604 1472 11886 4532 7354
is_linear=0
shrinkage=0.05


Tree=78
num_leaves=31
num_cat=0
split_feature=1 0 1 1 0 1 0 1 0 1 1 1 1 0 1 1 0 0 1 1 1 0 1 0 1 1 1 1 1 1
split_gain=19.6207 39.4271 3.80972 3.79822 3.38667 3.32182 6.99826 2.49032 2.43632 2.6764 1.90624 1.54717 1.44392 1.5431 1.76987 1.89483 1.28224 1.25176 0.789425 0.729276 0.979871 0.702217 0.828516 0.693004 0.666837 0.602511 1.51762 0.76694 0.679342 0.750063
threshold=21.005013000000002 94.808555000000013 13.720637500000002 23.482148500000005 73.182640000000006 37.079089000000003 87.754610000000014 39.060131500000004 95.781220000000005 18.015394000000004 13.400919000000002 -19.543540499999995 12.310562500000001 110.66012500000001 11.561916500000001 10.500345000000001 102.56563500000001 76.133025000000018 17.671927000000004 30.666177500000003 25.748001000000006 106.05361500000002 15.254350000000001 101.20437000000001 15.502636500000003 8.4381390000000014 5.8891125000000004 6.8190585000000006 -19.543540499999995 -11.815307999999998
decision_type=2 2 2 2 2 2 2 2 2 2 2 2 2 2 2 2 2 2 2 2 2 2 2 2 2 2 2 2 2 2
left_child=2 5 4 23 11 6 17 16 18 21 12 -1 13 14 15 25 19 -2 24 20 -5 22 -10 -3 -4 26 28 -28 -6 -30
right_child=1 3 8 7 10 -7 -8 -9 9 -11 -12 -13 -14 -15 -16 -17 -18 -19 -20 -21 -22 -23 -24 -25 -26 -27 27 -29 29 -31
leaf_value=-0.023087828178267239 -0.0043640088395859988 0.016397488066039783 -0.0030442566909881928 0.041580229956030459 0.001562883623551563 -0.0065285004558537519 0.016397488066039783 0.016397488066039783 0.0028321999866452643 0.0097684787852727953 -0.0078169857960053366 -0.0078169857960053366 0.001709036057376609 0.0056761106680097134 -0.0074538645605143955 0.001562883623551563 0.047894514792395843 0.0030972206952405929 -0.0042583260962604109 0.041580229956030459 0.024270019049961615 0.005041167642367581 0.00062323233092294718 0.025669869380069005 0.00062323233092294718 -0.0045939630536459821 0.001562883623551563 -0.0016256662302132638 -0.0078169857960053366 -0.0032082248979116434
leaf_weight=25.922709899023175 105.24371394887567 18.332269478589296 134.57208276540041 11.556141177192329 64.350873459130526 109.08050549030304 60.944688679650426 9.0071844402700645 196.8700350522995 118.93433069437742 77.195316635072231 41.774259304627776 250.50996394455433 58.694412261247635 168.37054761499166 233.20709263533354 34.759298861958086 120.66149818897247 185.64197279140353 15.503207871690391 20.601544145494699 112.10535082221031 247.34979774057865 28.688887573778629 154.50058710575104 337.66280151158571 113.6698344796896 210.96418363600969 59.547083083540201 792.05581989884377
leaf_count=932 1164 398 1058 534 872 675 656 330 858 1421 432 653 1459 330 1015 1465 2330 614 1257 865 1111 591 1145 891 1112 2422 880 1734 936 8223
internal_value=-8.16664e-06 0.00892946 -0.00134082 0.0318967 -0.00246136 0.000898316 0.00372251 0.0378358 0.00103082 0.00296045 -0.00214589 -0.0134881 -0.00187326 -0.00231348 -0.00255034 -0.00209457 0.0405918 -0.000378784 -0.00171399 0.0352659 0.0308198 0.001505 0.000623232 0.0203486 -8.00205e-05 -0.0027214 -0.00221173 0.00072577 -0.00325284 -0.00362729
internal_weight=4118.28 534.379 3583.9 138.449 2433.92 395.93 286.85 91.4274 1149.97 675.26 2366.23 67.697 2289.03 2038.52 1979.83 1811.46 82.4202 225.905 474.715 47.6609 32.1577 556.325 444.22 47.0212 289.073 1578.25 1240.59 324.634 915.954 851.603
internal_count=38363 9568 28795 6459 21353 3109 2434 5170 7442 4015 19768 1585 19336 17877 17547 16532 4840 1778 3427 2510 1645 2594 2003 1289 2170 15067 12645 2614 10031 9159
is_linear=0
shrinkage=0.05


Tree=79
num_leaves=31
num_cat=0
split_feature=1 0 1 1 0 1 1 1 1 1 1 1 1 1 1 1 0 0 0 1 1 1 1 1 0 1 1 1 1 1
split_gain=24.2406 37.2354 5.80315 3.25224 5.9999 4.10811 2.63532 3.93562 1.89268 2.18928 2.18736 1.99229 2.3658 1.60934 1.4207 1.20534 1.30109 1.17489 1.02193 1.7476 0.739727 0.63812 0.630468 1.02763 1.21792 0.825175 0.808894 1.68973 0.580279 0.450385
threshold=20.804573000000001 93.803150000000016 7.2267535000000009 24.278532000000002 75.22111000000001 32.442796500000007 37.884339500000003 24.278532000000002 -28.972538499999995 -36.359374499999994 6.2011315000000016 2.0921470000000002 3.4001085000000004 4.1760890000000011 -7.5454429999999988 31.355935500000005 102.40624500000003 70.322435000000027 106.26395000000001 14.896122000000002 -12.652998499999999 5.0533280000000014 13.400919000000002 16.054473000000005 99.28306000000002 18.704101500000004 10.930222500000001 10.396335500000001 -16.763144999999998 -0.78220649999999992
decision_type=2 2 2 2 2 2 2 2 2 2 2 2 2 2 2 2 2 2 2 2 2 2 2 2 2 2 2 2 2 2
left_child=2 3 8 -2 17 -6 7 -3 9 -1 11 14 -13 -14 20 16 -9 -5 22 -20 28 -15 26 -24 25 -25 27 -4 -10 -16
right_child=1 6 18 4 5 -7 -8 15 10 -11 -12 12 13 21 29 -17 -18 -19 19 -21 -22 -23 23 24 -26 -27 -28 -29 -30 -31
leaf_value=-0.024606399112005139 -0.0053322414747381365 0.02405938111904609 0.00034482959973498433 -0.0079240760570053349 0.016517902647128296 0.0039450773164958278 0.016517902647128296 0.030397727465361762 -0.0013054517377862778 -0.0027858169010532394 -0.0099500020823596793 0.007007002539146003 -0.0092204016475288201 0.0031004009086689046 -0.005068012878699301 0.050934940749368163 0.046217019750977355 0.0016806269315664528 0.0010444648997311387 0.0085037139362040739 0.0020668171492263052 -0.0024989578945040069 -0.0027799163923892933 -0.0004417997953420851 0.0010444648997311387 -0.0050468017442922286 0.0010444648997311387 -0.007046374662070325 -0.009210496497079881 -0.0084152382915531794
leaf_weight=24.027076676487923 110.86957811564207 63.534526521340013 400.32236725836992 66.556715078651905 80.194281648844481 79.18712667375803 12.406256066635249 31.411565719172359 64.55043432675302 22.038724485784769 128.75971749424934 88.730218030512333 65.531921111047268 84.919789377599955 255.02608154714108 21.597867247648537 22.172777591273189 61.04100289195776 287.34622548520565 92.151929475367069 91.173674074932933 126.94512141123414 525.65000709146261 239.99437685310841 165.30831355974078 136.49899839609861 462.00564382970333 95.838231354951859 36.25300987623632 165.85525743663311
leaf_count=925 852 1864 3217 681 535 485 452 1618 906 304 1067 921 601 756 2773 1309 1573 449 1323 750 1240 1051 2963 1502 1300 962 2984 640 630 1804
internal_value=0.00018702 0.00996652 -0.00132149 0.00194089 0.00475074 0.0112195 0.0310949 0.0332208 -0.00423652 -0.014167 -0.00382356 -0.00301778 -9.95362e-05 -0.00237269 -0.00476117 0.040963 0.0369436 -0.00332932 7.69455e-05 0.00245809 -0.00119669 -0.00025462 -0.00036916 -0.0012049 0.000323171 -0.00192806 0.000561897 -0.00108285 -0.00414843 -0.00638704
internal_weight=4107.9 548.972 3558.93 397.849 286.979 159.381 151.123 138.717 1153.81 46.0658 1107.75 978.986 366.127 277.397 612.858 75.1822 53.5843 127.598 2405.12 379.498 191.977 211.865 2025.62 1067.45 541.802 376.493 958.166 496.161 100.803 420.881
internal_count=38437 9818 28619 3002 2150 1020 6816 6364 12978 1229 11749 10682 3329 2408 7353 4500 3191 1130 15641 2073 2776 1807 13568 6727 3764 2464 6841 3857 1536 4577
is_linear=0
shrinkage=0.05


Tree=80
num_leaves=31
num_cat=0
split_feature=1 0 1 1 0 0 1 1 0 1 1 0 1 1 0 1 1 1 1 1 1 1 1 0 1 1 1 1 1 1
split_gain=16.4952 30.1456 4.01318 3.14545 6.73266 2.37428 1.93727 2.22797 1.89476 1.82784 1.49387 9.93906 3.75179 2.87317 1.46168 1.34503 1.11482 1.23756 1.41285 1.14886 2.32775 1.46912 2.82475 1.36884 1.11951 2.02094 1.64287 1.01995 1.09552 0.913757
threshold=22.112892500000005 94.808555000000013 -9.7656944999999986 39.060131500000004 86.931550000000016 102.80447500000001 -15.487797499999997 -19.543540499999995 74.70933500000001 28.650046000000003 16.633432500000001 95.670565000000025 19.714772000000004 19.872942500000004 104.27580500000002 23.883054000000005 -6.209322499999999 -1.3474854999999997 -2.6246229999999997 13.849570500000002 13.513445000000003 12.406044500000002 12.024012500000003 90.036915000000008 11.561916500000001 9.5757900000000014 9.0920650000000016 35.569485500000006 26.397110000000001 -0.23123699999999997
decision_type=2 2 2 2 2 2 2 2 2 2 2 2 2 2 2 2 2 2 2 2 2 2 2 2 2 2 2 2 2 2
left_child=2 3 6 4 9 27 7 8 -1 -2 16 13 14 -12 -13 -7 -4 18 -18 20 21 22 24 -21 25 26 29 28 -3 -19
right_child=1 5 10 -5 -6 15 -8 -9 -10 -11 11 12 -14 -15 -16 -17 17 19 -20 23 -22 -23 -24 -25 -26 -27 -28 -29 -30 -31
leaf_value=-0.019349651675623119 -0.0036794914780026357 0.021263866312529994 0.0041910398200562847 -0.0060421368366005666 0.016897448241672365 0.033644455562949045 -0.014981416916956878 0.0078350845971327694 -0.0036055445976470261 0.0057455508010330579 -0.001639426657220569 0.0022152858295588556 0.019422809310253746 -0.012112871716087074 0.011034261496555555 0.04745405298001084 -0.0027276913975400096 0.0046940594251770173 -0.012268102486704563 -0.0086491936874996105 0.0073062209671262996 -0.0047305664694531502 0.007557241576170274 -0.0022482387680413411 -0.0062352480190150982 0.0021502388462826291 -0.0088091877827976197 0.016897448241672365 0.033644455562949045 -0.0017990656532509226
leaf_weight=27.393925627693534 122.86772830039263 24.879655316472054 83.209704898297787 96.096145261079073 59.02297062985599 11.330666480585931 71.830778460949659 27.709898047149181 63.193622689694166 88.488934576511383 210.56424202024937 140.93451630324125 58.918039070442319 95.037185177206993 70.481987409293652 30.539378293789923 125.93537808954716 57.686164397746325 56.089950304478407 100.3790373429656 84.3271639123559 253.00385498255491 98.830931760370731 497.37478198111057 101.58904296904802 413.06369422376156 81.326966315507889 11.320505754090844 27.361121034249663 892.22651199251413
leaf_count=964 971 1046 1074 571 672 498 1091 469 856 662 1418 877 1171 714 645 2202 1358 608 594 981 461 1487 591 2309 609 2669 596 494 1654 7958
internal_value=-0.00028512 0.00850612 -0.00143398 0.0017279 0.00448946 0.032067 -0.00850441 -0.00457154 -0.00836661 0.000266502 -0.00104102 0.00128122 0.00826487 -0.0048965 0.00515535 0.0413118 -0.00151113 -0.00168292 -0.00566751 -0.00140178 -0.000822335 -0.00118353 -0.000637903 -0.00332313 -0.00116183 -0.000804977 -0.00198869 0.0259771 0.0291087 -0.00140475
internal_weight=4083.01 471.907 3611.11 366.476 270.38 105.431 190.128 118.297 90.5875 211.357 3420.98 575.936 270.335 305.601 211.417 41.87 2845.04 2761.83 182.025 2579.81 1982.05 1897.73 1644.72 597.754 1545.89 1444.3 1031.24 63.5613 52.2408 949.913
internal_count=38270 8770 29500 2876 2305 5894 3380 2289 1820 1633 26120 4825 2693 2132 1522 2700 21295 20221 1952 18269 14979 14518 13031 3290 12440 11831 9162 3194 2700 8566
is_linear=0
shrinkage=0.05


Tree=81
num_leaves=31
num_cat=0
split_feature=1 0 0 0 1 1 0 1 1 0 1 1 1 1 1 1 1 1 0 1 1 1 1 1 1 1 0 1 1 1
split_gain=11.9557 26.6294 6.82319 5.33886 4.30919 4.14671 4.04354 2.90427 1.46217 1.44877 4.68527 1.35354 1.34447 1.27015 1.70032 1.23982 1.1554 0.910133 0.979185 0.835382 0.817371 0.651966 0.633549 0.707824 0.615189 1.26875 0.636178 1.91277 0.598579 0.562976
threshold=24.890867000000004 94.379800000000017 70.322435000000027 110.66012500000001 6.6674260000000016 35.569485500000006 78.432805000000016 39.060131500000004 6.2011315000000016 96.543190000000024 18.195942000000002 19.026529500000006 -6.6622614999999987 3.9987590000000002 5.0533280000000014 13.720637500000002 0.7573605000000001 31.355935500000005 102.56563500000001 2.3061595000000001 8.5627025000000021 -2.6246229999999997 19.714772000000004 15.130106500000002 -10.369385999999999 -13.543357499999997 73.182640000000006 -19.543540499999995 -1.3474854999999997 28.650046000000003
decision_type=2 2 2 2 2 2 2 2 2 2 2 2 2 2 2 2 2 2 2 2 2 2 2 2 2 2 2 2 2 2
left_child=3 2 -2 4 8 -4 22 17 12 11 -11 15 24 16 -15 20 21 18 29 -18 -8 -14 23 -6 25 26 -1 -28 -23 -3
right_child=1 7 5 -5 6 -7 9 -9 -10 10 -12 -13 13 14 -16 -17 19 -19 -20 -21 -22 28 -24 -25 -26 -27 27 -29 -30 -31
leaf_value=-0.014176032032591188 -0.01251413647136459 0.035189032817065105 0.012378738529941449 0.010530856016773699 -0.01110368401412898 -0.0020936459279876358 -0.00015320440924250137 0.018583687041499371 -0.011932504490996455 -2.586052702217261e-05 0.0045972786922024471 -0.0042865540672538628 -0.00055431842038522103 -0.010473708362509767 -0.0017325681000046177 -0.00015320440924250137 0.0045972786922024471 0.048385549488977254 0.044830970777843121 -0.0011368480870661147 -0.0042865540672538628 -0.0093626610862776721 -0.013384077066907066 -0.0042865540672538628 -0.010385599012390587 0.0025652440937567553 0.00020312382856813569 -0.0099267630284559059 -0.0030852259425901115 0.019886490982442898
leaf_weight=27.819466051645577 65.654023081064224 15.859624546021225 113.18153188750148 97.306645547971129 44.396915968507528 87.961735304445028 68.496391080319881 8.9863977897912246 55.4588742852211 1448.2243249639869 139.66340261418372 182.144012497738 137.44228231534362 101.03677300363779 123.80038499087095 354.67413548380136 93.544575218111277 20.637099530547857 17.169727307744324 118.48369646072388 264.08644963800907 57.003718983381987 47.753424689173698 39.048158917576075 79.268729602918029 41.452498137950897 65.189962189644575 40.452949531376362 113.75988786667585 9.6781562585383636
leaf_count=1033 675 886 881 653 540 517 636 340 441 7976 3033 1103 1498 901 1034 2256 1027 1374 1345 1188 2230 611 637 540 1051 602 885 672 1224 573
internal_value=-0.000212571 0.00877683 0.00148158 -0.00102758 -0.0013363 0.00604984 -0.000238632 0.0356858 -0.0040302 0.000217998 0.00111634 -0.00142275 -0.00359162 -0.00252039 -0.00566064 -0.000375199 -0.00116322 0.0397638 0.0355976 0.0016777 -0.00322264 -0.00311762 -0.00879111 -0.00616267 -0.00673165 -0.00507573 -0.00744897 -0.00567749 -0.00518074 0.0293898
internal_weight=4079.64 339.128 266.797 3740.51 3643.2 201.143 2588.49 72.331 1054.71 2457.29 1587.89 869.401 999.255 745.071 224.837 687.257 520.234 63.3446 42.7075 212.028 332.583 308.206 131.198 83.4451 254.184 174.915 133.462 105.643 170.764 25.5378
internal_count=38362 6591 2073 31771 31118 1398 18951 4518 12167 17234 11009 6225 11726 7483 1935 5122 5548 4178 2804 2215 2866 3333 1717 1080 4243 3192 2590 1557 1835 1459
is_linear=0
shrinkage=0.05


Tree=82
num_leaves=31
num_cat=0
split_feature=1 0 1 0 1 0 1 1 0 1 0 1 1 1 0 1 1 0 1 1 0 1 1 1 1 1 1 1 1 1
split_gain=15.4069 24.7312 4.40791 12.0677 4.79831 3.51404 2.02859 1.99618 1.40769 1.32577 1.87622 1.31483 1.25572 1.23611 1.14624 1.00918 2.66116 0.92201 1.0082 0.862237 0.784732 0.633934 0.624539 0.535039 1.3865 1.46725 0.605907 1.1254 1.73946 0.908005
threshold=23.482148500000005 94.808555000000013 15.377434000000003 100.35868500000001 18.523872000000004 73.182640000000006 39.060131500000004 24.278532000000002 111.11673000000002 18.870009500000005 93.379845000000003 35.569485500000006 13.400919000000002 12.6476065 103.80066500000002 -26.122594999999997 -36.359374499999994 104.52859000000001 14.533550500000002 21.379609000000002 104.11609000000001 14.050973000000001 21.379609000000002 11.144069000000002 10.602863500000002 9.7070385000000012 -2.9450254999999994 3.5945530000000008 4.7124915000000014 5.3716260000000009
decision_type=2 2 2 2 2 2 2 2 2 2 2 2 2 2 2 2 2 2 2 2 2 2 2 2 2 2 2 2 2 2
left_child=2 5 8 9 20 -2 7 -3 12 -4 19 -7 13 15 -9 16 -1 18 21 -11 -5 -14 -6 24 25 26 -17 -28 -29 -30
right_child=1 6 3 4 22 11 -8 14 -10 10 -12 -13 17 -15 -16 23 -18 -19 -20 -21 -22 -23 -24 -25 -26 -27 27 28 29 -31
leaf_value=-0.021255693094560914 -0.0038628502214215661 0.019000844437258288 0.0003130632016526614 0.004644481073340906 0.018322591781177774 0.010413117792026713 0.019000844437258288 0.036080437303072609 0.0058544478514384012 -0.0044296812448487155 0.0029889904769088058 0.0019824058954055982 -0.0052771218548109842 0.0020416592732553558 0.050628956242695582 -0.0028973749782387876 0.0010170741855421289 0.00023237220147956673 -0.0025326503099511372 -0.011685030527466252 0.0098962614672063551 -0.01081463310010687 0.027972449668812811 -0.0032866416515427706 0.0020416592732553558 -0.0058537720497385667 0.0017970163763148122 -0.0078263765882498355 0.0020416592732553558 -0.0014151478492177485
leaf_weight=23.07691079005599 108.07217839360237 7.9641140401363364 350.76686394959688 97.800556182861328 59.84722838550806 126.56635271571577 8.4215997327119094 44.088254539296031 61.883471235632896 107.46775918081403 61.167791185900569 72.874562859535217 128.64034131914377 177.13616721332073 19.538627250120044 325.54921289347112 32.018340207636356 94.99809068441391 149.83009382337332 66.158842530101538 103.33306962996721 86.394537292420864 23.292970148846507 333.9040507376194 120.19403603672981 174.95768667757511 371.74280665442348 96.76631398126483 65.301580183207989 567.42830938100815
leaf_count=924 1050 440 2161 489 1057 962 329 2818 328 800 699 448 757 1047 1594 4304 437 394 891 510 651 494 813 2076 744 1186 3963 871 590 4538
internal_value=0.000358354 0.00984109 -0.000640327 0.00246998 0.0109224 0.00339807 0.0346036 0.037519 -0.00160318 -0.00163343 -0.00454136 0.00733258 -0.00177113 -0.00129196 0.040548 -0.00163386 -0.00831198 -0.00415528 -0.00529767 -0.00719427 0.00674593 -0.00750193 0.0210261 -0.00145489 -0.0010997 -0.00153223 -0.0010023 -0.000442081 -0.0015831 -0.000628285
internal_weight=4067.18 387.526 3679.66 869.835 284.274 307.513 80.0126 71.591 2809.82 585.561 234.794 199.441 2747.94 2288.08 63.6269 2110.94 55.0953 459.863 364.865 173.627 201.134 215.035 83.1402 2055.84 1721.94 1601.75 1426.79 1101.24 729.496 632.73
internal_count=38365 7641 30724 7180 3010 2460 5181 4852 23544 4170 2009 1410 23216 20680 4412 19633 1361 2536 2142 1310 1140 1251 1870 18272 16196 15452 14266 9962 5999 5128
is_linear=0
shrinkage=0.05


Tree=83
num_leaves=31
num_cat=0
split_feature=1 0 1 0 1 1 0 0 1 1 0 1 1 1 1 0 0 1 1 1 1 0 1 1 1 1 1 1 1 1
split_gain=17.9395 26.0206 4.40546 3.89067 5.34778 2.77192 2.34244 1.04596 2.62306 2.32171 1.47381 1.01551 0.984196 0.685379 2.25212 1.11541 0.541206 0.528791 0.359743 0.478512 0.310784 1.08299 1.49725 0.578716 0.416958 1.52721 0.904801 0.923735 0.841546 1.25712
threshold=23.661935000000003 95.194935000000015 8.9436125000000022 75.22111000000001 35.006506000000009 39.060131500000004 110.26898500000001 91.472660000000005 17.374357000000003 20.428562000000003 96.746215000000021 8.4381390000000014 33.35857450000001 12.869179500000003 12.310562500000001 102.48281000000001 103.80066500000002 10.396335500000001 13.513445000000003 11.027724000000001 -13.543357499999997 73.182640000000006 -23.565164499999998 -8.617210499999997 1.4741875000000004 4.5531645000000003 3.7978405000000004 2.3061595000000001 -2.6246229999999997 -6.6622614999999987
decision_type=2 2 2 2 2 2 2 2 2 2 2 2 2 2 2 2 2 2 2 2 2 2 2 2 2 2 2 2 2 2
left_child=2 3 11 12 -5 16 7 9 13 18 -10 20 -2 14 15 -9 -3 -17 19 -4 21 -1 -23 -22 28 26 27 -26 29 -25
right_child=1 5 6 4 -6 -7 -8 8 10 -11 -12 -13 -14 -15 -16 17 -18 -19 -20 -21 23 22 -24 24 25 -27 -28 -29 -30 -31
leaf_value=-0.01349780713727217 -0.0067917038886561231 0.038447512100046613 -6.8141184914086766e-05 0.0170594974476929 0.0037389504710586456 0.021191709342628012 0.0095107266651605019 -6.8141184914086766e-05 -6.8141184914086766e-05 -0.0082772488243198737 0.0050637810969482722 -0.008305835076426276 0.0019647753883812748 -6.8141184914086766e-05 0.0050637810969482722 0.0050637810969482722 0.048211705477454916 0.001556509381319015 -6.8141184914086766e-05 -0.0055448236113225594 0.0021981409688354419 0.0041157377053068949 -0.0077302438473856976 -0.008353586200319332 0.0047951365246551581 -0.0032556993435154122 0.0064909098398111403 -0.0031087862147266224 -0.0057890449114835936 0.0011065391134972525
leaf_weight=27.30266035720706 58.434740826487541 44.484533973969519 51.529660537838936 107.44328537583351 66.493136947974563 7.7490180470049372 76.59796073846519 310.0512530207634 88.36133486405015 98.786816827952862 182.46383311040699 75.171583987772465 71.175515569746494 739.21061995625496 106.64046896994114 106.51833111047745 20.839941404759884 161.25684778392315 294.37458171322942 71.602528154850006 74.382593324407935 48.889321815222502 58.702787909656763 46.53350643068552 56.925135608762503 471.48945962637663 69.185595124959946 105.42970722541213 213.89432563260198 143.14170178025961
leaf_count=1013 715 2901 525 873 440 313 485 2133 492 791 2784 589 467 3518 586 598 1755 799 2496 719 1044 678 927 613 616 3920 597 1078 2307 1563
internal_value=0.000629419 0.0110228 -0.000434715 0.00457452 0.00946098 0.0378089 0.000914665 0.000616836 0.00121715 -0.00135343 0.00506378 -0.00265359 -0.00198308 0.000350245 0.00162521 0.0001904 0.0415625 0.00318116 -6.81412e-05 -0.00284778 -0.0023307 -0.00460431 -0.00234749 -0.002071 -0.00235796 -0.00162261 0.00170287 -0.000337499 -0.00363896 -0.00121434
internal_weight=4055.06 376.62 3678.44 303.547 173.936 73.0735 2287.39 2210.8 1694.5 516.294 270.825 1391.05 129.61 1423.68 684.467 577.826 65.3245 267.775 417.507 123.132 1315.88 134.895 107.592 1180.98 1106.6 703.03 231.54 162.355 403.57 189.675
internal_count=38335 7464 30871 2495 1313 4969 15926 15441 10910 4531 3276 14945 1182 7634 4116 3530 4656 1397 3740 1244 14356 2618 1605 11738 10694 6211 2291 1694 4483 2176
is_linear=0
shrinkage=0.05


Tree=84
num_leaves=31
num_cat=0
split_feature=1 0 1 1 0 1 1 0 0 1 1 1 1 1 0 1 1 0 1 1 1 1 1 1 1 0 0 0 0 1
split_gain=10.3503 26.8842 2.9446 2.02887 6.78846 5.06526 1.73901 1.44615 1.19966 1.55304 1.39014 1.10904 1.93109 1.54379 1.81637 0.917793 0.839174 1.23787 0.815451 1.0232 0.765181 2.3394 1.02934 0.689927 1.00688 1.30967 0.859585 0.563748 3.83476 1.26538
threshold=20.228838000000003 96.746215000000021 22.514860500000001 44.139004500000006 87.476700000000008 24.083189500000003 5.8891125000000004 104.79504000000001 96.543190000000024 12.129366500000001 13.513445000000003 12.310562500000001 13.849570500000002 16.496098500000002 100.59646000000002 4.3640120000000016 22.899860000000004 75.22111000000001 26.397110000000001 35.569485500000006 1.4741875000000004 -0.23123699999999997 -1.9481454999999999 14.533550500000002 15.502636500000003 88.324150000000017 81.422705000000022 73.182640000000006 64.157455000000013 -16.763144999999998
decision_type=2 2 2 2 2 2 2 2 2 2 2 2 2 2 2 2 2 2 2 2 2 2 2 2 2 2 2 2 2 2
left_child=6 3 -3 4 16 -6 15 18 9 -8 -11 -10 -13 -14 -15 20 -2 -18 -4 -20 21 22 27 -12 -25 26 -26 28 -1 -29
right_child=1 2 7 -5 5 -7 8 -9 11 10 23 12 13 14 -16 -17 17 -19 19 -21 -22 -23 -24 24 25 -27 -28 29 -30 -31
leaf_value=-0.02818702208502509 0.0027144457550654566 0.016611071469005746 0.021030860421712618 -0.0078322367798324081 0.0054230794021594853 0.013774357531689757 -0.00076766985974920598 0.043833136316471281 -0.00076766985974920598 -0.0091650219220323001 -0.00076766985974920598 0.0053603029298895447 -0.00076766985974920598 -0.00076766985974920598 0.0070044021838514652 -0.0064709060526247884 -0.0073218639428119479 0.00034753898505407292 0.036237336328839145 0.018765714251206773 0.00034924401288011925 -0.010307190230689623 0.0030627884359632034 -0.0087867507067241699 -0.010599890907484182 -0.00076766985974920598 -0.003479830906043617 0.0031441102265970106 -0.0054606918199827581 -0.0037748134717452315
leaf_weight=19.31060210056603 66.991864196956158 43.260713702067733 21.633050943724811 62.962124858051538 49.887973917648196 50.485155547037721 282.13136805221438 21.729245220310986 809.94484991580248 97.153147324919701 80.020138673484325 248.52920179069042 367.80509459972382 73.383256085216999 146.43981086835265 151.7895310074091 111.66545688360929 99.487813502550125 25.223896170966327 9.2814328363165242 211.91015063598752 95.907777011394501 89.785493489354849 77.32211035490036 63.074953082948923 185.1409924775362 79.484022624790668 84.599008474498987 18.453464891761541 301.91685409098864
leaf_count=837 602 1057 1160 359 377 1000 2585 1659 5138 825 617 1184 1598 425 1341 1353 1111 487 1890 482 2114 1055 948 609 801 859 560 1182 386 3720
internal_value=-8.90213e-05 0.00620369 0.0270701 0.000478607 0.00186102 0.0130075 -0.00110516 0.0328808 -0.000409483 -0.00191787 -0.00370586 0.000382535 0.00166551 0.000102845 0.00365759 -0.00289884 -0.00216138 -0.00370832 0.0286415 0.033413 -0.00223913 -0.00313835 -0.00180088 -0.0026124 -0.00365453 -0.00244356 -0.00619199 -0.00283012 -0.00866096 -0.00226043
internal_weight=4046.71 562.609 121.128 441.48 378.518 100.373 3484.1 77.8676 2510.43 864.327 582.195 1646.1 836.157 587.628 219.823 973.673 278.145 211.153 56.1384 34.5053 821.883 609.973 514.065 485.042 405.022 327.7 142.559 424.28 37.7641 386.516
internal_count=38321 10184 6248 3936 3577 1377 28137 5191 16542 6856 4271 9686 4548 3364 1766 11595 2200 1598 3532 2372 10242 8128 7073 3446 2829 2220 1361 6125 1223 4902
is_linear=0
shrinkage=0.05


Tree=85
num_leaves=31
num_cat=0
split_feature=1 0 1 1 0 1 0 0 1 1 1 1 1 1 0 1 1 0 1 0 1 1 1 1 1 1 1 1 1 1
split_gain=4.12999 9.23912 20.5092 4.30632 4.41353 3.64261 1.91022 1.909 1.6592 1.50658 1.16771 1.35677 2.34595 1.10732 1.02312 1.03557 0.949897 0.650222 0.545773 0.488501 0.411956 0.911706 0.903176 1.59129 0.981412 0.838518 0.709444 0.766152 0.662269 0.878638
threshold=13.720637500000002 100.35868500000001 21.922323000000002 41.879956500000006 81.028915000000026 24.278532000000002 73.685200000000023 60.341710000000006 15.377434000000003 18.364714500000002 11.561916500000001 -6.6622614999999987 -23.565164499999998 18.704101500000004 102.80447500000001 26.646057500000001 12.6476065 99.536495000000016 27.390394500000003 103.48565000000001 -4.5264704999999994 -1.9481454999999999 0.53227800000000014 -0.78220649999999992 2.9478600000000004 6.2011315000000016 8.8289620000000024 8.3030100000000022 9.8197930000000024 10.281606000000002
decision_type=2 2 2 2 2 2 2 2 2 2 2 2 2 2 2 2 2 2 2 2 2 2 2 2 2 2 2 2 2 2
left_child=6 3 9 4 13 8 7 -1 -6 -3 11 12 -8 -2 15 -4 19 -18 -15 -12 -13 -22 23 -23 -24 -26 27 -27 -28 -30
right_child=1 2 14 -5 5 -7 10 -9 -10 -11 16 20 -14 18 -16 -17 17 -19 -20 -21 21 22 24 -25 25 26 28 -29 29 -31
leaf_value=-0.021117650957594134 -0.0011209410928564761 0.0039304826016707444 0.014969543976490347 -0.011493984618676444 0.0039304826016707444 0.0039304826016707444 0.0065147123809554067 -0.004842774352591229 -0.0011209410928564761 0.011289459759185723 -0.004842774352591229 0.0044734339859148859 -0.004842774352591229 -0.0090933045737085216 0.041164975487694017 0.03425474279104853 -0.0035610482085074295 0.0014925993634087109 -0.0039835066947073059 -0.0010482666321150716 -0.0043021092874888566 0.010704872750769413 -0.0035520740820503675 -0.00061742733705028605 0.0030148275480553653 -0.00052789327454196369 0.0036864559424531658 -0.004842774352591229 -0.0046185235896101075 0.001219513250379347
leaf_weight=22.660307621583343 60.073796518146992 375.20981130748987 9.6811175998300332 77.746718283742666 185.55253622680902 95.235961685888469 47.706210747361183 47.214320793747902 509.14589988254011 71.17185590788722 161.7148050069809 61.157447151839733 176.10548694431782 110.45390800759196 36.397307242266834 11.504999672994016 110.90291605889797 149.38156907260418 99.180266834795475 85.216273546218872 101.04602192342281 58.307978890836239 152.05646093934774 66.340523406863213 296.5432912632823 265.71451296657324 166.74251283705235 73.146362476050854 83.57710076123476 281.59958705306053
leaf_count=855 747 1851 490 507 1138 2233 645 819 3164 1318 1095 717 2512 1243 2735 789 806 683 793 390 1028 596 1628 729 2619 2169 1188 573 577 1758
internal_value=0.000427268 0.00236123 0.0079968 -0.000135839 0.000697517 0.00258305 -0.000891442 -0.00903765 3.52187e-05 0.00437404 -0.000647903 -5.95335e-05 -0.0037067 -0.00482493 0.0360801 0.0273445 -0.00277075 -0.000660676 -0.0066758 -0.00484277 0.000448662 0.000289352 0.00061064 0.00467891 0.00022629 0.000718463 -6.35619e-05 -0.00185164 0.00107554 -0.000116624
internal_weight=4048.49 1641.35 503.965 1137.39 1059.64 789.934 2407.13 69.8746 694.698 446.382 2337.26 1830.04 223.812 269.708 57.5834 21.1861 507.216 260.284 209.634 246.931 1606.23 1545.07 1444.03 124.649 1319.38 1167.32 870.78 338.861 531.919 365.177
internal_count=38395 17008 7183 9825 9318 6535 21387 1674 4302 3169 19713 16739 3157 2783 4014 1279 2974 1489 2036 1485 13582 12865 11837 1325 10512 8884 6265 2742 3523 2335
is_linear=0
shrinkage=0.05


Tree=86
num_leaves=31
num_cat=0
split_feature=1 0 1 1 0 0 1 0 1 1 1 1 0 1 0 1 1 1 1 1 1 1 0 1 0 1 1 1 1 1
split_gain=10.5107 17.3528 6.33816 2.75642 2.19449 2.05182 1.38384 4.41822 2.66774 1.80269 1.16441 1.36234 1.5328 0.978078 0.999774 0.775485 1.61084 0.903852 0.826375 0.752879 0.677727 0.773864 0.637567 0.635154 0.587676 0.931956 0.56038 1.15251 0.472831 0.457502
threshold=18.364714500000002 96.746215000000021 24.278532000000002 9.5757900000000014 103.41552500000002 102.56563500000001 23.661935000000003 79.756050000000016 35.569485500000006 37.884339500000003 -11.815307999999998 -15.487797499999997 73.182640000000006 13.623574000000001 105.96054500000001 10.810903500000002 12.310562500000001 16.935424500000003 11.561916500000001 19.714772000000004 26.646057500000001 29.460978500000003 100.35868500000001 20.228838000000003 84.000045000000014 4.1760890000000011 13.400919000000002 14.533550500000002 15.910527000000002 2.0921470000000002
decision_type=2 2 2 2 2 2 2 2 2 2 2 2 2 2 2 2 2 2 2 2 2 2 2 2 2 2 2 2 2 2
left_child=3 6 23 10 15 20 19 9 -9 -8 11 12 -1 -6 -15 -5 18 22 -17 -2 -4 -22 26 -3 25 -12 -18 -28 -29 -26
right_child=1 2 5 4 13 -7 7 8 -10 -11 24 -13 -14 14 -16 16 17 -19 -20 -21 21 -23 -24 -25 29 -27 27 28 -30 -31
leaf_value=-0.014737213440902697 0.0022493392559418085 0.01026922366396648 0.012001929821031137 0.0011652101230217027 0.0012165868749066987 0.044247626259684175 -0.0050241477425994815 0.01026922366396648 0.0044393933597910579 0.0044393933597910579 -0.0036226813848283302 -0.014871199103445781 -0.00088447794751741787 0.0022199277953746494 0.0086724416987538893 -0.0019713618301594503 0.0002170461942965633 -0.0036310717937895949 -0.0080648291805101562 -0.0034502998477372927 0.034599673864753093 0.022024882798507228 0.0011652101230217027 0.016655986131856891 -0.0029698410763033161 -0.011482308673827638 -0.005581841350567095 0.0002170461942965633 -0.003068590674584969 -0.00096074483161623717
leaf_weight=25.573424021713436 90.698282245546579 65.050445210188627 7.7272504363209 149.21186047792435 314.46267314255238 23.724890738725662 119.90562247484922 82.11645042989403 46.243592195212841 63.45510496199131 62.417201647534966 37.536452565342188 91.118474151939154 119.76145719736814 120.3687309846282 110.38102271407843 125.19729721546173 164.8696079775691 112.19421777129173 160.411043824628 7.7922794865444329 17.336364012211561 186.28536413609982 59.385462603531778 443.94051265716553 44.178788281977177 141.33478238433599 163.75767280906439 110.99545984715223 783.34249833971262
leaf_count=994 582 873 484 1140 1483 2197 1101 1000 420 365 806 634 1300 580 653 781 905 1009 773 1271 556 1125 840 1915 4993 494 938 1087 675 6485
internal_value=0.000331478 0.00570164 0.0191678 -0.000876465 0.000429263 0.0330427 0.00137069 0.00359591 0.0102692 -0.00139044 -0.00247237 -0.00658559 -0.00392035 0.00305147 0.00545434 -0.00072105 -0.00123746 -0.000288381 -0.00504292 -0.00139164 0.0249517 0.0289339 0.000469083 0.0128589 -0.00199679 -0.00555788 -0.000731118 -0.00191285 -2.55036e-05 -0.00168749
internal_weight=4050.77 743.847 181.017 3306.93 1818.82 56.5808 562.83 311.721 128.36 183.361 1488.11 154.228 116.692 554.593 240.13 1264.23 1115.02 892.44 222.575 251.109 32.8559 25.1286 727.571 124.436 1333.88 106.596 541.285 416.088 274.753 1227.28
internal_count=38459 11889 7150 26570 10864 4362 4739 2886 1420 1466 15706 2928 2294 2716 1233 8148 7008 5454 1554 1853 2165 1681 4445 2788 12778 1300 3605 2700 1762 11478
is_linear=0
shrinkage=0.05


Tree=87
num_leaves=31
num_cat=0
split_feature=1 1 0 1 0 1 1 1 0 1 1 1 0 1 0 1 1 1 0 1 1 1 1 1 1 1 1 1 1 1
split_gain=10.1395 28.1421 29.6866 2.9485 3.22417 4.22025 2.52385 2.22235 2.12934 1.90932 1.85045 1.78296 2.20807 1.77528 1.39117 1.46927 1.12808 1.07667 0.893398 1.22785 1.59845 0.702367 0.629514 0.57175 0.333628 1.81146 3.7934 0.664024 0.658114 1.14985
threshold=23.482148500000005 55.118797500000007 86.931550000000016 8.6935790000000015 100.35868500000001 16.496098500000002 40.301649000000005 10.048001000000001 75.22111000000001 21.551369000000005 10.166312000000003 19.872942500000004 104.27580500000002 13.400919000000002 102.56563500000001 32.442796500000007 29.178669500000005 14.659504500000002 91.831240000000022 16.935424500000003 19.026529500000006 26.646057500000001 32.876920500000004 21.379609000000002 -15.487797499999997 -32.203934499999995 -41.37671799999999 -9.1617669999999976 -3.6699494999999995 -1.9481454999999999
decision_type=2 2 2 2 2 2 2 2 2 2 2 2 2 2 2 2 2 2 2 2 2 2 2 2 2 2 2 2 2 2
left_child=3 2 8 24 9 7 14 -6 22 10 -5 12 -7 -12 15 16 21 -15 19 -19 -21 -4 -2 -13 25 26 -1 -26 -29 -30
right_child=1 -3 6 4 5 11 -8 -9 -10 -11 13 23 -14 17 -16 -17 -18 18 -20 20 -22 -23 -24 -25 27 -27 -28 28 29 -31
leaf_value=-0.026293451820099165 -0.0075114649731690096 -0.042590776166774626 0.025218140316484169 -0.007950736523538204 0.0063756857435734969 -9.9367815079511913e-05 0.015859193065810819 -9.9367815079511913e-05 0.0058439404566799497 -0.00975881504315846 -9.9367815079511913e-05 0.012011080870981419 0.011847227983552512 -0.0064319984749776314 0.044343120769014956 0.037527427702598287 0.015859193065810819 -0.0019177797554040398 -9.9367815079511913e-05 -0.011002200694666772 -0.0019177797554040398 0.037527427702598287 -0.00050944681287634196 0.023200801791960653 -0.0079160023694572167 0.0032205374495864812 0.0075384323719912775 -0.00012291178836954504 -0.0096017172121937375 -0.0031678242036459652
leaf_weight=17.820744508877397 59.624277506023645 26.411357261240482 25.884746270254254 101.71342029049993 135.64384297281504 65.123904839158058 13.132705653086303 713.54237201809883 105.05665339529514 74.257508274167776 341.88771910220385 24.671791289001703 72.277895752340555 154.18803626298904 24.216373388655484 24.367806823924184 15.527902138419448 102.80641905963421 312.22632069885731 97.405174825340509 93.983447626233101 16.641807464882731 69.534371070563793 21.246950464323163 79.358065208420157 83.804982235655189 15.484865351580082 152.00332538224757 75.153683684766293 914.01027474552393
leaf_count=768 753 162 898 912 804 513 300 3379 499 749 2553 546 703 1034 2339 870 708 935 1617 768 726 695 465 818 1221 1221 328 1863 780 8438
internal_value=-0.000570748 0.0071975 0.0109123 -0.00138065 -0.000299274 0.00177889 0.0311605 0.000293651 0.000557842 -0.00197763 -0.0014978 0.00865889 0.00580831 -0.00090247 0.0338073 0.0307117 0.0261598 -0.00270128 -0.00175271 -0.00373619 -0.00651359 0.0303905 -0.00374183 0.0171886 -0.0032489 -0.000699682 -0.0105639 -0.0034935 -0.00318596 -0.00365665
internal_weight=4029.01 380.398 353.987 3648.61 2310.97 1032.51 119.771 849.186 234.215 1278.47 1204.21 183.321 137.402 1102.5 106.639 82.4223 58.0545 760.609 606.421 294.195 191.389 42.5266 129.159 45.9187 1337.64 117.111 33.3056 1220.53 1141.17 989.164
internal_count=38365 7689 7527 30676 16057 6763 5810 4183 1717 9294 8545 2580 1216 7633 5510 3171 2301 5080 4046 2429 1494 1593 1218 1364 14619 2317 1096 12302 11081 9218
is_linear=0
shrinkage=0.05


Tree=88
num_leaves=31
num_cat=0
split_feature=1 0 1 0 0 1 0 1 1 1 1 1 1 1 1 1 1 1 1 1 1 1 1 1 1 1 0 1 1 1
split_gain=13.4016 21.2254 3.06225 2.58199 2.43641 2.75249 1.51419 1.67386 1.28459 1.24259 1.58702 1.81182 1.26489 1.7898 1.2493 1.21636 1.8439 1.6545 0.940459 0.90538 0.854674 1.86755 1.48046 0.840585 0.822987 1.07453 0.696782 0.57023 0.787979 0.925763
threshold=23.482148500000005 94.379800000000017 15.130106500000002 102.56563500000001 101.52216000000001 17.213393000000003 75.22111000000001 32.876920500000004 33.35857450000001 3.7978405000000004 11.561916500000001 4.5531645000000003 9.5757900000000014 10.048001000000001 12.6476065 -28.972538499999995 -36.359374499999994 -1.6518409999999999 20.428562000000003 8.9436125000000022 7.2267535000000009 6.3552920000000013 5.8891125000000004 13.400919000000002 18.015394000000004 18.870009500000005 84.706745000000026 15.761743000000001 18.195942000000002 17.213393000000003
decision_type=2 2 2 2 2 2 2 2 2 2 2 2 2 2 2 2 2 2 2 2 2 2 2 2 2 2 2 2 2 2
left_child=2 6 9 -3 18 -6 7 -2 -8 15 11 -11 19 -14 -12 16 -1 -17 27 20 21 22 -13 -16 -7 -26 -20 -4 29 -29
right_child=1 3 4 -5 5 24 8 -9 -10 10 14 12 13 -15 23 17 -18 -19 26 -21 -22 -23 -24 -25 25 -27 -28 28 -30 -31
leaf_value=-0.022004335361259897 -0.007764959069856252 0.026474697023677274 0.0026007114831627706 0.046527845707011489 0.0026007114831627706 0.017911718755625416 0.0098871161075993145 0.0025662019091592537 0.0025662019091592537 0.0077314957744208414 -0.0059645860682067675 -0.0030544288826623699 0.0079039860583733686 -0.00014622362107892281 0.0011299968032655781 -0.00099449973616591342 -0.0013972360253539028 -0.0058119186970644809 -0.0080377440889421291 -0.0062203845878923553 0.0010259885438529839 -0.0084513579068833441 0.0063327887192195431 -0.0029646747173665716 0.0026007114831627706 0.012655660958447251 -0.00073943855771437244 0.00043227507412198723 0.0025233736790535631 -0.0056399474483824832
leaf_weight=21.971953189000487 54.724584415555 45.060207569971681 80.375812523066998 24.934604924172163 142.80396702885628 34.252540104091167 101.11726628988981 75.419950939714909 72.381791621446609 69.346022743731737 245.83516745269299 133.38617881387472 87.247675515711308 330.9324013069272 179.66506285220385 388.25482018478215 21.455497762188315 329.47279083356261 59.590408377349377 106.01439964771271 243.86774875968695 101.96564953401685 61.305339001119137 414.50795113295317 25.461130253970623 56.627922782674432 72.481515504419804 168.19836857914925 169.18916675075889 100.13916340470314
leaf_count=913 694 2869 501 2453 705 249 729 503 468 597 1505 1203 605 2112 1051 5042 301 3522 598 775 1958 883 457 2285 260 1494 789 1016 1207 601
internal_value=-0.000221139 0.00879723 -0.00114575 0.0336183 0.00136826 0.00546757 0.00307556 -0.00100118 0.00613359 -0.00198134 -0.0013196 -9.94785e-05 -0.000609516 0.00153334 -0.00296683 -0.0036976 -0.0118233 -0.00320594 -0.000266146 -0.00199551 -0.00116688 -0.00296953 -9.85397e-05 -0.00172653 0.0114015 0.00868505 -0.00403241 0.0006943 -0.000148892 -0.00183378
internal_weight=4017.99 373.638 3644.35 69.9948 909.12 259.146 303.644 130.145 173.499 2735.23 1974.07 1134.07 1064.72 418.18 840.008 761.155 43.4275 717.728 649.974 646.539 540.525 296.657 194.692 594.173 116.342 82.0891 132.072 517.903 437.527 268.338
internal_count=38345 7716 30629 5322 7420 2708 2394 1197 1197 23209 13431 8590 7993 2717 4841 9778 1214 8564 4712 5276 4501 2543 1660 3336 2003 1754 1387 3325 2824 1617
is_linear=0
shrinkage=0.05


Tree=89
num_leaves=31
num_cat=0
split_feature=1 0 1 1 0 1 1 1 1 1 1 1 0 1 0 1 1 0 0 1 1 1 1 1 1 1 1 1 1 1
split_gain=8.24037 19.6574 5.719 3.6969 6.30736 2.41977 2.17121 2.65745 2.91011 1.48479 1.45938 1.55199 1.087 0.908948 0.876488 1.57514 0.802312 4.09125 0.731968 0.709084 1.07337 0.591204 0.565639 1.98874 1.32 0.547017 0.540811 0.860393 0.795104 0.915054
threshold=20.049193000000006 97.454175000000006 24.278532000000002 39.060131500000004 87.754610000000014 23.482148500000005 -7.1192084999999992 -32.203934499999995 -23.565164499999998 29.718270500000006 6.3552920000000013 5.8891125000000004 102.56563500000001 5.3716260000000009 96.543190000000024 13.720637500000002 17.374357000000003 101.36004500000001 75.658230000000017 12.024012500000003 10.281606000000002 14.178294500000002 -13.543357499999997 -10.369385999999999 -18.125642999999997 4.1760890000000011 8.5627025000000021 9.7070385000000012 11.467827000000002 12.406044500000002
decision_type=2 2 2 2 2 2 2 2 2 2 2 2 2 2 2 2 2 2 2 2 2 2 2 2 2 2 2 2 2 2
left_child=6 3 -3 4 9 -6 7 18 -9 -2 11 13 -4 25 15 19 21 -18 -1 20 -12 26 24 -24 -10 -8 -16 -28 -29 -30
right_child=1 2 12 -5 5 -7 10 8 22 -11 14 -13 -14 -15 16 -17 17 -19 -20 -21 -22 -23 23 -25 -26 -27 27 28 29 -31
leaf_value=-0.026825702247698952 -0.0034869847256356981 0.014089949645256165 0.030577758147301893 -0.0081310309898353205 0.005683016075833618 0.012469071638640512 0.00010589341697981848 0.0088491646533633578 -0.018116460236307502 0.0048832134694287172 -0.0067333743816483304 0.0085480966105914904 0.045725493190483663 -0.0060786568067805373 -0.0018817703313437956 -0.0018817703313437956 -0.0018817703313437956 0.011391980397984522 -0.011616338880344376 -0.0087276289547498255 -0.0018817703313437956 -0.0018817703313437956 0.0044365497992250123 -0.0095878238215773674 -0.0036694812256374935 0.0038749444734974478 0.0038140600263550416 -0.0018817703313437956 0.0038230074994238805 -0.00087203089794048042
leaf_weight=16.170190454460684 186.02633687108755 60.663142784498632 27.244375683367252 94.993627162650228 49.075199738144875 47.066765583120286 550.53108665719628 37.152527261525393 29.311484288424253 74.082502573728561 162.7544165328145 61.412057422101498 20.950659742578864 52.323519058525562 203.77187296748161 460.28080826997757 56.380552515387535 74.831754058599472 15.486979894340037 115.15266993641853 92.621071264147758 390.96420566737652 40.190894477069378 68.129224225878716 34.328307775780559 116.66754249855876 133.45919883996248 282.53430620580912 162.23204201459885 288.02896831929684
leaf_count=775 1557 1980 1933 626 374 1150 5908 460 464 561 1571 455 2216 460 1572 3278 384 856 304 970 806 1781 595 934 626 1053 875 1612 844 1344
internal_value=-0.000390744 0.0052339 0.0243049 0.0006332 0.00297017 0.0124691 -0.0013053 -0.00588446 -0.00384062 -0.00110304 -0.000961184 0.000918486 0.0371626 0.00026729 -0.001567 -0.00288348 -0.000880063 0.00286517 -0.0193851 -0.00547031 -0.00400153 -0.00121642 -0.00658229 -0.00438425 -0.0103235 0.000764956 -0.000472615 0.000121626 -0.000550852 0.000819623
internal_weight=4004.82 560.103 108.858 451.244 356.251 96.142 3444.72 240.77 209.112 260.109 3203.95 780.934 48.195 719.522 2423.01 830.809 1592.2 131.212 31.6572 370.528 255.375 1460.99 171.96 108.32 63.6398 667.199 1070.03 866.255 732.795 450.261
internal_count=38324 10397 6129 4268 3642 1524 27927 4158 3079 2118 23769 7876 4149 7421 15893 6625 9268 1240 1079 3347 2377 8028 2619 1529 1090 6961 6247 4675 3800 2188
is_linear=0
shrinkage=0.05


Tree=90
num_leaves=31
num_cat=0
split_feature=1 0 0 0 1 0 0 1 1 1 1 0 1 0 1 1 1 1 1 1 1 1 1 1 1 1 1 0 1 1
split_gain=7.84384 15.0393 4.37968 3.14919 2.42819 2.10253 1.28184 1.33193 1.22663 1.07353 0.905773 0.919595 0.855068 0.83237 0.794891 0.812728 0.678264 0.710869 0.846423 0.8313 5.12223 1.1697 0.634318 0.579227 0.54726 0.542852 0.531692 0.511326 0.46627 0.613149
threshold=24.687082000000004 94.379800000000017 70.322435000000027 111.11673000000002 13.720637500000002 102.56563500000001 84.706745000000026 19.714772000000004 36.273702000000007 26.882295500000001 19.714772000000004 94.928615000000022 36.273702000000007 103.55697500000001 13.400919000000002 9.5757900000000014 9.2114995000000022 8.6935790000000015 6.3552920000000013 4.1760890000000011 3.4001085000000004 -28.972538499999995 16.778936500000004 10.048001000000001 7.2267535000000009 16.496098500000002 5.7133730000000016 78.432805000000016 1.0000000180025095e-35 1.009676
decision_type=2 2 2 2 2 2 2 2 2 2 2 2 2 2 2 2 2 2 2 2 2 2 2 2 2 2 2 2 2 2
left_child=3 2 -2 4 14 9 7 25 -4 -3 13 -12 -11 22 15 16 17 18 19 20 21 27 -8 -17 -20 -6 -21 -1 -23 -30
right_child=1 5 8 -5 6 -7 10 -9 -10 12 11 -13 -14 -15 -16 23 -18 -19 24 26 -22 28 -24 -25 -26 -27 -28 -29 29 -31
leaf_value=-0.014271277066809763 -0.0085487026519069087 0.017267822049009462 0.0096644776477581226 0.0095011231389623366 -0.0061508304176756175 0.045164968931475535 0.0018504215784872779 -0.0070629493780428199 0.0018213824566755477 0.034861929867913262 -0.00022475026495940176 0.0044803385723091787 0.017267822049009462 0.0038873641532966813 -0.0064295202737957406 0.0037819482488581136 -0.0072434915584730078 0.0028002131527589467 -0.0074116057173729891 0.0029617473690640292 -0.015958117603456157 -0.0013483958200884393 -0.00022475026495940176 -0.00052654632712542009 -0.0028932743090894285 -0.00022475026495940176 -0.0021148034311164847 -0.0030368228623670968 0.0044803385723091787 -0.00019396809480703948
leaf_weight=22.399079232476652 63.595248773694038 7.4601955879479638 121.99447721242905 79.798910424113274 46.769263781607151 18.822271308861673 427.97618497163057 91.68648150190711 84.299917604774237 19.970295726321641 79.116041952744126 82.987695465795696 8.7329188762232643 228.73748595267534 78.744523115456104 87.126739479601383 59.963339947164059 78.793852712959051 101.41953312605619 152.26519047096372 62.050331830978394 468.83148792944849 242.74050355702639 745.31774847954512 197.55827836319804 68.745520874857903 77.998813919723034 18.488017957657576 51.563260681927204 151.84665940701962
leaf_count=887 668 501 959 531 545 2080 2233 908 494 1553 441 2443 425 1374 452 608 447 600 894 1364 582 5921 1322 4636 1610 740 606 303 581 1633
internal_value=0.000329513 0.0077788 0.00292304 -0.000324048 -0.000540446 0.0316126 0.00122282 -0.00237445 0.00645948 0.0245589 0.00192495 0.00448034 0.0299358 0.00128277 -0.00149066 -0.00131976 -0.00203741 -0.00181172 -0.0020903 -0.00139577 -0.00217934 -0.000980432 0.000394518 -7.56032e-05 -0.00442599 -0.00022475 0.00124213 -0.00919137 -0.000481027 0.00151814
internal_weight=4027.8 324.875 269.89 3702.92 3623.13 54.9857 1268.76 207.201 206.294 36.1634 1061.56 162.104 28.7032 899.454 2354.37 2275.62 1443.18 1383.21 1304.42 1005.44 775.179 713.129 670.717 832.444 298.978 115.515 230.264 40.8871 672.241 203.41
internal_count=38341 6680 2121 31661 31130 4559 10006 2193 1453 2479 7813 2884 1978 4929 21124 20672 15428 14981 14381 11877 9907 9325 3555 5244 2504 1285 1970 1190 8135 2214
is_linear=0
shrinkage=0.05


Tree=91
num_leaves=31
num_cat=0
split_feature=0 1 1 0 1 0 1 1 0 1 1 0 1 1 1 1 1 1 1 1 0 1 1 1 1 1 0 1 1 1
split_gain=3.89168 3.53124 6.76628 7.43809 1.36367 4.96609 1.95667 1.87679 1.12939 0.84211 1.49173 2.21427 1.40993 0.575684 1.01095 0.934277 0.871273 0.516558 2.81886 1.65981 1.19857 1.62679 1.1112 1.03237 0.809762 0.856175 0.598203 1.04958 0.382539 0.295664
threshold=111.68918000000001 25.106159000000002 48.301455000000004 79.756050000000016 23.294970500000002 82.240200000000002 20.228838000000003 24.083189500000003 97.454175000000006 -13.543357499999997 -23.565164499999998 85.393190000000018 -32.203934499999995 -2.6246229999999997 -4.9381519999999997 -10.369385999999999 -7.1192084999999992 13.720637500000002 14.050973000000001 11.144069000000002 91.831240000000022 16.054473000000005 15.254350000000001 9.5757900000000014 12.310562500000001 12.869179500000003 100.35868500000001 16.935424500000003 32.876920500000004 10.048001000000001
decision_type=2 2 2 2 2 2 2 2 2 2 2 2 2 2 2 2 2 2 2 2 2 2 2 2 2 2 2 2 2 2
left_child=1 4 3 28 6 -6 9 -7 -8 10 11 12 -1 14 15 -11 -17 19 -19 23 21 -20 -22 -15 -21 -26 -24 -28 -3 -25
right_child=-2 2 -4 -5 5 7 8 -9 -10 13 -12 -13 -14 17 -16 16 -18 18 20 24 22 -23 26 29 25 -27 27 -29 -30 -31
leaf_value=-0.014715831118406143 0.013885539812840748 -0.0071837772449267062 -0.01228618803928107 0.0071573769411210188 -0.023461379190608353 -0.0088859261948786 0.0019184754501915377 0.0071573769411210188 0.0071573769411210188 0.0066966295954522153 -0.0096377309205364307 0.0071573769411210188 0.00045020070694355778 -0.00044432630866917647 0.0066788796261767402 -0.0059688216713345982 0.0022174577795126614 0.0071573769411210188 -0.0086935350018699231 -0.0049570124817420796 0.0039582617860516754 -0.00094630535030133475 -0.00094630535030133475 0.0053572661286526253 0.002012708995486692 -0.0032442903534879389 0.0051914142950927064 0.00036999392289158639 -0.0019828363293035449 0.0018874870488275589
leaf_weight=24.010365447960794 54.472872077487409 68.443982914090157 46.889297723770142 122.54692324995995 26.770490691065788 15.654185593128203 121.81597308069468 16.508754189126194 45.514545310288668 40.338809171691537 62.693981498479843 22.463159825652838 20.397815933451056 1066.0546246394515 86.722850486636162 67.251909142360091 62.904590293765068 83.466943547129631 85.049925304949284 261.37281994521618 219.77644047141075 186.23305504396558 241.96510321646929 84.814624331891537 125.76046810299158 201.62189378589392 130.95033141970634 111.53292572125793 73.131733946502209 222.34702860563993
leaf_count=949 440 687 297 4950 251 480 1021 590 1349 598 1076 289 298 9740 900 934 766 451 810 1634 1010 1489 1144 589 760 1179 619 1129 463 1421
internal_value=0.000612489 0.000429214 0.00554266 0.00715738 -8.4153e-06 -0.00755226 0.000115942 0.00568953 0.00539471 -0.000143262 -0.00409686 0.00109787 -0.00625698 1.29988e-05 0.00228374 4.81402e-05 -0.0020124 -0.000180343 0.000709598 -0.000660689 -7.83055e-05 -0.00290209 0.00100948 0.00029156 -0.00288172 -0.00122487 -0.000328276 0.00168629 -0.0044972 0.00284558
internal_weight=3999.48 3945.01 311.012 264.123 3633.99 58.9334 3575.06 32.1629 167.331 3407.73 129.565 66.8713 44.4082 3278.16 257.218 170.495 130.156 3020.95 1058.97 1961.97 975.508 271.283 704.225 1373.22 588.755 327.382 484.448 242.483 141.576 307.162
internal_count=38313 37873 6397 6100 31476 1321 30155 1070 2370 27785 2612 1536 1247 25173 3198 2298 1700 21975 6652 15323 6201 2299 3902 11750 3573 1939 2892 1748 1150 2010
is_linear=0
shrinkage=0.05


Tree=92
num_leaves=31
num_cat=0
split_feature=1 1 0 0 1 0 1 1 1 1 1 1 1 1 1 1 1 1 1 1 1 1 1 1 1 1 1 1 1 1
split_gain=7.76569 20.627 17.6581 5.21981 2.62563 2.56626 2.29934 1.86679 1.42133 1.0371 0.924293 0.842921 1.89312 4.51379 1.01195 0.829874 0.775133 1.4878 0.74185 0.558541 2.00394 1.13481 2.23385 0.934746 0.93844 0.669715 0.486784 0.786475 0.475231 0.410988
threshold=22.514860500000001 55.118797500000007 86.325980000000015 102.56563500000001 30.666177500000003 110.66012500000001 37.079089000000003 -1.3474854999999997 39.060131500000004 -2.6246229999999997 -4.5264704999999994 13.279954000000002 16.935424500000003 17.374357000000003 12.869179500000003 21.174646000000003 16.360031000000003 14.050973000000001 27.631753000000003 8.6935790000000015 10.500345000000001 11.561916500000001 12.024012500000003 4.8743095000000016 3.9987590000000002 9.8197930000000024 5.5623660000000008 6.6674260000000016 11.027724000000001 -0.23123699999999997
decision_type=2 2 2 2 2 2 2 2 2 2 2 2 2 2 2 2 2 2 2 2 2 2 2 2 2 2 2 2 2 2
left_child=5 2 6 4 -4 7 18 9 -6 10 -1 14 16 -14 19 -15 17 -13 -2 23 25 28 -23 24 29 -21 -25 -28 -22 -9
right_child=1 -3 3 -5 8 -7 -8 11 -10 -11 -12 12 13 15 -16 -17 -18 -19 -20 20 21 22 -24 26 -26 -27 27 -29 -30 -31
leaf_value=-0.0047359624646422767 -0.00527076898022348 -0.037692358725109787 0.01247545500627837 0.043167515143241686 0.030878714365770488 0.0068065420636110683 0.0084693112716177806 0.0026955743120531252 0.01535139817924556 -0.010821845902800489 0.0013758392358986394 0.0026955743120531252 -0.014074372297586377 0.00043664441919994632 -0.0066332455792807226 -0.0055973262725525792 0.0026955743120531252 -0.0010171199944368301 0.0012659982066882483 -0.0035199838080299376 -0.00061926169573275956 -0.0088217243170599299 0.00058557442564408828 0.0026955743120531252 -0.0070887612626314104 -0.0082228657109285046 -0.0030670659098196592 0.0017413438231814753 0.0026955743120531252 -0.001897155252647331
leaf_weight=312.84357411134988 89.771645724773407 25.235758764669299 67.066321073099971 26.972549242898822 25.727375886403024 97.545467864722013 72.898337215185165 58.822467263787985 15.725293107330797 55.686951976269484 77.106875889003277 180.53577045351267 70.719639077782631 377.34623712673783 97.440410912036896 67.118662841618061 105.99730955064297 479.86177592724562 84.033842820674181 180.82264921441674 112.42276499420404 93.823733940720558 192.74045611172915 69.439915344119072 80.44884829595685 130.21541668474674 126.06444547325373 261.31789917126298 114.40049613639712 262.09628427401185
leaf_count=5070 728 158 2306 2688 1077 616 412 625 320 609 783 1014 438 3213 581 1010 607 2677 684 1342 706 584 1177 620 723 899 1026 2203 736 2813
internal_value=-0.000453387 0.00608967 0.00898053 0.0234826 0.0185899 -0.00119291 0.00101587 -0.00141539 0.0284825 -0.00443895 -0.00352744 -0.000975298 2.45859e-06 -0.0023414 -0.00167925 -0.000474546 0.00157804 0.000601853 -0.00211028 -0.00139236 -0.0023218 -0.000403041 -0.00249446 -0.000499491 -0.00225996 -0.00548884 0.00104727 0.00017656 0.00223922 -0.00104946
internal_weight=4012.25 407.431 382.195 135.492 108.519 3604.82 246.704 3507.27 41.4527 445.637 389.95 3061.64 1281.58 515.185 1780.06 444.465 766.395 660.398 173.805 1682.62 824.426 513.387 286.564 858.19 401.368 311.038 456.822 387.382 226.823 320.919
internal_count=38445 8373 8215 6391 3703 30072 1824 29456 1397 6462 5853 22994 8959 4661 14035 4223 4298 3691 1412 13454 5444 3203 1761 8010 4161 2241 3849 3229 1442 3438
is_linear=0
shrinkage=0.05


Tree=93
num_leaves=31
num_cat=0
split_feature=1 1 0 0 0 1 1 1 1 1 1 1 0 1 1 1 1 1 1 1 1 1 1 1 1 1 1 1 1 1
split_gain=9.42298 22.4882 17.7067 4.24119 3.86614 4.87566 2.56567 2.25399 2.06971 0.51517 1.15734 1.10757 0.492768 0.43145 1.3191 1.22641 0.524674 0.386828 0.805923 2.33889 0.867362 0.501743 0.563499 0.432495 1.12428 0.981647 0.80148 0.925893 1.16423 0.881231
threshold=23.883054000000005 55.118797500000007 87.476700000000008 102.56563500000001 110.66012500000001 -12.652998499999999 28.650046000000003 -32.203934499999995 -23.565164499999998 39.060131500000004 30.666177500000003 25.748001000000006 75.658230000000017 -1.0648119999999996 -6.209322499999999 -8.617210499999997 0.53227800000000014 4.1760890000000011 9.8197930000000024 8.6935790000000015 10.281606000000002 3.1832840000000004 1.4741875000000004 16.054473000000005 16.935424500000003 18.195942000000002 11.561916500000001 12.310562500000001 13.9525655 13.513445000000003
decision_type=2 2 2 2 2 2 2 2 2 2 2 2 2 2 2 2 2 2 2 2 2 2 2 2 2 2 2 2 2 2
left_child=4 2 6 9 5 7 -2 12 -9 10 11 -4 -1 14 15 -7 -15 21 19 -19 -20 22 -18 26 -25 -26 -22 -28 29 -29
right_child=1 -3 3 -5 -6 13 -8 8 -10 -11 -12 -13 -14 16 -16 -17 17 18 20 -21 23 -23 -24 24 25 -27 27 28 -30 -31
leaf_value=-0.028317265386452347 -0.0033541411864216734 -0.03812897619829337 0.032587131887457543 0.050440384418730777 0.0098572200059363485 -0.0030791335912155704 0.0079099463154697538 0.0032583092609574267 -0.011391275002812611 0.016659523615167007 0.03475955801926419 0.016659523615167007 -0.015408146234967291 0.0038943381031998417 -0.0044975831815066095 0.004650091750202757 -0.0047597537672174443 -0.0002928894240543421 -0.0055820609565465067 0.004650091750202757 0.0015699585585096599 -0.0054013725128799648 0.001540755166787754 0.0045359506865793832 -0.0033153371309979905 0.0011270643637410994 -0.0048791626652181959 -0.00025259262004147264 -0.0024816337869255928 0.004650091750202757
leaf_weight=15.149635449051859 77.616638369858265 24.222170654684305 14.189155210740863 19.218378314748406 91.415604285895824 64.552375851199031 144.98426137119532 36.42933052778244 71.296178990975022 13.828764842823146 24.559902254492044 27.908319345675409 14.437349922955034 83.954822137951851 194.88745372369885 58.459737261757255 52.238375309854746 517.32537553086877 78.921249754726887 178.49482721835375 278.8838212788105 75.906009078025818 110.67462433129549 153.421102643013 182.14043209701777 391.95814067218453 165.36722123622894 263.33475966751575 451.09230574220419 105.55616918206215
leaf_count=782 630 146 539 2298 601 918 969 454 1235 314 1117 1329 291 924 2126 773 589 4392 568 1325 1788 732 1190 881 1156 4540 1026 1579 2492 585
internal_value=0.000455655 0.00833386 0.0118257 0.0293367 -0.000295196 -0.000557037 0.00398238 -0.00979449 -0.00643725 0.0242976 0.0261339 0.0211017 -0.0220181 -0.000184758 -0.00193872 0.00211526 -4.26661e-06 -0.000113176 5.34925e-05 0.00152567 -0.00044121 -0.00204387 -0.000479515 -0.000237509 0.000733747 -0.000282347 -0.000796431 -0.00146619 -0.000777892 0.0013055
internal_weight=3982.42 346.528 322.305 99.7045 3635.9 3544.48 222.601 137.312 107.726 80.4861 66.6574 42.0975 29.587 3407.17 317.9 123.012 3089.27 3005.31 2766.5 695.82 2070.68 238.819 162.913 1991.75 727.52 574.099 1264.23 985.35 819.983 368.891
internal_count=38289 7342 7196 5597 30947 30346 1599 2762 1689 3299 2985 1868 1073 27584 3817 1691 23767 22843 20332 5717 14615 2511 1779 14047 6577 5696 7470 5682 4656 2164
is_linear=0
shrinkage=0.05


Tree=94
num_leaves=31
num_cat=0
split_feature=1 1 0 0 0 1 1 1 1 1 1 1 1 1 1 0 1 1 1 1 1 1 1 1 1 1 1 1 1 1
split_gain=6.69565 18.3187 17.7213 4.31322 3.84993 1.68725 1.22001 1.5745 1.19749 1.14269 1.34295 0.947747 0.862982 0.828219 0.796646 0.779037 1.03332 1.14098 0.70285 1.07688 1.00999 0.642001 0.624096 0.531977 0.586105 1.36587 0.668327 0.592005 0.49257 0.360473
threshold=23.482148500000005 55.118797500000007 82.989140000000006 110.66012500000001 93.048375000000007 0.26511750000000006 -2.6246229999999997 -4.9381519999999997 24.278532000000002 -6.209322499999999 -28.972538499999995 3.9987590000000002 4.8743095000000016 28.650046000000003 -36.359374499999994 102.56563500000001 31.355935500000005 28.139435000000002 8.9436125000000022 9.5757900000000014 8.169472500000003 5.5623660000000008 1.4741875000000004 21.551369000000005 16.496098500000002 16.935424500000003 15.910527000000002 17.374357000000003 -10.369385999999999 -13.543357499999997
decision_type=2 2 2 2 2 2 2 2 2 2 2 2 2 2 2 2 2 2 2 2 2 2 2 2 2 2 2 2 2 2
left_child=3 2 13 5 -4 6 7 9 -6 10 14 22 -13 -2 -1 16 17 -10 20 -20 21 -14 -7 24 26 -26 -21 -27 29 -12
right_child=1 -3 4 -5 8 11 -8 -9 15 -11 28 12 18 -15 -16 -17 -18 -19 19 23 -22 -23 -24 -25 25 27 -28 -29 -30 -31
leaf_value=-0.017880665583936133 -0.0035426010420879783 -0.033814853790215892 0.015491616071279407 0.010290933421790563 0.02412155076434536 -0.0010655288054013607 -0.0071524142039435376 0.0042991134160312939 0.03790962110346123 -0.01159101595132042 -0.00045226926771868337 -0.0052629584958472234 0.0048623941214343443 0.0032217802027093229 -0.003752960485784715 0.04460796534420991 0.03834488587453995 0.02412155076434536 -0.0055468842334048044 -0.00027425217640404919 0.0049344877373324447 -0.00057233135662951404 0.0046939260644711135 -0.0039850173251582766 0.0049344877373324447 -0.0039152706930936807 -0.0044640899612722468 0.00098427330935874188 -0.0034096965191403243 0.0049344877373324447
leaf_weight=19.385709833353758 69.401688404381275 25.440308785066009 61.134493507444859 96.527926553040743 6.8513748049736014 65.230596754699945 134.81671704724431 86.805678196251392 15.171497651375832 36.913963448256254 84.630327703431249 82.537576917558908 65.767834551632404 130.03821941465139 20.562654407694936 17.222158767282963 19.234524860978127 10.040990248322485 99.132605399936438 1367.6110245361924 113.56189693883061 312.73218476772308 168.62926784157753 89.554703701287508 77.257061466574669 73.073806464672089 102.29682706296444 394.47455564886332 92.045863525941968 40.462572807446122
leaf_count=909 619 154 494 631 431 736 1470 900 968 456 1347 747 586 907 303 2189 1123 720 742 8231 897 2636 1762 1465 456 457 578 3493 1241 604
internal_value=0.00050495 0.00706292 0.0102229 -0.000136613 0.0246132 -0.000421958 -0.00306485 -0.00161773 0.0327515 -0.00336471 -0.00218354 3.04985e-05 -0.000226843 0.000867891 -0.0106087 0.0355799 0.0320818 0.0252448 -7.26329e-05 -0.00045418 0.00163589 0.000372002 0.00308744 -0.000214261 -4.66495e-05 0.00135415 -0.00056584 0.000218517 -0.000633506 0.00140927
internal_weight=3978.55 354.535 329.095 3624.01 129.655 3527.48 515.623 380.807 68.5205 294.001 257.087 3011.86 2778 199.44 39.9484 61.6692 44.447 25.2125 2695.46 2203.4 492.062 378.5 233.86 2104.27 2014.71 544.805 1469.91 467.548 217.139 125.093
internal_count=38252 7605 7451 30647 5925 30016 7230 5760 5431 4860 4404 22786 20288 1526 1212 5000 2811 1688 19541 15422 4119 3222 2498 14680 13215 4406 8809 3950 3192 1951
is_linear=0
shrinkage=0.05


Tree=95
num_leaves=31
num_cat=0
split_feature=0 1 0 1 1 1 0 0 1 1 1 1 1 1 1 1 1 1 1 1 1 1 1 1 1 1 1 1 1 1
split_gain=4.15683 4.06416 9.80127 2.96832 1.91217 1.57829 0.734984 0.520295 3.95183 3.72994 0.360318 2.15171 0.399129 2.44607 0.36342 0.751386 0.320789 0.665789 0.304386 0.2929 0.273275 0.470154 0.24242 1.10249 0.366279 0.225428 0.221372 1.38362 0.530072 0.110384
threshold=111.68918000000001 27.128399000000005 66.42540000000001 -11.815307999999998 48.301455000000004 -14.510390999999997 73.685200000000023 86.325980000000015 19.714772000000004 22.899860000000004 13.400919000000002 13.082711500000002 15.502636500000003 16.935424500000003 2.9478600000000004 4.5531645000000003 5.8891125000000004 9.3343845000000023 -23.565164499999998 12.310562500000001 8.6935790000000015 6.8190585000000006 10.702377000000002 14.659504500000002 17.671927000000004 20.228838000000003 23.482148500000005 20.428562000000003 21.922323000000002 16.195384000000001
decision_type=2 2 2 2 2 2 2 2 2 2 2 2 2 2 2 2 2 2 2 2 2 2 2 2 2 2 2 2 2 2
left_child=1 3 -3 5 -4 6 -1 9 10 22 11 14 -12 29 -9 -16 -17 20 -8 -19 21 -18 -5 -24 -25 -26 27 -10 -29 -14
right_child=-2 2 4 7 -6 -7 18 8 26 -11 12 -13 13 -15 15 16 17 19 -20 -21 -22 -23 23 24 25 -27 -28 28 -30 -31
leaf_value=-0.013066457438153448 0.013378255081414407 -0.023384095154628332 0.006478682400110479 -0.0011994288268488956 -0.0053638262947679448 -0.018664948499140448 -0.00050878168223490716 -0.0011994288268488956 0.006478682400110479 -0.012602754541990689 -0.0011994288268488956 0.006478682400110479 0.0033922764249739515 -0.0011994288268488956 0.0037216412102848381 -0.0011994288268488956 0.0036783509608751077 -0.0011994288268488956 -0.0061458639611259129 0.00098149189854412119 0.0039197027607271858 -0.00044986886909151281 -0.0089553515094901066 -0.0011994288268488956 -0.0060755044205369072 -0.0017643508111022028 0.006478682400110479 -0.0011994288268488956 0.0050346649169268863 0.0055950560834504247
leaf_weight=24.479355679824948 55.344876046758145 27.670032721012831 183.32191987987608 148.58227544650435 45.882109391503036 27.230802556499839 47.368144016712904 468.01430936902761 41.408953621983528 74.605360094457865 439.34186343848705 74.055320084095001 117.85273020714521 277.99186784029007 113.27338764071465 121.69376954436302 99.479388043284416 576.72065421938896 48.432720378041267 159.56016481667757 90.787885829806328 224.87465482205153 63.238270588219166 72.520100757479668 61.60596726462245 59.71239409968257 35.908068499527872 54.458721736446023 36.25488100014627 109.91409212350845
leaf_count=1022 448 274 4513 1766 283 453 649 5302 430 621 2188 393 573 1809 1045 1078 771 3594 779 909 652 1811 710 781 630 577 1992 848 885 547
internal_value=-0.000229079 -0.00042089 0.00565909 -0.00084652 0.00647868 -0.00779522 -0.00533437 -0.000555477 -0.000313987 -0.00208487 -0.000751566 -0.000324222 -0.00119943 0.000320133 -0.000664739 -0.000180734 -0.000527941 -0.000106242 -0.00335864 -0.00100905 0.00149495 0.000816256 -0.00119943 -0.00322269 -0.00135246 -0.00395357 0.00647868 0.00428888 -0.00023814 0.00445528
internal_weight=3981.59 3926.24 256.874 3669.37 229.204 147.511 120.28 3521.86 3041.59 480.264 2873.56 1928.46 945.101 505.759 1854.4 1386.39 1273.12 1151.42 95.8009 736.281 415.142 324.354 405.659 257.077 193.838 121.318 168.031 132.123 90.7136 227.767
internal_count=38333 37885 5070 32815 4796 2903 2450 29912 24827 5085 20672 15555 5117 2929 15162 9860 8815 7737 1428 4503 3234 2582 4464 2698 1988 1207 4155 2163 1733 1120
is_linear=0
shrinkage=0.05


Tree=96
num_leaves=31
num_cat=0
split_feature=1 0 1 0 1 0 1 1 0 1 1 1 1 1 1 1 1 1 1 1 1 1 1 0 1 1 1 1 1 1
split_gain=4.96429 13.581 1.71438 1.52968 1.4141 2.25226 1.23102 1.4186 2.92785 1.60625 1.36886 1.25636 1.02725 0.904224 0.852451 0.8361 1.51647 0.762241 2.15201 1.69232 0.899649 0.75815 0.889792 1.29975 0.751309 0.718684 0.712776 1.01069 1.31201 1.11375
threshold=21.922323000000002 94.808555000000013 -1.9481454999999999 102.80447500000001 37.079089000000003 78.884190000000018 8.4381390000000014 16.496098500000002 98.242805000000018 18.364714500000002 8.0285400000000013 18.523872000000004 19.528578000000003 -3.6699494999999995 23.883054000000005 26.646057500000001 35.569485500000006 0.53227800000000014 1.4741875000000004 3.4001085000000004 -0.5002319999999999 15.761743000000001 13.720637500000002 97.251210000000015 10.166312000000003 9.7070385000000012 -4.9381519999999997 -10.369385999999999 -7.1192084999999992 -12.652998499999999
decision_type=2 2 2 2 2 2 2 2 2 2 2 2 2 2 2 2 2 2 2 2 2 2 2 2 2 2 2 2 2 2
left_child=2 4 13 15 5 -2 10 21 9 -9 17 -10 -13 26 -5 -3 -17 20 -19 -20 -4 22 23 24 -8 -25 27 29 -29 -1
right_child=1 3 6 14 -6 -7 7 8 11 -11 -12 12 -14 -15 -16 16 -18 18 19 -21 -22 -23 -24 25 -26 -27 -28 28 -30 -31
leaf_value=-0.0028067565737167409 -0.0017606546064840405 0.012657371496705717 0.000755204406867194 0.026481463359957658 -0.0037653246082972867 0.0078886170415572322 -0.0088105181104941883 0.0022590505896176241 0.0030949387726234377 -0.0043854110518509329 0.0085003835121525238 0.018245917906547442 0.00640508250017717 -0.0086504021950206417 0.04129725408209034 0.026481463359957658 0.012657371496705717 -0.0092810383198652594 0.0061525976455966396 -0.00028830756921725099 0.0094304383930622297 -0.005159894710193908 0.00059928214523794106 0.0022650641490225567 -0.0032712142109058984 -0.0016391479558169313 0.0035487373830435211 -0.011762998764844674 -0.0016591886107809953 0.0076022774785891121
leaf_weight=138.09305667690933 120.17773997038603 22.964670536108315 69.622289717197418 10.421949910931291 108.94879191368818 121.72893455810845 82.412919718772173 161.35315719991922 138.53364364802837 202.46288210526109 62.800668302923441 30.228254571557045 46.484143750742078 73.756047625094652 16.478237864561379 17.239938921760771 8.3270921343937498 55.161138352006674 127.91676859557629 503.03404646366835 52.359872039407492 134.04606033861637 462.08597030490637 144.8599851578474 237.97027905657887 632.68848761916161 42.072685245424509 64.728952370584011 63.79657257348299 31.574292043223977
leaf_count=2783 1219 1157 734 559 684 959 804 1035 887 1469 470 431 1044 773 2175 1575 494 621 1349 4352 589 752 2539 944 2004 3307 454 907 785 456
internal_value=3.83823e-06 0.00510273 -0.000607057 0.0243501 0.000964653 0.00309492 -0.000208779 -0.000821173 0.00131526 -0.00141943 0.00138963 0.00593753 0.0110709 -0.00363152 0.0339138 0.0190491 0.025279 0.000837025 0.000189531 0.0010175 0.00447898 -0.00155145 -0.00124139 -0.00201607 -0.0046961 -0.00091178 -0.00254363 -0.00340321 -0.00674774 -0.000869685
internal_weight=3984.33 426.287 3558.04 75.4319 350.855 241.907 3144.02 2273.13 579.062 363.816 870.895 215.246 76.7124 414.022 26.9002 48.5317 25.567 808.094 686.112 630.951 121.982 1694.06 1560.02 1097.93 320.383 777.548 340.266 298.193 128.526 169.667
internal_count=38311 8822 29489 5960 2862 2178 23331 15216 4866 2504 8115 2362 1475 6158 2734 3226 2069 7645 6322 5701 1323 10350 9598 7059 2808 4251 5385 4931 1692 3239
is_linear=0
shrinkage=0.05


Tree=97
num_leaves=31
num_cat=0
split_feature=1 0 1 1 0 1 0 1 1 0 1 1 1 1 1 0 1 1 1 1 1 1 1 1 1 1 1 0 1 1
split_gain=5.78948 7.43168 9.09557 1.38245 3.45866 1.28957 1.68806 1.21281 1.09209 0.783724 0.734952 0.58309 4.39018 2.01881 1.92264 0.510808 0.507095 0.713101 1.22134 0.705189 2.02454 1.51099 0.728399 0.439416 2.23187 0.707566 0.691174 0.560908 0.494997 0.438065
threshold=16.054473000000005 99.28306000000002 18.870009500000005 23.661935000000003 69.033990000000003 41.879956500000006 75.22111000000001 18.704101500000004 31.355935500000005 108.73822500000001 35.569485500000006 -18.125642999999997 -23.565164499999998 -28.972538499999995 -36.359374499999994 81.422705000000022 -3.6699494999999995 -7.1192084999999992 -8.617210499999997 2.9478600000000004 1.2293315 2.0921470000000002 3.9987590000000002 13.082711500000002 14.178294500000002 12.406044500000002 12.129366500000001 94.094325000000012 13.513445000000003 19.528578000000003
decision_type=2 2 2 2 2 2 2 2 2 2 2 2 2 2 2 2 2 2 2 2 2 2 2 2 2 2 2 2 2 2
left_child=11 3 -3 7 -5 6 -6 -2 9 29 -10 12 13 14 -1 -9 17 18 -13 20 -18 -22 -21 25 28 26 -24 -26 -25 -4
right_child=1 2 8 4 5 -7 -8 15 10 -11 -12 16 -14 -15 -16 -17 19 -19 -20 22 21 -23 23 24 27 -27 -28 -29 -30 -31
leaf_value=-0.015785402052900518 0.0020534247032057249 0.00590891788897141 0.026140454495390875 -0.0079982598385612905 -0.0010446709747949407 -0.0010446709747949407 0.00590891788897141 -0.0067406729883900431 0.050402201592824103 0.033287896767952331 0.024699076563058822 0.0018818685452342788 -0.02125614207565547 0.013335808193831462 0.0058812948380756831 -0.0015838879455601649 -0.00021571902594712123 0.0047334536112405654 -0.0092323197918277762 0.0044116198383804392 -0.01445424448241835 -0.0027643340853517901 -0.0009596062028095735 0.0013301712016057319 -0.0048903270679593767 -0.0043170309152019146 0.0041034820502265359 -0.00072616453990038661 0.0057019253477544624 0.017454283172628624
leaf_weight=19.631021564826369 237.86130094528198 172.56312588602304 13.370410092175005 52.05337904766202 56.31023145839572 63.684952357783914 139.91875597927719 65.360685016959906 5.3779764543287438 10.785882344935088 5.7597813429310918 106.00426274910569 27.676722539588809 25.939386539161205 21.400894081220031 181.02463779225945 238.26071445271373 106.54322778433561 32.235220098868012 76.145751193165779 53.361168242990971 57.353364888578653 1238.5725698620081 106.13731141388416 109.905317671597 149.30073950439692 71.285143464803696 306.08232320845127 166.04187823832035 72.98589952243492
leaf_count=923 1501 1120 220 573 495 413 2258 822 697 531 461 1691 453 308 311 1207 2575 1244 454 744 588 609 9218 614 951 913 438 1358 902 3861
internal_value=0.000513595 0.00364564 0.0106389 0.00117897 0.0037747 0.00590892 0.00590892 -0.000493276 0.0222805 0.0205802 0.0371101 -0.0006449 -0.00450507 0.00241751 -0.00448477 -0.00295187 -0.000515213 0.00165942 -0.000709781 -0.000722142 -0.00281177 -0.00839853 -0.000394174 -0.000564591 0.000476919 -0.00105579 -0.000684063 -0.00182635 0.00399714 0.018993
internal_weight=3988.93 1077.06 280.843 796.214 311.967 259.914 196.229 484.247 108.28 97.1422 11.1378 2911.88 94.648 66.9713 41.0319 246.385 2817.23 244.783 138.239 2572.45 348.975 110.715 2223.47 2147.33 688.167 1459.16 1309.86 415.988 272.179 86.3563
internal_count=38453 14159 6890 7269 3739 3166 2753 3530 5770 4612 1158 24294 1995 1542 1234 2029 22299 3389 2145 18910 3772 1197 15138 14394 3825 10569 9656 2309 1516 4081
is_linear=0
shrinkage=0.05


Tree=98
num_leaves=31
num_cat=0
split_feature=0 0 1 0 0 1 1 0 1 0 1 1 1 1 1 1 1 1 1 1 1 1 1 1 1 1 1 1 1 1
split_gain=5.66068 15.7759 6.22564 8.93129 1.14125 1.06337 1.65573 1.20689 1.05426 11.5242 0.881544 0.873231 0.870288 0.703395 0.672566 1.08379 1.49979 0.906076 1.70633 0.633351 0.567594 0.564213 0.586316 0.532156 1.0794 0.545653 0.856634 0.800143 0.652419 0.563367
threshold=65.316570000000013 53.104270000000007 24.890867000000004 96.959240000000008 110.66012500000001 31.355935500000005 25.962681000000003 103.80066500000002 41.879956500000006 79.756050000000016 22.899860000000004 -18.125642999999997 23.482148500000005 -7.5454429999999988 12.310562500000001 13.849570500000002 15.006364500000002 16.935424500000003 18.195942000000002 11.561916500000001 36.273702000000007 18.704101500000004 20.049193000000006 10.281606000000002 9.8197930000000024 9.4568970000000014 8.3030100000000022 8.8289620000000024 5.8891125000000004 1.8783900000000002
decision_type=2 2 2 2 2 2 2 2 2 2 2 2 2 2 2 2 2 2 2 2 2 2 2 2 2 2 2 2 2 2
left_child=1 -1 4 8 10 6 -5 -8 9 -4 11 -2 -12 -13 19 -16 -17 -18 -19 23 -7 -20 -23 24 25 26 28 -28 29 -15
right_child=2 -3 3 5 -6 20 7 -9 -10 -11 12 13 -14 14 15 16 17 18 21 -21 -22 22 -24 -25 -26 -27 27 -29 -30 -31
leaf_value=-0.048078621930581218 -0.005457230715649011 -0.0069648072911241369 -0.0050821614427694417 0.050510366180915901 0.0052003439370192301 0.050415500422186676 0.017197189485048999 0.040985782140532612 -0.0011138023231073743 0.017197189485048999 -0.0069648072911241369 0.0024253892620812361 0.00012720446904353598 8.2488911046087841e-05 0.0024253892620812361 -0.0036130115487927779 0.0024253892620812361 -0.0045466070744464848 0.0024253892620812361 -0.0038656228824982724 0.030966913382675005 -0.0026771398467282073 0.0019560416578485841 0.0013736374437453873 -0.0066232172677334299 0.0024253892620812361 -0.0069648072911241369 -0.0011200372970428692 0.0015719412338218751 -0.0027238101795023784
leaf_weight=25.461390670388937 78.321093617007136 41.763172726146877 101.08867246285081 4.4944612141698626 95.121308497153223 7.4542383542284352 12.298656495288016 5.3478024215437463 70.579364247620106 73.320594205521047 24.82969413138926 122.01887597516179 44.764528539963067 391.28186650201678 350.00344682484865 256.25402534753084 364.12603871524334 180.12126962840557 59.096049837768078 165.74049314856529 7.5522950338199735 120.6756210885942 157.27613498084247 277.22877685725689 81.12468022108078 63.601451717317104 73.323103494942188 95.615955427289009 300.85836202651262 329.39092400670052
leaf_count=752 1231 788 804 496 639 945 1195 808 422 1104 437 1851 1005 4338 2049 1407 2041 1129 421 1029 541 1126 2152 1768 578 443 590 725 2484 3130
internal_value=0.000104637 -0.0142814 0.000351792 0.00750634 -0.000204165 0.0303521 0.0233876 0.0171972 0.00404225 0.00612878 -0.000349565 -0.000237692 -0.00592128 -0.000117022 -0.000266048 0.000518461 -0.000246143 0.000732841 -0.000617912 -0.000922342 0.0406277 0.00148162 -5.55019e-05 -0.000619803 -0.0010337 -0.000672124 -0.000929169 -0.00422731 -0.000383728 -0.00120016
internal_weight=3980.13 67.2246 3912.91 282.136 3630.77 37.1475 22.1409 17.6465 244.989 174.409 3535.65 3466.06 69.5942 3387.74 3265.72 1487.55 1137.55 881.295 517.169 1778.17 15.0065 337.048 277.952 1612.43 1335.2 1254.07 1190.47 168.939 1021.53 720.673
internal_count=38428 1540 36888 6315 30573 3985 2499 2003 2330 1908 29934 28492 1442 27261 25410 10325 8276 6869 4828 15085 1486 3699 3278 14056 12288 11710 11267 1315 9952 7468
is_linear=0
shrinkage=0.05


Tree=99
num_leaves=31
num_cat=0
split_feature=1 0 1 1 0 1 1 1 0 1 1 0 1 1 0 1 1 1 1 1 1 1 1 1 1 1 1 1 1 1
split_gain=3.93574 1.74469 7.99934 8.66207 2.20099 2.31121 5.41853 0.796038 2.0645 0.838427 1.38899 0.710435 0.602069 0.643289 0.562779 0.516206 1.47288 2.33358 0.849764 0.552283 0.578168 0.969211 1.15853 0.786676 0.918979 0.559159 0.522769 0.501917 0.755114 0.411838
threshold=13.720637500000002 90.849770000000021 24.278532000000002 40.301649000000005 103.80066500000002 30.988418000000006 28.917160000000006 16.496098500000002 100.59646000000002 17.070640500000003 18.364714500000002 110.66012500000001 21.379609000000002 19.528578000000003 104.79504000000001 12.406044500000002 11.467827000000002 11.144069000000002 13.082711500000002 -13.543357499999997 8.9436125000000022 5.8891125000000004 5.3716260000000009 4.7124915000000014 -2.6246229999999997 -26.122594999999997 9.9294565000000024 -0.5002319999999999 1.8783900000000002 2.7279990000000005
decision_type=2 2 2 2 2 2 2 2 2 2 2 2 2 2 2 2 2 2 2 2 2 2 2 2 2 2 2 2 2 2
left_child=11 -2 7 4 5 6 -4 -3 -9 -10 -11 15 13 -12 -14 16 17 19 -17 25 21 22 23 24 -21 -1 -22 -26 -29 -30
right_child=1 2 3 -5 -6 -7 -8 8 9 10 12 -13 14 -15 -16 18 -18 -19 -20 20 26 -23 -24 -25 27 -27 -28 28 29 -31
leaf_value=0.00054958604269026313 0.00092145296524563788 0.0026207450301285636 0.032028915171740967 0.0026207450301285636 0.050330067807033765 0.037745904716867812 0.0026207450301285636 0.0026207450301285636 0.015901754296659017 0.005839308805168063 0.015577091110162686 0.0046624462741835619 0.012050220502011325 0.005839308805168063 0.027959596362187013 -0.0050774817714384149 0.0021462939047472897 -0.0097899245077209904 0.00025803075248405442 0.0017339062630035509 -0.0038991397921589368 0.0021462939047472897 -0.0080356872929116616 0.0021462939047472897 -0.0051934093432053907 -0.0062997534521923781 -0.00021209819955829304 0.0017740342293011734 -0.006775846172737205 -0.0017057590111569363
leaf_weight=50.570226985961199 618.58478747680783 496.61739844083786 23.098267534747723 10.33132818713784 10.463979339227079 19.368782585952431 8.6728857471607608 224.59916994906962 35.690639033913612 62.892480991780758 27.212432846426964 72.329802930355072 11.467732749879362 28.236716760322452 10.787743003107606 143.7975073941052 216.17884569242597 66.698084387928247 155.13364662975073 255.47344927862287 157.33975316956639 389.80053604021668 47.549670848995447 67.012961879372597 97.850490976125002 72.539809746667743 247.15349172800779 135.27923255413771 54.131310757249594 154.00462355092168
leaf_count=1361 4998 2297 1506 315 1622 1247 601 1632 211 454 409 384 516 644 577 883 1344 439 892 3204 1148 3205 424 609 1060 1215 1620 1522 592 1467
internal_value=0.00106795 0.00299618 0.00432004 0.020363 0.0294368 0.0251617 0.0168469 0.00303419 0.00493309 0.00905787 0.00732055 -0.000217106 0.0128148 0.0100265 0.0197619 -0.000369858 -8.1758e-05 -0.000612844 -0.00230856 -0.000258768 -1.13003e-05 0.00053931 -0.000463253 8.19135e-06 -0.000652613 -0.00348623 -0.00164628 -0.0020343 -0.00113417 -0.00302437
internal_weight=3970.87 1588.02 969.44 71.9352 61.6039 51.1399 31.7712 897.504 400.887 176.288 140.597 2382.84 77.7046 55.4491 22.2555 2310.51 2011.58 1795.4 298.931 1728.71 1605.6 1201.1 811.302 763.752 696.739 123.11 404.493 441.266 343.415 208.136
internal_count=38398 17029 12031 5291 4976 3354 2107 6740 4443 2811 2600 21369 2146 1053 1093 20985 19210 17866 1775 17427 14851 12083 8878 8454 7845 2576 2768 4641 3581 2059
is_linear=0
shrinkage=0.05


Tree=100
num_leaves=31
num_cat=0
split_feature=1 0 1 0 1 1 0 1 1 1 1 1 0 0 1 1 1 1 1 1 1 1 1 1 1 0 1 1 1 1
split_gain=4.96852 11.3987 2.13657 2.99878 1.8284 4.28745 1.78429 1.54558 4.89069 1.79659 0.935401 0.932207 0.847118 0.718572 1.14712 0.868001 0.492042 0.482519 1.44657 1.00278 0.423374 0.408583 0.354567 0.414867 0.722659 0.332696 0.321867 0.345635 0.668519 0.70332
threshold=21.005013000000002 94.808555000000013 39.060131500000004 87.754610000000014 24.278532000000002 40.301649000000005 102.56563500000001 2.9478600000000004 0.53227800000000014 -0.5002319999999999 30.666177500000003 27.631753000000003 110.66012500000001 84.706745000000026 9.3343845000000023 15.632842000000002 2.0921470000000002 -28.972538499999995 -36.359374499999994 -15.487797499999997 4.3640120000000016 18.195942000000002 -6.6622614999999987 -3.6699494999999995 -1.9481454999999999 100.66633 6.4979430000000002 15.254350000000001 13.720637500000002 12.406044500000002
decision_type=2 2 2 2 2 2 2 2 2 2 2 2 2 2 2 2 2 2 2 2 2 2 2 2 2 2 2 2 2 2
left_child=7 2 3 11 25 6 10 8 9 17 -6 -2 13 14 -9 -16 -10 18 -1 -19 -15 -17 -21 -24 -25 -3 -22 28 29 -28
right_child=1 4 -4 -5 5 -7 -8 12 16 -11 -12 -13 -14 20 15 21 -18 19 -20 22 26 -23 23 24 -26 -27 27 -29 -30 -31
leaf_value=-0.017033546014538308 -0.0022872074567031049 0.010901458441651794 -0.0057155235077262743 0.010901458441651794 0.020652167395862252 0.010901458441651794 0.050320332338573616 -0.0096869061353479276 -0.01323419013887674 0.0078525253239184901 0.03908188668939068 0.0041282899914432854 0.0044386011449513377 0.0019760594530598623 -0.0016733815394221496 -0.0094219937859927917 -0.0072558657944872462 0.0041610880679112177 0.0020182091522491369 -0.0043480115241520496 -0.0016733815394221496 -0.0032202143664004841 0.0014437936675861331 -0.0063455822846351408 0.00074162081142122342 0.017622730664353461 0.00038509248765353769 -0.001178526524804785 0.0019760594530598623 -0.0016733815394221496
leaf_weight=18.906602930277586 134.99899230524898 17.950797760859132 92.473734080791473 58.495402129366994 16.697865914553407 4.7212041346356264 13.269145306199787 52.322913859039545 93.339173570275307 54.388719081878662 9.6911503039300424 97.530005142092705 90.207851093262434 100.56761576980352 79.110013727098703 51.504964612424374 54.52240801230073 71.604840716347098 21.063501494005322 134.80931755527854 206.38121128082275 54.828972719609737 94.05369846150279 72.439656876027584 71.44177071750164 25.245432902127504 943.62219843268394 625.59499849751592 320.45886323601007 282.06083684414625
leaf_count=915 1119 507 559 719 1453 241 2121 591 1047 605 954 753 501 942 931 577 586 1089 304 2010 1745 622 1083 766 757 1194 6522 3956 1615 1581
internal_value=-0.000198336 0.00462191 0.000905158 0.0030089 0.0208978 0.0280254 0.0353639 -0.000848362 -0.00297481 -0.00076394 0.0278434 0.000403655 -0.000328187 -0.000486482 -0.00311215 -0.00167338 -0.0110297 -0.00173156 -0.00699363 -0.00125823 -0.000234617 -0.00622417 -0.00229929 -0.00113852 -0.00282656 0.0135749 -0.000377412 -0.000186889 0.000214345 -0.000321474
internal_weight=3964.3 471.074 383.498 291.024 87.5756 44.3794 39.6582 3493.23 686.57 538.708 26.389 232.529 2806.66 2716.45 237.767 185.444 147.862 484.319 39.9701 444.349 2478.69 106.334 372.744 237.935 143.881 43.1962 2378.12 2171.74 1546.14 1225.68
internal_count=38365 9620 3150 2591 6470 4769 4528 28745 9162 7529 2407 1872 19583 19082 2721 2130 1633 6924 1219 5705 16361 1199 4616 2606 1523 1701 15419 13674 9718 8103
is_linear=0
shrinkage=0.05


Tree=101
num_leaves=31
num_cat=0
split_feature=1 1 0 1 1 0 1 0 1 0 1 1 1 1 0 1 1 1 1 1 0 1 1 0 1 1 1 1 1 1
split_gain=4.54178 15.3594 12.9903 1.91767 2.08872 1.83664 1.53689 1.33079 1.31257 1.16039 1.10416 2.0177 1.30655 0.567492 3.06922 1.51132 1.93111 0.772514 2.78156 0.723626 0.55522 1.11264 0.959179 1.3121 0.86792 1.13999 0.658628 0.873093 0.496129 0.981807
threshold=23.482148500000005 55.118797500000007 86.325980000000015 40.301649000000005 24.278532000000002 76.592205000000021 9.5757900000000014 109.69805000000001 32.876920500000004 89.088855000000009 25.748001000000006 31.355935500000005 35.569485500000006 8.4381390000000014 101.05306000000002 7.3655910000000011 6.8190585000000006 3.7978405000000004 4.5531645000000003 5.8891125000000004 90.644325000000009 21.379609000000002 18.195942000000002 96.746215000000021 16.054473000000005 13.9525655 16.195384000000001 15.502636500000003 -7.5454429999999988 -11.100671999999998
decision_type=2 2 2 2 2 2 2 2 2 2 2 2 2 2 2 2 2 2 2 2 2 2 2 2 2 2 2 2 2 2
left_child=6 2 5 4 -4 8 13 20 -2 -6 -11 -12 -13 15 -15 16 17 28 -19 -20 21 24 26 -24 25 -8 27 -22 29 -1
right_child=1 -3 3 -5 9 -7 7 -9 -10 10 11 12 -14 14 -16 -17 -18 18 19 -21 22 -23 23 -25 -26 -27 -28 -29 -30 -31
leaf_value=-0.0026553488266540097 -0.0069437640994757868 -0.031802918839168491 0.012647245808360722 0.012647245808360722 0.015098900817660002 0.0076451278605565139 -0.00077380300162073837 0.0062040655027890256 0.0026785595786060976 0.047053236752561407 0.023652541191918338 0.051821074596317108 0.027618676948272552 -0.011650149335503013 0.0016572800911011558 0.0031740209736924735 -0.010438587764560268 0.0092994634926734272 -0.0045903454488555083 0.0008592705411589437 0.00023398594976741768 -0.0080927680155070177 -0.00059832047185662024 0.0030856569234201216 -0.00059832047185662024 -0.0087239632583862286 -0.00059832047185662024 0.0030856569234201216 -0.0033452545805545807 0.0046698055040274404
leaf_weight=157.12887459713966 65.140382599085569 25.763291912153363 9.6253599496558291 12.153345714323221 11.730332531034945 82.94993682205677 110.90595803037286 89.232302585616708 77.732260532677174 10.472327695228158 30.951294288504869 12.423019147943707 10.118022056762127 81.301558241248131 92.770659044384956 151.46888579800725 66.081580068916082 69.239817019551992 130.74068045988679 114.05552157014608 1090.9094332382083 57.397622667253017 83.045369762927294 109.68170038983226 201.57921730726957 75.983129620552063 231.54919689148664 101.04504251480103 523.24253666773438 64.529967412352562
leaf_count=3107 792 157 469 306 78 371 1156 589 504 805 2562 1067 562 761 566 1205 607 598 1187 893 5959 468 478 2257 1701 761 1196 460 5775 911
internal_value=-9.44128e-05 0.00535121 0.008312 0.0235672 0.0265189 0.00172726 -0.000622149 0.000225938 -0.00170858 0.0295551 0.0322062 0.0292995 0.0409573 -0.00187995 -0.00455804 -0.00151474 -0.00214602 -0.00162853 0.00045139 -0.00205126 -3.27517e-05 -0.00159481 0.00039817 0.00308566 -0.000634714 -0.00400608 -5.83826e-05 0.00071681 -0.00250539 -0.000522829
internal_weight=3950.95 349.06 323.296 97.4737 85.3204 225.823 3601.89 2151.33 142.873 75.695 63.9647 53.4923 22.541 1450.56 174.072 1276.49 1125.02 1058.94 314.036 244.796 2062.1 445.866 1616.23 192.727 388.468 186.889 1423.5 1191.95 744.901 221.659
internal_count=38308 7673 7516 5849 5543 1667 30635 15025 1296 5074 4996 4191 1629 15610 1327 14283 13078 12471 2678 2080 14436 4086 10350 2735 3618 1917 7615 6419 9793 4018
is_linear=0
shrinkage=0.05


Tree=102
num_leaves=31
num_cat=0
split_feature=1 0 1 0 1 0 1 0 1 1 1 1 1 1 1 0 1 1 1 1 1 1 0 1 1 1 1 1 1 1
split_gain=3.60959 8.36412 4.79127 3.19378 1.89452 2.76902 1.73146 2.12716 2.29938 1.23527 1.55421 1.16655 1.48827 1.6611 2.30211 1.26956 1.15879 1.11626 1.06663 0.934744 0.79911 0.792936 1.12485 0.758567 2.17385 0.530518 0.649987 0.429963 0.401589 0.340958
threshold=17.374357000000003 95.670565000000025 24.278532000000002 102.56563500000001 18.364714500000002 100.73750000000001 39.060131500000004 77.954705000000018 23.482148500000005 35.569485500000006 26.646057500000001 16.935424500000003 15.502636500000003 12.406044500000002 11.777991000000002 100.35868500000001 4.5531645000000003 2.4974175000000005 3.5945530000000008 19.714772000000004 30.341693000000003 13.174949000000002 104.62793500000002 13.849570500000002 14.533550500000002 5.8891125000000004 11.358157000000002 22.722694000000004 1.2293315 20.623621000000004
decision_type=2 2 2 2 2 2 2 2 2 2 2 2 2 2 2 2 2 2 2 2 2 2 2 2 2 2 2 2 2 2
left_child=11 6 4 9 -3 -6 7 20 19 10 -4 12 13 14 16 -14 17 28 -19 -9 27 -15 23 -23 -25 -18 -27 -2 -1 -7
right_child=1 2 3 -5 5 29 -8 8 -10 -11 -12 -13 15 21 -16 -17 25 18 -20 -21 -22 22 -24 24 -26 26 -28 -29 -30 -31
leaf_value=3.8421309173398692e-05 -0.0059906111956795453 0.0050168841857342085 0.0050168841857342085 0.046531786610167769 0.0050168841857342085 0.021128260294202755 -0.0066284572848835282 0.003674612177035211 0.0050168841857342085 0.0050168841857342085 0.031460462961363699 -0.0073123461400039121 -0.00014036308517914768 -0.0061888023913634904 0.0054957900251965397 0.006888926652057004 -0.0049527410859651006 0.0085820683836964236 0.00040598370003700472 -0.00056786621202121524 -0.0089879573697047646 -0.0008268453810268612 0.0019033445420802758 -0.0098065694266616724 -0.0011362768243444784 -0.0011574780761164035 -0.0054538880604325527 -0.00056786621202121524 -0.0037023629385809784 0.014156668609600648
leaf_weight=577.98258761595935 39.767589747905731 76.982490792870522 6.1699137203395429 13.197634932585059 53.098028561100364 43.239067643880844 96.379165230318904 130.28382550925016 91.147010517306626 6.2954792687669388 13.834985999390481 71.477677747607231 157.73724099248648 175.64530185610056 149.76383826136589 108.36379474401474 133.57888270169497 74.876887667924166 85.370030965656042 116.59096840023994 54.422044590115547 122.90768830105662 121.9484599083662 129.19864144176245 164.13896980881691 871.25753458216786 97.924619935452938 64.886936727911234 81.913831260055304 29.505317652598023
leaf_count=7999 635 493 533 2202 817 761 603 711 959 419 1475 448 976 1069 930 538 1215 771 762 686 449 744 511 755 971 6445 608 741 915 1301
internal_value=-0.000217454 0.0027011 0.0105288 0.0264608 0.0074262 0.011872 -0.000495025 0.000694146 0.00293792 0.0163891 0.0230279 -0.000998268 -0.000850422 -0.00119159 -0.000475162 0.00272216 -0.000940205 0.000483074 0.00422634 -0.00038707 -0.00407366 -0.00327178 -0.00231978 -0.00355704 -0.00495505 -0.00199872 -0.00159158 -0.00151814 -0.000425927 0.0183006
internal_weight=3959.89 835.8 242.323 39.498 202.825 125.842 593.478 497.098 338.022 26.3004 20.0049 3124.09 3052.61 2786.51 2072.67 266.101 1922.9 820.143 160.247 246.875 159.077 713.839 538.194 416.245 293.338 1102.76 969.182 104.655 659.896 72.7444
internal_count=38442 12785 8001 4629 3372 2879 4784 4181 2356 2427 2008 25657 25209 23695 19645 1514 18715 10447 1533 1397 1825 4050 2981 2470 1726 8268 7053 1376 8914 2062
is_linear=0
shrinkage=0.05


Tree=103
num_leaves=31
num_cat=0
split_feature=1 0 1 1 0 0 1 1 1 1 1 1 1 1 1 1 1 1 1 1 1 1 1 1 1 1 1 1 1 1
split_gain=4.24879 6.59204 3.62826 2.24272 2.0246 1.44677 1.05323 1.21396 0.779537 1.92266 0.622438 0.60097 0.50171 0.459052 2.35776 1.31586 0.806617 1.06696 0.672023 1.57267 1.1905 1.05202 0.841834 0.403345 0.757397 1.25547 1.08387 0.607994 1.37245 1.4746
threshold=19.528578000000003 95.670565000000025 24.278532000000002 39.060131500000004 110.66012500000001 103.80066500000002 31.355935500000005 25.962681000000003 39.060131500000004 25.339624500000003 -18.125642999999997 22.899860000000004 30.341693000000003 13.513445000000003 12.869179500000003 13.849570500000002 10.281606000000002 9.8197930000000024 16.778936500000004 17.374357000000003 17.848989000000003 15.006364500000002 18.523872000000004 -7.5454429999999988 -1.9481454999999999 -3.3339264999999996 -0.78220649999999992 5.8891125000000004 6.8190585000000006 7.7646335000000013
decision_type=2 2 2 2 2 2 2 2 2 2 2 2 2 2 2 2 2 2 2 2 2 2 2 2 2 2 2 2 2 2
left_child=4 8 -3 5 10 6 7 -4 9 11 -1 -2 -11 14 16 -15 17 23 21 -20 -21 -17 -22 -12 25 -25 -26 -28 -29 -30
right_child=1 2 3 -5 -6 -7 -8 -9 -10 12 13 -13 -14 15 -16 18 -18 -19 19 20 22 -23 -24 24 26 -27 27 28 29 -31
leaf_value=-0.0049854157411303029 0.00087109536050249028 0.0083909338045499958 0.038266794300592072 0.0078848817279133405 0.0066340142317247268 0.050270324799022374 0.038266794300592072 0.011388104287296861 -0.0028772899412125783 0.0078848817279133405 0.0016395579151952399 -0.0050397996020233333 0.0034073484064104501 0.0028678068750372446 -0.0072978574560203504 -0.0019070853636690985 0.00086019683805856843 -0.0069565569204600251 -0.0076974339251435044 0.0028678068750372446 -0.0060160049064326418 0.0022947617379659286 0.00062593966931297532 -0.0015416358862137694 0.0028678068750372446 -0.01042047080384912 -0.0025636115090361816 0.0028678068750372446 -0.0064364130119288479 0.0002647648741188092
leaf_weight=90.599659184925258 135.85354295372963 78.764254291541874 5.0034162672236624 5.3155356002971521 91.689462170004845 8.4053830904886109 6.9799246028996995 12.785005111712961 91.932451164349914 78.901542624458671 127.04454801604152 62.916796890087426 80.975758016109467 82.862489119172096 147.63837765157223 266.78766013681889 560.21947737410665 80.79837042093277 97.874557666480541 68.71102274954319 90.227133456617594 337.30122502893209 101.23067121952772 130.96828277595341 59.776939783245325 57.203683584928513 468.10329760238528 108.92770766839385 111.63731907308102 310.21297526732087
leaf_count=1979 1054 2371 480 316 527 1576 884 1368 582 846 1986 565 802 455 877 1477 3531 581 597 449 603 1911 882 1532 630 619 4756 865 1007 2376
internal_value=-2.41479e-05 0.00397863 0.0145393 0.0271214 -0.00069466 0.032346 0.0262633 0.0195948 0.00123044 0.00228338 -0.0008984 -0.000999881 0.00636535 -0.000782959 -0.00119877 7.75194e-05 -0.000751863 -0.0013727 -0.000578258 -0.00229469 -0.000262202 0.000439073 -0.00250417 -0.00104431 -0.00131777 -0.00424077 -0.000798224 -0.00125006 -9.16063e-05 -0.00150862
internal_weight=3957.65 567.834 117.254 38.4893 3389.81 33.1737 24.7683 17.7884 450.58 358.648 3298.13 198.77 159.877 3207.53 2162.53 1044.99 2014.89 1454.67 962.132 358.043 260.169 604.089 191.458 1373.87 1246.83 188.172 1058.66 998.881 530.778 421.85
internal_count=38484 10844 6995 4624 27640 4308 2732 1848 3849 3267 27113 1619 1648 25134 18760 6374 17883 14352 5919 2531 1934 3388 1485 13771 11785 2151 9634 9004 4248 3383
is_linear=0
shrinkage=0.05


Tree=104
num_leaves=31
num_cat=0
split_feature=1 0 1 1 1 1 1 0 1 1 0 1 1 1 1 1 1 1 1 1 1 1 1 1 0 1 1 1 0 0
split_gain=4.81605 5.91874 2.41268 2.32383 2.2604 1.35061 1.37225 3.66152 1.20171 1.42222 0.944654 0.827554 0.630188 2.10571 0.818142 0.966023 1.12563 0.637186 1.16915 0.825008 1.55036 0.621073 0.442674 0.45288 0.583911 0.881487 0.41374 0.413144 0.560099 2.41406
threshold=18.195942000000002 96.746215000000021 24.278532000000002 -2.9450254999999994 39.060131500000004 22.112892500000005 41.879956500000006 77.954705000000018 30.666177500000003 28.917160000000006 103.80066500000002 20.228838000000003 3.5945530000000008 2.4974175000000005 -1.6518409999999999 1.0000000180025095e-35 1.2293315 11.467827000000002 11.144069000000002 10.810903500000002 10.396335500000001 14.896122000000002 20.049193000000006 20.804573000000001 100.66633 21.725658000000003 4.8743095000000016 -6.209322499999999 73.685200000000023 64.157455000000013
decision_type=2 2 2 2 2 2 2 2 2 2 2 2 2 2 2 2 2 2 2 2 2 2 2 2 2 2 2 2 2 2
left_child=3 5 22 27 8 11 7 -7 9 10 -4 -2 13 14 -5 -16 -17 18 19 20 26 -19 -3 -24 -25 -26 -14 28 29 -1
right_child=1 2 4 12 -6 6 -8 -9 -10 -11 -12 -13 17 -15 15 16 -18 21 -20 -21 -22 -23 23 24 25 -27 -28 -29 -30 -31
leaf_value=-0.027338693168960444 0.00033971295722662006 0.00674966940921047 0.022958959587615596 0.0050394090231948262 0.00674966940921047 -0.0018978561122289805 -0.0030003092323838327 0.00674966940921047 0.044931068829242166 0.00674966940921047 0.050260476435255476 -0.0063296571148970596 -0.0037272455545472776 0.0091716576957408518 -0.0059371226920859835 0.0054218983613504735 -0.0032856649294987065 0.00089937145767967144 -0.0078858660922965697 0.00405257976274282 -0.0076185991309188324 -0.0012473084351404898 0.019238594258527503 0.00674966940921047 0.010737102081675918 0.023448545273919451 -0.00049519786169576277 -0.0072851279417835485 -0.0027507146784055319 -0.0063976925167832065
leaf_weight=14.664991043508055 131.01661689952016 63.794162303209305 10.893375500570988 56.007032450288534 4.6850761389359823 137.96776930987835 73.060754599049687 139.44018218666315 9.2090729735791665 4.7823348222300401 4.467911096289753 72.112999022006989 113.80168124288321 71.816702321171761 85.142979666590691 68.975952826440334 80.347363032400608 796.27961135655642 69.721832238137722 69.801709286868572 95.671610213816166 584.08581012487411 16.355041224509478 13.012656690552829 10.996449010446669 16.32713342551142 762.19408472627401 107.43321640044451 227.69795203208923 15.094482399523256
leaf_count=811 854 836 1168 621 287 1346 442 1554 1392 609 868 587 1043 732 914 782 901 4646 460 431 596 3445 339 413 334 947 6009 1198 3299 370
internal_value=-0.000102142 0.00363106 0.0122834 -0.000923446 0.024038 0.00121599 0.00309617 0.0047018 0.0299685 0.023128 0.0308997 -0.00202798 -0.000443054 0.00150543 -0.00038997 -0.00168689 0.000736563 -0.000726378 -0.00161757 -0.00119793 -0.00157511 -8.97154e-06 0.0089626 0.0122204 0.00937475 0.0147245 -0.000915077 -0.00468064 -0.00359382 -0.0100447
internal_weight=3926.86 708.122 154.523 3218.74 34.0378 553.598 350.469 277.408 29.3527 20.1436 15.3613 203.13 2853.85 362.29 290.473 234.466 149.323 2491.56 1111.19 1041.47 971.667 1380.37 120.485 56.6913 40.3362 27.3236 875.996 364.891 257.457 29.7595
internal_count=38234 11976 7193 26258 4324 4783 3342 2900 4037 2645 2036 1441 20580 3950 3218 2597 1683 16630 8539 8079 7648 8091 2869 2033 1694 1281 7052 5678 4480 1181
is_linear=0
shrinkage=0.05


Tree=105
num_leaves=31
num_cat=0
split_feature=1 0 1 1 1 1 1 1 1 1 1 1 1 0 1 0 1 1 1 1 1 1 1 0 1 1 1 1 0 1
split_gain=1.97503 3.76888 5.37124 1.78976 1.60456 1.89501 1.37919 0.976212 3.14118 0.919591 0.856659 2.62181 0.830782 1.56018 1.2169 1.4873 1.05115 0.884901 0.771676 0.611201 1.47568 0.584474 0.574674 0.531602 0.697306 0.460906 0.902852 0.431109 2.26478 0.378934
threshold=16.054473000000005 98.866220000000013 26.646057500000001 18.364714500000002 13.400919000000002 13.174949000000002 12.406044500000002 8.8289620000000024 8.3030100000000022 16.778936500000004 5.7133730000000016 4.8743095000000016 22.112892500000005 91.831240000000022 39.060131500000004 77.954705000000018 19.714772000000004 30.341693000000003 7.9046140000000014 30.666177500000003 28.917160000000006 37.884339500000003 18.195942000000002 102.40624500000003 10.166312000000003 19.372234500000001 20.049193000000006 23.294970500000002 102.80447500000001 10.810903500000002
decision_type=2 2 2 2 2 2 2 2 2 2 2 2 2 2 2 2 2 2 2 2 2 2 2 2 2 2 2 2 2 2
left_child=4 9 3 -3 5 6 7 8 10 -2 11 -1 13 16 15 17 22 -14 -12 20 -4 -21 -11 24 -9 -5 -27 -28 -29 -26
right_child=1 2 19 25 -6 -7 -8 23 -10 12 18 -13 14 -15 -16 -17 -18 -19 -20 21 -22 -23 -24 -25 29 26 27 28 -30 -31
leaf_value=0.00027517840957943905 0.0039237307459618689 0.0039237307459618689 0.040782874692642967 0.016418070808725191 -0.002505000722579559 0.0095971411469902915 -0.0040671625935391371 -0.0024319699469909882 -0.010235140459093177 -0.0059222928116324626 -0.0030029729894813176 0.0096444692626973718 0.0011779359458654354 0.0022997663281983066 -0.0031518483531588338 0.0039237307459618689 -0.0090233742793069376 -0.0064734428595835157 0.0031911483418581711 0.050313442329647573 0.0039237307459618689 0.025972382693582225 -0.0010936785361337538 0.0035251259834356988 0.0021668242101768888 0.0039237307459618689 0.015049290551619451 0.0039237307459618689 0.034229036420251845 6.6377791378720102e-05
leaf_weight=839.94321671687067 67.966654509305954 160.70046674460173 5.220659907441588 28.668414436280727 600.40994800627232 54.657139018177986 176.55330458655953 118.05339051783085 74.632407419383526 64.075136765837669 270.71372890472412 81.952028922736645 71.624140616506338 141.08440025895834 96.691688772290945 136.66735513694584 79.668878346681595 53.961330622434616 61.752164036035538 6.3595312298275513 3.966980807017535 4.0283657917752862 68.056097492575645 321.97161708772182 75.752434447407722 15.915983311831949 40.774900513701141 6.8834822904318553 6.1716113910079002 214.83905290812254
leaf_count=10687 437 951 800 403 3335 306 1073 1037 598 536 2278 735 831 775 671 2124 651 448 458 1092 545 296 521 1649 573 295 1344 564 886 1552
internal_value=0.000472309 0.00232019 0.0073109 0.005403 -0.000204203 0.000398822 0.000173993 0.000537552 -0.000269558 0.000536557 0.000323378 0.00110806 -5.09487e-05 -0.0017737 0.00164272 0.00341046 -0.00448712 -0.00156786 -0.00185248 0.0325652 0.0231709 0.0408741 -0.00175198 0.00200569 0.000808522 0.011081 0.00888722 0.0125174 0.00460956 0.00212498
internal_weight=3949.72 1058.49 278.69 259.115 2891.23 2290.82 2236.16 2059.61 1328.99 779.796 1254.36 921.895 711.829 352.885 358.945 262.253 211.8 125.585 332.466 19.5755 9.18764 10.3879 132.131 730.616 408.645 98.4144 69.746 53.83 13.0551 290.591
internal_count=38451 14170 7176 4443 24281 20946 20640 19567 14756 6994 14158 11422 6557 2483 4074 3403 1708 1279 2736 2733 1345 1388 1057 4811 3162 3492 3089 2794 1450 2125
is_linear=0
shrinkage=0.05


Tree=106
num_leaves=31
num_cat=0
split_feature=1 1 0 0 1 1 1 1 1 1 1 1 1 0 1 1 1 1 1 1 1 1 1 0 1 1 1 1 1 1
split_gain=4.42228 8.0376 9.0292 3.55326 4.97028 1.02117 2.16595 1.10547 2.63721 1.60445 1.06462 1.75514 1.11542 1.05709 1.038 1.71245 0.89693 0.839008 0.830038 1.39442 1.3872 0.715655 0.566665 4.3801 0.546829 0.499086 0.555186 0.824558 0.76063 2.27506
threshold=23.661935000000003 55.118797500000007 93.803150000000016 73.182640000000006 28.917160000000006 -2.6246229999999997 -1.0648119999999996 13.513445000000003 13.849570500000002 12.869179500000003 11.467827000000002 12.228975000000002 10.930222500000001 84.706745000000026 -28.972538499999995 -36.359374499999994 -16.763144999999998 18.704101500000004 28.917160000000006 31.355935500000005 35.569485500000006 24.278532000000002 19.714772000000004 99.019215000000017 21.379609000000002 10.281606000000002 8.4381390000000014 8.9436125000000022 5.8891125000000004 5.3716260000000009
decision_type=2 2 2 2 2 2 2 2 2 2 2 2 2 2 2 2 2 2 2 2 2 2 2 2 2 2 2 2 2 2
left_child=5 2 3 -2 -5 14 -7 9 -9 10 12 -12 25 17 15 -1 -16 -10 21 -20 -21 -4 -15 -24 -25 26 28 -28 29 -8
right_child=1 -3 18 4 -6 6 7 8 13 -11 11 -13 -14 22 16 -17 -18 -19 19 20 -22 -23 23 24 -26 -27 27 -29 -30 -31
leaf_value=-0.016615480540800011 -0.0033996916715923948 -0.021615127858158958 0.01699613009440509 0.002639878794138547 0.016149736780246338 -0.0095276828019231919 -0.00080602210689428269 0.0091242573766620785 -0.0014350399247335839 -0.0062482589828090108 0.0051834133307486104 -0.002212888371511713 -0.0060920503282722166 0.00014883126695173948 0.0083967617908220198 0.0043611875463188286 0.0017099413381472602 -0.0069753797876398295 0.016149736780246338 0.050472327439407917 0.020528527304583096 0.039445136360495854 -0.0014350399247335839 0.011301767417215388 0.022041901649172354 0.0017205207398264461 -0.0077355279921965713 -0.0017199203194467863 0.0011341381376347487 -0.011907819691931651
leaf_weight=18.698797134682536 96.805265624076128 25.090086977928877 4.4211904481053379 72.942699242383242 91.127477463334799 68.282047871500254 444.54350405186415 84.696988962590694 90.235640667378902 150.90686913579702 171.29275629296899 150.84100699052215 119.30722201615572 884.94978109747171 61.155279815196991 20.283145738765597 278.6373245306313 93.703924503177404 7.8825342273339656 6.3640073048882213 9.8609194974414986 18.020285658538342 95.754758706316352 27.977088671177626 20.56167271360755 145.42778319865465 75.785441063344479 229.37239129468799 331.81924569234252 51.492727905511856
leaf_count=934 985 155 341 512 629 756 4546 460 1034 903 1056 916 771 4935 922 304 3690 987 938 963 767 2240 735 664 964 908 611 1642 2710 460
internal_value=7.79361e-05 0.00559596 0.00781677 0.00419714 0.00867945 -0.000429521 -0.000716958 -0.000527095 0.000594151 -0.00130497 -0.000871234 0.00172005 -0.00146844 -1.36906e-06 0.00202688 -0.00570087 0.00291342 -0.00349265 0.0281023 0.0216604 0.0322736 0.0350225 0.000622569 0.003528 0.0158514 -0.00103695 -0.00139089 -0.00321389 -0.000718905 -0.00195848
internal_weight=3948.24 332.514 307.424 260.875 164.07 3615.73 3236.95 3168.67 1297.88 1870.79 1719.88 322.134 1397.75 1213.18 378.775 38.9819 339.793 183.94 46.5489 24.1075 16.2249 22.4415 1029.24 144.294 48.5388 1278.44 1133.01 305.158 827.855 496.036
internal_count=38438 7530 7375 2126 1141 30908 25058 24302 9779 14523 13620 1972 11648 9319 5850 1238 4612 2021 5249 2668 1730 2581 7298 2363 1628 10877 9969 2253 7716 5006
is_linear=0
shrinkage=0.05


Tree=107
num_leaves=31
num_cat=0
split_feature=1 0 0 0 1 0 0 1 1 1 1 1 1 1 1 1 1 1 1 1 1 1 1 1 1 1 1 1 1 1
split_gain=3.97098 3.92171 3.02617 2.25444 1.65434 1.76615 1.0045 0.819772 1.03302 0.795665 0.320127 1.77787 1.59343 1.51091 0.864629 1.02526 1.30999 0.954555 1.39895 1.02735 0.565538 0.710348 1.762 1.27696 1.57008 1.14184 2.28183 1.24416 0.567528 0.941206
threshold=27.390394500000003 66.42540000000001 95.564370000000011 111.11673000000002 -18.125642999999997 77.054615000000013 69.033990000000003 35.569485500000006 31.355935500000005 28.917160000000006 7.2267535000000009 6.3552920000000013 5.8891125000000004 8.4381390000000014 1.8783900000000002 4.1760890000000011 3.4001085000000004 1.0000000180025095e-35 -0.78220649999999992 -1.9481454999999999 9.4568970000000014 11.259378000000003 12.310562500000001 12.869179500000003 13.174949000000002 14.659504500000002 15.006364500000002 13.720637500000002 10.602863500000002 10.048001000000001
decision_type=2 2 2 2 2 2 2 2 2 2 2 2 2 2 2 2 2 2 2 2 2 2 2 2 2 2 2 2 2 2
left_child=3 -2 -3 4 5 6 -1 8 9 -4 11 12 14 -12 17 16 -16 18 19 -6 -15 28 -23 -24 -25 27 -27 -26 29 -22
right_child=1 2 7 -5 10 -7 -8 -9 -10 -11 13 -13 -14 20 15 -17 -18 -19 -20 -21 21 22 23 24 25 26 -28 -29 -30 -31
leaf_value=-0.027291805900766877 -0.011187445022228517 0.00620505011396753 0.039492745383078905 0.007840095521021103 -0.0015444348169147439 -0.0029346665080134532 -0.010517194071989984 0.015696035721096541 0.050293447017061434 0.015696035721096541 0.0034674707332296491 -0.0078029685350495181 0.0034674707332296491 -0.0037194800637775057 -0.0027056603600868817 -0.00070252952994736867 -0.011985109178727254 0.0034674707332296491 -0.010070236115774643 0.0034674707332296491 0.0032890269483188046 -0.0049992783159660131 0.0034674707332296491 -0.0079815809266402145 -0.00190371007540186 -0.0093420693304148844 -0.00056787104994508936 0.0034674707332296491 0.0034674707332296491 -0.0033629606852292023
leaf_weight=14.585106767714025 29.222704950720072 183.29336473532021 4.5926069836132282 75.223547230474651 311.62884689494967 62.540717869997025 13.118633022531865 7.5633843471296123 5.1433426118455818 6.4137597628869116 161.78407517075539 100.38677535578609 60.278446439653635 151.04787654429674 97.678478918969631 165.15828488394618 62.2854128703475 105.77746506407857 40.726349227130413 57.767484690994024 102.74518870562315 234.54762326553464 125.31818030774593 72.029539749026299 130.87888034060597 79.974977314472198 1008.4020752063952 215.85904698818922 140.77658070623875 110.22442023083568
leaf_count=816 295 1521 675 542 4107 880 277 664 938 848 1318 895 451 1184 1038 1503 592 1200 458 613 733 1477 763 450 746 452 10142 1182 888 751
internal_value=-0.000326194 0.00595896 0.00837948 -0.000727393 -0.000905154 -0.00759012 -0.0180997 0.025187 0.0317947 0.0231501 -0.000734508 -0.0014912 -0.0007882 -0.000435338 -0.00144632 -0.00346581 -0.00631882 -0.000173635 -0.0012755 -0.000305866 -0.000759051 -0.000557693 -0.000946942 -0.000364714 -0.000778105 -0.000416556 -0.00121261 0.00208217 0.00149669 -0.000153772
internal_weight=3936.97 236.229 207.006 3700.74 3625.52 90.2445 27.7037 23.7131 16.1497 11.0064 3535.28 1001.69 901.301 2533.59 841.022 325.122 159.964 515.9 410.123 369.396 2371.8 2220.76 1867.01 1632.46 1507.14 1435.11 1088.38 346.738 353.746 212.97
internal_count=38399 4941 4646 33458 32916 1973 1093 3125 2461 1523 30943 10857 9962 20086 9511 3133 1630 6378 5178 4720 18768 17584 15212 13735 12972 12522 10594 1928 2372 1484
is_linear=0
shrinkage=0.05


Tree=108
num_leaves=31
num_cat=0
split_feature=1 1 0 1 1 0 1 1 0 1 1 0 1 1 1 1 1 1 1 1 1 0 1 1 0 1 1 1 1 1
split_gain=1.7547 4.52336 10.6635 2.52457 2.30422 1.52514 0.660103 2.82221 1.53379 0.914173 0.686078 0.575531 0.549119 0.912908 0.889595 1.32471 1.32622 1.38011 0.503757 0.767092 2.73434 0.484865 0.920347 1.14453 0.566846 3.10044 0.538121 0.52241 0.48391 0.882723
threshold=41.879956500000006 24.278532000000002 86.931550000000016 30.666177500000003 25.748001000000006 75.22111000000001 10.396335500000001 10.810903500000002 82.628065000000007 15.130106500000002 9.5757900000000014 96.959240000000008 -11.815307999999998 -14.510390999999997 -18.125642999999997 -23.565164499999998 -28.972538499999995 -36.359374499999994 8.3030100000000022 5.8891125000000004 5.3716260000000009 98.242805000000018 18.870009500000005 19.528578000000003 100.73750000000001 21.922323000000002 16.778936500000004 18.195942000000002 18.015394000000004 21.725658000000003
decision_type=2 2 2 2 2 2 2 2 2 2 2 2 2 2 2 2 2 2 2 2 2 2 2 2 2 2 2 2 2 2
left_child=1 6 5 4 -4 -3 10 -8 9 -9 12 -5 13 14 15 16 17 -1 19 20 -14 26 -23 -24 -25 -26 -10 -28 -11 -30
right_child=-2 2 3 11 -6 -7 7 8 21 28 -12 -13 18 -15 -16 -17 -18 -19 -20 -21 -22 22 23 24 25 -27 27 -29 29 -31
leaf_value=-0.014955199872194236 -0.0072523168884410533 -0.003740843347047028 0.035655892826960252 0.03016840932178564 0.012168146096759896 0.0057804079151216967 -0.0089921906205474543 -0.011042126748396965 0.00010396479575805743 -0.0021715748177414959 0.0039097851498309782 0.045227634454155591 0.0010357338531333459 -0.010853315188087236 0.0077919960774888858 -0.012057607341852124 0.010041107405677825 0.0038968518264973053 -0.0016408715480715681 0.0032029901754552156 -0.011091786548266726 0.00050743352781347582 0.017766121540647533 0.00010396479575805743 0.0033542136855773878 0.028262161993387682 -0.0021715748177414959 0.00010396479575805743 -0.010101282984761002 -0.0021715748177414959
leaf_weight=17.862223857082427 76.676815769635141 96.216684434562922 11.336080486886202 18.44286520360038 27.867395874112844 74.722668878734112 96.661355920135975 42.101416148245335 448.40462066978216 43.801999524235725 151.14587838575244 9.6718276909086836 747.58928599022329 26.986199453473091 24.624633794650435 27.654256142675877 24.960138445720077 21.266602681949735 196.56701293215156 312.95273767784238 49.559184301644564 913.7990069873631 16.740789238363504 14.812377499416469 32.090897994115949 13.265911403112112 94.20331983268261 198.0769872777164 54.865764364600182 43.756014551967382
leaf_count=922 596 977 844 475 2342 358 605 517 3083 540 1050 1518 8224 462 460 471 299 313 1516 2565 445 4624 287 393 844 867 481 1235 708 426
internal_value=0.000237286 0.000386372 0.00705924 0.0239151 0.0157153 0.000421178 -5.35759e-05 -0.000656328 -0.00023577 -0.00456922 0.00070405 0.035349 0.000369894 -0.00256771 -0.000646244 -0.00291114 0.00103555 -0.00470907 0.000692178 0.00110529 0.000281759 0.000226073 0.000949552 0.00620254 0.00298523 0.00660446 -0.000741622 -0.00217157 -0.00265579 -0.00572198
internal_weight=3928.68 3852.01 238.258 67.3182 39.2035 170.939 3613.75 2012.58 1915.92 184.525 1601.17 28.1147 1450.02 143.354 116.368 91.7432 64.089 39.1288 1306.67 1110.1 797.148 1731.39 990.709 76.91 60.1692 45.3568 740.685 292.28 142.424 98.6218
internal_count=38447 37851 6514 5179 3186 1335 31337 14610 14005 2191 16727 1993 15677 2927 2465 2005 1534 1235 12750 11234 8669 11814 7015 2391 2104 1711 4799 1716 1674 1134
is_linear=0
shrinkage=0.05


Tree=109
num_leaves=31
num_cat=0
split_feature=1 0 1 0 1 1 1 1 1 1 1 1 1 1 1 1 1 0 1 1 1 1 1 1 1 1 0 0 1 1
split_gain=2.0821 8.69459 1.23509 2.44616 1.8083 1.26935 0.926843 1.49883 1.17276 1.62645 1.34981 0.838199 0.905634 0.732986 1.43098 0.889535 1.94666 1.08778 1.06969 1.0031 1.53435 0.89005 1.95875 0.702844 1.2565 0.669293 0.990878 0.585981 1.03213 0.553981
threshold=22.722694000000004 100.35868500000001 35.006506000000009 89.088855000000009 27.128399000000005 24.278532000000002 -0.78220649999999992 -13.543357499999997 9.5757900000000014 8.4381390000000014 10.396335500000001 -1.9481454999999999 -6.209322499999999 15.006364500000002 11.467827000000002 17.213393000000003 21.551369000000005 100.35868500000001 15.910527000000002 17.671927000000004 20.623621000000004 18.195942000000002 18.704101500000004 2.0921470000000002 3.4001085000000004 -26.122594999999997 84.349770000000021 104.52859000000001 30.666177500000003 11.027724000000001
decision_type=2 2 2 2 2 2 2 2 2 2 2 2 2 2 2 2 2 2 2 2 2 2 2 2 2 2 2 2 2 2
left_child=6 2 3 4 -2 -5 7 25 9 23 -10 12 -9 14 29 17 19 18 -15 -17 21 -21 -23 -8 -25 26 -1 28 -3 -12
right_child=1 27 -4 5 -6 -7 8 11 10 -11 13 -13 -14 15 -16 16 -18 -19 -20 20 -22 22 -24 24 -26 -27 -28 -29 -30 -31
leaf_value=-0.0038260821840964913 -0.0036316354694663311 0.01659125931127536 -0.0022607445333345261 0.0079722065621809484 0.0067613655315683146 0.01659125931127536 -0.0038513049725277153 0.0055477475970528763 0.0047822712777831353 -0.0061775017589049998 -0.00075023406109663796 0.0090966718577378935 -8.7992915766473971e-05 -0.0024251898555908927 0.0017461691753962478 0.0068583667209895713 -0.0083613382385861607 0.00016212322242258916 -0.0079733167161531223 -0.0061734765864897767 0.0080877937073142569 0.0082850078638562249 -0.0023771746226236832 0.0053849092804684083 -0.0010403779216239192 -0.0059019523394188995 0.010651471670647301 0.040756646272075925 0.033127019784931037 -0.0056855644825212891
leaf_weight=31.461823790334165 88.397075746208429 11.441350318957122 124.83153589209542 13.054238384589551 79.488698422908783 29.94294442422688 162.65614582970738 132.82220817543566 151.09185019135475 178.44841679930687 149.2246402874589 58.367237955331802 153.85624115169048 104.33691251277924 828.38027836382389 72.086556240916252 56.94819587469101 173.79412784427404 140.01800744235516 66.157967709004879 54.183414606377482 58.501332048326731 163.35595617815852 87.859579313546419 567.89555472135544 71.931261172518134 18.929692711681128 10.37303293077275 4.5484617843758306 91.861778035759926
leaf_count=1097 718 1331 1164 318 667 1651 1836 1862 1049 1374 929 614 1721 686 4819 465 916 845 873 439 760 435 1669 918 4857 1212 264 1749 678 598
internal_value=0.000239276 0.00385227 0.00168104 0.00401437 0.00128913 0.0146553 -0.000126734 0.00194919 -0.000439025 -0.00185233 0.000228704 0.00363509 0.00252313 -0.000122526 0.000759493 -0.00118314 0.000306411 -0.00286179 -0.0050125 0.00149789 0.000368669 -0.00108351 0.000434326 -0.00090926 -0.000179503 -0.00280636 0.00161245 0.0315015 0.0254974 -0.00263076
internal_weight=3936.25 362.077 335.714 210.883 167.886 42.9972 3574.17 467.368 3106.8 996.86 2109.94 345.046 286.678 1958.85 1069.47 889.382 471.233 418.149 244.355 414.285 342.199 288.015 221.857 818.411 655.755 122.323 50.3915 26.3628 15.9898 241.086
internal_count=38514 8276 4518 3354 1385 1969 30238 6770 23468 8985 14483 4197 3583 13434 6346 7088 4684 2404 1559 3768 3303 2543 2104 7611 5775 2573 1361 3758 2009 1527
is_linear=0
shrinkage=0.05


Tree=110
num_leaves=31
num_cat=0
split_feature=1 0 1 1 1 1 1 1 1 1 0 1 1 1 1 1 1 1 1 1 1 1 0 1 1 1 1 1 0 1
split_gain=3.83825 9.87178 2.96384 1.5153 1.51608 1.51709 1.11219 0.966865 0.915053 1.18663 0.786222 2.62571 1.04844 0.738822 0.695188 1.10538 1.0764 1.00582 0.972578 0.955625 1.23742 1.05812 0.652584 0.632569 1.44461 0.84464 1.75655 0.683957 0.625276 0.605676
threshold=20.623621000000004 95.564370000000011 24.083189500000003 2.4974175000000005 4.5531645000000003 5.8891125000000004 1.009676 29.718270500000006 31.355935500000005 35.569485500000006 84.706745000000026 25.748001000000006 25.748001000000006 3.4001085000000004 -1.9481454999999999 -0.78220649999999992 -3.6699494999999995 -7.1192084999999992 -5.3390519999999997 -23.565164499999998 -28.972538499999995 -36.359374499999994 78.432805000000016 10.281606000000002 11.561916500000001 12.310562500000001 13.400919000000002 11.027724000000001 99.802675000000008 12.978030000000002
decision_type=2 2 2 2 2 2 2 2 2 2 2 2 2 2 2 2 2 2 2 2 2 2 2 2 2 2 2 2 2 2
left_child=3 10 -3 6 13 -6 14 28 -9 -10 11 -2 -12 -5 16 -16 17 19 -19 20 21 -1 -7 -24 27 -26 29 -25 -4 -27
right_child=1 2 7 4 5 22 -8 8 9 -11 12 -13 -14 -15 15 -17 -18 18 -20 -21 -22 -23 23 24 25 26 -28 -29 -30 -31
leaf_value=-0.013503403821513655 -0.0073665283032531871 0.011903124639119038 0.026583290474884086 0.0091800265416263193 -0.0055738760896773681 -0.0044404123989388996 -0.0078359107458221867 0.010647251448452501 0.050259392789865423 0.01794286679052106 0.0093035463472081886 0.0019776159298745561 0.0019776159298745561 0.0020674971059860409 0.0062988759251988383 -0.0023979463643259728 -0.0086492272005447741 0.0070344413112052228 -0.0024268958688193317 -0.0057041909362068027 0.0097440115370355379 0.0032970968282474995 -0.001312182950990068 0.0017662132845613192 -0.0021879320761613954 0.0021211220104591401 -0.00046087948030167509 0.0067826640146006331 0.046118883133196141 0.0071932533415249803
leaf_weight=17.181103898212314 94.211621660739183 45.107905595563352 6.2658807747066048 58.006197202950716 132.57967613264918 83.154731206595898 92.308681312948465 3.9077900112606612 4.5272984716575575 7.6243907907046378 61.838621399365366 183.50012476369739 54.77343487367034 98.532091867178679 59.329810488969088 95.105539619922638 69.791071992367506 52.417490813881159 56.373807083815336 166.18830979429185 26.555169461295009 20.619410457089543 620.21923241019249 164.56598207354546 166.76193023473024 140.74873329699039 1107.4450493007898 115.7329239398241 11.827732031699268 101.15911943465471
leaf_count=907 893 1758 630 587 1220 1162 1044 549 940 693 452 1326 775 905 619 1071 749 644 632 2623 313 304 4745 1014 1008 831 6715 731 1974 570
internal_value=-5.76966e-06 0.00421475 0.0203162 -0.000586003 -7.74574e-05 -0.000361741 -0.00274845 0.0314279 0.0224982 0.0299829 0.000978279 -0.000468462 0.00442369 0.00470309 -0.00191515 0.000943133 -0.00299409 -0.00183099 0.00213174 -0.00370096 0.00147205 -0.00433907 -8.5308e-05 6.45482e-05 0.00053987 -6.97874e-05 0.000382264 0.00383746 0.0393536 0.00424215
internal_weight=3918.36 473.585 79.261 3444.78 2788.91 2632.37 655.87 34.1531 16.0595 12.1517 394.324 277.712 116.612 156.538 563.562 154.435 409.126 339.335 108.791 230.544 64.3557 37.8005 2499.79 2416.63 1796.41 1516.11 1349.35 280.299 18.0936 241.908
internal_count=38384 9990 6544 28394 19488 17996 8906 4786 2182 1633 3446 2219 1227 1492 7862 1690 6172 5423 1276 4147 1524 1211 16776 15614 10869 9124 8116 1745 2604 1401
is_linear=0
shrinkage=0.05


Tree=111
num_leaves=31
num_cat=0
split_feature=1 0 1 0 1 0 1 1 0 1 1 1 0 1 1 1 1 1 1 1 1 1 1 1 1 1 1 1 1 1
split_gain=2.72593 2.03948 1.10124 2.59692 1.33257 0.805355 0.793093 0.791855 3.61876 1.67159 1.31852 0.991936 0.766652 0.876818 1.26846 0.766056 0.957808 1.27081 0.667477 1.16841 0.991703 1.28657 0.732121 0.627479 0.904762 0.832183 0.611141 0.631808 0.599648 0.498534
threshold=22.112892500000005 100.66633 37.079089000000003 78.884190000000018 26.882295500000001 107.86395000000002 30.666177500000003 14.533550500000002 81.422705000000022 13.400919000000002 18.870009500000005 13.082711500000002 97.955315000000013 18.195942000000002 19.372234500000001 -16.763144999999998 -9.7656944999999986 -6.209322499999999 4.8743095000000016 4.3640120000000016 10.702377000000002 11.777991000000002 3.7978405000000004 1.6928380000000003 1.0000000180025095e-35 2.4974175000000005 10.281606000000002 9.8197930000000024 12.406044500000002 15.761743000000001
decision_type=2 2 2 2 2 2 2 2 2 2 2 2 2 2 2 2 2 2 2 2 2 2 2 2 2 2 2 2 2 2
left_child=7 2 3 -2 -5 6 -3 9 10 11 -9 15 29 -14 -15 -1 -17 -18 19 22 26 -22 23 24 -19 -25 27 -20 -23 -10
right_child=1 5 -4 4 -6 -7 -8 8 12 -11 -12 -13 13 14 -16 16 17 18 20 -21 21 28 -24 25 -26 -27 -28 -29 -30 -31
leaf_value=0.0039221039065090307 -0.00012004176992987779 0.010407637015532578 -0.00089161640933399077 0.0049204303940335939 0.010407637015532578 0.038103375371225358 0.026007908230269883 -0.0032972822942031002 -0.0025160595775951429 -0.0042002749409538716 -0.015376259891178147 0.0054241619758862809 0.0024681857170839525 0.014672887016284162 0.0026499915111102838 -0.0060332122338869467 0.0058973892406775528 -0.002322019599096965 0.0011926780938048632 -0.0095009521200679556 -0.0043538949257422013 0.0028628986900847177 0.0043190645259545786 -0.0095569966306808859 0.0034293106847348449 -0.0017178584073955117 0.0049855467706583605 -0.0033631333334201239 -0.0016506083570034279 0.0015350829096071753
leaf_weight=102.41804370563477 123.11420335993171 17.853812627960004 108.93348458688706 85.557043152861297 47.233146734070033 4.0389015837572506 5.3680126378312698 55.334102712571621 97.826581917703152 279.55629592761397 38.182320393621922 78.358387783169746 355.63884139806032 39.667113848030567 49.084299506619573 75.569201424717903 79.471226073801517 249.09407699853182 649.22992511838675 47.259211994707584 238.76428411900997 145.83995058014989 52.310506038367748 54.353035941720009 94.256701849400997 89.770448785275221 91.79316571354866 86.206612519919872 148.53761554136872 339.46284388750792
leaf_count=2186 1243 2237 923 1214 1559 625 952 714 656 1525 560 444 1768 494 1203 1241 1069 2748 5241 444 1497 891 453 610 1071 911 592 611 923 1844
internal_value=0.000348912 0.00430446 0.00331875 0.00511102 0.0099609 0.0174965 0.0139124 -8.9463e-05 0.00112316 -0.000550891 -0.00822907 -0.000104065 0.00211511 0.00357768 0.00802358 -0.000300531 -0.000506231 -0.000300166 -0.000553079 -0.00196221 5.50071e-05 -0.0016266 -0.00130218 -0.00190539 -0.000743164 -0.00467422 0.00113879 0.000658654 0.000585464 0.000628797
internal_weight=3930.08 392.099 364.838 255.904 132.79 27.2607 23.2218 3537.98 975.196 2562.79 93.5164 2283.23 881.68 444.39 88.7514 2204.87 2102.46 2026.89 1947.42 587.044 1360.37 533.142 539.785 487.474 343.351 144.123 827.23 735.437 294.378 437.289
internal_count=38449 8753 4939 4016 2773 3814 3189 29696 7239 22457 1274 20932 5965 3465 1697 20488 18302 17061 15992 6237 9755 3311 5793 5340 3819 1521 6444 5852 1814 2500
is_linear=0
shrinkage=0.05


Tree=112
num_leaves=31
num_cat=0
split_feature=0 1 1 0 1 1 1 1 1 1 1 1 1 1 1 1 1 1 1 1 1 1 1 1 1 1 1 1 1 1
split_gain=2.36829 1.86579 5.16604 5.39973 0.783768 2.22209 0.337107 0.750816 1.06682 0.623699 0.826173 1.01055 0.682409 2.50282 0.624979 0.554194 0.29069 1.20961 0.353131 0.423599 0.706003 0.374008 0.366606 0.578571 0.980777 1.60569 1.21022 0.490241 0.414335 0.985402
threshold=111.68918000000001 25.106159000000002 55.118797500000007 70.322435000000027 22.899860000000004 23.482148500000005 19.528578000000003 20.428562000000003 21.005013000000002 15.254350000000001 16.496098500000002 17.671927000000004 13.720637500000002 13.400919000000002 15.910527000000002 14.178294500000002 11.467827000000002 12.537767500000003 10.930222500000001 10.602863500000002 10.048001000000001 9.5757900000000014 8.4381390000000014 7.0859365000000016 6.3552920000000013 5.8891125000000004 3.4001085000000004 -1.9481454999999999 -7.5454429999999988 -9.1617669999999976
decision_type=2 2 2 2 2 2 2 2 2 2 2 2 2 2 2 2 2 2 2 2 2 2 2 2 2 2 2 2 2 2
left_child=1 4 3 -3 6 -6 9 -8 -9 12 14 -12 13 16 -11 -14 18 -18 19 20 21 22 23 24 25 26 27 28 29 -1
right_child=-2 2 -4 -5 5 -7 7 8 -10 10 11 -13 15 -15 -16 -17 17 -19 -20 -21 -22 -23 -24 -25 -26 -27 -28 -29 -30 -31
leaf_value=-0.00079275100705195978 0.010507394272108971 -0.010053861197860732 -0.018038952904880768 0.0052040339984574021 -0.018603133251407077 0.00034319796763969217 0.0052040339984574021 -0.0081840112329952218 0.0021871349092773178 -0.0018553037933702913 0.0021783287332615749 -0.0028832761068294955 0.0048597600030809013 -0.0090922490186426726 -0.0070186757941558195 0.00060782224358946299 0.0034527768653112969 -0.001793307569232058 -0.0030574822951280434 0.0035293439520374713 -0.0043032242617210273 0.0030809072946866942 -0.00245057108259732 0.0026091600077287908 -0.0056619548998817822 0.0052040339984574021 -0.0037156534111884017 0.0019982597560708106 -0.0023899672093506356 0.0052040339984574021
leaf_weight=184.35179916769266 53.35242876643315 58.51702282205224 24.950286709703505 201.24943710817024 22.496001513674855 49.590711661381647 69.020275834947824 33.909736501052976 92.255033079534769 130.80238072574139 191.04826812446117 203.80415125191212 112.27468484640121 79.96309420466423 106.17838305979967 241.42195666581392 240.64765788987279 202.20429953932762 114.63040121272206 73.243763525038958 105.99333542957902 88.017341077327728 170.85850230231881 183.92342237010598 82.5561951585114 59.993706498295069 227.25151475518942 303.18237380310893 186.60816322267056 32.703105045482516
leaf_count=3520 441 631 150 5635 423 1228 733 437 1477 727 1185 1602 607 459 593 1357 1490 1215 751 452 724 607 1330 1503 727 446 2105 3321 2157 455
internal_value=4.47772e-05 -9.93263e-05 0.00379666 0.00520403 -0.000408402 -0.00556936 -0.000302615 0.00171683 -0.000600354 -0.00042128 -0.00183493 -0.000434232 -8.92182e-05 -0.000399101 -0.00416873 0.00195752 -9.09981e-05 0.00105744 -0.000371472 -0.000190215 -0.000357821 -8.25984e-05 -0.00027712 1.74713e-05 -0.000425267 9.62447e-06 -0.000541596 0.000478866 -0.000662317 0.000822993
internal_weight=3927 3873.65 284.717 259.766 3588.93 72.0867 3516.84 195.185 126.165 3321.66 631.833 394.852 2689.83 2336.13 236.981 353.697 2256.17 442.852 1813.31 1698.68 1625.44 1519.45 1431.43 1260.57 1076.65 994.091 934.097 706.845 403.663 217.055
internal_count=38488 38047 6416 6266 31631 1651 29980 2647 1914 27333 4107 2787 23226 21262 1320 1964 20803 2705 18098 17347 16895 16171 15564 14234 12731 12004 11558 9453 6132 3975
is_linear=0
shrinkage=0.05


Tree=113
num_leaves=31
num_cat=0
split_feature=0 0 1 1 1 1 1 1 1 1 1 0 0 0 1 0 1 0 1 1 1 1 1 1 1 1 1 1 1 1
split_gain=2.81027 13.339 1.75159 1.66675 0.724229 0.723572 1.30807 0.709395 1.33643 0.742803 5.85247 7.97579 1.66615 1.6086 1.05253 1.02121 0.6895 1.23331 1.70646 0.846434 0.672858 0.545166 0.431548 0.341243 0.795849 1.70661 0.294101 1.92322 0.982296 0.992882
threshold=64.157455000000013 53.104270000000007 12.6476065 13.400919000000002 12.228975000000002 11.902625500000001 11.561916500000001 13.720637500000002 13.9525655 27.390394500000003 55.118797500000007 93.803150000000016 81.853820000000013 74.70933500000001 17.374357000000003 102.40624500000003 19.872942500000004 100.66633 21.922323000000002 18.523872000000004 18.870009500000005 30.666177500000003 37.884339500000003 23.294970500000002 24.083189500000003 25.748001000000006 2.3061595000000001 3.7978405000000004 -4.117513999999999 -1.6518409999999999
decision_type=2 2 2 2 2 2 2 2 2 2 2 2 2 2 2 2 2 2 2 2 2 2 2 2 2 2 2 2 2 2
left_child=1 -1 4 -4 5 6 26 -5 -9 12 11 13 20 -11 -14 21 19 -18 -19 -16 -10 -13 -23 -20 -25 -26 28 -28 -2 -30
right_child=2 -3 3 7 -6 -7 -8 8 9 10 -12 15 14 -15 16 -17 17 18 23 -21 -22 22 -24 24 25 -27 27 -29 29 -31
leaf_value=-0.044864818914753357 -0.0017701445677987802 -0.0057321684639378709 0.0058385028105422806 -0.0039255384669392348 -0.0050437001354309086 0.0041684213858226658 -0.0057321684639378709 0.0085908010782324087 -0.0017825160407118458 -0.0022092306552581663 -0.0057321684639378709 0.018228004782789183 -0.00038565411358538543 0.0077039291089123912 0.0019559070151468931 0.050256574665104553 -0.0016232324046772 0.0031095225756190437 0.027464211973895727 0.0078407444253480642 -0.0057321684639378709 0.038818009945668502 0.022825366130515262 0.0031095225756190437 0.050325835681480913 0.0031095225756190437 -0.0057321684639378709 -0.00044525628056429466 0.0062939147499594776 0.00030407466485386927
leaf_weight=22.939052316360176 304.56084115058184 29.972832074388862 176.31136628240347 78.293336138129234 100.87193787842989 73.472589425742626 70.326355673372746 55.219423219561577 59.585733730345964 73.855114594101906 25.052509238943458 7.3602964766323629 639.14698556065559 91.774219896644354 139.55617777258158 6.5321907703764728 149.52421244932339 26.654109744355083 8.5199547680094856 108.69358620792627 105.75351171940565 6.6232303045690042 5.2806709297001362 3.4667440028861147 3.2847805484198034 2.775416825665161 100.68052180111408 1124.7678421884775 101.13899719342589 218.97320325672626
leaf_count=762 4412 608 1042 449 615 449 434 301 747 619 155 771 3338 654 831 1458 1818 749 487 945 1145 871 289 316 589 520 1031 8580 1067 2415
internal_value=-8.79323e-05 -0.011533 6.86265e-05 0.00122507 -0.000910313 -0.000701206 -0.000887508 0.000715721 0.000954998 0.000666879 0.00337046 0.00731139 0.000197525 0.00328359 0.000912105 0.0331724 0.00278669 0.000555258 0.00784228 0.00453252 -0.00447714 0.0273794 0.0340402 0.0201938 0.0136919 0.0255674 -0.000620374 -0.00107046 0.000262582 0.00219656
internal_weight=3920.97 52.9119 3868.06 1773.26 2094.79 1993.92 1920.45 1596.95 1518.66 1463.44 216.478 191.426 1246.96 165.629 1081.62 25.7964 442.475 194.225 44.701 248.25 165.339 19.2642 11.9039 18.0469 9.52694 6.0602 1850.12 1225.45 624.673 320.112
internal_count=38467 1370 37097 18094 19003 18388 17939 17052 16603 16302 4817 4662 11485 1273 9593 3389 6255 4479 2661 1776 1892 1931 1160 1912 1425 1109 17505 9611 7894 3482
is_linear=0
shrinkage=0.05


Tree=114
num_leaves=31
num_cat=0
split_feature=1 1 0 1 1 1 1 0 1 1 1 1 1 0 1 1 1 0 1 1 1 1 1 1 1 1 1 1 1 1
split_gain=2.68956 10.5555 4.96009 2.42827 1.41893 1.86666 2.43155 1.19845 1.31947 0.811093 0.751316 0.520872 1.04875 0.892458 0.424405 1.38487 0.378185 0.194011 0.959964 0.466735 0.36682 1.1316 0.461871 0.853047 0.423728 1.28882 0.225919 0.901662 0.399085 0.737555
threshold=21.005013000000002 55.118797500000007 93.379845000000003 22.514860500000001 -4.9381519999999997 -15.487797499999997 -28.972538499999995 104.79504000000001 26.397110000000001 -36.359374499999994 28.377729000000006 32.051735000000008 23.294970500000002 76.592205000000021 28.917160000000006 31.355935500000005 -6.209322499999999 75.22111000000001 13.174949000000002 -2.6246229999999997 0.26511750000000006 1.8783900000000002 4.8743095000000016 6.2011315000000016 7.3655910000000011 8.3030100000000022 10.602863500000002 11.561916500000001 12.024012500000003 12.406044500000002
decision_type=2 2 2 2 2 2 2 2 2 2 2 2 2 2 2 2 2 2 2 2 2 2 2 2 2 2 2 2 2 2
left_child=4 2 11 -4 5 6 9 8 -5 -1 -9 12 -2 -14 -10 -16 -7 18 -6 -19 -21 -22 -23 -24 -25 -26 -27 -28 -29 -30
right_child=1 -3 3 7 17 16 -8 10 14 -11 -12 -13 13 -15 15 -17 -18 19 -20 20 21 22 23 24 25 26 27 28 29 -31
leaf_value=-0.016595014996721332 0.0062904073193666022 -0.027800450151124159 0.0097877892899261611 0.010503126457899317 -0.0094935705449565953 -0.005611116276812717 0.007151626442696693 0.050456323368056492 0.029726819512427505 -0.0019306517504663421 0.029726819512427505 0.0054808341638176872 -0.0057594914570591521 0.0024347415386194501 0.0097877892899261611 0.029726819512427505 -0.011278654303223161 0.0036524835055480355 -0.0013101737249419981 -0.0013101737249419981 0.0055420901576359455 -0.0013101737249419981 0.0039232365005936031 -0.0013101737249419981 0.0049093294945158896 -0.0012880482332720152 0.0030688456205900071 -0.0013101737249419981 0.0040970691201215161 -0.00034607666271054975
leaf_weight=17.27871682215482 71.724669471383095 24.953220624476671 27.210662502795458 20.777053928235546 37.688979417085648 148.29002639465034 69.03785191103816 6.4609877490438503 6.7940895659849074 20.756956854835153 2.7893468670081347 126.54582308232784 59.645494144409895 75.025001283735037 5.9422884178347912 12.973091914551331 36.723782576620579 85.291533708572388 34.065009001642466 135.46055537462234 90.90558023005724 220.41647351533175 137.6073085591197 138.64910878241062 130.74357920140028 392.3862509354949 215.63848434388638 99.611724048852921 100.21246557682753 1374.227870458737
leaf_count=924 584 152 790 1390 518 2174 1081 993 849 306 679 883 738 506 689 1358 461 880 541 1480 1019 2161 1167 1194 1022 2816 1337 605 595 8617
internal_value=0.000105864 0.0037855 0.00568065 0.0166204 -0.0003596 -0.0036953 0.00155891 0.0231442 0.0198736 -0.00859233 0.03958 0.00295516 0.0014066 -0.00119448 0.0274463 0.0217794 -0.00673608 -5.44495e-05 -0.00262499 4.64628e-06 -9.78386e-05 5.16563e-05 -0.000125995 9.25518e-05 -0.000122474 8.7401e-05 -0.000201515 3.67057e-05 -0.000378685 -4.40918e-05
internal_weight=3925.83 440.842 415.889 82.9475 3484.99 292.087 107.074 55.7369 46.4865 38.0357 9.25033 332.941 206.395 134.67 25.7095 18.9154 185.014 3192.9 71.754 3121.15 3035.86 2900.4 2809.49 2589.08 2451.47 2312.82 2182.08 1789.69 1574.05 1474.44
internal_count=38509 9611 9459 6748 28898 4946 2311 5958 4286 1230 1672 2711 1828 1244 2896 2047 2635 23952 1059 22893 22013 20533 19514 17353 16186 14992 13970 11154 9817 9212
is_linear=0
shrinkage=0.05


Tree=115
num_leaves=31
num_cat=0
split_feature=1 1 0 0 1 1 1 1 1 1 1 1 1 1 1 1 1 1 1 1 1 1 1 1 1 1 1 1 1 1
split_gain=1.97067 3.52728 4.99114 1.43628 0.460138 1.1669 0.987823 0.700043 0.506253 0.718795 0.545714 0.566679 0.812124 0.500509 0.457833 0.283643 1.9909 0.991896 1.03515 1.31397 0.72461 1.03917 0.762345 0.77626 0.897672 0.798793 0.371467 1.01658 0.44653 0.814166
threshold=31.355935500000005 35.006506000000009 75.22111000000001 111.68918000000001 27.885291500000005 30.008453000000003 24.687082000000004 22.899860000000004 15.502636500000003 16.778936500000004 17.374357000000003 21.725658000000003 20.428562000000003 23.482148500000005 15.130106500000002 -0.5002319999999999 3.5945530000000008 -2.2434299999999996 -3.3339264999999996 -6.209322499999999 4.8743095000000016 6.0445315000000006 7.5006760000000012 8.9436125000000022 9.5757900000000014 8.169472500000003 13.720637500000002 14.178294500000002 11.561916500000001 12.310562500000001
decision_type=2 2 2 2 2 2 2 2 2 2 2 2 2 2 2 2 2 2 2 2 2 2 2 2 2 2 2 2 2 2
left_child=3 2 -2 4 6 -6 7 8 14 -10 -11 12 -12 -9 15 17 -17 18 19 -1 -18 -22 -23 25 -25 -24 28 -28 -26 -30
right_child=1 -3 -4 -5 5 -7 -8 13 9 10 11 -13 -14 -15 -16 16 20 -19 -20 -21 21 22 23 24 26 -27 27 -29 29 -31
leaf_value=0.00041327092653338613 0.0011316445218109668 0.0015033866508670165 0.036836696594333508 0.0079487508697365025 0.00051161086320410229 -0.01490457124029012 0.0038663289153539936 -0.011282641907784247 0.0032478790930537296 -0.0034536010610276718 0.001053009712363418 0.0038663289153539936 -0.0047787177280287797 -0.0018729544085374378 -0.0042047271160375781 0.0038663289153539936 -0.0045879995554436283 -0.0064592613335395198 0.0038663289153539936 -0.0065415084464865662 0.0038663289153539936 -0.0038857761638749983 -0.0012766105160813349 -0.0054590282709885661 0.00023255232789336328 0.0038663289153539936 0.0038663289153539936 -0.0011048240588103736 -0.0048471204860408663 -0.00055098502672230908
leaf_weight=252.2511370414868 20.056512448936701 134.25698985159397 19.116788211744279 54.660528870299459 35.774903773562983 18.686573103768751 68.153226918308064 23.774979989044368 235.7745747640729 97.096012555062771 327.10867227613926 52.239423647522926 73.026936428621411 34.842282344587147 81.025423809885979 244.99709049984813 112.19697923958302 83.077050406485796 43.203242141753435 92.935252666473389 117.15538150072098 175.18273651227355 89.752852860838175 97.540808562189341 401.64006249606609 110.83161006867886 113.72403900325298 215.04254400730133 167.31823052093387 323.50077944993973
leaf_count=4434 190 1659 1029 432 1199 602 2072 447 1344 601 2676 878 1028 886 447 2699 1043 899 464 1064 1029 1504 718 738 2641 882 606 1198 1045 1922
internal_value=0.000144614 0.0053551 0.0185559 -9.6843e-05 -0.000216093 -0.00477792 -0.000147715 -0.000270486 -0.000179901 0.000938509 -5.24272e-05 0.000677587 -1.13124e-05 -0.00568949 -0.000502615 -0.000389006 -0.000147387 -0.00150053 -0.000439848 -0.00145918 -0.000688725 -0.000447245 -0.000762545 -0.000402433 -0.0008432 0.00249544 -0.000474528 0.000962226 -0.0010038 -0.00201552
internal_weight=3915.94 173.43 39.1733 3742.51 3687.85 54.4615 3633.39 3565.24 3506.62 785.246 549.471 452.375 400.136 58.6173 2721.38 2640.35 2168.88 471.467 388.39 345.186 1923.89 1811.69 1694.53 1519.35 1318.77 200.584 1221.23 328.767 892.459 490.819
internal_count=38376 2878 1219 35498 35066 1801 33265 31193 29860 6527 5183 4582 3704 1333 23333 22886 16025 6861 5962 5498 13326 12283 11254 9750 8150 1600 7412 1804 5608 2967
is_linear=0
shrinkage=0.05


Tree=116
num_leaves=31
num_cat=0
split_feature=1 1 0 1 1 0 1 1 1 1 1 1 1 1 1 1 1 1 1 1 1 1 1 1 1 1 1 1 1 1
split_gain=0.575462 1.50842 10.1688 3.06868 2.56782 1.77598 1.35412 1.19123 0.690895 0.507536 0.48738 0.87917 0.824701 0.809741 1.27109 1.58128 1.38094 0.751613 1.2132 0.730758 0.705029 0.657256 0.630726 3.44716 1.02989 0.731528 0.615581 0.789096 0.387143 0.380951
threshold=41.879956500000006 23.661935000000003 86.931550000000016 21.551369000000005 31.355935500000005 102.56563500000001 34.412092000000008 22.899860000000004 27.128399000000005 25.748001000000006 13.174949000000002 17.671927000000004 16.496098500000002 10.396335500000001 9.5757900000000014 8.3030100000000022 6.6674260000000016 6.2011315000000016 5.8891125000000004 15.910527000000002 8.8289620000000024 18.195942000000002 -15.487797499999997 -28.972538499999995 -11.100671999999998 -36.359374499999994 11.467827000000002 11.027724000000001 30.341693000000003 13.849570500000002
decision_type=2 2 2 2 2 2 2 2 2 2 2 2 2 2 2 2 2 2 2 2 2 2 2 2 2 2 2 2 2 2
left_child=1 3 28 10 5 9 -6 -5 -7 -4 13 12 19 14 15 16 17 18 22 29 -17 -13 23 25 -24 -1 27 -15 -3 -12
right_child=-2 2 4 7 6 8 -8 -9 -10 -11 11 21 -14 26 -16 20 -18 -19 -20 -21 -22 -23 24 -25 -26 -27 -28 -29 -30 -31
leaf_value=-0.016062424924732414 -0.003736055129856572 0.00040886152191040574 0.019583795287727919 -0.0047099010264704247 0.052592398576830693 0.050249226312007872 0.026346904107429875 -0.016884206470933572 0.023166871066447867 0.0097115090847869172 0.0041855669753570112 -0.0050962385581649252 0.0050623809370324551 -0.0010509850003148173 0.0050727172491818878 -0.0077527444399867369 0.0046052296042656555 -0.0054333235682300805 0.0088210897731344547 -0.0023677797214095545 -0.0015156458584301656 0.00033734925378076959 -0.0076090925732167471 0.010383008718452888 0.00010450472364687283 -0.0020917021816856292 -0.0001456308318236313 -0.0069978651406782319 -0.0042471716946667236 0.0013534858223263823
leaf_weight=17.0330352447927 76.778452802449465 96.225867856293917 13.018928738310931 62.165203065611422 7.3535757875070002 4.1690099262632421 14.817682898370547 29.689295556396246 3.180133557645604 23.667790840845555 159.62061256170273 69.842418432235718 197.25467842444777 141.83338509872556 154.53140401095152 74.137271773070097 213.91814352944493 56.122866429388523 42.089067850261927 108.47966212779284 116.51859565079212 273.97162367217243 45.775530530139804 69.322948332875967 791.49738010577857 20.826521579176188 390.41915449500084 91.941248092800379 83.288924355059862 463.63205352425575
leaf_count=922 601 819 595 1062 828 921 905 582 800 1470 887 465 1216 889 1067 600 1798 452 308 617 878 2823 787 1063 8582 311 2398 605 599 2571
internal_value=0.000549979 0.000635757 0.00442572 0.000376393 0.0211744 0.0141874 0.0350518 -0.00864489 0.0366222 0.00971151 0.000613232 0.00139365 0.00219308 0.000166994 0.000762303 0.000302052 0.000945826 0.000195047 0.000515235 0.0014196 -0.00394097 -0.00076643 0.00014509 0.00375645 -0.000317214 -0.00837714 -0.00136066 -0.00338983 -0.00175138 0.00207881
internal_weight=3913.12 3836.34 245.722 3590.62 66.2071 44.0359 22.1713 91.8545 7.34914 36.6867 3498.77 1272.8 928.987 2225.97 1601.77 1447.24 1256.59 1042.67 986.544 731.732 190.656 343.814 944.455 107.183 837.273 37.8596 624.194 233.775 179.515 623.253
internal_count=38421 37820 6937 30883 5519 3786 1733 1644 1721 2065 29239 8579 5291 20660 16768 15701 14223 12425 11973 4075 1478 3288 11665 2296 9369 1233 3892 1494 1418 3458
is_linear=0
shrinkage=0.05


Tree=117
num_leaves=31
num_cat=0
split_feature=1 0 1 1 1 1 1 1 1 1 1 1 1 1 0 1 1 1 1 0 1 1 0 1 0 1 0 1 1 1
split_gain=2.58602 1.55133 2.3036 1.53055 1.07753 1.112 0.940994 1.42438 0.972338 0.823902 0.811878 1.62199 1.50069 0.894009 1.22034 2.00544 1.0061 0.780264 1.01097 1.79084 0.785122 4.22529 1.89068 1.51406 1.21431 0.710112 1.14998 0.537529 1.40293 0.437237
threshold=13.174949000000002 73.182640000000006 -16.763144999999998 1.8783900000000002 1.0000000180025095e-35 -0.78220649999999992 -2.9450254999999994 -16.763144999999998 -7.1192084999999992 12.869179500000003 4.8743095000000016 6.8190585000000006 5.8891125000000004 8.5627025000000021 102.40624500000003 10.166312000000003 12.310562500000001 13.849570500000002 14.533550500000002 108.54184000000002 23.482148500000005 55.118797500000007 70.322435000000027 28.377729000000006 88.065595000000016 20.428562000000003 97.051350000000014 10.810903500000002 10.166312000000003 15.502636500000003
decision_type=2 2 2 2 2 2 2 2 2 2 2 2 2 2 2 2 2 2 2 2 2 2 2 2 2 2 2 2 2 2
left_child=1 2 -1 4 5 6 7 -3 -9 10 -5 12 -12 -13 16 -16 27 -2 -19 20 25 22 -22 24 -24 29 -27 28 -15 -20
right_child=17 3 -4 9 -6 -7 -8 8 -10 -11 11 13 -14 14 15 -17 -18 18 19 -21 21 -23 23 -25 -26 26 -28 -29 -30 -31
leaf_value=-0.023850741222719608 0.0046126607346443022 0.0054178065439444978 -0.0053595182120380995 -0.0044266357193907847 0.005677674017086758 -0.0053595182120380995 0.0052353401692188202 -0.0053595182120380995 0.00082257632826504806 -0.0053595182120380995 -0.0016983465192007099 -0.0047242325422327935 0.0067528642310824109 -0.0053595182120380995 0.0060924091042631502 -0.00097514295546956742 -0.00097514295546956742 -0.0027683531714815623 -0.0010882631740684033 0.011130985291949145 -0.0031819387315779228 -0.016939868248402715 0.0014518979514909194 0.0060857346345597613 0.0060857346345597613 -0.005425505287608566 0.00507551423046264 -0.0053595182120380995 -0.00097514295546956742 0.0015484064806504452
leaf_weight=19.751109850592911 158.8373601064086 79.675217270851135 35.407787676900625 223.21226555109024 105.29475191235542 39.406219474971294 95.668537549674511 122.68610855564475 125.91707017272711 72.336395032703876 97.706764340400696 228.20402482151985 113.60220758616924 131.82576368004084 127.69329476356506 247.46304966509342 73.316097281873226 164.77376756817102 209.33683929592371 45.500601795036346 60.840569037944078 24.160078313201666 69.58710628002882 140.23328082449734 29.210764351300895 109.06724359467626 34.261665191501379 192.36510767042637 77.804239638149738 631.72441420331597
leaf_count=988 891 1157 597 2203 1169 445 1019 1856 1416 444 874 1878 884 1168 724 1208 509 896 1180 917 702 149 458 3541 2388 939 1221 1381 578 4346
internal_value=-0.000201779 -0.00132558 -0.00960547 -0.00111357 0.00111188 7.43277e-05 0.000871746 -0.000399914 -0.00226444 -0.00191173 -0.00164243 -0.00116067 0.00284512 -0.00194539 -0.00119975 0.000932136 -0.00288242 0.00127829 0.000929552 0.00137959 0.00104048 0.00317527 0.00479591 0.00608573 0.0014519 0.000337776 -0.00291532 -0.00422446 -0.00237941 0.00089215
internal_weight=3886.87 2209.34 55.1589 2154.18 568.648 463.353 423.947 328.278 248.603 1585.53 1513.19 1289.98 211.309 1078.67 850.468 375.156 475.311 1677.53 1518.7 1353.92 1308.42 324.032 299.872 239.031 98.7979 984.39 143.329 401.995 209.63 841.061
internal_count=38126 20498 1585 18913 7062 5893 5448 4429 3272 11851 11407 9204 1758 7446 5568 1932 3636 17628 16737 15841 14924 7238 7089 6387 2846 7686 2160 3127 1746 5526
is_linear=0
shrinkage=0.05


Tree=118
num_leaves=31
num_cat=0
split_feature=1 1 1 1 1 1 1 1 1 1 1 1 1 1 1 1 1 1 1 1 1 1 1 1 1 1 1 1 1 1
split_gain=3.58597 3.80651 1.54358 1.50639 1.06647 3.16698 0.732399 4.92842 6.116 1.87956 1.2626 3.99236 2.73971 1.55176 1.1393 0.991073 0.94427 1.02741 1.30945 0.720913 1.02662 1.2266 0.829378 1.1132 1.59777 0.891291 1.36452 0.668256 0.661436 0.587988
threshold=13.720637500000002 13.9525655 13.400919000000002 19.528578000000003 16.935424500000003 17.374357000000003 20.428562000000003 55.118797500000007 48.301455000000004 20.804573000000001 35.569485500000006 32.051735000000008 30.341693000000003 28.650046000000003 33.859040500000006 21.551369000000005 22.112892500000005 23.294970500000002 24.083189500000003 -1.6518409999999999 -6.6622614999999987 -15.487797499999997 1.4741875000000004 4.5531645000000003 5.8891125000000004 3.7978405000000004 2.7279990000000005 26.184329500000004 16.054473000000005 27.390394500000003
decision_type=2 2 2 2 2 2 2 2 2 2 2 2 2 2 2 2 2 2 2 2 2 2 2 2 2 2 2 2 2 2
left_child=2 -2 19 4 28 -6 -5 8 9 -8 11 12 13 15 -13 -11 -17 -18 -19 20 21 -1 -21 25 -25 26 -24 -20 -3 -29
right_child=1 3 -4 6 5 -7 7 -9 -10 10 -12 14 -14 -15 -16 16 17 18 27 22 -22 -23 23 24 -26 -27 -28 29 -30 -31
leaf_value=0.0029541783532040598 0.015110650532405557 0.00069802664342060415 -0.0079235922922178976 0.0083854216343569737 -0.011360854910778295 0.00064476671078430496 -0.01120390123201386 -0.018881587745581588 0.029353587721390451 0.010313467246257136 -0.0022101374825394308 0.029385799047327937 -0.014542813508729175 0.016119820137248071 0.011933730304213894 -0.0070932430591901354 0.008915386470401316 -0.0091369609228141614 0.0069355103286626862 -0.0045760654829354319 0.0040158546261805815 -0.0042955124063118431 0.0047581662268599521 -0.0065862046309436879 -0.00084731350251958317 0.007165013777558283 -0.0046229545158918998 -0.0064754466124060401 0.0045173594876035698 0.0052852131825136548
leaf_weight=105.97819099389017 54.137126699090004 460.53499077260494 78.183453664183617 72.462080467492342 69.633475087583065 260.15859493985772 22.609381254762411 24.431541126221418 22.893819171003997 39.812488062307239 75.634044242324308 17.996206318959594 20.731108270352706 25.251735585508868 19.4678087644279 26.613930614665151 51.990194702520967 27.267394885886461 54.531894194660708 165.40938664600253 175.22412549518049 129.81210435368121 81.976432405412197 133.33300245180726 1341.9117952510715 68.573919530957937 73.531842995434999 24.552519519813359 150.3711836412549 18.739399330690503
leaf_count=2279 293 2550 449 762 443 1978 301 152 151 590 1192 597 750 896 448 446 918 612 1497 1826 1971 1970 911 1232 9328 601 747 768 887 743
internal_value=0.000211488 0.00208757 -0.00101574 0.00161301 0.000401183 -0.00189014 0.00370475 0.00298697 0.00417932 0.00282387 0.00361167 0.00495842 0.00297081 0.00432175 0.020317 0.00309829 0.00168807 0.00300783 0.000552546 -0.000778426 0.0011171 -0.00103707 -0.00119623 -0.000867239 -0.001366 0.00241633 0.000322318 0.0032534 0.00163813 -0.00138471
internal_weight=3893.76 1539.82 2353.93 1485.68 940.698 329.792 544.986 472.523 448.092 425.198 402.589 326.955 289.491 268.76 37.464 243.508 203.695 177.081 125.091 2275.75 411.014 235.79 1864.74 1699.33 1475.24 224.082 155.508 97.8238 610.906 43.2919
internal_count=38288 16974 21314 16681 5858 2421 10823 10061 9909 9758 9457 8265 7220 6470 1045 5574 4984 4538 3620 20865 6220 4249 14645 12819 10560 2259 1658 3008 3437 1511
is_linear=0
shrinkage=0.05


Tree=119
num_leaves=31
num_cat=0
split_feature=1 0 1 0 1 1 1 1 1 1 1 1 1 1 1 1 1 1 1 1 1 1 1 1 1 1 1 1 1 1
split_gain=1.25563 1.91801 2.3524 1.53246 1.14437 0.818057 1.3911 1.1396 0.579983 0.534122 1.5191 0.530673 0.422151 1.86104 0.336136 0.900682 0.426955 0.261704 0.234332 0.893014 0.764175 0.634894 0.319824 0.286486 0.283685 1.21522 0.894763 0.568164 1.75411 1.3512
threshold=17.070640500000003 98.599965000000012 24.278532000000002 102.56563500000001 29.460978500000003 30.341693000000003 25.106159000000002 37.884339500000003 18.364714500000002 15.761743000000001 15.130106500000002 16.496098500000002 18.364714500000002 19.372234500000001 19.372234500000001 22.899860000000004 20.804573000000001 33.859040500000006 -18.125642999999997 -10.369385999999999 -23.565164499999998 -28.972538499999995 -7.1192084999999992 -36.359374499999994 6.9490010000000009 6.4979430000000002 6.0445315000000006 12.6476065 13.400919000000002 12.228975000000002
decision_type=2 2 2 2 2 2 2 2 2 2 2 2 2 2 2 2 2 2 2 2 2 2 2 2 2 2 2 2 2 2
left_child=9 5 12 4 -4 6 8 17 -2 10 18 -11 -3 -14 -10 16 -16 -7 20 -20 21 23 -21 -1 25 26 -24 29 -29 -26
right_child=1 2 3 -5 -6 7 -8 -9 14 11 -12 -13 13 -15 15 -17 -18 -19 19 22 -22 -23 24 -25 27 -27 -28 28 -30 -31
leaf_value=-0.0093079435871370932 0.0027410361587396118 0.0031328510472046992 0.024521801296141434 0.038309593874160747 0.0031328510472046992 -0.010327639467889713 0.0031328510472046992 0.00083161765579996315 -0.0043765141555296505 -0.0050010938373608663 0.0047455545872746273 -0.00020863902627820806 0.017526021392512348 0.0031328510472046992 -0.0013292962426208921 -0.0058360630843350188 0.0031328510472046992 -0.0044053974376135081 0.0048921406555571074 -0.0041934833631201759 -0.010325650417419851 0.0056761316299095803 6.1872141326870704e-05 -0.00054063420041977129 -0.0011825386637453852 0.0074785086319642813 -0.0064182441220832541 0.0043303051231610582 -0.0016187271486592014 -0.0074140206031552414
leaf_weight=16.67056779935956 106.83819860592484 79.636442013084888 6.3926260829903203 8.400410210946573 6.1955839397851378 36.86635195184499 84.978431356605142 100.13224991317838 77.890385318547487 132.49820578843355 134.97443956881762 102.40875466912985 28.193057674914598 60.700254156254232 76.907755956053734 58.676213735714555 81.006278112530708 37.761467214673758 71.874507145956159 66.050777044147253 26.537667654454708 26.592722229659557 729.38621396571398 21.125512322410941 928.39243429899216 52.030847948044538 57.466980319470167 177.83029925823212 408.65295279026031 95.985380344092846
leaf_count=915 683 540 800 2203 825 607 1223 737 499 757 750 611 407 2142 561 666 740 473 1221 944 451 309 7595 309 6582 456 441 1047 2262 592
internal_value=-0.000147351 0.00155131 0.00598569 0.0217708 0.010734 0.000280015 0.00133443 -0.00265407 -0.000414679 -0.000621304 -0.000430069 -0.0029118 0.00401982 0.00678852 -0.00155958 -0.00054655 0.00141888 -0.007331 -0.000690869 -0.000603204 -0.0031857 -0.000242994 -0.000760202 -0.0044076 -0.000667633 7.79663e-05 -0.000411396 -0.00105592 0.000185106 -0.00176644
internal_weight=3899.05 850.576 189.518 20.9886 12.5882 661.057 486.297 174.76 401.319 3048.48 2813.57 234.907 168.53 88.8933 294.481 216.59 157.914 74.6278 2678.6 2587.67 90.9265 64.3888 2515.8 37.7961 2449.75 838.884 786.853 1610.86 586.483 1024.38
internal_count=38348 13106 6917 3828 1625 6189 4372 1817 3149 25242 23874 1368 3089 2549 2466 1967 1301 1080 23124 21140 1984 1533 19919 1224 18975 8492 8036 10483 3309 7174
is_linear=0
shrinkage=0.05


Tree=120
num_leaves=31
num_cat=0
split_feature=0 1 1 0 1 1 1 1 1 1 1 1 1 1 1 1 1 1 1 1 1 1 1 1 1 1 1 1 1 1
split_gain=1.54019 1.09071 5.57306 2.75513 0.934666 0.627374 0.655603 0.673145 0.49961 2.56817 1.00843 1.07095 1.61995 0.6372 1.40877 0.608396 0.464206 0.337798 0.865882 0.325409 2.48768 1.4044 0.683447 0.589319 0.312857 0.394411 1.83228 0.430875 0.463129 0.322639
threshold=111.68918000000001 21.005013000000002 55.118797500000007 84.706745000000026 31.355935500000005 19.872942500000004 18.195942000000002 17.671927000000004 -13.543357499999997 -23.565164499999998 -3.6699494999999995 -6.6622614999999987 -10.369385999999999 -32.203934499999995 -41.37671799999999 -1.9481454999999999 18.704101500000004 0.53227800000000014 -0.5002319999999999 4.1760890000000011 3.5945530000000008 1.4741875000000004 5.7133730000000016 8.8289620000000024 9.8197930000000024 11.467827000000002 11.902625500000001 13.174949000000002 13.849570500000002 16.633432500000001
decision_type=2 2 2 2 2 2 2 2 2 2 2 2 2 2 2 2 2 2 2 2 2 2 2 2 2 2 2 2 2 2
left_child=1 5 3 4 -3 6 7 8 9 13 11 12 -10 14 -1 -12 -8 18 -17 20 21 -19 -21 -24 -25 -26 -27 -28 -29 -30
right_child=-2 2 -4 -5 -6 -7 16 -9 10 -11 15 -13 -14 -15 -16 17 -18 19 -20 22 -22 -23 23 24 25 26 27 28 29 -31
leaf_value=-0.016003809560298753 0.0081468349261739192 -0.0038533260372768151 -0.02035473327352675 0.0040338911721353315 0.0014231733294701216 -0.0049544861444409845 0.0040338911721353315 -0.0053942438370005522 0.0040338911721353315 -0.01108281690234697 -0.0050034403506264919 0.0040338911721353315 -0.0054830504128048317 0.0040338911721353315 0.0040338911721353315 -0.0019350838677825574 0.00039417885950372955 -0.0066366732978975331 0.0040338911721353315 0.003052382005199352 -0.012257297673500284 0.0029638320918661414 -0.0022577368230701942 0.0020006016902556667 -0.0018478798327451322 0.0040338911721353315 -0.0022169608576226058 0.0024437107096344059 -0.001073648864642769 0.0014230063884526885
leaf_weight=12.792528985999525 57.761241962900385 146.27957275882363 25.643015781417489 159.22740675951354 108.41664522141218 73.404805738478899 60.129110299050808 67.198722008615732 38.76369989849627 58.04829634167254 71.70537968352437 90.173304131254554 75.93307913467288 37.998027309775352 12.949425691738725 73.182381648570299 108.2918872833252 52.314336828887463 54.572125997394323 144.28142188861966 49.075916841626167 140.12539445236325 391.56140179559588 159.05977955088019 336.2778754979372 97.019024107605219 286.21769616007805 160.62036644667387 579.43410368263721 166.60950366780162
leaf_count=755 476 1338 157 7301 697 878 446 443 591 1063 773 1051 1075 465 308 780 1025 601 611 1324 461 1497 3244 1179 2234 610 1773 894 3250 1035
internal_value=4.29318e-05 -7.90526e-05 0.00226461 0.0036659 -0.00118754 -0.000382253 -0.000281293 -0.000443502 -0.000335792 -0.00347447 -0.000206954 0.00317772 -0.00093123 0.00345448 -0.00388537 -0.000458005 0.00275821 -0.000336857 0.00217241 -0.000461952 -0.00220865 0.000353955 -0.000280203 -0.000501092 -0.000115802 -0.000322811 7.47748e-05 -0.000525657 8.25811e-06 -0.000516086
internal_weight=3895.07 3837.31 439.567 413.924 254.696 3397.74 3324.33 3155.91 3088.72 121.788 2966.93 204.87 114.697 63.74 25.742 2762.06 168.421 2690.35 127.755 2562.6 241.516 192.44 2321.08 2176.8 1785.24 1626.18 1289.9 1192.88 906.664 746.044
internal_count=38335 37859 9493 9336 2035 28366 27488 26017 25574 2591 22983 2717 1666 1528 1063 20266 1471 19493 1391 18102 2559 2098 15543 14219 10975 9796 7562 6952 5179 4285
is_linear=0
shrinkage=0.05


Tree=121
num_leaves=31
num_cat=0
split_feature=1 1 1 1 0 1 0 1 1 1 0 0 1 1 1 1 1 1 1 1 1 1 1 0 0 1 1 1 1 1
split_gain=2.11247 5.69131 1.79119 1.16198 2.78205 1.93559 3.49991 1.78536 1.71906 2.69959 1.22147 1.03147 0.823529 1.14688 0.821173 1.16934 1.22131 0.777835 1.47901 0.870637 0.624466 1.62654 1.30517 2.29364 0.996449 0.761251 0.520309 1.50316 0.674754 0.636769
threshold=19.528578000000003 55.118797500000007 44.139004500000006 35.569485500000006 73.685200000000023 25.106159000000002 76.592205000000021 23.294970500000002 32.051735000000008 28.917160000000006 90.262340000000009 84.706745000000026 22.112892500000005 21.174646000000003 -0.78220649999999992 -1.9481454999999999 -3.6699494999999995 10.166312000000003 11.561916500000001 9.8197930000000024 16.935424500000003 17.374357000000003 15.761743000000001 99.951465000000013 91.653605000000013 18.195942000000002 -12.652998499999999 -16.763144999999998 -7.5454429999999988 -28.972538499999995
decision_type=2 2 2 2 2 2 2 2 2 2 2 2 2 2 2 2 2 2 2 2 2 2 2 2 2 2 2 2 2 2
left_child=14 2 3 5 -5 7 -7 12 9 10 -8 -9 13 -2 15 16 26 19 -19 -16 22 -22 -20 -24 -23 -26 27 29 -28 -1
right_child=1 -3 -4 4 -6 6 8 11 -10 -11 -12 -13 -14 -15 17 -17 -18 18 20 -21 21 24 23 -25 25 -27 28 -29 -30 -31
leaf_value=-0.0030531014109000647 0.0042959802162698367 -0.020452564087370419 0.01397393423432107 -0.014976392110409523 0.0065501284039491932 0.0001110201925488376 0.014959576622427759 -0.012962807705387958 0.030763368771150341 0.0077586767638462804 0.032265481957157172 0.0012716669647324997 0.0089668616310711047 -0.0050510717798229882 -0.0016923171107162346 0.0078793305222739623 -0.0055984419553188102 0.0028253770515508335 -0.0012342601557589136 -0.0076777132463282001 -0.009531444037497545 -0.005048411888957288 -0.0012849628348572534 0.009281297858511315 -0.0018342378972524235 0.0047833215188952567 0.0065905478519413755 -0.01053212765149697 0.00070717723585013046 0.00525905094994645
leaf_weight=36.822376853786409 115.1127050910145 25.321818646043539 40.110433734953403 28.18995013833046 32.100511386524886 68.746787913143635 28.541689716279507 30.151095632463694 14.910322291310875 22.710816523060203 15.862797697773201 22.021968655753881 50.183943381533027 45.904874430969357 1023.4629409201443 58.653232090175152 71.577927432954311 303.97301420941949 975.01316241174936 64.590645994991064 72.584377363324165 96.984677631407976 123.81679309904575 87.764743238687515 78.261666528880596 81.038429792970419 84.83135418780148 30.654402999207377 114.52912972308695 61.560593305155635
leaf_count=1228 1357 157 301 199 838 723 149 269 863 1298 1882 1089 876 750 9176 613 776 1945 5632 455 455 759 773 447 461 735 1229 602 1383 898
internal_value=-0.000214251 0.00268924 0.00382808 0.00297032 -0.00351501 0.00391444 0.00843222 0.00132817 0.0154063 0.0119946 0.0211418 -0.00695451 0.00337424 0.00163121 -0.000679922 0.00128638 0.00031958 -0.000990088 -0.00035766 -0.00204763 -0.000996116 -0.00292405 -0.000461783 0.00309796 -0.00105271 0.00137994 0.00160948 -0.00086431 0.00321065 0.00214801
internal_weight=3905.99 539.87 514.548 474.437 60.2905 414.147 150.772 263.375 82.0256 67.1153 44.4045 52.1731 211.202 161.018 3366.12 458.629 399.976 2907.49 1819.44 1088.05 1515.46 328.869 1186.59 211.582 256.285 159.3 328.398 129.037 199.36 98.383
internal_count=38318 10751 10594 10293 1037 9256 4915 4341 4192 3329 2031 1358 2983 2107 27567 6729 6116 20838 11207 9631 9262 2410 6852 1220 1955 1196 5340 2728 2612 2126
is_linear=0
shrinkage=0.05


Tree=122
num_leaves=31
num_cat=0
split_feature=0 1 1 1 1 1 1 1 1 1 1 1 1 1 1 1 1 1 1 1 1 1 0 1 1 1 1 1 1 1
split_gain=2.21327 2.14728 1.09884 6.00584 1.05339 0.953639 0.799157 0.631368 1.24419 0.66257 0.61077 0.546072 0.700554 0.855673 0.631812 0.497242 0.572568 0.4026 0.387979 0.386692 5.72033 0.364848 1.47652 0.948367 0.872609 0.355608 0.349593 0.733706 0.75175 0.580569
threshold=111.68918000000001 -6.6622614999999987 25.339624500000003 55.118797500000007 -3.6699494999999995 4.1760890000000011 6.8190585000000006 22.899860000000004 23.482148500000005 8.169472500000003 7.6308260000000008 20.228838000000003 21.922323000000002 21.174646000000003 18.523872000000004 17.848989000000003 11.561916500000001 5.8891125000000004 19.187255500000003 32.051735000000008 30.341693000000003 -21.291152999999998 77.054615000000013 -10.369385999999999 -12.652998499999999 4.8743095000000016 12.6476065 13.849570500000002 13.174949000000002 14.302829000000001
decision_type=2 2 2 2 2 2 2 2 2 2 2 2 2 2 2 2 2 2 2 2 2 2 2 2 2 2 2 2 2 2
left_child=1 21 4 19 -3 -6 17 9 -9 10 -8 14 13 -13 15 16 -11 25 -16 20 -4 22 -1 24 -23 -7 -18 28 -28 -29
right_child=-2 2 3 -5 5 6 7 8 -10 11 -12 12 -14 -15 18 -17 26 -19 -20 -21 -22 23 -24 -25 -26 -27 27 29 -30 -31
leaf_value=-0.018075896105943217 0.0098445881732556178 0.0046413122572492053 0.0046413122572492053 -0.020931737184591001 -0.0028423491573853982 0.0035765445384448114 -0.00085242511708939523 -0.014891261026205025 -0.00082865125966620392 0.00089652340662193814 -0.0068011185948489497 0.0036387465883152923 0.0046413122572492053 -0.0060565188109599141 -0.0063918486735071419 0.0035699673075147973 -0.0026808353135741362 0.004552593563926388 -0.0013399832552544082 0.0046413122572492053 -0.021830080492629807 -0.0041168445532048297 -0.0030474448565998707 -0.0079668425562380608 0.0046413122572492053 -0.0012191962133992554 -0.0013115486259019961 -0.0046937718362333224 0.0039604185545996156 -0.00079003156135711364
leaf_weight=24.63227482419461 51.782837600680068 92.246258182451129 91.270146341528744 24.419549405574799 433.45035814121366 63.407989632338285 99.985720500349998 22.720112627372146 51.114071230171248 615.14800059050322 75.907715898007154 57.942578177899122 42.137655761092901 37.477491000667214 66.457272328436375 84.182382620871067 239.74177168309689 111.70623530447483 88.772042084485292 137.64514377363957 21.859000885393471 57.034380868077278 48.570783341303468 75.692059814929962 31.326745975762606 99.016631223261356 120.2239183858037 111.46411251276731 154.53663349151611 654.45543057471514
leaf_count=1032 431 1067 2983 149 4657 592 917 428 1326 4319 601 739 728 591 585 581 1497 884 889 2395 765 1057 648 1072 457 904 737 596 861 3816
internal_value=-0.000423303 -0.000561964 -0.0002581 0.00277814 -0.000509614 -0.000660119 -0.000321866 -0.000600523 -0.00515597 -0.00046315 -0.00341961 -0.000234321 0.00281915 -0.000169197 -0.000431058 -0.000190207 -0.000357197 0.00224205 -0.0035028 0.00464131 0.00164372 -0.00516915 -0.0081044 -0.0038594 -0.000340877 0.000652985 -0.000959516 -0.000562975 0.00165362 -0.00135814
internal_weight=3886.33 3834.54 3597.29 275.194 3322.09 3229.85 2796.4 2522.27 73.8342 2448.43 175.893 2272.54 137.558 95.4201 2134.98 1979.75 1895.57 274.131 155.229 250.774 113.129 237.256 73.2031 164.053 88.3611 162.425 1280.42 1040.68 274.761 765.92
internal_count=38304 37873 33607 6292 27315 26248 21591 19211 1754 17457 1518 15939 2058 1330 13881 12407 11826 2380 1474 6143 3748 4266 1680 2586 1514 1496 7507 6010 1598 4412
is_linear=0
shrinkage=0.05


Tree=123
num_leaves=31
num_cat=0
split_feature=0 1 1 1 1 1 1 1 1 1 1 1 1 1 1 1 1 1 0 0 1 1 1 1 1 1 1 1 1 1
split_gain=2.3278 1.19272 1.52821 1.05864 0.597484 1.08754 0.876222 1.58239 0.872868 0.815846 1.29357 1.80387 0.716636 1.1013 1.11196 0.649985 0.875367 0.641636 0.585686 0.671633 0.616193 0.549617 0.64198 0.545107 1.82724 0.673323 1.18614 0.490208 1.94241 0.722316
threshold=111.68918000000001 -2.6246229999999997 -13.543357499999997 -1.0648119999999996 10.602863500000002 10.930222500000001 11.467827000000002 12.406044500000002 3.4001085000000004 13.174949000000002 13.400919000000002 13.720637500000002 6.6674260000000016 9.7070385000000012 9.2114995000000022 41.879956500000006 22.112892500000005 14.050973000000001 76.133025000000018 69.033990000000003 -19.543540499999995 -7.5454429999999988 -4.117513999999999 22.899860000000004 23.482148500000005 26.397110000000001 27.390394500000003 37.884339500000003 35.006506000000009 32.051735000000008
decision_type=2 2 2 2 2 2 2 2 2 2 2 2 2 2 2 2 2 2 2 2 2 2 2 2 2 2 2 2 2 2
left_child=1 2 18 -3 8 -6 -7 -8 -5 -9 -11 -12 -10 14 -14 16 17 -13 19 -1 -20 -4 -23 -18 -25 -26 -27 28 29 -28
right_child=-2 3 21 4 5 6 7 9 12 10 11 15 13 -15 -16 -17 23 -19 20 -21 -22 22 -24 24 25 26 27 -29 -30 -31
leaf_value=-0.016301654314214025 0.010681066059406925 -0.0062129500997309302 0.0054973808912135913 0.0017904479426709922 0.0054973808912135913 -0.0038649370590127484 0.0047191095481473166 -0.0031816315947784425 -0.0034305918868697141 0.0054973808912135913 -0.0072476332437434489 0.0044681092463080959 -0.00037929719295126034 -0.003836196245284783 0.0054973808912135913 -0.0039354562567949702 0.0054973808912135913 -0.00011763947952960618 0.0034127006061322376 -0.0040496765123228416 -0.0040496765123228416 3.8177488541904682e-05 0.0054973808912135913 -0.011005744076180173 0.0054973808912135913 -0.010323935693303548 7.0778430337239482e-05 0.0054973808912135913 -0.010401355504063911 0.0054973808912135913
leaf_weight=14.301186185330154 54.922091717133299 66.769138410687447 94.144322127103806 258.3797801733017 70.485735043883324 112.96755423769355 214.6568507887423 164.21353011578321 314.8929457962513 55.359196022152901 76.734624490141869 82.191602282226086 334.50596364587545 172.56752078235149 82.838901374489069 74.787136799655855 33.204174409620464 1060.4826330319047 57.913505844771862 11.86735389754176 36.34350073710084 100.87547840923071 61.039231147617102 23.832543638534844 76.18483140761964 18.772621468873695 63.328475650167093 28.517323052510619 27.50629775156267 30.697810002369806
leaf_count=864 449 742 1382 2846 435 739 1335 1015 2795 303 443 439 2772 1192 608 594 580 7696 790 268 667 1247 618 454 2065 584 2356 442 600 904
internal_value=0.000460626 0.000313696 0.0029857 2.15924e-05 0.000144856 0.000626919 0.000420973 0.000659425 -0.000772668 0.000179508 0.000513696 0.000231979 -0.0015046 -0.000476516 0.000912675 0.000609698 0.000844982 0.00021221 -0.00165944 -0.00827719 0.000177839 0.00517033 0.00255538 0.00323885 0.00221104 0.00349667 0.00152496 0.00300737 0.00128563 0.00470452
internal_weight=3875.28 3820.36 376.485 3443.88 3377.11 2213.92 2143.44 2030.47 1163.19 1815.81 1651.6 1596.24 904.805 589.912 417.345 1519.51 1444.72 1142.67 120.426 26.1685 94.257 256.059 161.915 302.044 268.84 245.007 168.823 150.05 121.533 94.0263
internal_count=38224 37775 5836 31939 31197 20984 20549 19810 10213 18475 17460 17157 7367 4572 3380 16714 16120 8135 2589 1132 1457 3247 1865 7985 7405 6951 4886 4302 3860 3260
is_linear=0
shrinkage=0.05


Tree=124
num_leaves=31
num_cat=0
split_feature=1 1 1 1 1 1 1 1 1 1 1 1 1 1 1 1 1 1 1 1 1 1 1 1 1 1 1 1 1 1
split_gain=1.87623 2.52229 0.659435 0.534393 1.25437 0.822269 1.26554 0.928165 1.04344 1.67877 0.426108 0.387954 0.491012 0.373677 0.963895 1.10696 1.50678 1.21471 0.879417 0.800439 0.633307 1.91549 1.5431 2.40996 0.403993 0.712247 0.647862 0.341765 0.319027 0.310772
threshold=31.355935500000005 35.569485500000006 44.139004500000006 10.281606000000002 11.561916500000001 -0.23123699999999997 2.0921470000000002 6.3552920000000013 2.9478600000000004 3.7978405000000004 0.7573605000000001 5.8891125000000004 4.5531645000000003 17.671927000000004 21.005013000000002 29.178669500000005 27.390394500000003 26.184329500000004 16.054473000000005 15.254350000000001 21.551369000000005 22.112892500000005 22.899860000000004 23.482148500000005 12.129366500000001 12.537767500000003 13.513445000000003 25.339624500000003 33.859040500000006 24.455561500000005
decision_type=2 2 2 2 2 2 2 2 2 2 2 2 2 2 2 2 2 2 2 2 2 2 2 2 2 2 2 2 2 2
left_child=3 28 -3 5 -5 -1 10 8 -8 -10 -7 12 -11 18 -15 16 17 20 19 24 -16 -22 -23 -24 -6 -26 -27 29 -2 -25
right_child=1 2 -4 4 13 6 7 -9 9 11 -12 -13 -14 14 15 -17 -18 -19 -20 -21 21 22 23 27 25 26 -28 -29 -30 -31
leaf_value=0.00081020002219282187 0.019466639074490092 -0.0020831410556485554 0.0051709482824741741 0.0034135586330947161 -0.0023270415849893336 -0.0028027932818574484 0.0073161420358490332 -0.0022790019641246036 -0.0077174264468406091 0.0039349839147505093 -0.0085224921927591814 0.0050873197979355769 -0.0013253392587393232 -0.0031062599360643295 0.0083906878592387001 -0.0079759699279427949 0.012975537065370288 -0.0098771659497652788 0.0028477027320576659 -0.0035626669549604045 -0.011625255669627171 0.012038339528455308 -0.014147274238177944 0.005433438279312041 0.004682637406545738 -0.0020345485617391306 0.0013048297061139099 0.0096296773716526684 0.010687242566715561 -0.0024769044426536965
leaf_weight=489.98364860983565 24.511983046075329 60.772717428859323 64.663968404754996 285.52314519882202 127.89801798760891 54.969275787472725 54.64627642557025 569.09684005007148 59.69855235889554 68.116872441023588 79.881555005908012 60.640544645488262 127.20460021495819 309.40578150004148 32.335553791373968 30.698874667752534 28.158797504147515 24.20210876618512 273.45306648686528 162.5189126059413 26.239596469327807 35.72937760874629 23.246474044397473 29.648460935568437 98.114616252481937 226.89717858284712 403.58478892222047 21.557054941076785 17.906809417996556 21.362570631783456
leaf_count=7088 912 1045 453 1824 787 615 591 4486 608 597 910 444 1185 2838 463 1033 1071 757 1648 905 450 602 453 743 602 1351 2225 589 436 600
internal_value=4.96623e-05 0.00522066 0.00165642 -0.000183364 0.000326219 -0.000887216 -0.00166143 -0.00101122 0.000937137 -0.000167179 -0.00619097 0.00159378 0.000509158 -0.000143905 -0.00119524 0.000969201 0.00210169 0.000673022 0.000329989 -0.000345642 0.00201606 0.000709666 0.00317016 -0.000136793 0.000264785 0.000719755 0.000103058 0.00435133 0.0157605 0.00212072
internal_weight=3892.67 167.855 125.437 3724.81 2160.57 1564.24 1074.25 939.404 370.307 315.661 134.851 255.962 195.321 1875.05 582.585 273.179 242.48 214.321 1292.47 1019.01 190.119 157.784 131.544 95.8146 856.495 728.597 630.482 72.5681 42.4188 51.011
internal_count=38311 2846 1498 35465 18941 16524 9436 7911 3425 2834 1525 2226 1782 17117 9599 6761 5728 4657 7518 5870 3900 3437 2987 2385 4965 4178 3576 1932 1348 1343
is_linear=0
shrinkage=0.05


Tree=125
num_leaves=31
num_cat=0
split_feature=1 0 1 1 1 1 1 1 1 1 1 1 1 1 1 1 1 1 1 1 1 1 1 1 1 1 0 1 1 0
split_gain=1.71369 5.83323 0.724977 2.47736 2.4802 0.956172 1.35784 0.780016 0.627943 1.79325 1.26629 1.20712 0.684629 1.80014 1.29977 0.614464 0.963961 1.67384 1.22447 0.604753 0.595634 0.812462 0.592393 2.31766 1.17787 0.590662 0.577935 0.551731 1.09558 1.16705
threshold=18.195942000000002 96.746215000000021 -1.0648119999999996 6.0445315000000006 6.6674260000000016 -2.6246229999999997 -4.117513999999999 2.9478600000000004 10.930222500000001 9.5757900000000014 11.467827000000002 10.166312000000003 8.3030100000000022 7.9046140000000014 8.8289620000000024 20.428562000000003 32.876920500000004 26.397110000000001 21.922323000000002 -10.369385999999999 12.406044500000002 13.623574000000001 18.870009500000005 19.372234500000001 20.049193000000006 12.869179500000003 108.36910000000002 21.174646000000003 23.294970500000002 102.80447500000001
decision_type=2 2 2 2 2 2 2 2 2 2 2 2 2 2 2 2 2 2 2 2 2 2 2 2 2 2 2 2 2 2
left_child=2 15 5 7 -5 6 19 -4 9 12 -10 -11 13 -6 -14 -2 17 18 -17 -1 -12 25 -3 -24 -25 -22 27 -26 -29 -30
right_child=1 22 3 4 8 -7 -8 -9 10 11 20 -13 14 -15 -16 16 -18 -19 -20 -21 21 -23 23 24 26 -27 -28 28 29 -31
leaf_value=-0.00054305894963331157 0.0028173051280446205 0.0057049128913011478 0.00084061596134322081 -0.009649600010784784 -0.0023506021769429553 -0.0077451078264353726 0.0054631929321435659 0.0047671627647026329 -0.0061197792962199189 0.0080172685696204178 0.001718005586642847 0.001191679258710477 -0.0087160470737245362 0.0077998359518021369 -0.00031586165769304766 -0.0059593149452122438 0.0021780317940313385 -0.0087176462447504464 0.0029235761374493039 -0.0049238152774347885 -0.00039668752855434087 -0.00041004747042699182 0.031380965503928278 0.0057049128913011478 0.0057049128913011478 -0.0052186202494747761 0.028017606685733429 0.020211750189258713 0.0057049128913011478 0.020211750189258713
leaf_weight=162.77946101175621 140.55372010543942 29.248106483370066 231.17836482077837 77.651181738823652 152.26283000037074 68.897743705660105 61.410512156784534 279.27327064424753 117.14507854729891 105.89665697515011 214.22752842307091 166.81173798441887 74.706657323986292 61.250344965606928 120.0503644682467 58.637701120227575 149.0519023318775 82.994280421175063 114.64650893956423 152.66726383753121 98.34129111468792 883.67848506942391 15.018496699631212 18.996418461203575 20.124608930200338 179.30560179799795 6.4830085448920718 20.566876311786473 20.318120717303831 8.2529398705810291
leaf_count=3235 927 299 2577 610 1350 766 618 2570 765 744 1314 1055 613 454 912 503 1189 1077 1118 1989 606 5096 238 320 459 1053 647 847 2446 1943
internal_value=2.6726e-05 0.00229711 -0.000458062 -0.000156066 -0.000869129 -0.00232914 -0.00133899 0.00298887 -0.00055546 0.000702746 -0.00112946 0.00384216 -0.00139425 0.000561245 -0.00353808 -3.14261e-05 -0.00101926 -0.00287881 -8.23083e-05 -0.00266322 -0.000704476 -0.00115135 0.0114413 0.0131324 0.0102396 -0.00351071 0.0137421 0.0124059 0.0152634 0.00846538
internal_weight=3892.43 684.893 3207.53 2761.78 2251.33 445.755 376.857 510.452 2173.68 680.979 1492.7 272.708 408.27 213.513 194.757 545.884 405.33 256.278 173.284 315.447 1375.55 1161.33 139.009 109.76 94.742 277.647 75.7456 69.2625 49.1379 28.5711
internal_count=38340 12013 26327 19719 14572 6608 5842 5147 13962 5128 8834 1799 3329 1804 1525 4814 3887 2698 1621 5224 8069 6755 7199 6900 6662 1659 6342 5695 5236 4389
is_linear=0
shrinkage=0.05


Tree=126
num_leaves=31
num_cat=0
split_feature=1 1 0 1 1 1 1 1 1 1 1 1 1 1 1 1 1 1 1 1 1 1 1 1 1 1 1 1 1 1
split_gain=0.863928 1.74742 6.19174 3.16607 1.93907 0.478799 0.822788 0.666785 1.31016 0.929723 0.802266 1.05208 0.790587 0.652768 1.67849 1.33472 0.570805 0.503385 0.420786 0.372858 0.575645 0.331746 1.50648 1.58052 1.13027 0.582543 0.879414 0.572956 0.561934 1.0017
threshold=41.879956500000006 25.106159000000002 86.630460000000014 30.666177500000003 30.341693000000003 15.130106500000002 21.551369000000005 19.372234500000001 17.671927000000004 18.195942000000002 16.496098500000002 15.910527000000002 18.704101500000004 22.722694000000004 23.294970500000002 23.883054000000005 14.415001500000001 20.428562000000003 26.184329500000004 36.273702000000007 32.442796500000007 1.4741875000000004 6.3552920000000013 7.2267535000000009 -26.122594999999997 -11.815307999999998 -7.5454429999999988 -16.763144999999998 4.8743095000000016 3.9987590000000002
decision_type=2 2 2 2 2 2 2 2 2 2 2 2 2 2 2 2 2 2 2 2 2 2 2 2 2 2 2 2 2 2
left_child=1 5 4 18 -3 16 7 8 10 -10 11 -7 -11 -8 -15 -16 21 -9 -4 20 -5 24 28 -24 -1 27 -27 -26 29 -23
right_child=-2 2 3 19 -6 6 13 17 9 12 -12 -13 -14 14 15 -17 -18 -19 -20 -21 -22 22 23 -25 25 26 -28 -29 -30 -31
leaf_value=0.0057850133654794213 -0.0053905051840823859 0.0056485531902118738 0.022309134222089924 0.025504705176861639 -0.0059296946782536877 0.0028923937892783871 -0.0071973475437726031 0.0068153960108877009 -0.0077131303547953861 0.0038126234269646058 0.0045231957017997206 -0.0034847110939358883 -0.0041564407217547636 0.010665671591591347 -0.015353137966458331 0.0010295761788429204 -0.0034714830932207779 0.00092999690388889287 0.0093013998896735641 0.02555730123520495 0.04644154418456789 0.0032604545475332491 -0.0068903295881620683 -0.00040002838799611134 -0.0022224491129268667 0.0036080072869472146 -0.0023840889009738723 -0.010183647344063641 0.0049410612000775405 -0.0034701439384130675
leaf_weight=49.197030137758702 76.129649157635868 65.691653374582529 6.5796870272606638 5.4789866695646223 80.443858310580254 158.79921696335077 53.594552327878773 86.175665684044361 65.105388309806585 59.700486399233341 193.02844666689634 109.1176356524229 65.016312208026648 24.958952058106661 19.762194092851132 33.520015188725665 162.84699484705925 62.814815673977137 21.405118136666715 10.606926032109184 8.1911624390631896 175.1497831903398 100.45417986065149 1416.4158252365887 50.766945037990808 73.540049394592643 365.84562773816288 40.732648886740208 156.30097869038582 80.774035453796387
leaf_count=1354 598 565 618 593 580 891 895 891 436 454 1197 617 608 451 445 919 921 898 2092 556 857 1835 901 9301 780 1050 4150 763 1312 742
internal_value=-0.000116669 -1.1068e-05 0.00455732 0.0193278 -0.000724976 -0.000262581 0.000713496 0.0013168 0.000626006 -0.00286999 0.00206569 0.000295116 -0.000341742 -0.00294636 -3.44614e-05 -0.00504672 -0.000602888 0.00433409 0.0093014 0.0325918 0.0380501 -0.000416714 -0.00010145 -0.000829846 -0.00146514 -0.00213701 -0.00138119 -0.00576652 0.00257884 0.00113616
internal_weight=3878.14 3802.02 198.397 52.2619 146.136 3603.62 931.594 799.758 650.767 189.822 460.945 267.917 124.717 131.836 78.2412 53.2822 2672.02 148.99 27.9848 24.2771 13.6701 2509.18 1929.09 1516.87 580.082 530.885 439.386 91.4996 412.225 255.924
internal_count=38270 37672 5861 4716 1145 31811 8702 5992 4203 1498 2705 1508 1062 2710 1815 1364 23109 1789 2710 2006 1450 22188 14091 10202 8097 6743 5200 1543 3889 2577
is_linear=0
shrinkage=0.05


Tree=127
num_leaves=31
num_cat=0
split_feature=1 1 1 0 1 1 1 1 1 1 1 1 1 1 1 0 1 1 1 1 0 1 1 0 1 1 1 1 1 1
split_gain=0.811273 2.905 1.14553 0.719094 0.600516 1.07985 0.752574 1.56226 0.581309 1.37869 1.11356 1.14681 0.734865 0.630484 0.782614 0.803365 0.770853 0.768401 0.503272 0.440928 0.493788 0.402141 0.9709 0.350167 0.311379 0.700717 0.598527 0.286286 0.2849 0.728749
threshold=12.310562500000001 12.537767500000003 11.561916500000001 109.69805000000001 1.2293315 1.0000000180025095e-35 6.6674260000000016 6.2011315000000016 12.869179500000003 13.720637500000002 13.9525655 14.178294500000002 14.415001500000001 18.364714500000002 35.006506000000009 93.379845000000003 16.935424500000003 17.531726000000003 7.3655910000000011 15.006364500000002 101.12929500000001 19.872942500000004 22.112892500000005 99.705515000000005 4.8743095000000016 3.9987590000000002 2.9478600000000004 15.761743000000001 8.169472500000003 9.0920650000000016
decision_type=2 2 2 2 2 2 2 2 2 2 2 2 2 2 2 2 2 2 2 2 2 2 2 2 2 2 2 2 2 2
left_child=2 -2 4 8 5 -1 7 24 -3 23 -11 -12 -13 16 15 21 19 -18 -8 -14 27 -15 -23 -10 25 26 -6 -21 -20 -30
right_child=1 3 -4 -5 6 -7 18 -9 9 10 11 12 13 14 -16 -17 17 -19 28 20 -22 22 -24 -25 -26 -27 -28 -29 29 -31
leaf_value=0.001091508526309628 0.013451187349850392 0.0041649587667821645 -0.0037345501028663293 0.007213136223571468 -0.0022821204858542617 0.0078840772294533883 0.0045914121883755916 -0.0096699929463783026 -0.0052265067718457164 0.0041649587667821645 -0.0062468511214828068 0.0041649587667821645 -0.0014801612183340408 0.002798964132985372 -0.0012900726806618118 0.0041649587667821645 -0.0058900620644740161 0.00033137065353777852 -0.0018929898257174452 0.0023365122183031327 0.0041649587667821645 -0.0044429060363896369 0.0021588244939296352 -0.0010300506643610447 0.0012605917789304377 -0.0054507490246498815 0.0034989169827022402 -0.00096516081015824134 0.004120063012610295 -3.6158329524477992e-05
leaf_weight=501.00163186527789 50.404957551509142 71.963277317583561 172.14422332122922 49.726777010364458 109.57491619884968 66.247396651655436 80.662829764187336 54.013263422995806 92.998183894902468 54.979978151619434 51.785751089453697 49.763289410620928 126.90104931592941 78.905338365584612 131.10292015480809 163.61095850658603 94.644393585622311 104.35036986321211 111.82360547035933 92.245977178215981 138.18021804094315 76.643179316073656 203.74187456443906 106.79791179299355 142.8463789485395 82.886934217065573 75.706453513354063 135.50354215502739 133.85352510586381 497.34048892185092
leaf_count=7238 304 440 1066 642 1213 747 743 441 698 298 278 274 725 575 1621 6832 590 697 909 603 650 627 1807 489 1216 761 746 821 1049 3333
internal_value=0.00086031 0.00161024 0.000167269 0.001283 0.000529171 0.00188479 -6.75312e-05 -0.00167561 0.00111678 0.000918732 0.00143766 0.00105946 0.00133058 0.00105114 0.00216421 0.00303027 -1.07118e-06 -0.00262762 0.000840347 0.00105947 0.0019402 0.00143297 0.000354243 -0.00298336 -0.000625032 -0.00162946 8.00266e-05 0.000508066 0.000433127 0.000845227
internal_weight=3902.35 1874.25 2028.1 1823.84 1855.96 567.249 1288.71 465.028 1774.12 1702.15 1502.36 1447.38 1395.59 1345.83 654.004 522.901 691.826 198.995 823.68 492.831 365.93 359.29 280.385 199.796 411.015 268.168 185.281 227.75 743.018 631.194
internal_count=38433 18971 19462 18667 18396 7985 10411 4377 18025 17585 16398 16100 15822 15548 11462 9841 4086 1287 6034 2799 2074 3009 2434 1187 3936 2720 1959 1424 5291 4382
is_linear=0
shrinkage=0.05


Tree=128
num_leaves=31
num_cat=0
split_feature=0 1 1 1 1 1 1 1 1 1 1 1 1 1 1 1 1 1 1 1 1 1 1 1 1 1 1 1 1 1
split_gain=1.12009 0.626937 0.741674 1.81263 1.75348 1.26637 1.08876 0.694652 0.53363 0.511777 3.33321 0.37696 0.598018 0.765202 1.07142 0.785097 0.506814 0.480877 0.564528 0.401205 0.365652 0.327389 0.438586 0.308445 0.628153 0.321769 1.1639 1.03066 0.986288 0.760837
threshold=111.68918000000001 41.879956500000006 27.390394500000003 23.111315000000001 23.661935000000003 21.725658000000003 17.213393000000003 16.633432500000001 25.748001000000006 30.341693000000003 32.051735000000008 -18.125642999999997 -2.6246229999999997 0.7573605000000001 3.9987590000000002 4.8743095000000016 -26.122594999999997 -4.9381519999999997 -7.5454429999999988 -0.23123699999999997 35.006506000000009 16.195384000000001 15.502636500000003 15.130106500000002 14.533550500000002 9.3343845000000023 7.9046140000000014 9.9294565000000024 10.396335500000001 5.5623660000000008
decision_type=2 2 2 2 2 2 2 2 2 2 2 2 2 2 2 2 2 2 2 2 2 2 2 2 2 2 2 2 2 2
left_child=1 2 3 5 -5 6 7 11 -6 -4 -11 16 17 19 -15 -16 -1 18 -13 -14 -12 22 23 24 25 26 29 -27 -29 -17
right_child=-2 -3 9 4 8 -7 -8 -9 -10 10 20 12 13 14 15 21 -18 -19 -20 -21 -22 -23 -24 -25 -26 27 -28 28 -30 -31
leaf_value=-0.00032974690655820948 0.0063925728025969984 -0.0052229773149304326 0.0028392909122033454 -0.020046707546394787 -0.00089130530084465377 0.0028392909122033454 -0.0031329868305134956 0.0028392909122033454 -0.0088550289247216873 -0.01873848144645197 0.0028392909122033454 0.0020807723527728255 -0.002293596564191844 0.0028392909122033454 -0.0055757850458572969 0.0028392909122033454 -0.0079542567031695086 0.0028392909122033454 -0.0034486923096423657 -0.0076265928989044402 -0.0013586384296873021 -0.0038016275394621188 0.0022903356528916293 -0.0037027197017780525 0.0027805079290126678 -0.0061210880302770493 0.0028392909122033454 0.0028392909122033454 -0.0013083627702960925 -0.0027337014303615713
leaf_weight=48.365328919142485 56.25952327856794 75.572510284371674 44.028214683989063 21.117599912919104 53.741882613860071 61.767320271581411 414.66170393303037 97.836879581212997 34.564038160257041 20.645433910191059 29.748448036145419 125.28101694956422 108.76310138404369 207.98085182905197 82.390328656882048 64.205764587968588 39.674284569919109 85.839010886847973 73.088471256196499 52.188981842249632 55.793484620982781 76.937854461371899 133.57521733641624 80.49311875551939 132.07833936065435 100.45673391595483 211.67113197594881 85.910579346120358 935.39658027514815 281.83767545223236
leaf_count=1357 450 592 1655 455 1471 1047 3809 595 1034 740 878 1999 1209 2231 765 576 607 901 939 586 1055 439 752 444 750 724 1643 605 5620 2429
internal_value=-0.000611261 -0.000713991 -0.000623365 -0.000766616 -0.00710363 -0.000568519 -0.000730368 -0.000400909 -0.00400841 0.00281907 -0.000631947 -0.000543522 -0.000443569 -0.000685689 -0.000461229 -0.000787865 -0.00376567 0.00173212 4.34625e-05 -0.00402283 0.00283929 -0.000600248 -0.000478652 -0.000674137 -0.000539568 -0.000800667 0.000180854 -0.00128866 -0.000813333 -0.00161031
internal_weight=3891.87 3835.61 3760.04 3609.82 109.424 3500.4 3438.63 3023.97 88.3059 150.216 106.187 2926.13 2838.09 2553.89 2392.93 2184.95 88.0396 284.208 198.369 160.952 85.5419 2102.56 2025.63 1892.05 1811.56 1679.48 557.715 1121.76 1021.31 346.043
internal_count=38357 37907 37315 32987 2960 30027 28980 25171 2505 4328 2673 24576 22612 18773 16978 14747 1964 3839 2938 1795 1933 13982 13543 12791 12347 11597 4648 6949 6225 3005
is_linear=0
shrinkage=0.05


Tree=129
num_leaves=31
num_cat=0
split_feature=1 1 1 1 1 1 1 1 1 1 1 1 1 1 1 1 1 1 1 1 1 1 1 1 1 1 1 1 1 1
split_gain=2.80022 3.60744 1.23802 1.12733 0.762016 2.69075 1.57007 1.41784 2.15034 0.613773 1.76737 1.79898 0.709125 0.577077 2.09013 0.568232 0.870854 0.415902 1.67167 0.406604 0.287186 1.45592 0.823093 0.75565 0.605206 1.78597 0.711734 0.539203 0.952818 0.450667
threshold=2.0921470000000002 1.2293315 32.876920500000004 48.301455000000004 21.551369000000005 20.228838000000003 22.112892500000005 30.341693000000003 28.650046000000003 -23.565164499999998 -32.203934499999995 -41.37671799999999 -13.543357499999997 23.111315000000001 23.661935000000003 26.397110000000001 27.631753000000003 37.884339500000003 35.569485500000006 25.106159000000002 13.400919000000002 14.050973000000001 12.310562500000001 11.561916500000001 6.6674260000000016 5.7133730000000016 7.7646335000000013 4.1760890000000011 3.1832840000000004 16.195384000000001
decision_type=2 2 2 2 2 2 2 2 2 2 2 2 2 2 2 2 2 2 2 2 2 2 2 2 2 2 2 2 2 2
left_child=1 9 4 17 5 20 -6 8 13 10 11 -1 -11 -8 -15 19 -17 18 -4 -16 22 -22 23 24 25 27 -26 28 -2 -23
right_child=2 -3 3 -5 6 -7 7 -9 -10 12 -12 -13 -14 14 15 16 -18 -19 -20 -21 21 29 -24 -25 26 -27 -28 -29 -30 -31
leaf_value=-0.020139595412133678 0.0037172772798715844 -0.014945885630212314 0.012566699657843017 -0.0009612254510951414 -0.013065697250718503 0.010301655877641099 0.0038244633890626247 -0.011002348924832643 0.014542945619085333 -0.007260373422622781 0.010039143876511177 0.0065245837539741796 -0.0013670180491618343 -0.017270518247751422 -0.0004716429901450452 -0.011049743470113884 0.0042070166706000894 0.011220467894734838 -0.0058636964598732331 0.0073199225232089332 -0.0042660728434874527 0.0020455852309431443 0.0038616189241459289 -0.0023931637978389757 0.0052966668854604465 -0.005705512449115397 0.0013050345640136319 0.0037841962573488355 -0.0042172206612907884 -0.00010890399860505844
leaf_weight=12.870082690380514 71.918886464089155 54.317929770797491 29.859155508689582 48.219683103263378 27.636561758816242 76.326025357469916 46.222999860532582 27.900735694915056 25.659600895131007 57.617637205868959 37.789446301758289 12.440051536075771 447.33356738463044 20.624558710958809 39.322478243382648 22.622100449400023 15.946284538367761 56.01390990940854 20.925492725335062 29.161499588284642 158.82274457812309 454.99016106128693 248.07430350407958 169.48425701260567 133.32718555629253 114.41741944849491 687.66337663680315 148.0396165214479 79.84061723947525 520.26223495602608
leaf_count=770 754 620 788 305 457 1036 771 1063 893 1076 460 303 5383 439 1052 760 603 746 446 901 885 2554 1488 1052 1197 917 4818 1352 772 3768
internal_value=0.000438665 -0.00263562 0.0010232 0.00538442 0.000806388 0.00103969 -0.0018122 -0.000444889 0.00103117 -0.00145849 0.00319085 -0.00703402 -0.00203948 -0.000962548 -0.00269559 0.00011239 -0.00474176 0.00824948 0.00497257 0.00284612 0.000786026 0.000173281 0.00120647 0.000737563 0.00116713 -0.000391008 0.00195327 0.00163726 -0.000457059 0.000896242
internal_weight=3895.65 622.369 3273.28 155.018 3118.26 2863.17 255.097 227.46 199.56 568.051 63.0996 25.3101 504.951 173.9 127.677 107.052 38.5684 106.799 50.7846 68.484 2786.84 1134.08 1652.77 1404.69 1235.21 414.217 820.991 299.799 151.76 975.252
internal_count=38429 8612 29817 2285 27532 20593 6939 6482 5419 7992 1533 1073 6459 4526 3755 3316 1363 1980 1234 1953 19557 7207 12350 10862 9810 3795 6015 2878 1526 6322
is_linear=0
shrinkage=0.05


end of trees

feature_importances:
Column_1=2777
Column_0=1123

parameters:
[boosting: gbdt]
[objective: binary]
[metric: binary_logloss]
[tree_learner: serial]
[device_type: cpu]
[data_sample_strategy: bagging]
[data: ]
[valid: ]
[num_iterations: 130]
[learning_rate: 0.05]
[num_leaves: 31]
[num_threads: 0]
[seed: 42]
[deterministic: 0]
[force_col_wise: 0]
[force_row_wise: 0]
[histogram_pool_size: -1]
[max_depth: -1]
[min_data_in_leaf: 500]
[min_sum_hessian_in_leaf: 0.001]
[bagging_fraction: 0.8]
[pos_bagging_fraction: 1]
[neg_bagging_fraction: 1]
[bagging_freq: 1]
[bagging_seed: 400]
[bagging_by_query: 0]
[feature_fraction: 1]
[feature_fraction_bynode: 1]
[feature_fraction_seed: 30056]
[extra_trees: 0]
[extra_seed: 12879]
[early_stopping_round: 0]
[early_stopping_min_delta: 0]
[first_metric_only: 0]
[max_delta_step: 0]
[lambda_l1: 0]
[lambda_l2: 0]
[linear_lambda: 0]
[min_gain_to_split: 0]
[drop_rate: 0.1]
[max_drop: 50]
[skip_drop: 0.5]
[xgboost_dart_mode: 0]
[uniform_drop: 0]
[drop_seed: 17869]
[top_rate: 0.2]
[other_rate: 0.1]
[min_data_per_group: 100]
[max_cat_threshold: 32]
[cat_l2: 10]
[cat_smooth: 10]
[max_cat_to_onehot: 4]
[top_k: 20]
[monotone_constraints: 1,0]
[monotone_constraints_method: basic]
[monotone_penalty: 0]
[feature_contri: ]
[forcedsplits_filename: ]
[refit_decay_rate: 0.9]
[cegb_tradeoff: 1]
[cegb_penalty_split: 0]
[cegb_penalty_feature_lazy: ]
[cegb_penalty_feature_coupled: ]
[path_smooth: 0]
[interaction_constraints: ]
[verbosity: -1]
[saved_feature_importance_type: 0]
[use_quantized_grad: 0]
[num_grad_quant_bins: 4]
[quant_train_renew_leaf: 0]
[stochastic_rounding: 1]
[linear_tree: 0]
[max_bin: 255]
[max_bin_by_feature: ]
[min_data_in_bin: 3]
[bin_construct_sample_cnt: 200000]
[data_random_seed: 175]
[is_enable_sparse: 1]
[enable_bundle: 1]
[use_missing: 1]
[zero_as_missing: 0]
[feature_pre_filter: 1]
[pre_partition: 0]
[two_round: 0]
[header: 0]
[label_column: ]
[weight_column: ]
[group_column: ]
[ignore_column: ]
[categorical_feature: ]
[forcedbins_filename: ]
[precise_float_parser: 0]
[parser_config_file: ]
[objective_seed: 16083]
[num_class: 1]
[is_unbalance: 0]
[scale_pos_weight: 1]
[sigmoid: 1]
[boost_from_average: 1]
[reg_sqrt: 0]
[alpha: 0.9]
[fair_c: 1]
[poisson_max_delta_step: 0.7]
[tweedie_variance_power: 1.5]
[lambdarank_truncation_level: 30]
[lambdarank_norm: 1]
[label_gain: ]
[lambdarank_position_bias_regularization: 0]
[eval_at: ]
[multi_error_top_k: 1]
[auc_mu_weights: ]
[num_machines: 1]
[local_listen_port: 12400]
[time_out: 120]
[machine_list_filename: ]
[machines: ]
[gpu_platform_id: -1]
[gpu_device_id: -1]
[gpu_use_dp: 0]
[num_gpu: 1]

end of parameters

pandas_categorical:null
