tree
version=v4
num_class=1
num_tree_per_iteration=1
label_index=0
max_feature_idx=19
objective=binary sigmoid:1
feature_names=release_speed induced_vertical_acceleration horizontal_acceleration_normalized release_spin_rate release_pos_z release_pos_x_normalized release_extension hand_split plate_x_normalized plate_z_normalized vra hra_normalized vra_diff hra_normalized_diff times_through_order times_seen_pitch_type balls strikes outs_when_up p_throws
feature_infos=[65.213120000000004:101.81155] [-17.29104418678428:28.873753357553486] [-21.551248114498211:26.145845509439742] [633.92693299999996:3576.9946519999999] [1.60426:7.9713599999999998] [-3.99404:3.99993] [4.0028800000000002:8.3906200000000002] -1:1:0 [-3.8268300000000002:2.9294199999999999] [-0.73253000000000001:5.0559500000000002] [-5.6796689999999996:6.4603780000000004] [-6.1421289999999997:6.9224639999999997] [-25.478424:9.2804099999999998] [-8.4154699999999991:10.14129] [1:6] [0:22] -1:0:1:2:3 -1:2:1:0 -1:0:1:2 -1:0:1
tree_sizes=3310 3415 3386 3420 3407 3381 3440 3416 3390 3413 3373 3419 3414 3413 3481 3433 3437 3374 3422 3415 3368 3449 3418 3466 3398 3391 3426 3401 3396 3404 3451 3387 3431 3447 3416 3423 3475 3414 3445 3395 3421 3436 3423 3423 3410 3421 3435 3392 3421 3404 3391 3405 3424 3449 3400 3423 3412 3430 3382 3426 3437 3350 3379 3391 3405 3426 3431 3375 3408 3416 3410 3403 3393 3358 3412 3385 3406 3402 3410 3424 3389 3374 3370 3407 3443 3439 3423 3369 3422 3435 3414 3383 3436 3401 3391 3440 3394 3406 3432 3393 3417 3446 3422 3371 3389 3411 3363 3391 3391 3395 3387 3402 3359 3378 3406

Tree=0
num_leaves=31
num_cat=6
split_feature=9 8 8 17 9 1 0 8 8 7 8 8 8 7 16 0 1 0 0 12 7 9 13 4 1 9 0 3 12 18
split_gain=380.897 249.009 275.212 75.9962 60.6837 48.1713 70.1305 38.0143 37.1514 98.2741 60.3375 28.5635 27.629 27.5433 25.697 25.3593 22.6488 22.5535 21.8608 26.5806 21.3207 29.4725 20.6112 20.1501 19.1025 18.6647 18.2662 18.1193 17.9659 17.8926
threshold=1.9763650000000001 -0.72222999999999982 0.60757500000000009 0 1.5991000000000002 14.883977505420985 88.87637500000001 0.95143000000000011 -0.37830999999999998 1 0.31786500000000001 -0.15878499999999998 -0.97948999999999986 2 3 81.953270000000018 10.175487867309222 90.633945000000026 83.375080000000011 1.2374829999999999 4 2.6927250000000007 1.9269285000000005 5.5536950000000003 6.7774613404259965 2.8134550000000007 86.572320000000005 2611.3409290000004 1.4632805 5
decision_type=2 2 2 1 2 2 2 2 2 1 2 2 2 1 1 2 2 2 2 10 1 2 8 2 2 2 2 8 10 1
left_child=4 12 3 18 -1 6 14 20 13 11 -11 -10 -2 -6 26 -13 -8 -7 19 24 25 -22 -16 -18 -3 27 -5 -4 -24 -29
right_child=1 2 7 5 8 17 16 -9 9 10 -12 15 -14 -15 22 -17 23 -19 -20 -21 21 -23 28 -25 -26 -27 -28 29 -30 -31
leaf_value=-2.9570782782807283 -2.9583092395857671 -2.8988026859287848 -2.9139261183147358 -2.9032489858531978 -2.9624648047298159 -2.8818810210751189 -2.9316990586734981 -2.9648832975266912 -2.9369639584633767 -2.9292069984785329 -2.9662503819825594 -2.8765165806195978 -2.9371143533536594 -2.9255064257463408 -2.89475297130241 -2.9125974667815675 -2.8949817162444051 -2.8991580910462602 -2.9217216064493674 -2.9196296443605734 -2.9558290547593504 -2.9211398105989583 -2.866563084989656 -2.9205569474857631 -2.8485662454852947 -2.9480140884019268 -2.9241001904880606 -2.689072803559847 -2.7177614020678318 -2.8798853424734192
leaf_weight=585.25959007069468 257.79694905504584 136.08774155750871 91.887062780559063 451.10835141688585 200.08916252478957 314.63330927863717 266.60803726688027 162.521006193012 87.191043239086866 223.52084765955806 216.30737434327602 63.856183249503374 381.00694630295038 67.390301048755646 565.84614846110344 205.17248264700174 112.9949444308877 472.65194622054696 897.90798387303948 188.17966966703534 186.29157933592796 91.209286764264107 42.506238736212254 241.86921267211437 21.97930795699358 42.941951889544725 136.91075529158115 1.7428526133298865 2.1301531940698615 4.163481242954731
leaf_count=12089 5325 2811 1898 9318 4133 6499 5507 3357 1801 4617 4468 1319 7870 1392 11688 4238 2334 9763 18547 3887 3848 1884 878 4996 454 887 2828 36 44 86
internal_value=-2.92327 -2.91648 -2.91228 -2.90744 -2.94415 -2.90259 -2.90706 -2.94436 -2.93703 -2.93161 -2.94742 -2.91209 -2.94567 -2.95315 -2.89999 -2.90403 -2.92069 -2.89225 -2.91761 -2.90693 -2.93639 -2.94443 -2.89267 -2.91241 -2.89182 -2.92054 -2.90836 -2.90847 -2.85946 -2.82358
internal_weight=0 5070.97 4432.17 3851.41 1648.79 2607.26 1819.97 580.757 1063.53 796.048 439.828 356.22 638.804 267.479 1198.5 269.029 621.472 787.285 1244.15 346.247 418.236 277.501 610.483 354.864 158.067 140.735 588.019 97.7934 44.6364 5.90633
internal_count=138802 104745 91550 79554 34057 53855 37593 11996 21968 16443 9085 7358 13195 5525 24756 5557 12837 16262 25699 7152 8639 5732 12610 7330 3265 2907 12146 2020 922 122
cat_boundaries=0 1 2 3 4 5 6
cat_threshold=4 2 2 1 2 1
is_linear=0
shrinkage=1


Tree=1
num_leaves=31
num_cat=6
split_feature=9 8 8 17 9 16 8 8 7 8 8 7 8 1 0 0 7 9 1 0 12 1 0 13 8 8 1 9 3 7
split_gain=348.311 225.685 247.303 65.9136 58.2879 43.8809 36.7782 35.1601 90.4581 58.2691 26.636 26.552 25.3811 23.4533 33.1708 21.2985 19.784 27.9006 19.587 19.2755 22.8494 18.2939 33.849 33.3511 17.5533 22.9314 17.2994 16.9435 16.7167 16.3097
threshold=1.9763650000000001 -0.72222999999999982 0.60757500000000009 0 1.5991000000000002 1 0.95143000000000011 -0.37830999999999998 2 0.31786500000000001 -0.97948999999999986 3 -0.15878499999999998 16.785643515751826 86.572320000000005 81.953270000000018 4 2.6927250000000007 8.2256639119778807 83.375080000000011 1.2374829999999999 14.188154760896678 87.791335000000018 4.1401080000000006 -0.47852499999999992 0.18833500000000003 21.677123622972708 2.8134550000000007 2056.4410900000007 5
decision_type=2 2 2 1 2 1 2 2 1 2 2 1 2 2 2 2 1 2 2 2 10 2 2 10 2 2 2 2 10 1
left_child=4 10 3 19 -1 13 16 11 12 -10 -2 -6 -9 14 -5 -14 27 -18 -16 20 -3 22 23 24 -7 -26 29 -4 -25 -21
right_child=1 2 6 5 7 21 -8 8 9 -11 -12 -13 15 -15 18 -17 17 -19 -20 26 -22 -23 -24 28 25 -27 -28 -29 -30 -31
leaf_value=-0.033134987644759605 -0.034380566245735641 0.029018503729500367 0.013844465838018131 0.018567546379913313 -0.03860618144132056 0.0062453993654119043 -0.041080197890801445 -0.013173699252843363 -0.0056702282428131631 -0.042483489262212897 -0.013320235444437707 -0.0021281209184406459 0.04254736049756843 0.027152512127271919 -0.016021590309543369 0.010040565012593924 -0.031873783950962978 0.0020205750805135916 0.0059257760200576636 0.0071483576750665696 0.003447615415029949 0.032835656176172193 0.0099696872295667541 0.086436187370436512 0.040021131862795906 0.015816496168763464 0.049103916180575607 -0.024048803571122171 0.36504722966542807 -0.0064637259659661959
leaf_weight=567.72817173227668 249.79737186804414 162.60467340052128 99.134104423224926 466.9702185317874 193.15532333776355 75.40359004214406 156.5472358725965 86.124735772609711 222.33217879012227 208.09982366859913 376.29650563001633 67.255138278007507 66.587046902626753 211.45527090877295 136.41681071743369 207.1472497805953 180.9147669672966 91.38397590816021 398.98061653599143 447.85793347656727 188.79586024209857 523.33845903351903 390.86950873211026 1.0767699368298047 307.13287231698632 143.60549933090806 18.664787225425243 41.997127577662468 1.0767699368298052 432.63522389531136
leaf_count=12089 5325 3265 2020 9471 4133 1516 3357 1801 4617 4468 7870 1392 1319 4252 2831 4238 3848 1884 8146 9238 3887 10528 8014 21 6171 2884 385 887 21 8924
internal_value=0 0.00639473 0.010327 0.0148156 -0.0202263 0.0192717 -0.0204399 -0.0132513 -0.00800096 -0.0234682 -0.0217228 -0.0291851 0.0104997 0.0119222 0.00882824 0.017948 -0.0126244 -0.0204988 0.000333688 0.00535038 0.0152801 0.0251987 0.0211247 0.0293779 0.0285742 0.0323095 0.00146974 0.00256838 0.225742 0.000459984
internal_weight=0 5102.96 4476.86 3906.88 1618.43 2656.33 569.977 1050.7 790.291 430.432 626.094 260.41 359.859 1213.82 1002.37 273.734 413.43 272.299 535.397 1250.56 351.401 1442.5 919.165 528.296 526.142 450.738 899.158 141.131 2.15354 880.493
internal_count=138802 104745 91550 79554 34057 53855 11996 21968 16443 9085 13195 5525 7358 24700 20448 5557 8639 5732 10977 25699 7152 29155 18627 10613 10571 9055 18547 2907 42 18162
cat_boundaries=0 1 2 3 4 5 6
cat_threshold=4 1 2 2 2 2
is_linear=0
shrinkage=0.05


Tree=2
num_leaves=31
num_cat=7
split_feature=9 8 8 17 7 16 9 8 9 9 9 8 12 8 7 8 7 2 7 2 9 2 13 5 0 19 4 1 0 13
split_gain=321.114 219.584 242.999 58.6739 41.4039 41.244 31.2538 26.0634 25.5306 23.6177 21.4303 21.0423 20.4274 20.4242 40.7 34.4537 20.6791 18.826 18.1565 36.5932 19.5924 17.4403 16.4386 16.2332 15.9254 17.1408 21.7272 14.3475 26.7917 23.8221
threshold=1.8522450000000001 -0.72222999999999982 0.60757500000000009 0 1 2 1.5991000000000002 -0.97948999999999986 2.6927250000000007 2.0923950000000002 2.0729950000000001 0.97880500000000015 -3.5773999999999995 -0.36444499999999996 3 0.23164000000000004 4 12.251802672271737 5 12.12268594759567 1.9763650000000001 14.14694993603527 0.2423295 2.0730050000000007 76.319925000000012 6 5.7471650000000007 14.188154760896678 87.791335000000018 4.1401080000000006
decision_type=2 2 2 1 1 1 2 2 2 2 2 2 8 2 1 2 1 2 1 2 2 2 10 2 2 1 2 2 2 8
left_child=6 7 3 18 -4 10 -1 -2 -6 21 -5 -10 23 16 -15 24 -8 -14 -3 20 -20 -7 -22 -12 25 -16 -27 28 29 -11
right_child=1 2 4 5 8 9 13 -9 11 27 12 -13 17 14 15 -17 -18 -19 19 -21 22 -23 -24 -25 -26 26 -28 -29 -30 -31
leaf_value=-0.032459305971330975 -0.034509464473537046 0.010096031937670934 -0.001012280362094408 -0.005418147540077925 -0.037069578556898762 0.015282952038215572 -0.042790936265093879 -0.014123730361610857 0.0011086162522457056 0.027768414656046982 0.05391892867004755 -0.047346634258640406 0.016323205334372464 0.0047193282096408542 -0.00047604046364351784 -0.041130437840303874 -0.00022904704348859648 0.0020780428977278209 -0.030157135575753682 -0.020548840180675904 0.013850235755924402 -0.016714823993372971 -0.0077163387623842838 0.2247772345246859 -0.0080659781658780263 0.36478971145639161 0.055303458598036773 0.031765003987707457 0.010687333431147276 0.15188860878998867
leaf_weight=550.99770148098469 258.35123408585787 675.70236419513822 185.81363894417882 189.26238017901778 304.59429821372032 199.16505146771669 113.41310303658247 398.84277652949095 95.728682868182659 477.53766150027514 6.0902866274118423 29.251634381711483 800.20898304134607 220.10413601994514 2.8746192902326575 140.80770006775856 38.134224284440279 326.59444157779217 35.648765277117491 183.62642955780029 344.01718440651894 54.166633982211351 118.89427748695016 1.8013608530163763 105.40270730853081 0.95820643007755313 1.3893993236124513 502.79965670034289 356.32159575819969 3.8973038010299197
leaf_count=12089 5680 13783 3862 3891 6717 4038 2510 8460 1977 9353 121 651 16024 4455 60 3114 791 6657 760 3805 7043 1111 2436 36 2200 20 29 9822 7240 67
internal_value=0 0.00499844 0.00864456 0.0128726 -0.0207318 0.0168682 -0.0237843 -0.0221376 -0.0292616 0.0223023 0.0100816 -0.0102323 0.0127558 -0.0161129 -0.0109809 -0.0247249 -0.032081 0.0121944 0.00428667 -0.00146746 0.00556046 0.00844128 0.00831107 0.0929193 -0.00384327 0.0813856 0.181624 0.0250881 0.0210808 0.0287732
internal_weight=0 5548.32 4891.12 4275.73 615.388 2917.85 1174.08 657.194 429.575 1593.89 1323.96 124.98 1134.7 623.084 471.537 251.433 151.547 1126.8 1357.89 682.187 498.56 253.332 462.911 7.89165 110.625 5.22223 2.34761 1340.56 837.757 481.435
internal_count=138802 113534 99394 86187 13207 58360 25268 14140 9345 31631 26729 2628 22838 13179 9878 5423 3301 22681 27827 14044 10239 5149 9479 157 2309 109 49 26482 16660 9420
cat_boundaries=0 1 2 3 4 5 6 7
cat_threshold=4 2 1 2 2 2 1
is_linear=0
shrinkage=0.05


Tree=3
num_leaves=31
num_cat=6
split_feature=9 8 8 17 7 1 0 9 8 9 9 1 4 8 8 7 8 7 0 16 0 1 12 0 1 10 8 7 8 11
split_gain=295.034 199.771 219.317 51.3065 39.198 36.8319 54.2662 30.1295 25.1288 24.7305 23.335 22.4494 22.9207 20.0305 19.4666 37.8546 33.5587 20.016 18.7562 17.3319 16.7 19.165 23.1162 20.7503 31.2894 16.3466 16.1275 28.1568 37.8383 21.1039
threshold=1.8522450000000001 -0.72222999999999982 0.60757500000000009 0 1 14.883977505420985 88.87637500000001 1.5991000000000002 -0.97948999999999986 2.6927250000000007 2.4281850000000005 10.175487867309222 5.5536950000000003 0.97880500000000015 -0.36444499999999996 2 0.31786500000000001 3 93.194275000000019 4 83.375080000000011 -1.2698545763792957 -5.4239309999999987 83.209965000000025 5.4080044970539918 -3.5260954999999998 -0.36444499999999996 5 0.15724000000000002 2.7274650000000005
decision_type=2 2 2 1 1 2 2 2 2 2 2 2 2 2 2 1 2 1 2 1 2 2 10 2 2 2 2 1 2 2
left_child=7 8 3 19 -4 6 10 -1 -2 -6 26 -8 -13 -11 17 -16 -17 -9 -7 20 21 -3 -23 -24 -25 -22 -5 -28 29 -29
right_child=1 2 4 5 9 18 11 14 -10 13 -12 12 -14 -15 15 16 -18 -19 -20 -21 25 22 23 24 -26 -27 27 28 -30 -31
leaf_value=-0.031780678079636492 -0.033852741721581654 0.0024612031064656279 -0.00096256390483302192 -0.003594408291113578 -0.036451322547511898 0.027993565645569058 -0.0099090677567603182 -0.042302788171047843 -0.013593996605810786 0.0010521113990594668 0.024243677965200515 0.026086183960136275 0.00011306248052701902 -0.04700699725965788 0.0044639576783144456 -0.0064284761703915505 -0.043408122690673512 -0.00021764378452717107 0.010213825137892554 -0.0022435589423144518 0.086026186404672481 0.39269279723465983 0.029773376154161743 0.047437926108817752 0.38770437841643357 0.0038988784625069266 0.027156376823957169 0.034250910965525377 -0.014422682525138359 -0.0071378941221864143
leaf_weight=535.03458318114281 250.3985558450222 76.953196413815022 185.64472721144557 144.30232040584087 294.52970157563686 705.78085846081376 292.2204316072166 109.09554761648178 393.79701104015112 95.824022378772497 697.03594184666872 124.84085045009851 265.772774618119 28.021021295338869 221.03617504611611 128.76176571473479 117.18558620661497 38.126378931105137 187.80148090794683 609.51129958406091 6.1258787699043742 0.44895420596003432 113.22455893084407 1.9955888912081712 1.0214201584458349 553.90593410283327 258.70956131443381 103.90763749927282 138.129917178303 43.773946367204189
leaf_count=12089 5680 1550 3862 2884 6717 13592 6044 2510 8460 1977 13599 2476 5378 651 4455 2709 2714 791 3644 12425 125 9 2254 40 20 11404 5071 2042 2764 866
internal_value=0 0.00471674 0.00813869 0.0120798 -0.0200839 0.0157738 0.0121096 -0.0231065 -0.0214686 -0.0285686 0.017794 0.00057267 0.00841412 -0.00982168 -0.0155505 -0.0105525 -0.024048 -0.0314039 0.0242569 0.00405237 0.00905365 0.0218311 0.0346048 0.0332218 0.162636 0.00479722 0.0112673 0.0152058 0.00438846 0.021983
internal_weight=0 5573.68 4929.48 4325.46 604.019 2962.28 2068.69 1149.24 644.196 418.375 1385.86 682.834 390.614 123.845 614.205 466.984 245.947 147.222 893.582 1363.19 753.676 193.644 116.691 116.242 3.01701 560.032 688.823 544.521 285.812 147.682
internal_count=138802 113534 99394 86187 13207 58360 41124 25268 14140 9345 27226 13898 7854 2628 13179 9878 5423 3301 17236 27827 15402 3873 2323 2314 60 11529 13627 10743 5672 2908
cat_boundaries=0 1 2 3 4 5 6
cat_threshold=4 2 2 2 12 2
is_linear=0
shrinkage=0.05


Tree=4
num_leaves=31
num_cat=6
split_feature=9 8 8 17 7 16 9 8 9 9 8 8 7 8 7 9 1 0 15 7 2 9 3 13 1 6 12 0 10 2
split_gain=270.922 181.752 198.042 44.978 37.0684 35.1331 29.013 24.1922 23.9231 19.1548 19.0596 18.5399 35.1597 32.4623 19.3585 18.0882 17.288 31.8113 16.3668 16.0375 33.2323 17.9641 15.3469 15.1625 14.6851 14.051 19.9617 18.8065 18.044 18.0085
threshold=1.8522450000000001 -0.72222999999999982 0.60757500000000009 0 1 2 1.5991000000000002 -0.97948999999999986 2.6927250000000007 2.0923950000000002 0.97880500000000015 -0.36444499999999996 3 0.31786500000000001 4 2.0729950000000001 16.785643515751826 86.572320000000005 6.5000000000000009 5 12.12268594759567 1.9763650000000001 2397.5367515000003 inf 6.4770455213555653 5.8795350000000015 -4.1389074999999993 93.070500000000024 -3.1371759999999997 10.044176240110245
decision_type=2 2 2 1 1 1 2 2 2 2 2 2 1 2 1 2 2 2 2 1 2 2 10 8 2 2 10 2 2 2
left_child=6 7 3 19 -4 15 -1 -2 -6 22 -10 14 -13 -14 -8 -5 17 18 -17 25 21 -21 -7 -23 -19 26 -3 28 -28 -27
right_child=1 2 4 5 8 9 11 -9 10 -11 -12 12 13 -15 -16 16 -18 24 -20 20 -22 23 -24 -25 -26 29 27 -29 -30 -31
leaf_value=-0.03109950899879188 -0.033191729687779788 0.11862790495582463 -0.00091524855823502246 -0.0056550802941559165 -0.035827100871944205 0.00081765487088443695 -0.041807929937749982 -0.013077955369192765 0.00099853761101310933 0.022112560948100324 -0.046664183682006935 0.0042234074559238579 -0.006143424360277777 -0.042945928198665752 -0.00020680145292441954 0.017142265682752324 0.023833269402810591 -0.019650810610833177 0.14465027050425469 -0.029599536131259464 -0.019980856280065105 0.0071880320713208785 0.030296439951511486 0.20536458619664344 0.0033105498015749031 -0.009057242464430031 0.12518670459743861 -0.01618905573767411 0.017431376993405152 0.014993753235174198
leaf_weight=519.80643664300442 242.81033339723945 4.6663258261978617 185.48423617705703 190.14806193485856 284.92382442578673 201.43530585244298 104.9724124930799 388.99396229535341 95.91457487270236 1391.4625669270754 26.845330897718668 221.92096509039402 128.01887526735663 112.63996367156506 38.118925489485264 441.21044977009296 213.56071275100112 83.310431391000748 2.5311200432479373 34.876926302909851 180.69540919363499 467.14649441838264 56.544675640761852 0.96717659011483093 424.18524144217372 177.28494228050113 3.9333642385900012 43.766666155308485 316.21176729723811 138.73998029157519
leaf_count=12089 5680 93 3862 3891 6717 4028 2510 8460 1977 26482 651 4455 2709 2714 791 8537 4049 1738 49 760 3805 9461 1121 18 8465 3566 79 887 6356 2802
internal_value=0 0.00445083 0.0076645 0.0113421 -0.0194459 0.0147643 -0.022434 -0.0208079 -0.0278768 0.0196732 -0.00942442 -0.0149969 -0.0101315 -0.0233688 -0.0307256 0.00857997 0.0109774 0.00809119 0.0178696 0.00382788 -0.00158889 0.00501828 0.00727889 0.00759749 -0.000458784 0.00923739 0.0158702 0.0145526 0.0187553 0.00150153
internal_weight=0 5597.65 4965.85 4372.68 593.168 3004.39 1125.48 631.804 407.684 1649.44 122.76 605.671 462.58 240.659 143.091 1354.95 1164.8 951.237 443.742 1368.29 683.686 502.991 257.98 468.114 507.496 684.603 368.578 363.912 320.145 316.025
internal_count=138802 113534 99394 86187 13207 58360 25268 14140 9345 31631 2628 13179 9878 5423 3301 26729 22838 18789 8586 27827 14044 10239 5149 9479 10203 13783 7415 7322 6435 6368
cat_boundaries=0 1 2 3 4 5 6
cat_threshold=4 2 1 2 2 2
is_linear=0
shrinkage=0.05


Tree=5
num_leaves=31
num_cat=7
split_feature=9 8 8 17 7 16 9 8 9 8 8 7 8 7 8 9 7 8 19 8 0 1 11 12 1 3 10 4 11 4
split_gain=248.73 165.392 178.947 39.5235 35.0154 30.4787 27.8933 23.3462 23.1105 18.1283 17.634 32.634 31.369 18.707 16.7491 17.6509 16.1725 22.2177 22.2519 18.5833 22.4767 21.2696 27.3887 36.1509 22.4346 20.5496 28.9873 17.6438 16.2838 18.7412
threshold=1.8522450000000001 -0.72222999999999982 0.60757500000000009 0 1 2 1.5991000000000002 -1.0224049999999998 2.6927250000000007 0.97880500000000015 -0.36444499999999996 3 0.31786500000000001 4 -0.50929499999999994 2.4281850000000005 5 -0.25878499999999999 6 -0.12443499999999998 81.155800000000013 -2.3257411342448493 2.5737935000000003 -0.28039849999999994 1.8424518529534712 2174.2307400000004 1.0000000180025095e-35 6.0506150000000014 2.4679175000000004 4.9813400000000003
decision_type=2 2 2 1 1 1 2 2 2 2 2 1 2 1 2 2 1 2 1 2 2 2 2 8 2 8 2 2 2 2
left_child=6 7 3 -3 -4 -5 -1 -2 -6 -10 13 -12 -13 -8 -7 16 19 18 27 -16 21 -21 23 24 -23 26 -25 -18 29 -19
right_child=1 2 4 5 8 14 10 -9 9 -11 11 12 -14 -15 15 -17 17 28 -20 20 -22 22 -24 25 -26 -27 -28 -29 -30 -31
leaf_value=-0.030416254315878317 -0.034420065126579268 0.003616320013810518 -0.00087021968434883822 0.0080829428167993444 -0.035197032874929951 0.0054598450721991335 -0.041306002582367357 -0.013556404237902426 0.0009477359623689005 -0.046317584990797064 0.0039967100353025383 -0.0058694867982768363 -0.042477012264958688 -0.00019649833697966713 0.0071463197370558148 0.025268642551909033 0.067777082979334838 0.12502466788458669 -0.027180273512011445 0.0011544027130427471 0.024810946326242523 0.17557673397650717 0.035987384483839396 0.077641312489596437 0.4959166225707442 0.056138056840024798 0.4060632917400635 -0.0059318740986879434 -0.011707089893398345 0.0099590839916601399
leaf_weight=505.28182741254568 196.12388379126787 1373.1072817444801 185.33174800127745 1365.4690996259451 275.7574773170054 215.74415641278028 101.03575774654746 423.86969260498881 96.00058339163661 25.722370840609074 222.7609269246459 127.31246834993362 108.29961335659027 38.111843332648277 129.8115883693099 816.71783802658319 34.380308907479048 3.6516299061477175 11.642322212457655 7.3754730410873917 174.83148543536663 1.0933346115052702 8.9803639613091928 1.529972191900016 1.0929021574556825 5.9515390098094949 1.1979155354201791 10.628753650933502 139.63764164224267 114.44259449467063
leaf_count=12089 4729 27827 3862 26729 6717 4121 2510 9411 1977 651 4455 2709 2714 791 2484 15176 659 69 222 135 3305 20 164 28 20 109 22 201 2717 2179
internal_value=0 0.00420225 0.00722262 0.0106584 -0.0188183 0.0138348 -0.0217689 -0.0201563 -0.0271869 -0.00904032 -0.0144565 -0.00972394 -0.0226962 -0.0300463 0.018356 0.0203832 0.0142091 0.00608252 0.0344335 0.0219077 0.0313913 0.073654 0.100597 0.153997 0.335715 0.108224 0.221863 0.0503709 -0.000149237 0.0135171
internal_weight=0 5620.09 5000.1 4417.29 582.812 3044.18 1102.8 619.994 397.48 121.723 597.521 458.373 235.612 139.148 1678.71 1462.97 646.248 314.383 56.6514 331.865 202.053 27.2215 19.846 10.8657 2.18624 8.67943 2.72789 45.0091 257.732 118.094
internal_count=138802 113534 99394 86187 13207 58360 25268 14140 9345 2628 13179 9878 5423 3301 31631 27510 12334 6047 1082 6287 3803 498 363 199 40 159 50 860 4965 2248
cat_boundaries=0 1 2 3 4 5 6 7
cat_threshold=4 2 1 2 2 2 1
is_linear=0
shrinkage=0.05


Tree=6
num_leaves=31
num_cat=3
split_feature=9 8 8 9 8 7 8 8 0 1 8 7 8 8 7 9 8 0 4 1 9 6 5 0 13 13 1 0 4 1
split_gain=230.497 125.215 134.657 57.1328 45.2241 58.0948 73.0764 46.4906 35.7389 45.2414 30.9804 28.2317 27.6211 29.8427 31.1659 23.4368 23.2489 23.0585 25.4596 19.7539 19.3056 18.8946 18.2398 17.4499 17.4003 39.8602 17.2733 21.1784 16.0065 23.6903
threshold=2.0664750000000001 -0.72222999999999982 0.59645500000000007 1.5991000000000002 -0.56424499999999989 0 0.31786500000000001 -0.15878499999999998 90.582370000000012 15.926645813097979 0.95143000000000011 1 -0.47852499999999992 0.25763500000000006 2 2.8686500000000001 -1.10503 77.846355000000003 3.9326400000000006 -1.1323498174353703 2.3695250000000008 5.0156600000000013 3.4208400000000005 75.457695000000015 -1.6527174999999998 -1.4088204999999998 13.543687238380608 81.859710000000021 5.7104450000000009 15.926645813097979
decision_type=2 2 2 2 2 1 2 2 2 2 2 1 2 2 1 2 2 2 2 2 2 2 2 2 10 8 2 2 2 2
left_child=3 16 8 -1 11 7 17 -6 12 -10 -4 -5 -3 26 15 19 -2 18 -7 -15 -16 24 -11 -21 -9 -26 27 -14 29 -18
right_child=1 2 10 4 5 6 -8 21 9 22 -12 -13 13 14 20 -17 28 -19 -20 23 -22 -23 -24 -25 25 -27 -28 -29 -30 -31
leaf_value=-0.029731399743286958 -0.036650053442714547 0.0025981393821870643 -0.0088360130925752983 -0.042396736852110053 -0.014472238535039593 0.28510510559420998 -0.03839471004409574 -0.0073196308271664531 -0.0044291593553812238 0.013865415538193036 -0.037675451225791183 0.00163484393553907 0.026729057272817519 -0.011911897364977404 -0.019510106235899351 -0.0072637347793436894 -0.0074970384025450469 -0.0061587031238065585 0.032311309631810156 0.24553333310604422 0.0060181523221824419 0.012269492708934373 0.21638408205383694 0.03637786313668441 0.37687163387256289 0.061079510231470548 0.03015025834392937 0.013014340970320724 -0.021369239690649043 0.048038635392061109
leaf_weight=491.43053698167205 119.05713021755219 378.31985569745302 375.37919733300805 151.41777783259749 194.05440835654736 1.0358940400183225 238.22947596386075 8.7688234671950358 652.07024309039116 648.68537479266524 123.84509535133839 47.926503233611584 435.19635932520032 23.14410737529397 109.45991587266326 52.513683386147022 186.97726818919182 319.19993314519525 25.86131838336587 1.0041665025055397 228.99710919708014 341.58717573806643 1.113720092922448 144.35328009352088 1.0469747260212896 21.92429364845157 372.12114838510752 796.98157942667603 209.31628853827715 21.400747612118721
leaf_count=12089 2963 7296 8293 3628 4165 21 5844 168 12963 12329 3069 1018 8164 440 2146 997 4251 6626 526 18 4388 6676 21 2726 20 419 6952 15342 4758 486
internal_value=0 0.00562397 0.00843959 -0.0151326 -0.0098225 -0.00601666 -0.0170823 0.00537947 0.0116124 0.00487542 -0.0159904 -0.0318106 0.0150625 0.0172418 0.00729839 0.021902 -0.017159 -0.00241235 0.0420472 0.0309916 -0.00223791 0.0156983 0.0142125 0.0378228 0.0525996 0.0754725 0.0207094 0.0178583 -0.0116033 -0.00179344
internal_weight=0 4879.94 4343.18 1842.48 1351.05 1151.71 584.327 567.382 3843.96 1301.87 499.224 199.344 2542.09 2163.77 559.472 221.015 536.751 346.097 26.8972 168.502 338.457 373.327 649.799 145.357 31.7401 22.9713 1604.3 1232.18 417.694 208.378
internal_count=138802 97602 85144 41200 29111 24465 13017 11448 73782 25313 11362 4646 48469 41173 10715 4181 12458 7173 547 3184 6534 7283 12350 2744 607 439 30458 23506 9495 4737
cat_boundaries=0 1 2 3
cat_threshold=2 2 2
is_linear=0
shrinkage=0.05


Tree=7
num_leaves=31
num_cat=7
split_feature=9 8 8 17 8 1 0 9 8 16 4 7 9 16 1 8 0 8 1 8 8 7 8 7 12 16 9 13 9 6
split_gain=211.757 137.602 147.148 34.0829 32.9128 27.2484 39.682 25.1072 22.0005 17.2562 19.4485 17.1268 22.8469 16.3729 16.3478 25.3316 16.5481 16.4025 19.4148 20.2057 15.8893 27.7721 29.0976 17.5668 15.8609 15.3352 15.1118 22.2042 14.8765 14.5301
threshold=1.8522450000000001 -0.72222999999999982 0.60757500000000009 0 0.95143000000000011 14.281904484737757 86.976780000000005 1.5991000000000002 -0.97948999999999986 1 5.9382550000000007 2 2.6927250000000007 3 2.1299990194258642 -0.39237999999999995 82.533690000000021 0.49454000000000004 2.2261347746821989 0.091475000000000015 -0.36444499999999996 4 0.23164000000000004 5 -1.6988309999999998 6 2.5048750000000006 0.79655299999999996 2.8134550000000007 5.6926450000000015
decision_type=2 2 2 1 2 2 2 2 2 1 2 1 2 1 2 2 2 2 2 2 2 1 2 1 10 1 2 10 2 2
left_child=7 8 3 25 11 6 14 -1 -2 -7 -11 28 -13 24 -5 26 17 18 19 -17 23 -22 -23 -9 -8 -3 -16 -28 -4 -18
right_child=1 2 4 5 -6 9 13 20 -10 10 -12 12 -14 -15 15 16 29 -19 -20 -21 21 22 -24 -25 -26 -27 27 -29 -30 -31
leaf_value=-0.029045481790238876 -0.031322856686234898 0.0076051434980030155 0.012351127828253374 0.0087122528061485613 -0.038075035927653669 0.029202779940156694 -5.3254707797333136e-05 -0.040388443409283881 -0.011500969015624826 0.0059406443665698944 0.022094863663220804 -0.028709221159753162 0.0021610784854499891 0.0070178849566204836 -0.014030016759195386 0.033729075137179119 0.033223550683904167 -0.017508819363406095 0.038981999531588908 0.27165774050281766 0.0032930563668655357 -0.0027486985516998945 -0.038592021201368717 -0.00016230113961989258 -0.0220869241601158 -0.0029160610118168099 0.0062207175451918957 0.084182612717899549 -0.022994151464442503 0.010096484033191784
leaf_weight=478.22338264808059 223.38140109181404 771.0264054313302 111.36433485150337 525.42101221904159 145.81722127273679 304.19975257664919 277.08078857883811 94.424402706325054 374.9583355858922 357.53844912722707 389.06280935555696 174.97565842792392 91.162010505795479 515.24251623079181 72.069574162364006 1.7264574952423566 107.22178951278329 12.684069670736788 176.43002462387085 1.846884701400995 225.38863600417972 108.31721546500921 118.63763798773289 38.087981969118118 115.81498112902045 617.33769423142076 55.696098774671555 10.924287784844635 40.631565913558006 185.26266300678253
leaf_count=12089 5680 15402 2256 9750 3735 5436 5626 2510 8460 6571 7123 4445 1884 9932 1406 31 1989 240 3209 33 4455 2309 3114 791 2356 12425 1035 198 887 3425
internal_value=0 0.00377352 0.0064545 0.00947395 -0.0176207 0.0123833 0.00903761 -0.0205479 -0.0189012 0.0189339 0.014169 -0.0104876 -0.018135 0.00122596 0.0152102 0.0206828 0.0260696 0.0374465 0.0413189 0.156703 -0.0135996 -0.00913903 -0.0214853 -0.0288263 -0.00638565 0.00296065 0.0018384 0.0190048 0.00290262 0.0185746
internal_weight=0 5658.88 5060.54 4496.59 563.951 3108.22 2057.42 1063.08 598.34 1050.8 746.601 418.134 266.138 908.138 1149.28 623.862 485.172 192.687 180.003 3.57334 584.856 452.343 226.955 132.512 392.896 1388.36 138.69 66.6204 151.996 292.484
internal_count=138802 113534 99394 86187 13207 58360 39230 25268 14140 19130 13694 9472 6329 17914 21316 11566 8927 3513 3273 64 13179 9878 5423 3301 7982 27827 2639 1233 3143 5414
cat_boundaries=0 1 2 3 4 5 6 7
cat_threshold=4 12 2 1 2 2 12
is_linear=0
shrinkage=0.05


Tree=8
num_leaves=31
num_cat=4
split_feature=9 8 8 9 8 7 8 8 17 8 7 16 13 8 3 4 0 1 1 15 6 0 1 1 8 1 4 3 9 0
split_gain=195.987 102.474 105.166 50.4023 41.0101 50.8839 67.0013 40.2041 31.305 28.3445 26.9816 26.2133 22.4468 21.1465 20.545 28.08 20.0555 19.7166 18.1932 32.3451 17.5457 16.6125 22.9063 15.4143 15.2261 15.0973 15.0741 23.7909 22.4243 15.0589
threshold=2.0664750000000001 -0.81717499999999987 0.59645500000000007 1.5991000000000002 -0.56424499999999989 0 0.31786500000000001 -0.15878499999999998 1 0.95143000000000011 2 3 2.1337540000000002 -0.39237999999999995 2091.1644460000002 6.2333250000000016 77.846355000000003 4.5215082636064201 17.508304099294005 2.5000000000000004 5.6757250000000008 87.21080000000002 8.4362446054721136 2.1299990194258642 -1.10503 16.627883839558063 6.371595000000001 2280.5825920000002 2.2997650000000003 88.116075000000009
decision_type=2 2 2 2 2 1 2 2 1 2 1 1 8 2 10 2 2 2 2 2 2 2 2 2 2 2 2 8 2 2
left_child=3 24 8 -1 10 7 16 -6 -3 -4 -5 12 -10 25 15 29 17 -7 -16 -20 -9 23 -23 -15 -2 -13 -27 -28 -29 -14
right_child=1 2 9 4 5 6 -8 20 11 -11 -12 13 14 21 18 -17 -18 -19 19 -21 -22 22 -24 -25 -26 26 27 28 -30 -31
leaf_value=-0.028359064793691657 -0.035504827533679388 0.003198628871255136 -0.0080904367794517301 -0.041641027120288804 -0.013848364759682558 0.02621830475389942 -0.037462948495388802 0.026550586844131637 0.019398096722068513 -0.036467203496298256 0.001762628976570917 -0.0028444493110379295 0.1455240912865568 0.010163555574500232 0.017543412452642401 0.35317089395724044 -0.0059911328360483821 0.18573987041588436 0.023943447797343372 0.28226676157359032 0.004890400196702378 -0.0097225093904541489 0.011765881505825028 0.025113082803496712 -0.013474984612051884 0.010110614636750902 0.015614102064150689 0.3394340056816546 0.09459982547291057 0.026116769485366384
leaf_weight=465.63230758532882 111.84906146302819 1249.2389255687594 369.3722489066422 142.54860854521394 191.09909425675869 25.916550226509575 225.11476589739323 164.70214270055294 619.59032870084047 115.5224410481751 47.816763307899237 427.81951960921288 5.5274089239537698 307.3642906062305 24.742288745939735 1.1068047247827042 318.1040578186512 2.0934880077838889 3.237215604633092 1.9367479532957075 216.25284022465348 147.49973753467202 779.05142757296562 392.76887724548578 262.53995639830828 80.729058813303709 10.184921119362118 1.1463576406240452 5.0778348669409752 5.0553242899477482
leaf_count=12089 2963 24980 8293 3628 4165 508 5844 3114 11179 3069 1018 8407 92 5578 445 19 6626 39 56 33 4169 2975 14403 7015 6204 1496 186 21 93 95
internal_value=0 0.00508756 0.00715787 -0.0141964 -0.00925164 -0.00567387 -0.0162298 0.00486683 0.00978509 -0.014851 -0.0307387 0.0127103 0.0214608 0.00987561 0.0573369 0.113545 -0.00241964 0.038141 0.0353739 0.120641 0.014255 0.0127374 0.0083451 0.0185501 -0.0200564 0.00119593 0.0189907 0.0626788 0.139693 0.0884837
internal_weight=0 4921.36 4546.97 1799.28 1333.65 1143.28 571.229 572.054 4062.08 484.895 190.365 2812.84 661.196 2151.64 41.6058 11.6895 346.114 28.01 29.9163 5.17396 380.955 1626.68 926.551 700.133 374.389 524.958 97.1382 16.4091 6.22419 10.5827
internal_count=138802 97602 88435 41200 29111 24465 13017 11448 77073 11362 4646 52093 11919 40174 740 206 7173 547 534 89 7283 29971 17378 12593 9167 10203 1796 300 114 187
cat_boundaries=0 1 2 3 4
cat_threshold=2 4 2 12
is_linear=0
shrinkage=0.05


Tree=9
num_leaves=31
num_cat=4
split_feature=9 8 8 7 2 7 9 9 1 8 9 8 12 8 9 0 13 4 1 2 4 15 8 3 13 6 17 8 7 8
split_gain=180.146 115.665 121.385 30.5381 27.8439 33.9416 22.4717 22.1863 21.9501 20.2428 18.9348 18.2392 17.7142 20.9436 17.3033 16.5838 16.4222 19.0117 17.5663 20.7433 16.8792 15.6583 24.2709 15.4336 15.2422 15.1948 14.3976 14.2777 23.5718 27.1561
threshold=1.8522450000000001 -0.72222999999999982 0.60757500000000009 0 13.856736441900122 1 1.5991000000000002 3.3164450000000003 16.785643515751826 -1.0224049999999998 2.2283350000000008 0.39784000000000003 0.86882650000000006 0.90367000000000008 2.5596650000000003 77.365360000000024 -0.73029699999999964 5.9677700000000007 7.8018634373383273 15.960969230890944 5.6824350000000008 3.5000000000000004 -0.17623999999999998 1353.2595635000002 0.73368400000000022 6.2515350000000014 2 -0.36444499999999996 3 0.31786500000000001
decision_type=2 2 2 1 2 1 2 2 2 2 2 2 10 2 2 2 8 2 2 2 2 2 2 10 10 2 1 2 1 2
left_child=6 9 4 -4 7 16 -1 10 -5 -2 -3 -12 -10 14 -14 -7 17 18 -6 -20 21 -21 -23 -9 25 -16 -17 -8 -29 -30
right_child=1 2 3 8 5 15 27 23 12 -11 11 -13 13 -15 24 26 -18 -19 19 20 -22 22 -24 -25 -26 -27 -28 28 29 -31
leaf_value=-0.027672746143086652 -0.031984802987827514 0.0053490210771600906 0.0003029836205302576 -0.03000465950731911 0.004956878574013647 0.23469147574232987 -0.027611262158296929 0.12729231043705053 -0.0069524146103109507 -0.011628905333547093 0.01532639165129715 0.002617598504132478 -0.052068380656469453 -0.052046079288256476 0.32056339620886248 0.002020367923448787 0.0066568439362596089 -0.030454672239911447 0.033606746047855858 0.10777632879176678 0.02728754606184048 0.14036094187645412 0.42721974972018667 -0.0051954036662177063 0.00039062271960915045 0.099070780753075141 -0.016815467253649446 0.0026845908994689049 -0.0050623857009410647 -0.040650953305112619
leaf_weight=453.63024573773146 174.85702070221305 937.75783214718103 181.39330634102225 309.42644346877933 14.698753483593462 0.69448084756731887 126.4287746399641 2.2178229466080657 48.554903265088797 405.03790926933289 2178.3334475457668 324.35457632690668 1.0294659733772267 2.2273573391139507 1.8761035986244681 161.16903864219785 386.97012712061405 8.8917113952338678 16.166106060147289 6.5329842045903188 3.7401924431323996 2.0696594454348092 1.1454933881759641 247.72164183109999 0.94315984100103367 1.3184788934886453 273.8060786165297 227.70871449261904 125.25777393579483 93.700727477669716
leaf_count=12089 4729 18127 3862 7973 288 12 3301 41 1196 9411 40152 6054 27 60 41 3138 7504 170 305 125 72 40 22 4625 20 28 5512 4455 2709 2714
internal_value=0 0.00339567 0.00579582 -0.0164676 0.00846166 0.00044735 -0.0193585 0.0103638 -0.0247935 -0.0177669 0.0114087 0.0136793 0.00402684 0.0761199 0.131367 -0.00944653 0.0102391 0.0362738 0.0496512 0.0718047 0.117586 0.152232 0.242563 -0.00401978 0.177005 0.229148 -0.00983632 -0.0127774 -0.0085787 -0.0202921
internal_weight=0 5692.93 5113.04 546.769 4566.27 875.885 1026.73 3690.39 365.376 579.895 3440.45 2502.69 55.9495 7.39457 5.16721 435.67 440.215 53.2449 44.3532 29.6544 13.4883 9.74814 3.21515 249.939 4.13774 3.19458 434.975 573.096 446.667 218.959
internal_count=138802 113534 99394 13207 86187 17188 25268 68999 9345 14140 64333 46206 1372 176 116 8662 8526 1022 852 564 259 187 62 4666 89 69 8650 13179 9878 5423
cat_boundaries=0 1 2 3 4
cat_threshold=2 2 1 2
is_linear=0
shrinkage=0.05


Tree=10
num_leaves=31
num_cat=6
split_feature=9 8 8 9 8 7 8 8 17 16 7 13 10 0 8 0 8 8 11 4 16 0 18 5 12 4 6 6 15 8
split_gain=165.335 84.8355 86.7911 44.5227 37.5481 44.1237 61.7868 35.354 32.7877 27.8731 26.3794 24.4898 18.1569 21.7184 19.5332 17.4648 17.0248 23.4525 17.3006 15.6723 15.2407 16.2984 25.4161 18.8216 22.6981 21.5905 16.4532 15.5112 24.0161 14.3311
threshold=2.0664750000000001 -0.81717499999999987 0.85885000000000011 1.5991000000000002 -0.56424499999999989 0 0.31786500000000001 -0.15878499999999998 1 2 3 2.1337540000000002 -2.7807019999999993 88.764590000000013 -0.62490499999999993 77.846355000000003 0.39784000000000003 -0.39237999999999995 2.0585115000000003 4.1571350000000011 4 80.801755000000014 5 1.7547300000000001 1.8237275000000002 5.4698900000000004 5.7948000000000013 5.3575350000000013 1.5000000000000002 -1.10503
decision_type=2 2 2 2 2 1 2 2 1 1 1 8 2 2 2 2 2 2 2 2 1 2 1 2 10 2 2 2 2 2
left_child=3 29 8 -1 10 7 15 -6 -3 11 -5 -10 -13 -14 -15 19 17 -11 -19 -7 -9 22 23 24 25 -22 -27 -25 -29 -2
right_child=1 2 -4 4 5 6 -8 20 9 16 -12 12 13 14 -16 -17 -18 18 -20 -21 21 -23 -24 27 -26 26 -28 28 -30 -31
leaf_value=-0.026987145879891095 -0.03430718167553317 0.0013904259802452914 -0.028611262504342011 -0.040948222327340536 -0.013307096341300513 0.18263230360724189 -0.036485373727333667 -0.0010350327999099592 0.017059343683800937 0.00078416688764583714 0.0024568874483691361 0.18452480369442445 0.090996230338249065 0.1700530082482884 0.0086759635412364047 -0.0056248203255183085 -0.0019388761613523525 0.020837455549111112 0.009190293058025583 0.025775005562617553 0.37836865859196206 0.015121478233765901 0.020853576353779133 -0.053352065093710904 -0.017675382281924404 0.092178152541108546 0.31936855831925737 0.022389464771581005 0.25800061856075412 -0.012374639155526604
leaf_weight=442.19121189042926 105.08776821941137 1386.9576516263187 170.30929060280323 135.13197588175535 188.60959111154079 1.691077228635552 212.63790354132652 135.99113845825195 669.62998263910413 528.68522476777434 47.242068581283092 2.5205318443477145 17.269218564033508 2.01695188879967 26.665858693420887 315.76472186297178 368.24081477895379 480.66388068348169 946.96597423031926 27.302602998912334 1.3882636018097398 209.97319930046797 26.994176369160414 2.5097280144691467 1.4000345282256601 3.0937487594783306 1.0734049938619135 3.3078975193202496 1.606987193226814 255.72090716660023
leaf_count=12089 2963 27858 4490 3628 4165 26 5844 2589 11956 10203 1018 43 274 38 480 6626 7360 8468 17265 521 22 3967 477 43 24 54 19 59 29 6204
internal_value=0 0.00458392 0.00641518 -0.0132613 -0.00864828 -0.00525997 -0.0152884 0.00444547 0.00776187 0.0106662 -0.0297046 0.0192752 0.053863 0.046696 0.0200239 -0.00221474 0.00788986 0.00978027 0.0131117 0.0349238 0.0130899 0.0199784 0.0494561 0.103149 0.162249 0.207593 0.150699 0.0477825 0.0994257 -0.0187626
internal_weight=0 4960.73 4599.93 1757.91 1315.72 1133.34 557.396 575.948 4429.62 3042.66 182.374 718.103 48.4726 45.952 28.6828 344.758 2324.56 1956.32 1427.63 28.9937 387.339 251.347 41.3742 14.3801 6.95545 5.55542 4.16715 7.42461 4.91488 360.809
internal_count=138802 97602 88435 41200 29111 24465 13017 11448 83945 56087 4646 12791 835 792 518 7173 43296 35936 25733 547 7283 4694 727 250 119 95 73 131 88 9167
cat_boundaries=0 1 2 3 4 5 6
cat_threshold=2 4 12 2 1 1
is_linear=0
shrinkage=0.05


Tree=11
num_leaves=31
num_cat=4
split_feature=9 8 8 8 0 1 1 9 8 8 7 9 0 1 8 8 7 8 7 0 8 2 3 4 3 6 12 17 11 9
split_gain=153.219 97.245 102.138 29.2801 24.8859 42.0922 25.9714 20.836 19.9398 24.5236 37.8625 26.0895 22.2561 21.1921 18.6685 16.7365 37.1103 31.9803 26.9477 17.0598 18.974 20.5314 27.2 18.9263 16.3526 15.7929 15.661 15.0214 14.7769 14.4542
threshold=1.8522450000000001 -0.72222999999999982 0.60757500000000009 0.95143000000000011 90.582370000000012 15.760770093077818 13.354137021267222 1.3571450000000003 -0.35798999999999997 0.19420000000000001 0 2.9653050000000003 81.859710000000021 -9.9964899752286609 -1.10503 -0.3714849999999999 1 0.31103500000000001 2 88.480895000000018 0.3524850000000001 11.210904766598452 2206.4600705000003 5.2645950000000008 2483.4807015000006 6.0243600000000006 0.091455000000000078 3 4.4995640000000012 2.3695250000000008
decision_type=2 2 2 2 2 2 2 2 2 2 1 2 2 2 2 2 1 2 1 2 2 2 8 2 10 2 10 1 2 2
left_child=7 14 4 -4 6 27 8 -1 -3 12 11 24 13 -10 -2 18 19 -18 -9 20 -17 -22 23 -23 -11 -20 -25 -6 -14 -12
right_child=1 2 3 -5 5 -7 -8 15 9 10 29 -13 28 -15 -16 16 17 -19 25 -21 21 22 -24 26 -26 -27 -28 -29 -30 -31
leaf_value=-0.033792419909013972 -0.034743024263839704 -0.00062286269339144567 -0.0088559796760857255 -0.036136347964454918 0.0033429895017541484 0.010477132454226171 0.018656681106222428 -0.039827434210028469 -0.031939858544348047 0.030028227395616065 -0.017129196421174706 -0.02634079182459383 0.011221438856593454 0.025745798941626593 -0.012086439067097282 0.0022610051920796312 -0.0085712499159387827 -0.040430745406642959 0.023113911887497181 -0.013763806614438188 0.024885403476116494 -0.030846852380124176 0.36916620897013197 0.06912419552493769 -0.0030654096086000357 -0.038962043214278187 0.29026061258055985 -0.011518909193243779 -0.016420054669876154 0.0016404828654450075
leaf_weight=176.49040069431067 114.00186055153608 554.2391395419836 403.12718976289034 130.10180842503905 264.9652247056365 776.03201152011752 697.23260605707765 133.18833764642477 16.554116200655699 182.66886887699366 186.67591535300016 29.964596550911665 701.58776815608144 416.49363123252988 449.06733219325542 157.59654145687819 172.35715780034661 145.05911396443844 33.088707849383354 121.00088239088655 33.475540261715651 2.2968812473118296 0.94813710451126088 2.0541815683245663 46.91535821929574 14.841806691139935 1.3120157830417154 474.48570779711008 51.929274313151836 227.65783241018653
leaf_count=4947 3318 10630 9472 3735 5154 14166 12443 3898 304 3279 3821 558 13007 7340 10822 3455 4054 4328 758 2643 700 51 20 46 847 340 28 9426 982 4230
internal_value=0 0.00305678 0.00520954 -0.0155121 0.00759735 0.00234302 0.0101562 -0.0182128 0.00770167 0.0101816 0.00256421 0.0175386 0.0145077 0.0235406 -0.0166736 -0.0148482 -0.0110301 -0.023131 -0.0282577 0.00102275 0.0100735 0.0407876 0.121307 0.0798097 0.0232656 0.00389193 0.155315 -0.00619349 0.0093165 -0.0068161
internal_weight=0 5723.7 5160.63 533.229 4627.4 1515.48 3111.92 993.71 2414.69 1860.45 673.883 259.549 1186.56 433.048 563.069 817.219 636.1 317.416 181.119 318.684 197.683 40.0868 6.61122 5.66308 229.584 47.9305 3.3662 739.451 753.517 414.334
internal_count=138802 113534 99394 13207 86187 28746 57441 25268 44998 34368 12735 4684 21633 7644 14140 20321 15325 8382 4996 6943 4300 845 145 125 4126 1098 74 14580 13989 8051
cat_boundaries=0 1 2 3 4
cat_threshold=2 2 2 1
is_linear=0
shrinkage=0.05


Tree=12
num_leaves=31
num_cat=5
split_feature=9 8 8 8 7 8 8 7 17 16 13 9 2 4 11 14 0 16 1 6 14 0 4 8 8 11 8 0 15 10
split_gain=140.559 70.4392 73.3398 40.0244 56.6169 68.7106 48.4946 31.4798 27.9792 24.3224 20.2708 16.9917 18.4318 16.9324 22.8521 14.3386 15.1422 14.1697 14.0514 26.0298 32.3406 23.6305 15.7984 14.0166 18.809 14.2486 13.437 15.7379 17.9942 14.8473
threshold=2.0664750000000001 -0.81717499999999987 0.85885000000000011 -0.56424499999999989 0 0.32470500000000008 -0.028304999999999997 1 2 3 2.1337540000000002 1.5066200000000001 13.451499181375633 4.1571350000000011 2.3943785000000006 1.5000000000000002 76.049400000000006 4 17.508304099294005 5.9728050000000001 1.5000000000000002 88.764590000000013 5.9829950000000007 0.39784000000000003 -0.39237999999999995 2.0585115000000003 -0.29560499999999995 83.121860000000012 1.5000000000000002 0.019625000000000004
decision_type=2 2 2 2 1 2 2 1 1 1 8 2 2 2 2 2 2 1 2 2 2 2 2 2 2 2 2 2 2 2
left_child=3 -2 8 7 6 11 26 -1 17 10 -10 -6 13 14 -13 -8 -17 -3 21 20 -20 -12 -21 24 -11 -26 -5 28 -28 -30
right_child=1 2 -4 4 5 -7 15 -9 9 23 18 12 -14 -15 -16 16 -18 -19 19 22 -22 -23 -24 -25 25 -27 27 -29 29 -31
leaf_value=-0.041830873252268523 -0.017523143631399618 0.0055799362595891702 -0.027282643939735743 -0.024139579934649356 -0.031015644077689843 -0.038254101317782778 0.0051070885712221036 0.0015568716350784087 0.015532496649724534 0.00066654663113086909 0.079462140512441826 0.24617402419539247 -0.023984162162407958 0.0014980337752856458 0.01453971342080285 0.11157870295217885 0.021781864020036321 -0.004490102194878407 0.096847987282954004 -0.053716142027356167 0.40860734922994785 0.004309224370281417 0.12938509317548452 -0.0018896813205587005 0.018560113767537561 0.0081221079495111623 -0.0040088045265031921 -0.014665861627279106 0.082944097101195505 0.0028804320314384912
leaf_weight=178.60288940928876 348.62424444779754 771.8948027305305 161.88540594652295 158.25822422653437 62.296542979776859 289.96349577978253 262.37111449986696 54.582016676664352 683.68621237948537 529.73851938918233 18.332744508981705 1.6643292419612397 80.578106984496117 288.12787462770939 2.9558021575212479 4.8624257743358603 136.08010549470782 622.20960427448153 2.3240009211003767 2.5642698295414448 1.29561410844326 24.356212131679058 2.179250705987215 367.85791279003024 495.13090935349464 962.52218591794372 44.184500928968191 133.10563739389181 14.01298074051738 9.8683353848755342
leaf_count=5112 9167 15292 4490 3945 1781 8440 5404 1226 11956 10203 267 26 1773 6131 56 98 2820 12566 37 41 18 440 32 7360 8468 17265 958 2910 314 206
internal_value=0 0.00415322 0.00577977 -0.0124141 -0.00939642 -0.019395 0.000115072 -0.031675 0.0069734 0.00962629 0.0175629 -0.00684181 -0.00280795 0.00302074 0.0979823 0.0120169 0.0248798 0.00109335 0.0481941 0.107459 0.20844 0.0365836 0.0304036 0.00704592 0.00873531 0.0116677 -0.0132399 -0.00466526 0.0148914 0.0498599
internal_weight=0 4994.6 4645.98 1721.51 1488.33 725.586 762.743 233.185 4484.09 3089.99 734.738 435.623 373.326 292.748 4.62013 403.314 140.943 1394.1 51.0521 8.36314 3.61962 42.689 4.74352 2355.25 1987.39 1457.65 359.43 201.171 68.0658 23.8813
internal_count=138802 97602 88435 41200 34862 18207 16655 6338 83945 56087 12791 9767 7986 6213 82 8322 2918 27858 835 128 55 707 73 43296 35936 25733 8333 4388 1478 520
cat_boundaries=0 1 2 3 4 5
cat_threshold=2 2 4 12 12
is_linear=0
shrinkage=0.05


Tree=13
num_leaves=31
num_cat=4
split_feature=9 8 8 8 0 1 1 9 8 8 8 7 9 0 1 8 7 8 7 11 3 1 0 8 2 6 1 13 12 17
split_gain=131.514 81.7535 86.0627 26.1767 21.9222 37.191 22.5488 19.8502 17.8193 16.1992 21.1787 34.9436 22.2697 18.6607 18.6003 14.9526 31.8965 30.8024 25.2179 16.55 22.3244 20.2673 14.932 15.5577 15.0153 14.4665 14.1387 14.0718 14.0697 13.9282
threshold=1.8522450000000001 -0.72222999999999982 0.61771500000000013 0.95143000000000011 90.582370000000012 15.760770093077818 13.354137021267222 1.3571450000000003 -1.10503 -0.35798999999999997 0.19420000000000001 0 2.9653050000000003 81.859710000000021 -9.9964899752286609 -0.3714849999999999 1 0.51139500000000016 2 2.3455945000000002 1733.8275770000002 4.7181496033643846 88.480895000000018 0.3524850000000001 11.210904766598452 6.0243600000000006 3.2937090667248961 1.2529220000000005 -3.912696 3
decision_type=2 2 2 2 2 2 2 2 2 2 2 1 2 2 2 2 1 2 1 2 10 2 2 2 2 2 2 8 8 1
left_child=7 8 4 27 6 29 9 -1 -2 -3 13 12 -12 14 -11 18 22 19 -9 20 21 -18 23 -17 -25 28 -26 -4 -20 -6
right_child=1 2 3 -5 5 -7 -8 15 -10 10 11 -13 -14 -15 -16 16 17 -19 25 -21 -22 -23 -24 24 26 -27 -28 -29 -30 -31
leaf_value=-0.032788733512472516 -0.033761900495216636 -0.00061876567321258384 -0.015308642355335659 -0.035057617841496733 0.0029527518545464115 0.0094297800319538341 0.016989330741400733 -0.03882319932502995 -0.011125358498955417 -0.031397417772095058 0.021254607943426675 -0.0069381499857369845 -0.024529913699966929 0.0083382055780884482 0.023189821668089861 0.0018868929518558602 0.008221650581776152 -0.045775227496376594 0.21183745768368928 -0.025431351044993469 -0.0015156261597466111 0.25711567914934941 -0.013259726189459697 0.022178491627355829 -0.0242923193760998 -0.038321865125345543 0.13806878858200849 0.0050992195773859762 0.016253003896230966 -0.011323876894106646
leaf_weight=168.0880093164742 108.39872939698398 554.13689402490854 252.53082831203938 122.6019947566092 267.58675298094749 791.4904305562377 715.76376497000456 124.17706046439707 439.13208066672087 16.193594988435507 238.82754200696945 418.86620309576392 29.882466405630112 764.81695187464356 429.72062197327614 158.60833364352584 1.6562712490558618 93.421203523874283 0.9460890106856823 104.6366811748594 103.49392505176365 1.6158851459622381 119.54762472957373 34.634283591061831 1.7485669888555992 14.270199064165352 5.7508564889431 126.9221232868731 32.729154475033283 472.49613031744957
leaf_count=4947 3318 10630 6086 3735 5168 14248 12500 3898 10822 304 4184 8227 568 13989 7340 3455 43 3008 22 2679 2612 40 2643 700 36 340 109 2955 736 9460
internal_value=0 0.00277066 0.00470502 -0.0149721 0.00680704 0.00189557 0.00918134 -0.0171738 -0.0156069 0.00690252 0.00909806 0.00208997 0.016163 0.013078 0.0212075 -0.0138815 -0.0102884 -0.0218657 -0.0269311 -0.0112999 0.00254977 0.131133 0.000729906 0.00906113 0.0360679 0.00386905 0.100213 -0.00848248 0.0217479 -0.00616197
internal_weight=0 5749.37 5201.84 502.055 4699.78 1531.57 3168.21 965.324 547.531 2452.44 1898.31 687.576 268.71 1210.73 445.914 797.236 625.114 304.824 172.123 211.403 106.766 3.27216 320.29 200.742 42.1337 47.9454 7.49942 379.453 33.6752 740.083
internal_count=138802 113534 99394 12776 86618 28876 57742 25268 14140 45242 34612 12979 4752 21633 7644 20321 15325 8382 4996 5374 2695 83 6943 4300 845 1098 145 9041 758 14628
cat_boundaries=0 1 2 3 4
cat_threshold=2 2 2 1
is_linear=0
shrinkage=0.05


Tree=14
num_leaves=31
num_cat=2
split_feature=9 8 8 8 9 0 1 1 0 8 8 4 1 2 7 8 8 10 1 8 3 0 2 10 4 7 2 4 6 4
split_gain=120.546 72.6217 78.9985 23.938 23.2867 20.8947 33.8599 18.3536 19.0504 16.7973 16.6782 15.2657 16.4158 19.7581 14.9361 26.6583 26.0035 14.8543 14.2233 21.072 18.3015 15.1581 17.7426 14.7064 15.4933 12.9576 18.1477 12.8272 12.7813 12.4709
threshold=1.9085850000000002 -0.72222999999999982 0.60757500000000009 0.95143000000000011 1.5991000000000002 90.582370000000012 15.760770093077818 12.052291399011919 88.651415000000014 -1.0224049999999998 -0.77861499999999995 5.7104450000000009 16.942013631088578 6.8536739337917707 0 0.51139500000000016 -0.16448499999999996 -0.90541899999999986 2.1299990194258642 -0.47122499999999995 1984.2239205000003 84.060715000000016 1.0261118708245316 0.20714250000000003 5.6487350000000012 1 5.046205522361551 4.5331450000000011 6.0952650000000004 5.5166000000000013
decision_type=2 2 2 2 2 2 2 2 2 2 2 2 2 2 1 2 2 2 2 2 10 2 2 2 2 1 2 2 2 2
left_child=4 9 5 -4 -1 7 25 8 18 -2 -6 12 -11 -14 16 -16 -12 -15 20 -20 -3 -21 23 24 -23 26 -7 -9 -22 -25
right_child=1 2 3 -5 10 6 -8 27 -10 11 14 -13 13 17 15 -17 -18 -19 19 21 28 22 -24 29 -26 -27 -28 -29 -30 -31
leaf_value=-0.024603176519868132 -0.028879527199506733 -0.013782617859682792 -0.0082564824301924467 -0.034458755519027197 -0.039366037513465346 -0.032485247507691814 0.0091437732727650597 0.15245207942893063 -0.0055802683366774882 -0.0031663898888186592 -0.018910116010691251 -0.019377949745644538 0.25338378285033542 0.020165077678320865 -0.0076849613395405005 -0.042508560157529081 0.0089481884334844872 0.23466555772730194 -0.0039805544039567013 0.022395994609436906 0.0089224243979188315 -0.0075046284519761867 0.002348576662445017 0.094495151281731984 0.029815905780184129 -0.012703383548006942 0.0046248005072298008 0.01507252037298047 -0.01211396127917908 -0.011640099086000229
leaf_weight=406.15121725574136 150.80576683580875 125.7392624206841 380.99215747416019 113.02557040564716 44.23682676255703 36.736628215759993 777.75287943705916 1.7024958766996849 274.76869240775704 177.21862688288093 129.32529200799763 184.14190414175391 1.1445011161267746 11.022851452231405 235.63950480893254 71.673230985179543 237.77212021127343 0.8708854503929605 163.38154330477118 421.69098206609488 704.03466162458062 40.5319814234972 304.54637821018696 11.848954640328882 88.594680342823267 355.43446693941951 319.11582350730896 859.17256854847074 80.457616459578276 3.6112088672816745
leaf_count=12089 4614 2283 9099 3563 1371 712 13832 31 5349 4304 3396 4516 26 252 5436 2432 4389 20 3138 7236 12780 736 5544 212 1609 7142 6238 14920 1468 65
internal_value=0 0.00290689 0.00474265 -0.0142513 -0.0150334 0.00679629 0.00193334 0.00914725 0.00674332 -0.0147904 -0.00962498 -0.0091154 0.000817307 0.0549646 -0.00767416 -0.0158067 -0.000866055 0.0358713 0.00848477 0.0124966 0.00392649 0.015588 0.00919602 0.0236189 0.0181012 -0.00595086 0.000793724 0.0153442 0.00676493 0.0697039
internal_weight=0 5588.34 5063.14 494.018 1124.8 4569.12 1489.04 3080.08 2219.21 525.205 718.647 374.399 190.257 13.0382 674.41 307.313 367.097 11.8937 1944.44 1034.21 910.232 870.824 449.133 144.587 129.127 711.287 355.852 860.875 784.492 15.4602
internal_count=138802 109689 95957 12662 29113 83295 27924 55371 40420 13732 17024 9118 4602 298 15653 7868 7785 272 35071 18540 16531 15402 8166 2622 2345 14092 6950 14951 14248 277
cat_boundaries=0 1 2
cat_threshold=2 2
is_linear=0
shrinkage=0.05


Tree=15
num_leaves=31
num_cat=4
split_feature=9 8 8 8 7 8 8 7 2 17 16 8 13 10 0 10 0 0 1 3 11 13 10 1 8 8 0 1 5 3
split_gain=111.216 55.1257 55.859 35.8261 48.9886 62.8095 40.8178 30.2713 27.0972 24.2176 24.5066 17.5713 15.1933 27.7766 15.4758 18.7869 15.8149 14.5548 14.4588 19.985 13.4158 20.7734 17.1385 14.8465 12.7443 12.3808 13.372 19.6109 19.2336 15.8243
threshold=2.0664750000000001 -0.97948999999999986 0.90367000000000008 -0.56424499999999989 0 0.32470500000000008 -0.028304999999999997 1 -11.430138977026347 2 3 -0.69059499999999996 1.5855255000000001 -3.0478549999999998 87.724510000000024 0.62283250000000012 86.488610000000008 77.846355000000003 12.564042795232385 1859.0263720000003 2.5972355000000005 1.6504025000000002 -2.0731579999999998 4.0445604117303287 0.19420000000000001 0.39784000000000003 89.399380000000022 14.883977505420985 0.37500500000000003 2154.3778300000004
decision_type=2 2 2 2 1 2 2 1 2 1 1 2 8 2 2 2 2 2 2 10 2 10 2 2 2 2 2 2 2 8
left_child=3 8 9 7 6 17 -5 -1 -2 -3 12 -12 24 -14 16 -16 -15 -6 20 -20 21 -19 -23 -24 -11 26 -13 -28 29 -29
right_child=1 2 -4 4 5 -7 -8 -9 -10 10 11 25 13 14 15 -17 -18 18 19 -21 -22 22 23 -25 -26 -27 27 28 -30 -31
leaf_value=-0.040810448788958585 0.33802714283480695 0.00011493602153299158 -0.028828075036228508 -0.012170462369305128 0.022713332569409033 -0.036996373297567983 0.011090439725095705 0.002408629480306298 -0.025935065952292731 0.017222665894323582 -0.0091361514716057426 0.011699363701959493 0.20590545405263361 0.034950193919206105 0.012739197531178373 0.19851303211847454 0.11530950319554308 -0.0084311889279482678 0.17125420763845983 0.0027729841471894109 -0.028603829268060911 -0.052239970816301197 0.064055002280870257 0.34758095956725266 0.0017566004455346566 -0.0016638394736446544 -0.0055320061787140513 0.14997188634828928 0.0084333377908770348 0.032770800867342263
leaf_weight=164.41119588911533 0.51298285648226638 1476.4472838006914 122.03871099464595 350.20352463796735 39.657807914540172 267.95891710370779 408.69532040506601 53.764486528933048 164.58753248676658 505.66693138331175 193.00147424265742 1128.2511411234736 2.307701561599969 18.515442870557312 62.67211252823472 1.3911044262349594 9.1473494432866556 152.07406387478113 1.786468032747506 119.33557074889541 113.58597395196557 0.87098962441086802 0.85834362730383762 0.99922450631856918 180.82918292656541 380.88632586225867 353.77137331292033 4.17690462991595 423.8306396342814 9.2761539183557034
leaf_count=5112 15 29607 3772 8333 825 8440 8322 1226 5044 8682 4475 19288 34 278 1075 26 136 3483 38 2671 2687 22 20 21 3218 7666 6905 68 7160 153
internal_value=0 0.00361006 0.00457291 -0.0112651 -0.00843377 -0.0180028 0.000356401 -0.0301601 -0.0248042 0.00543103 0.00782859 0.00533336 0.0155316 0.0345792 0.0302688 0.0167732 0.0615229 -0.00614386 -0.00908194 0.00525797 -0.0155534 -0.00597776 0.130762 0.21657 0.0131488 0.00657064 0.00820477 0.00322057 0.0103016 0.0691594
internal_weight=0 5037.31 4872.21 1674.2 1456.03 697.127 758.899 218.176 165.101 4750.17 3273.72 2493.19 780.53 94.0337 91.726 64.0632 27.6628 429.168 389.511 121.122 268.389 154.803 2.72856 1.85757 686.496 2300.19 1919.31 791.055 437.284 13.4531
internal_count=138802 97602 92543 41200 34862 18207 16655 6338 5059 88771 59164 45715 13449 1549 1515 1101 414 9767 8942 2709 6233 3546 63 41 11900 41240 33574 14286 7381 221
cat_boundaries=0 1 2 3 4
cat_threshold=2 2 4 12
is_linear=0
shrinkage=0.05


Tree=16
num_leaves=31
num_cat=4
split_feature=9 8 8 7 1 9 2 7 13 9 12 8 13 8 0 1 0 3 9 2 8 7 8 7 5 1 6 8 1 10
split_gain=103.836 62.6281 65.6546 23.5733 21.2069 18.673 17.4253 39.2484 19.8401 18.1107 17.0567 16.584 15.9997 15.9379 14.1358 13.6302 17.7611 16.0668 13.4917 13.391 16.5904 32.1096 15.271 16.5222 13.6311 12.9789 16.8639 15.3171 15.1002 18.6039
threshold=1.8522450000000001 -0.72222999999999982 0.61771500000000013 0 16.785643515751826 1.3571450000000003 13.38257333770782 1 -0.92130099999999981 3.3164450000000003 0.86882650000000006 0.90367000000000008 -0.95380799999999977 -1.10503 88.979395000000011 17.096718678722066 90.296550000000011 2350.9287925000003 2.5596650000000003 12.907394671320292 0.55796000000000012 2 -0.58030499999999996 3 1.5218650000000002 -3.4499348845950304 5.8374550000000012 0.33155000000000007 14.803449588339449 -2.0423014999999993
decision_type=2 2 2 1 2 2 2 1 8 2 10 2 8 2 2 2 2 10 2 2 2 1 2 1 2 2 2 2 2 2
left_child=5 13 6 -4 -5 -1 9 8 -8 25 15 18 14 -2 -9 16 -6 -18 -12 20 22 24 23 -7 -22 -3 27 -27 29 -28
right_child=1 2 3 4 10 19 7 12 -10 -11 11 -13 -14 -15 -16 -17 17 -19 -20 -21 21 -23 -24 -25 -26 26 28 -29 -30 -31
leaf_value=-0.031347239453762291 -0.032052211980962891 -0.0022299959787364775 0.0016945944478544942 -0.027152958418952877 0.28313019393867839 -0.045441216769970844 0.039911201428054065 0.047691164978843584 0.0064535700699663526 -0.0055347027902941459 -0.051895573968227415 -0.051649553721220515 -0.013725018799945189 -0.0098509171464638955 -0.0019154434228000287 -0.011966857579325453 -0.052049302055540959 0.22569488851375913 0.1591088822179893 -0.024024600957923931 0.059481834810039852 -0.045706654669641744 -0.0017315859283118372 0.018452041549267117 -0.011903656582817291 0.015237132284367469 -0.020175956731352401 0.0026984477267525666 0.011106155650989923 0.0037554245879329318
leaf_weight=157.21258226409554 99.740616483613849 269.10999930277467 166.88127874955535 266.51934262551367 0.89497856795787756 41.290467511862516 48.87861431017518 19.841624666005373 473.97513131424785 252.91478973254561 0.91184566356241603 1.8063329122960565 425.43362054415047 426.53727822192013 51.989575609564781 39.840936072170734 1.8797999043017628 0.72017387114465226 4.47759098559618 188.2476421482861 11.568659555166962 69.296888267621398 429.32793470844626 13.402231391519306 15.848607778549193 1289.5775305964053 89.934990454465151 300.27836974523962 714.51597400382161 837.06678603775799
leaf_count=4947 3318 4907 3707 7745 24 1468 886 366 8902 4553 26 60 8443 10822 1022 1059 51 20 84 5027 234 2493 10471 309 319 22696 1725 5618 12320 15180
internal_value=0 0.00238636 0.00403252 -0.0135161 -0.0215223 -0.0156458 0.00581157 1.68986e-05 0.00958133 0.00738647 0.00817565 0.0794644 -0.0100397 -0.0140585 0.0117872 -0.00366159 0.0910149 0.0248838 0.123409 -0.0124357 -0.00867912 -0.027585 -0.00490146 -0.0297844 0.0182173 0.00832004 0.00919865 0.0128689 0.00564389 0.00143367
internal_weight=0 5783.73 5257.45 483.932 317.051 926.195 4773.52 1020.12 522.854 3753.4 50.5317 7.19577 497.265 526.278 71.8312 43.3359 3.49495 2.59997 5.38944 768.982 580.735 96.7142 484.021 54.6927 27.4173 3500.48 3231.37 1589.86 1641.52 927.002
internal_count=138802 113534 99394 12776 9069 25268 86618 19619 9788 66999 1324 170 9831 14140 1388 1154 95 71 110 20321 15294 3046 12248 1777 553 62446 57539 28314 29225 16905
cat_boundaries=0 1 2 3 4
cat_threshold=2 2 2 2
is_linear=0
shrinkage=0.05


Tree=17
num_leaves=31
num_cat=6
split_feature=9 8 8 17 16 9 7 8 16 8 9 4 12 4 18 6 1 12 12 8 7 2 0 0 3 3 15 1 12 9
split_gain=94.9757 56.9394 61.5527 20.7588 18.1792 17.836 15.2464 15.1895 13.0903 12.9845 12.3834 18.161 24.2186 17.7607 21.1442 14.2252 12.8873 16.4578 38.2088 12.3788 35.4055 17.3561 12.8742 12.4245 11.8632 11.5386 11.217 11.1253 19.0758 11.0161
threshold=1.8522450000000001 -0.72222999999999982 0.85885000000000011 0 1 1.3571450000000003 2 -1.10503 3 -0.77861499999999995 2.9103950000000007 5.8182200000000011 -0.84278249999999999 5.3212650000000012 4 5.6472650000000009 16.785643515751826 0.60572950000000003 1.4882230000000003 0.54809000000000008 5 12.907394671320292 88.235495000000014 86.741430000000008 2206.4600705000003 2704.3220420000002 10.500000000000002 21.325980081761486 -3.3077599999999996 2.9187400000000006
decision_type=2 2 2 1 1 2 1 2 1 2 2 2 8 2 1 2 2 8 8 2 1 2 2 2 10 8 2 2 8 2
left_child=5 7 3 8 -5 -1 -4 25 -3 -7 -9 12 13 14 -12 -15 29 -18 -19 21 22 26 23 -21 -20 -2 -11 -10 -29 -14
right_child=1 2 6 4 -6 9 -8 10 27 19 11 -13 16 15 -16 -17 17 18 24 20 -22 -23 -24 -25 -26 -27 -28 28 -30 -31
leaf_value=-0.030689205949961992 -0.032827583405775081 0.0040850443456816295 -0.0010354201626213229 0.0028338843304381049 0.010107394276558339 -0.037596289757816412 -0.034377865722352567 -0.014333032269909521 -0.0060433994580342612 -0.0029216142327002535 0.009717434594171806 -0.016909647366018642 0.17682353203326917 0.19573340153699281 0.32372519513384823 0.013945338947327086 -0.014598789111918357 0.38900467738164934 0.18264299480314627 0.027006872238476521 -0.045348691739316868 -0.022072397532300489 -0.01935447384279404 0.14597352857622542 -0.052411686430757554 0.17802030186461423 0.17644835882473386 0.20375311816014174 0.018327054202904865 -0.0026630331279204147
leaf_weight=152.67084469459951 96.130692020058632 869.67682775110006 46.910326644778252 1561.4809831064194 1975.1620799079537 46.384150745347142 127.39732787199318 318.74146542698145 681.19242725521326 451.12279756180942 0.80732349306344986 48.264334350824356 0.87336093932390113 1.4115507304668424 1.5958109758794292 4.5288211219012737 2.6485367268323889 1.1328896433115003 0.85099443048238832 17.477647293359045 74.172841379418969 152.70181084796786 14.988211791962383 2.5098203644156447 1.4538316428661344 0.6532725989818563 0.87328390032052894 1.5582028981298206 12.625304657965897 40.391447905451059
leaf_count=4947 3296 17028 1195 28788 34123 1601 4226 8197 13763 11215 20 1239 22 35 39 109 63 27 20 336 2781 4004 317 46 34 22 21 30 241 1017
internal_value=0 0.00225755 0.00381267 0.00481093 0.00693262 -0.0150936 -0.0254046 -0.0135367 1.64047e-05 -0.0119617 -0.00944556 0.00553961 0.0249939 0.103541 0.218236 0.0571418 0.0111535 0.079074 0.151243 -0.010296 -0.0257937 -0.00749864 0.0156765 0.0419455 0.0343759 -0.0314044 -0.00257506 -0.00505808 0.038698 0.00113576
internal_weight=0 5795.49 5276 5101.7 3536.64 912.901 174.308 519.484 1565.05 760.231 422.7 103.959 55.6946 8.34351 2.40313 5.94037 47.3511 6.08625 3.43772 713.846 109.149 604.698 34.9757 19.9875 2.30483 96.784 451.996 695.376 14.1835 41.2648
internal_count=138802 113534 99394 93973 62911 25268 5421 14140 31062 20321 10822 2625 1386 203 59 144 1183 144 81 18720 3480 15240 699 382 54 3318 11236 14034 271 1039
cat_boundaries=0 1 2 3 4 5 6
cat_threshold=4 1 2 12 2 2
is_linear=0
shrinkage=0.05


Tree=18
num_leaves=31
num_cat=5
split_feature=9 8 8 8 7 8 8 7 2 8 8 7 9 0 1 9 10 0 17 1 6 1 0 0 17 10 3 11 10 8
split_gain=88.4814 43.5311 45.0886 32.1967 43.0502 56.9396 37.9867 28.9961 22.7599 19.5756 29.5644 21.6823 27.4869 21.0489 22.7446 18.5927 24.1283 16.679 15.9034 14.8614 14.3474 19.048 16.5468 31.4706 22.4976 37.1214 21.6181 22.7686 18.8414 15.8865
threshold=2.0664750000000001 -0.97948999999999986 0.90367000000000008 -0.56424499999999989 0 0.32470500000000008 -0.29560499999999995 1 -11.906653372934185 -0.47852499999999992 0.30443000000000003 2 2.8686500000000001 91.071725000000015 18.316648726922732 2.6927250000000007 -3.0478549999999998 91.418815000000009 3 15.60277881498585 5.9173650000000011 4.1348131112213276 83.723060000000018 83.040750000000017 4 -0.7248214999999999 1430.0365960000001 1.4903605000000002 -0.09771299999999998 -0.011474999999999997
decision_type=2 2 2 2 1 2 2 1 2 2 2 1 2 2 2 2 2 2 1 2 2 2 2 2 1 2 10 2 2 2
left_child=3 8 9 7 6 -6 -5 -1 -2 19 13 12 17 20 18 -13 -17 -12 -15 -3 21 -11 23 26 25 -25 27 -23 -26 -27
right_child=1 2 -4 4 5 -7 -8 -9 -10 10 11 15 -14 14 -16 16 -18 -19 -20 -21 -22 22 -24 24 28 29 -28 -29 -30 -31
leaf_value=-0.039821639047026104 0.28748820459266189 -0.0056010718075584914 -0.02709867295003825 -0.022073616252476988 -0.0056204556944639125 -0.035745503497765174 0.0061785251614632341 0.0030727403175712553 -0.024119287012448122 0.0086266077785437691 0.022009614768058825 -0.01401469590221481 -0.013463299835446122 0.0079709318773429488 0.015790590096077639 0.22008065467355534 0.0025570532813851896 -0.0028378992161106429 -0.0091755307151104547 0.0089925380042457041 0.0066720279402162829 0.30616620652252496 0.017676167594989193 0.35430903972088296 0.025165368991603217 0.17888222152995109 0.020869689855309341 0.070378462336878986 0.18939880927133246 -0.053699391720900637
leaf_weight=152.35076724737883 0.58822892233729263 680.99300398305058 114.01395899802446 148.00192499347031 424.44685480929911 248.79927739500999 606.72129478864372 53.140835316851735 154.3818426206708 566.81210903078318 235.85234903171659 369.58510758914053 115.25226376950741 210.97414319217205 221.190255202353 1.2814519330859173 246.81203772872686 94.637398153543472 376.68153914064169 234.53081696853042 838.38871446996927 1.2506888024508942 509.65958854928613 2.0835534669458866 7.6287222132086754 1.7199822627007963 79.833577424287796 5.6449087746441364 2.2647987045347673 1.281047213822603
leaf_count=5112 13 14169 3772 3945 9767 8440 12710 1226 5046 9647 4199 7936 2241 3798 3769 24 4783 1784 7196 4501 14326 20 8775 33 127 27 1268 90 38 20
internal_value=0 0.00315564 0.00397776 -0.0102242 -0.00756132 -0.0167532 0.000638254 -0.028729 -0.0229365 0.00471525 0.00626383 -0.000842297 0.00756216 0.00893841 0.00212418 -0.0069073 0.00368061 0.0148944 -0.00301978 -0.00186261 0.0116716 0.0152293 0.0213508 0.0397645 0.106691 0.19217 0.0282062 0.113144 0.0627613 0.0796003
internal_weight=0 5073.34 4918.37 1633.46 1427.97 673.246 754.723 205.492 154.97 4804.36 3888.83 1063.42 445.742 2825.41 808.846 617.679 248.093 330.49 587.656 915.524 2016.57 1178.18 611.367 101.707 14.9781 5.08458 86.7292 6.8956 9.89352 3.00103
internal_count=138802 97602 92543 41200 34862 18207 16655 6338 5059 88771 70101 20967 8224 49134 14763 12743 4807 5983 10994 18670 34371 20045 10398 1623 245 80 1378 110 165 47
cat_boundaries=0 1 2 3 4 5
cat_threshold=2 2 2 1 2
is_linear=0
shrinkage=0.05


Tree=19
num_leaves=31
num_cat=2
split_feature=9 8 8 8 2 7 9 13 13 9 7 9 6 9 3 13 12 8 13 14 9 9 0 9 0 13 13 10 4 4
split_gain=81.4938 49.0126 52.1712 21.5205 17.383 32.9222 16.9686 16.6321 15.8856 15.8255 14.8961 17.6749 17.4674 17.1523 15.3792 18.0897 15.9528 13.9255 13.7118 13.0252 15.4613 14.3122 12.5499 12.4296 16.385 34.0783 14.2096 28.6503 12.0341 19.7985
threshold=1.8522450000000001 0.95143000000000011 -0.72222999999999982 0.55796000000000012 13.38257333770782 0 1.3571450000000003 -0.74442299999999995 -0.75826700000000036 3.3164450000000003 1 2.5410550000000005 7.0545700000000009 2.3582650000000007 2437.1814925000003 -1.2575204999999998 2.1429325000000006 -1.10503 -0.95380799999999977 1.5000000000000002 2.0391650000000001 2.3582650000000007 88.979395000000011 3.2955900000000002 91.664285000000021 1.8825210000000001 -0.25186649999999994 -0.70950799999999992 5.8009000000000013 5.9987050000000011
decision_type=2 2 2 2 2 1 2 8 8 2 1 2 2 2 10 10 10 2 8 2 2 2 2 2 2 8 8 2 2 2
left_child=6 2 17 4 9 7 -1 8 -6 23 11 12 14 -12 -5 -16 19 -2 22 28 -21 -22 -7 -4 26 -26 27 -25 -17 -30
right_child=1 -3 3 10 5 18 -8 -9 -10 -11 13 -13 -14 -15 15 16 -18 -19 -20 20 21 -23 -24 24 25 -27 -28 -29 29 -31
leaf_value=-0.029737415826657728 -0.030241969872863456 -0.03188800939874472 0.0074623380729362358 0.0068400082223357486 0.027702578601859935 0.042907730633904823 -0.011122553050201683 0.0047513212530466697 0.18284934972855713 -0.0054231191837852098 -0.027954509737150954 -0.011355013892485805 0.21505841050232066 -0.0033240301608395183 -0.01524667072070326 -0.015218441180788448 0.24967488446772351 -0.0087314466495245074 -0.013451793111221189 0.29754646946863178 -0.001933887769089078 0.2106384967591137 -0.003039674780064598 0.24035754910224683 0.051908897854400719 0.35520255213121188 -0.022057734981164805 -0.0062042088840196796 0.2421456024990418 0.01826211147893806
leaf_weight=146.49632827751338 91.852937391027808 104.45147288776934 3427.7677645646036 84.488870482891798 63.579204116016626 20.786352321505547 745.03013422712684 458.13300941511989 1.6938615702092636 246.93341270834208 114.67911613173783 90.7409323528409 1.1196996830403794 184.241101520136 6.6345222294330624 5.3017351180315 1.3207333609461773 416.00113249756396 414.9904605820775 1.1401859521865834 1.9614054858684542 1.3279275707900522 52.136849448084831 1.8708420470356939 3.8074259199202052 1.223884120583534 7.9854609444737452 3.1823319159448147 1.5247681029140947 2.8023795299232006
leaf_count=4947 3318 3735 60011 1636 1117 363 20321 8501 30 4416 3321 1908 22 4306 128 102 24 10822 8277 20 38 26 1020 30 69 21 137 55 29 52
internal_value=0 0.00205339 0.00267435 0.00416786 0.00521354 -0.000594454 -0.0141814 0.00811562 0.0317287 0.00680415 -0.00572389 0.00489923 0.0186039 -0.0127734 0.0165385 0.0537615 0.0835314 -0.0126219 -0.00993813 0.0679229 0.138881 0.0838831 0.0100574 0.00768037 0.0490401 0.125686 0.0194642 0.0850806 0.0352802 0.0971525
internal_weight=0 5813.68 5709.23 5201.37 4704.09 1011.32 891.526 523.406 65.2731 3692.77 497.283 198.363 107.622 298.92 106.503 22.0137 15.3791 507.854 487.914 14.0584 4.42952 3.28933 72.9232 3445.84 18.0699 5.03131 13.0386 5.05317 9.62888 4.32715
internal_count=138802 113534 109799 95659 84047 19308 25268 9648 1147 64739 11612 3985 2077 7627 2055 419 291 14140 9660 267 84 64 1383 60323 312 90 222 85 183 81
cat_boundaries=0 1 2
cat_threshold=2 2
is_linear=0
shrinkage=0.05


Tree=20
num_leaves=31
num_cat=6
split_feature=9 8 8 8 7 8 8 7 17 16 2 6 0 1 13 2 16 1 12 3 11 4 1 0 0 18 12 12 1 0
split_gain=75.3786 36.9804 38.3243 30.2679 39.1032 53.7412 34.8497 28.037 17.9198 19.9566 16.6889 14.1536 13.1645 14.192 13.1006 12.442 12.2484 16.6402 18.1805 19.2014 15.6887 14.7427 23.0702 14.0076 17.219 17.9141 20.532 15.9871 12.1549 25.9438
threshold=2.0664750000000001 -0.97948999999999986 0.90367000000000008 -0.56424499999999989 0 0.32470500000000008 -0.29560499999999995 1 2 3 -11.906653372934185 5.4362900000000005 77.846355000000003 -2.1696017796427243 2.1337540000000002 13.580693975940227 4 15.760770093077818 1.6128830000000003 2052.8674535000005 4.4582115000000009 5.8182200000000011 17.256765322393562 80.801755000000014 79.828180000000017 5 0.17866200000000002 -0.58269349999999998 3.6632173748872057 74.63909000000001
decision_type=2 2 2 2 1 2 2 1 1 1 2 2 2 2 8 2 1 2 8 10 2 2 2 2 2 1 10 10 2 2
left_child=3 10 8 7 6 12 -5 -1 -3 14 -2 -8 28 -14 -10 -15 17 23 19 21 -21 -19 -23 24 -13 26 -26 -27 -6 -30
right_child=1 2 -4 4 5 -7 11 -9 9 -11 -12 16 13 15 -16 -17 -18 18 -20 20 -22 22 -24 -25 25 27 -28 -29 29 -31
leaf_value=-0.039178979380631175 0.21374993382381532 -0.0002978101649988023 -0.025775444114445697 -0.021268263655761357 0.011128085314370538 -0.034900292747169458 0.018310522939482664 0.0033319114844165445 0.011502584673904477 0.0040667374645105715 -0.022876417139893579 0.012259195846288325 -0.034474916416347194 0.00080546029270224116 0.0361492301742578 -0.022012364383871465 -0.0060688377987447029 -0.0039362296016421834 0.25240117695008968 0.017734077075508028 0.2045417270812287 0.40535545962096986 0.076196306234723135 -0.003817188051583249 0.03144610471195252 0.1894541839334361 0.298252176337995 -0.022048789729116489 0.28321321196579524 0.029904939650758279
leaf_weight=145.36332059279084 0.74891490116715331 1486.9515651538968 108.51137238554657 144.36147186346352 34.387145617976785 237.29603813588619 169.8857015054673 52.900428887456656 749.2362849060446 2544.1888452190906 148.06513430550694 22.172686167061332 44.683419071137905 257.93590971641243 58.096506129950285 77.750434760004282 244.33510833792388 1.0204893797636025 0.98217313177883525 33.970190484076738 1.1623875871300686 0.98209089413285289 1.162376534193754 124.57994377240539 1.1847508624196046 1.2340215761214492 1.8424373939633367 3.2375064380466938 1.3325356729328621 4.1868415586650372
leaf_count=5112 13 29607 3772 3945 725 8440 3521 1226 12573 45715 5046 441 1076 5921 876 1945 5185 20 19 680 21 20 24 2638 25 22 27 67 20 80
internal_value=0 0.00287269 0.00361144 -0.00954414 -0.00697146 -0.0158775 0.000815096 -0.0278363 0.0042705 0.00629729 -0.0216856 0.00606063 -0.00513688 -0.00800319 0.0131137 -0.00447952 0.00130786 0.0103974 0.0399885 0.034541 0.0239147 0.152497 0.22694 0.0035361 0.03441 0.099907 0.193832 0.0363203 0.0221834 0.0910608
internal_weight=0 5095.8 4946.98 1607.95 1409.69 657.572 752.113 198.264 4838.47 3351.52 148.814 607.752 420.276 380.37 807.333 335.686 437.866 193.531 39.2797 38.2975 35.1326 3.16496 2.14447 154.251 29.6714 7.49872 3.02719 4.47153 39.9065 5.51938
internal_count=138802 97602 92543 41200 34862 18207 16655 6338 88771 59164 5059 12710 9767 8942 13449 7866 9189 4004 784 765 701 64 44 3220 582 141 52 89 825 100
cat_boundaries=0 1 2 3 4 5 6
cat_threshold=2 2 4 12 10 1
is_linear=0
shrinkage=0.05


Tree=21
num_leaves=31
num_cat=3
split_feature=9 8 8 1 0 8 8 13 9 5 0 3 4 9 9 1 0 6 7 17 1 12 3 2 4 2 13 5 5 7
split_gain=69.8656 42.9031 44.9765 20.7312 33.9411 22.8963 20.7263 19.467 17.5031 15.6845 15.3104 15.1482 26.8769 29.0027 15.0866 14.6788 19.7141 18.0528 13.3584 13.2248 14.0306 18.3052 12.3676 20.0409 11.9403 11.5104 11.7593 11.288 13.8103 11.2188
threshold=1.8269050000000002 -0.88995499999999994 0.95143000000000011 14.883977505420985 89.247185000000016 0.60757500000000009 -0.50929499999999994 -3.1892154999999995 2.8686500000000001 3.5673350000000004 92.172735000000003 2474.2037425000003 5.3871550000000008 2.5844750000000007 1.3571450000000003 2.1299990194258642 83.460115000000016 5.8422950000000009 0 1 11.182149720274012 2.5215630000000009 2611.3409290000004 -3.3800192591623301 5.9239350000000011 -0.68318604133707894 3.7185595000000005 2.8206650000000004 2.7362250000000006 2
decision_type=2 2 2 2 2 2 2 8 2 2 2 8 2 2 2 2 2 2 1 1 2 10 8 2 2 2 10 2 2 1
left_child=14 8 3 4 5 6 7 11 -2 -10 -5 12 13 -3 -1 25 27 -18 22 -6 29 24 -7 -24 -22 -8 -27 28 -17 -21
right_child=1 2 -4 10 19 18 15 -9 9 -11 -12 -13 -14 -15 -16 16 17 -19 -20 20 21 -23 23 -25 -26 26 -28 -29 -30 -31
leaf_value=-0.028776611471115262 -0.026435169209686804 0.052336273028731818 -0.030493728929179266 0.011719445872439796 0.00094854822678813169 -0.00087095378161724092 0.0051919768771244643 -0.0067867861346693828 -6.2996493900117966e-05 0.20010922809137444 0.0020275676653711112 -0.01477281873548868 0.038864212045328084 0.42547129395683259 -0.010759724320042191 0.021102746676717229 0.014159296816104963 -0.00059908400809200412 -0.020469405454000555 -0.0088556900218204806 0.0022206185770350518 0.13394831455660597 0.024403077028947364 0.22277029367458795 -0.017888612486037441 -0.010981853692657119 0.094468959409997708 -0.0009275946271701896 0.08339592963331327 -0.027235779397341932
leaf_weight=140.70986393094063 183.7432291675359 0.95186045020818477 100.29201984591782 1028.9280772339553 390.07479338720441 53.947431575506926 734.7533986531198 391.87916311249137 70.57086275331676 0.99235718883573909 674.67528829351068 3.9419361799955377 4.3667338900268078 1.1498766168951986 666.79972766526043 368.70884053595364 389.8100239019841 442.34032398276031 141.46138541214168 168.24770570360124 223.35441689752042 2.4072912745177737 5.8050309978425503 1.630997996777295 110.25817508995533 165.74422637932003 2.6866208855062714 58.897500040009618 9.1173944287002069 163.89539367891848
leaf_count=4947 5861 20 3791 17811 7699 1099 13043 8310 2208 31 12308 80 91 23 18674 6026 6838 7833 4096 3361 4474 46 109 30 2239 2987 40 975 146 3606
internal_value=0 0.00178298 0.00269059 0.00329144 0.00125279 0.00415624 0.00543062 -0.00499408 -0.0182649 0.00271276 0.00788119 0.0624887 0.109572 0.256481 -0.0138992 0.00736139 0.0108292 0.00631429 -0.0120172 -0.0063669 -0.0106377 -0.00343411 0.0074615 0.0679124 -0.00442543 0.00248947 -0.00929982 0.0194322 0.022606 -0.0179253
internal_weight=0 5894.63 5639.33 5539.03 3835.43 2777.19 2574.35 402.29 255.306 71.5632 1703.6 10.4104 6.46847 2.10174 807.51 2172.06 1268.87 832.15 202.845 1058.24 668.163 336.02 61.3835 7.43603 333.613 903.184 168.431 436.724 377.826 332.143
internal_count=138802 115181 107081 103290 73171 51746 46412 8524 8100 2239 30119 214 134 43 23621 37888 21818 14671 5334 21425 13726 6759 1238 139 6713 16070 3027 7147 6172 6967
cat_boundaries=0 1 2 3
cat_threshold=2 1 2
is_linear=0
shrinkage=0.05


Tree=22
num_leaves=31
num_cat=5
split_feature=9 8 8 8 7 9 1 8 7 8 7 10 1 9 10 13 7 0 1 11 17 8 4 12 4 15 10 9 3 0
split_gain=64.1813 35.9019 35.5182 26.1868 22.8832 26.0105 22.8103 20.3243 51.6726 32.0073 31.0868 22.6664 19.4477 18.3842 18.0072 16.79 19.3202 16.2795 20.2627 17.8712 16.0401 15.8393 14.7744 18.4912 22.8959 22.3973 16.7106 20.479 16.6512 17.8362
threshold=1.9974650000000003 0.95143000000000011 -0.47852499999999992 0.31103500000000001 0 2.8686500000000001 15.682091619059962 -0.30783999999999995 1 0.51139500000000016 2 -1.9376804999999997 15.60277881498585 2.6927250000000007 -3.0478549999999998 -3.1892154999999995 3 90.731300000000019 18.316648726922732 1.0000000180025095e-35 4 -0.97948999999999986 5.7104450000000009 1.2593750000000001 5.6437950000000008 1.5000000000000002 -1.6984259999999998 3.3850500000000006 2367.1275170000004 92.328670000000002
decision_type=2 2 2 2 1 2 2 2 1 2 1 2 2 2 2 8 1 2 2 2 1 2 2 10 2 2 2 2 10 2
left_child=6 2 12 17 5 -5 7 10 11 -10 -1 -9 15 -6 -15 16 -2 -4 20 -20 -19 -17 23 24 -14 -25 -27 -28 -26 -30
right_child=1 -3 3 4 13 -7 -8 8 9 -11 -12 -13 22 14 -16 21 -18 18 19 -21 -22 -23 -24 25 28 26 27 -29 29 -31
leaf_value=-0.034329961685526787 -0.017111117145071294 -0.030034911684478138 0.0097991328738466308 0.013265772968756268 -0.01437142658787313 -0.014054003652068908 0.0060693310490810351 -0.016372202409917855 -0.012549517691454097 -0.043344829549399527 0.0020664950157827477 0.0097970119568825068 0.0025133426255040114 0.17324894510046804 0.0018337827754205242 -0.026758583348846173 0.096304595515129515 0.0075229489010011433 0.17232355359250212 0.012931597221666265 -0.0082345555114157476 -0.0070281440782872656 -0.0002506789360430598 -0.052839743228568339 0.048069838461860283 0.30215150017247377 0.022406868897493454 0.26825825669465686 0.33832328733691197 0.077661467425559211
leaf_weight=207.99509211070836 7.0466526802629232 84.36040298640728 2107.0591919310391 364.34159500151873 397.59808562137187 114.50393778458238 190.36141801252961 110.65688900277019 290.06021596677601 118.98925308138132 81.716733327135444 328.04116547480226 48.715658934786916 1.5415112599730481 250.9513086155057 119.12455242685974 8.0383587758988124 254.31403776630759 1.7709995321929444 250.67845213413239 442.51782907918096 696.16371758654714 204.89949454925954 1.7283489312976588 9.4061268642544729 1.406456055119633 2.647390130907298 1.245557304471731 1.1482641603797668 1.5317073352634905
leaf_count=7135 166 3288 35134 6441 9001 2253 4563 2592 7719 4790 1953 6952 1001 24 4882 4229 164 4520 29 4166 8490 14713 4214 37 193 25 51 26 20 31
internal_value=0 0.00232617 0.0028424 0.00494608 -0.00156144 0.00673293 -0.00994998 -0.0126309 -0.00872377 -0.0215076 -0.0240639 0.00319611 -0.00513917 -0.00767092 0.0028803 -0.00894392 0.0433248 0.00734979 0.00191314 0.0140498 -0.00248374 -0.00991103 0.00644505 0.0266715 0.017796 0.10346 0.154435 0.101068 0.0793962 0.189345
internal_weight=0 5372.74 5288.38 4185.28 1128.94 478.846 1327.82 1137.46 847.748 409.049 289.712 438.698 1103.1 650.091 252.493 830.373 15.085 3056.34 949.281 252.449 696.832 815.288 272.729 67.8295 60.8018 7.02775 5.2994 3.89295 12.0861 2.67997
internal_count=138802 103098 99810 74940 22601 8694 35704 31141 22053 12509 9088 9544 24870 13907 4906 19272 330 52339 17205 4195 13010 18942 5598 1384 1245 139 102 77 244 51
cat_boundaries=0 1 2 3 4 5
cat_threshold=2 2 2 2 1
is_linear=0
shrinkage=0.05


Tree=23
num_leaves=31
num_cat=1
split_feature=9 8 8 8 7 9 9 0 9 8 0 1 1 6 0 10 2 11 1 11 4 1 4 3 9 1 9 13 2 8
split_gain=59.3259 36.7188 37.8707 16.6751 23.5929 21.4552 19.852 15.4758 15.0938 14.2032 12.7761 17.856 12.7377 19.2227 20.2206 28.1143 12.6673 17.9005 11.9984 21.5642 14.0548 11.9636 14.4344 18.2047 18.087 16.9818 15.6903 14.3541 11.9052 12.8906
threshold=1.8522450000000001 0.95143000000000011 -0.72222999999999982 0.39784000000000003 0 2.6927250000000007 2.8606850000000006 75.76121000000002 1.3571450000000003 -0.39237999999999995 91.071725000000015 10.175487867309222 2.1299990194258642 5.8422950000000009 76.785680000000013 -0.77117049999999987 -2.5212569338200055 1.3427930000000001 15.047648607600751 2.8521890000000005 6.3475650000000003 12.764813060521513 5.8267650000000009 2575.7097125000005 3.3386900000000002 13.354137021267222 3.4120200000000005 -0.32774399999999998 12.907394671320292 0.55796000000000012
decision_type=2 2 2 2 1 2 2 2 2 2 2 2 2 2 2 2 2 2 2 2 2 2 2 8 2 2 2 8 2 2
left_child=8 2 21 9 6 -6 7 16 -1 18 12 -12 -11 -14 15 -15 17 -5 -4 20 -20 -2 23 24 -23 -26 27 -27 29 -10
right_child=1 -3 3 4 5 -7 -8 -9 28 10 11 -13 13 14 -16 -17 -18 -19 19 -21 -22 22 -24 -25 25 26 -28 -29 -30 -31
leaf_value=-0.027760477655627305 -0.01681562053967231 -0.029405866553419042 -0.0040959136726811188 0.15012854686357124 -0.016863555998715623 0.0039464459511354922 -0.014450403527953055 0.010983195149232296 -0.0026628743794158806 0.0025463427586259243 -0.015789468880726808 0.0041324504412578482 0.016286811441540483 0.23764481102724797 0.0047991645131866103 0.035620996657995695 0.22128168289253566 -0.053470641522817774 -0.0041699145850842348 0.036511768572907576 0.027080655431174425 0.0037494379338075057 -0.013717325620148411 0.19211381698011853 0.29059693227386213 0.012290726439833892 0.013293093903372003 0.29019293231932236 -0.021049245944762776 -0.023922697450372621
leaf_weight=135.03900206275284 319.23026557452977 93.415955958887935 695.66721609979868 2.2095712572336197 346.65632216446102 192.71675251051784 87.402419548481703 305.86813079565763 462.6892170663923 704.57705069705844 131.38043553754687 781.68947235494852 786.07754049450159 2.0556875430047503 917.31009447202086 10.612865738570688 1.4536762163043011 2.110991757363081 196.89609576761723 53.952787477523088 44.023261029273272 68.018316801637411 92.776840986683965 1.4322228766977776 0.87559253349900057 0.7727984543889761 5.3389086741954088 1.1653289347887037 171.14570396393538 84.290054867044091
leaf_count=4947 9445 3735 13406 37 8720 3847 1794 5447 12248 12108 2728 13922 12984 30 15435 162 24 36 3329 928 722 1839 2611 37 24 19 140 25 5027 3046
internal_value=0 0.0016902 0.0021952 0.00343264 -0.00260906 -0.00942819 0.00660809 0.0125141 -0.0124241 0.00474377 0.00630576 0.00126591 0.00820681 0.0105309 0.0056656 0.0684028 0.0936081 0.0506516 -0.000513197 0.00793921 0.00154051 -0.0111057 -0.000407244 0.0155053 0.0121846 0.0825603 0.0575288 0.179384 -0.00954015 -0.00593903
internal_weight=0 5845.69 5752.27 5262.66 938.418 539.373 399.045 311.642 853.164 4324.24 3333.7 913.07 2420.63 1716.06 929.979 12.6686 5.77424 4.32056 990.539 294.872 240.919 489.61 170.38 77.6032 76.1709 8.15263 7.27704 1.93813 718.125 546.979
internal_count=138802 113534 109799 95659 19905 12567 7338 5544 25268 75754 57369 16650 40719 28611 15627 192 97 73 18385 4979 4051 14140 4695 2084 2047 208 184 44 20321 15294
cat_boundaries=0 1
cat_threshold=2
is_linear=0
shrinkage=0.05


Tree=24
num_leaves=31
num_cat=6
split_feature=9 8 8 7 1 0 8 8 7 9 6 19 1 7 9 0 12 4 9 12 2 6 16 3 6 17 15 12 4 1
split_gain=55.3029 39.4142 39.2689 21.6227 20.9761 48.773 16.1264 19.0781 34.0805 16.4257 16.0137 17.4338 18.402 15.5598 25.0632 18.2302 24.7013 14.7512 14.6362 14.4205 14.3229 23.1593 13.5839 17.8889 19.9412 13.2097 13.1045 14.4975 16.1534 23.4227
threshold=1.5991000000000002 -0.97948999999999986 0.85885000000000011 0 12.052291399011919 89.032920000000004 -0.50929499999999994 0.24478500000000003 1 2.3582650000000007 6.0952650000000004 2 -9.9964899752286609 3 2.4874550000000002 79.929960000000008 -0.94366099999999997 5.3941250000000007 2.3932900000000004 0.81877600000000017 18.005503812395151 5.7894150000000009 4 1462.1558820000002 5.7575550000000009 5 4.5000000000000009 -0.51230049999999983 5.2469550000000007 14.188154760896678
decision_type=2 2 2 1 2 2 2 2 1 2 2 1 2 1 2 2 8 2 2 8 2 2 1 8 2 1 2 8 2 2
left_child=-1 -2 4 -4 5 6 13 10 19 -10 11 12 -8 14 -3 16 -15 26 -17 -9 -16 -22 25 24 -24 -19 -6 28 29 -28
right_child=1 2 3 -5 17 -7 7 8 9 -11 -12 -13 -14 15 20 18 -18 22 -20 -21 21 -23 23 -25 -26 -27 27 -29 -30 -31
leaf_value=-0.019584345070622525 -0.023020625011505726 -0.025430662637114076 0.0062346013217537289 -0.03310900681943417 0.012019260429685187 -0.01185473196084735 -0.037973669856772703 0.023989530507520306 -0.020503202952484534 -0.0015193581076976112 -0.0020409244670337346 0.0016131883668930103 0.015286152879506363 0.25190894022529636 0.0023580892314933547 0.022737296436683627 0.030690944620700135 0.0025997629237745883 -0.017441780614444024 0.0013249868337702119 -0.052723381552955244 0.25005333823385995 0.25599047617901921 0.0011158001171242427 -0.014540117401457657 0.015018343308690299 0.21278395834960767 0.019323873383408019 0.030918081643246033 0.040287345394795872
leaf_weight=345.6341680586338 166.94039718620479 165.84553897194564 48.733063153922558 123.22631229273975 224.67713252268732 718.77561620436609 16.54456570930779 125.7479096353054 220.84832374565303 235.39477575942874 345.94991082511842 405.90529969520867 822.35803030990064 1.312157019972801 110.79789895191789 35.166597325354815 32.935370560735464 390.04009098187089 63.760998360812664 158.82400796934962 1.0980589129030698 1.4866314157843588 1.4523648135364049 1415.215348944068 1.2828439511358736 474.81427160277963 4.1372804380953339 26.216917948797345 8.3349276147782785 3.7532489653676748
leaf_count=12089 6169 4380 1285 4973 4145 15311 307 2094 6089 4690 6070 6941 14147 27 2359 757 676 7712 1339 2695 23 32 23 25800 22 7846 79 491 158 73
internal_value=0 0.000952892 0.0016 -0.0219591 0.00227378 -0.000260483 0.00277659 0.00438867 -0.00223899 -0.0107086 0.00747516 0.0101198 0.0142358 -0.00633748 -0.0130447 0.00772554 0.0391667 0.00571526 -0.003159 0.0113401 0.00507234 0.121424 0.00441438 0.00135315 0.129109 0.00931005 0.0168326 0.0423131 0.0794588 0.130733
internal_weight=0 6351.58 6184.64 171.959 6012.68 3462.75 2743.98 2331.57 740.815 456.243 1590.76 1244.81 838.903 412.403 279.228 133.175 34.2475 2549.92 98.9276 284.572 113.383 2.58469 2282.8 1417.95 2.73521 864.854 267.12 42.4424 16.2255 7.89053
internal_count=138802 126713 120544 6258 114286 67937 52626 43033 15568 10779 27465 21395 14454 9593 6794 2799 703 46349 2096 4789 2414 55 41403 25845 45 15558 4946 801 310 152
cat_boundaries=0 1 2 3 4 5 6
cat_threshold=2 2 1 2 12 4
is_linear=0
shrinkage=0.05


Tree=25
num_leaves=31
num_cat=4
split_feature=9 8 7 8 8 7 8 8 0 17 16 2 14 6 2 6 6 5 1 0 1 0 8 1 0 1 2 1 0 12
split_gain=52.3275 25.8797 32.1422 45.9605 29.838 25.757 25.1455 25.7103 15.8259 14.1209 16.2728 13.8569 11.9786 11.9272 16.8785 20.3507 28.3895 27.2861 13.1085 19.6147 11.7302 13.0376 11.2551 14.4541 11.1798 15.0816 27.2145 16.4651 11.1475 11.0889
threshold=2.0664750000000001 -0.56424499999999989 0 0.51139500000000016 -0.028304999999999997 1 -0.97948999999999986 0.95143000000000011 78.14637500000002 2 3 -11.906653372934185 1.5000000000000002 5.6701500000000005 13.718838038640341 5.4026000000000005 5.4952450000000015 1.7960850000000002 5.9925632871722678 90.828610000000012 4.7181496033643846 74.63909000000001 0.04463000000000001 -2.1696017796427243 92.590760000000003 17.096718678722066 12.576891903805867 17.508304099294005 76.049400000000006 -1.5396139999999998
decision_type=2 2 1 2 2 1 2 2 2 1 1 2 2 2 2 2 2 2 2 2 2 2 2 2 2 2 2 2 2 10
left_child=1 5 4 8 -3 -1 11 9 20 -8 -11 -2 -6 14 15 -7 17 -17 -18 -20 29 -22 23 -10 25 28 27 -27 -14 -4
right_child=6 2 3 -5 12 13 7 -9 22 10 -12 -13 24 -15 -16 16 18 -19 19 -21 21 -23 -24 -25 -26 26 -28 -29 -30 -31
leaf_value=-0.037650984851062184 0.18308541041674603 -0.0099278056597491837 0.05543860216264504 -0.03943820801979412 0.0038954463464891068 0.01093434983614017 -0.00069409204268223426 -0.026574052438013862 -0.039516461496653769 0.011162488817334523 0.0031157417150303492 -0.020107583588668522 0.090657392241170323 -0.017049855337674811 -0.036952535948662379 0.06141909564224235 -0.052460814656993794 0.42474065828381163 0.27145847916469851 0.0080295595888872241 0.23693142566919342 0.045751058872708472 -0.018397844528866596 0.0019856700484700259 -0.016866392098918503 0.22220679664753798 0.29979239587642587 0.029099576797319934 0.018049110216971 -0.0015326142446334882
leaf_weight=130.85354412533343 0.84427450224757095 332.07545906864107 11.090395797044037 139.43602382019162 267.13683832064271 9.4567294064909273 1506.8642969336361 72.895272053778172 23.398232109844685 832.50456258282065 2590.1841376330703 135.62196276150644 5.5451038405299178 29.693090382963419 6.510638326406478 0.87752524949610178 1.759886337444186 1.2570365518331525 1.2344474773854019 1.6526826191693542 1.1945378202944983 3.5183422267436981 208.95251818932593 202.9313403274864 16.664773799479008 1.2685412131249894 1.2748781200498331 8.5022302530705911 113.22782791592181 37.158040169626474
leaf_count=5112 13 8333 251 5925 5404 215 29925 3069 581 13530 46019 5046 98 699 158 20 41 28 27 38 15 72 5718 4765 341 21 24 158 2276 880
internal_value=0 -0.00813846 -0.00578323 -0.0141205 0.00123457 -0.0257854 0.00232549 0.00290316 -0.00689012 0.00333905 0.00511468 -0.0188505 0.0101963 0.00382162 0.0310641 0.058335 0.124434 0.275378 0.0550991 0.120664 0.0189172 0.0942081 -0.0100301 -0.00230487 0.021687 0.0266361 0.0825201 0.0541707 0.0214389 0.0115628
internal_weight=0 1556.67 1373.38 627.679 745.696 183.296 5138.91 5002.45 488.243 4929.55 3422.69 136.466 413.62 52.442 22.7489 16.2383 6.78158 2.13456 4.64702 2.88713 52.9613 4.71288 435.282 226.33 146.483 129.819 11.0456 9.77077 118.773 48.2484
internal_count=138802 41200 34862 18207 16655 6338 97602 92543 12282 89474 59549 5059 8322 1226 527 369 154 48 106 65 1218 87 11064 5346 2918 2577 203 179 2374 1131
cat_boundaries=0 1 2 3 4
cat_threshold=2 2 4 12
is_linear=0
shrinkage=0.05


Tree=26
num_leaves=31
num_cat=5
split_feature=9 8 8 7 9 2 7 1 1 10 13 4 6 9 17 0 19 4 12 17 2 13 9 1 0 0 1 0 10 4
split_gain=48.3984 33.7954 35.0942 29.1995 22.2046 16.7258 25.4458 18.5492 16.0144 13.8922 20.046 15.2341 13.8674 13.2276 12.5912 12.6642 12.1304 12.1191 11.953 11.8129 16.0184 12.7286 12.0062 11.8083 17.5091 12.3708 16.2337 15.6271 21.0386 17.1246
threshold=1.5991000000000002 -0.81717499999999987 0.55796000000000012 0 2.3582650000000007 12.77264964489305 1 9.4123272769128832 12.363486322409132 -0.059206999999999989 3.4380140000000003 4.5911150000000012 5.9457250000000004 2.8216400000000004 2 77.365360000000024 3 5.701315000000001 2.4142760000000005 4 -8.298768052190022 -3.4182574999999997 3.0469050000000002 -2.3257411342448493 81.067305000000019 92.172735000000003 12.764813060521513 84.780800000000013 -1.5012939999999999 6.3049750000000007
decision_type=2 2 2 1 2 2 1 2 2 2 10 2 2 2 1 2 1 2 10 1 2 10 2 2 2 2 2 2 2 2
left_child=-1 8 5 13 -5 12 7 9 -2 -7 -11 -12 23 -4 -8 -16 -13 -9 -19 21 22 -14 -21 24 -3 26 27 28 -25 -30
right_child=1 2 3 4 -6 6 14 17 -10 10 11 16 19 -15 15 -17 -18 18 -20 20 -22 -23 -24 25 -26 -27 -28 -29 29 -31
leaf_value=-0.018606739872919397 -0.02212745563381428 0.0059794343073170594 0.0098444081164661482 -0.031626702423213054 -0.0073971906110526994 -0.010245540541289302 -0.021033560765595087 0.021145582320442176 0.00037206003115823079 0.006428839134977939 0.010043307782656699 0.29726333787382003 0.089432682180590306 -0.01809136159453148 0.13684646199471193 -0.0053890659181396183 0.093360947216482318 0.0019075242152521137 0.14203725913029105 0.032698458059401268 0.0029557694224038771 -0.006263971248202169 0.15643393767995117 0.056067044366723717 -0.017913708436946368 -0.00099740472850818988 0.017685794683081926 -0.00085180120889472998 0.011678680698721126 -0.016742424597852322
leaf_weight=335.77888093329966 226.62892348878086 255.82176487706602 198.02747617103159 168.62574542686343 215.26842473447323 242.64989878609776 163.69623489677906 192.28735383972526 121.47998354025185 102.43167546577752 2.314973570406436 1.2800168842077255 3.5007489323616019 53.909810053184628 1.5702600553631771 463.25160143896937 1.6956899147480726 178.74743647873402 1.534867526963352 23.194598015397791 1127.0331636238843 468.19696054793894 2.1414486914873114 25.174360299482942 109.49309385567904 289.120540862903 508.81782807596028 413.67897050082684 739.44596543349326 57.092419629916549
leaf_count=12089 7630 4664 3876 6513 5873 4969 3682 3514 3655 1933 35 19 63 1273 23 9035 27 3298 27 398 19211 9156 34 495 2097 5218 8469 7625 12931 970
internal_value=0 0.000870797 0.00174811 -0.00935986 -0.01804 0.00306232 -0.00175012 0.00464699 -0.0142758 -0.00361187 0.0113308 0.106236 0.0046791 0.00386668 -0.00910829 -0.00490857 0.181071 0.0124138 0.00310055 0.0011114 0.00383963 -0.00555375 0.0431568 0.00709471 -0.00118188 0.00858171 0.0101695 0.00707384 0.0110639 0.00964158
internal_weight=0 6358.11 6010 635.831 383.894 5374.17 1351.46 722.942 348.109 350.372 107.722 5.29068 4022.71 251.937 628.518 464.822 2.97571 372.57 180.282 1624.07 1152.37 471.698 25.336 2398.64 365.315 2033.33 1744.21 1235.39 821.713 796.538
internal_count=138802 126713 115428 17535 12386 97893 26562 13822 11285 6983 2014 81 71331 5149 12740 9058 46 6839 3325 28862 19643 9219 432 42469 6761 35708 30490 22021 14396 13901
cat_boundaries=0 1 2 3 4 5
cat_threshold=2 2 4 1 4
is_linear=0
shrinkage=0.05


Tree=27
num_leaves=31
num_cat=5
split_feature=9 8 7 8 8 7 8 8 16 17 1 12 5 18 2 9 0 1 2 0 6 0 0 6 6 11 6 2 12 11
split_gain=45.5088 23.9543 28.4723 42.6702 26.9093 24.5082 21.9874 22.399 13.2632 12.9859 12.8337 12.7558 16.3724 18.2803 11.2669 10.9974 13.4176 12.6741 12.8001 10.6682 10.6481 10.4826 14.091 13.7414 18.2513 29.6959 14.9778 10.0649 9.8616 14.5206
threshold=2.0664750000000001 -0.56424499999999989 0 0.32470500000000008 -0.15878499999999998 1 0.95143000000000011 -0.97948999999999986 2 3 21.325980081761486 -1.6988309999999998 1.5441550000000002 4 -11.906653372934185 1.3571450000000003 77.846355000000003 -2.1696017796427243 13.38257333770782 90.249675000000011 5.6757250000000008 90.925695000000019 96.02103000000001 5.5763250000000006 5.4026000000000005 0.90793050000000008 5.4688950000000007 17.345448857642619 -1.7685074999999997 0.96568050000000005
decision_type=2 2 1 2 2 1 2 2 1 1 2 8 2 1 2 2 2 2 2 2 2 2 2 2 2 2 2 2 10 2
left_child=1 5 4 15 -3 -1 7 14 28 10 19 12 13 -12 -2 -4 -17 -18 -19 -10 -6 23 -23 24 -7 -26 -27 -25 29 -9
right_child=6 2 3 -5 20 21 -8 8 9 -11 11 -13 -14 -15 -16 16 17 18 -20 -21 -22 22 -24 27 25 26 -28 -29 -30 -31
leaf_value=-0.036955024703221762 0.15220933021677621 -0.013143401944047834 -0.036845534829296374 -0.032026350700744589 0.01537907969291415 0.015443281272763943 -0.025621478581538321 -0.036733821719804723 -0.0014255848211873713 0.0028007723976839942 0.026469670241873296 0.012101561611723941 -0.053136958821060926 0.274491044159619 -0.019027417665403539 0.026350817223830293 -0.032442548570127114 0.003844547844299169 -0.020061444345918819 -0.014883456217300332 0.00097426255393738548 -0.039826239904934294 0.15864766510098555 -0.016377756324123457 0.3227691913764667 0.17571285454680241 -0.029441110920078357 0.12026576089443786 0.005234452002986504 0.01978193919361047
leaf_weight=125.0792882386595 0.96769469976425071 228.06442282348871 24.098359618335962 204.43477639369667 233.57570271380246 9.5718525815755111 70.309634966775775 12.031817572191356 426.72349850647151 2604.0382261052728 1.2503539770841599 10.737859813496469 1.0705901645123956 1.8306364733725786 131.2959326710552 37.592379866167903 37.764073690399528 238.36576916836202 73.185480803251266 224.85283225402236 284.61841288767755 15.934075504541397 0.94746075384318906 19.439849467948083 1.4631179105490435 1.5277294684201481 2.1301476154476404 1.4480110220611084 1462.7223419565707 205.19167766161263
leaf_count=5112 13 6176 931 8440 4654 223 3069 214 8579 46019 21 199 20 33 5046 699 932 5318 1887 4728 5825 380 22 466 28 28 45 34 26130 3531
internal_value=0 -0.00764967 -0.00539742 -0.0133589 0.0011684 -0.0249239 0.00214793 0.00253207 0.00307461 0.00120318 -0.00502092 0.0408777 0.115306 0.173837 -0.0177746 -0.00407363 -0.00203245 -0.00508698 -0.00177113 -0.00606977 0.00746723 0.00376044 -0.0286871 0.0191554 0.0562041 0.132392 0.0562424 -0.00690521 0.00667102 0.0166516
internal_weight=0 1539.24 1361.7 615.441 746.259 177.542 5153.02 5082.71 4950.45 3270.5 666.466 14.8894 4.15158 3.08099 132.264 411.006 386.908 349.315 311.551 651.576 518.194 52.4622 16.8815 35.5807 14.6928 5.12099 3.65788 20.8879 1679.95 217.223
internal_count=138802 41200 34862 18207 16655 6338 97602 94533 89474 59599 13580 273 74 54 5059 9767 8836 8137 7205 13307 10479 1226 402 824 324 101 73 500 29875 3745
cat_boundaries=0 1 2 3 4 5
cat_threshold=2 2 12 4 4
is_linear=0
shrinkage=0.05


Tree=28
num_leaves=31
num_cat=4
split_feature=9 8 8 16 17 12 1 3 12 0 12 2 11 1 3 15 17 11 6 8 9 10 11 1 5 13 0 3 18 5
split_gain=42.0311 26.3573 26.9589 15.6784 17.4688 16.4912 12.7381 24.6324 30.3604 14.6311 15.0637 14.6787 15.247 13.869 12.5541 16.417 14.4026 20.4823 18.985 24.7833 12.4567 11.548 11.5473 11.1841 19.4647 11.0537 11.0527 22.0685 10.9591 13.9851
threshold=1.8269050000000002 0.95143000000000011 -0.97948999999999986 0 1 -1.5712059999999999 19.181754593139221 2621.7187700000009 -0.014442499999999912 90.20077000000002 inf 8.9007612966870884 2.0829155000000004 11.182149720274012 2041.3981685000001 5.5000000000000009 2 1.9515495000000003 6.2987850000000014 0.14541000000000001 1.2646200000000001 0.38939800000000008 1.7807105000000003 -2.3257411342448493 1.8733750000000002 1.5526635000000002 76.049400000000006 1462.1558820000002 3 2.0235450000000004
decision_type=2 2 2 1 1 10 2 8 10 2 8 2 2 2 10 2 1 2 2 2 2 2 2 2 2 10 2 10 1 2
left_child=20 2 -2 5 -5 26 9 25 -9 10 -6 12 -12 21 15 -15 -17 -18 19 -19 -1 -11 23 -7 -25 -8 27 -4 29 -23
right_child=1 -3 3 4 6 22 7 8 -10 13 11 -13 -14 14 -16 16 17 18 -20 -21 -22 28 -24 24 -26 -27 -28 -29 -30 -31
leaf_value=-0.029542111590496929 -0.019514993214519223 -0.026398902363980944 0.22363063656643273 0.010344504811872799 0.0036279599282353554 -0.014327105985727027 0.0081601917623724332 0.011869179267451182 0.34291679475212317 -0.019112535263801418 0.062305622325528914 -0.053578701809452595 0.27650697305349542 0.010904237951804965 -0.0030222848332139207 -0.00091749256631356614 -0.052755276051826852 0.37659588375335573 -0.0001010612206172806 0.077633316702531152 -0.0089647485200324683 0.27736605123075736 -0.01103734987716487 0.00064710733843859676 0.041984092571590692 0.045777637193959095 0.0016611679516102937 0.022940900345812774 -0.0027780967738418585 0.048170860188873649
leaf_weight=82.575311752036214 145.88375860452652 84.607408318668604 1.4416349120438123 879.92528559453785 1743.4113714899868 78.680364670231938 200.61274949088693 1.5361236520111563 1.2611970901489247 176.24608528055251 2.1412415280938144 1.2606869880110023 1.3574285004287956 55.483260218054056 582.06053465418518 2.8487238455563784 1.073019754141568 1.7455794662237174 0.94627626240253437 1.1498413719236849 672.68189067021012 0.90926584973931346 540.05065254680812 159.7706829123199 34.654989855363965 21.634429840371013 1178.7028046660125 27.496856991201639 6.0179232507944089 2.4833647683262825
leaf_count=3300 5749 3791 24 15020 32205 1510 3487 28 21 3875 31 22 18 1058 11016 47 22 33 19 23 20321 20 10707 2985 637 369 21792 486 130 56
internal_value=0 0.0013087 0.00170937 0.00225212 0.00418681 -0.00128936 0.00226952 0.0136779 0.161125 0.00127407 0.00387046 0.0927024 0.145412 -0.00418818 -0.000723412 0.0204332 0.0885338 0.140383 0.194328 0.257871 -0.0112146 -0.0162311 -0.00680022 0.00157845 0.00801513 0.011822 0.00241067 0.0329387 0.037735 0.109598
internal_weight=0 5935.39 5850.79 5704.9 3684.1 2020.8 2804.18 225.045 2.79732 2579.13 1748.17 4.75936 3.49867 830.964 645.307 63.2467 7.76344 4.91472 3.8417 2.89542 755.257 185.657 813.157 273.106 194.426 222.247 1207.64 28.9385 9.41055 3.39263
internal_count=138802 115181 111390 105641 67500 38141 52480 3905 49 48575 32276 71 49 16299 12218 1202 144 97 75 56 23621 4081 15839 5132 3622 3856 22302 510 206 76
cat_boundaries=0 1 2 3 4
cat_threshold=1 1 2 2
is_linear=0
shrinkage=0.05


Tree=29
num_leaves=31
num_cat=5
split_feature=9 8 8 7 9 6 16 17 9 2 9 16 1 5 0 10 11 10 1 12 2 7 1 9 1 0 1 5 9 3
split_gain=39.1493 27.4059 28.8951 18.9938 18.5051 15.6061 16.0442 15.735 15.1121 14.3091 14.29 13.5012 13.4103 13.0796 11.5371 22.255 28.8045 14.8165 14.8274 13.2894 16.6534 17.2041 25.1851 15.2446 11.4963 13.1251 13.2591 13.2159 12.1146 14.6629
threshold=1.5991000000000002 -0.88995499999999994 0.75694000000000006 0 2.8686500000000001 5.6645450000000013 1 2 2.4816450000000008 12.251802672271737 2.5476050000000003 3 22.134183978175876 3.5673350000000004 83.641705000000016 -1.4466029999999999 2.0453300000000003 1.1253365000000002 15.290535306980233 0.22160699999999992 8.5586357314057988 4 16.942013631088578 2.1856700000000004 18.316648726922732 91.217845000000011 11.182149720274012 2.0809950000000002 3.3164450000000003 1751.9667160000001
decision_type=2 2 2 1 2 2 1 1 2 2 2 1 2 2 2 2 2 2 2 8 2 1 2 2 2 2 2 2 2 10
left_child=-1 4 5 -4 -2 24 9 -8 -5 -7 11 12 14 -6 15 16 -9 18 -16 -20 -21 22 -22 -24 25 28 -27 -28 -3 -30
right_child=1 2 3 8 13 6 7 10 -10 -11 -12 -13 -14 -15 17 -17 -18 -19 19 20 21 -23 23 -25 -26 26 27 -29 29 -31
leaf_value=-0.017119660141257202 -0.02415318430539435 0.0069980069891711185 0.0037791699897903111 -0.03685692904741459 0.003908723337457092 -0.0010553261011112505 0.0095369400254949523 0.3755235533750374 -0.0075245620165314015 -0.012853501902827075 0.0048128565971976064 -0.0076248894201967751 0.11919715002855097 0.17928063962951862 -0.012184456040013447 0.020509458567917534 0.039320387252194673 0.18985677903082568 0.0029799283259855274 -0.00038623547917136314 0.27613486064849518 0.027841293316237487 0.19300347198760862 8.4419060954557068e-05 0.018416677712238202 -0.020710358444582876 -0.0050706420285975143 0.022227701830453292 0.081412134266634545 -0.021040714593025686
leaf_weight=321.78802065178752 176.90352994762361 1679.6045938637108 93.108118765056133 100.77056353166699 65.630811942741275 881.9899526424706 600.16060384176672 1.0496724005788594 77.821001466363668 362.66622655279934 855.8988470621407 685.93029099144042 2.609152538701891 1.0807018037885416 111.77395454794168 28.46273997053504 1.6208171490579841 1.0296144224703301 58.666372667998075 10.353862162679436 2.2723513506352901 6.7733512129634601 1.6213348489254711 2.7795069888234138 158.40909835137427 92.674374515190721 183.26212752051651 58.486678630113602 3.7061645016074172 60.520084574818611
leaf_count=12089 6468 31085 2161 4478 2208 16254 10269 21 2561 7455 15243 13557 48 31 2300 542 32 20 1075 177 35 121 27 43 2668 2074 3475 1140 64 1081
internal_value=0 0.000755591 0.00140983 -0.01453 -0.0156907 0.00214985 0.000119088 0.00252956 -0.0240754 -0.00445725 0.000168961 -0.00417525 0.0062184 0.00674968 0.00519105 0.0334582 0.17147 0.000684227 -0.000318523 0.0157643 0.0472771 0.0839779 0.140957 0.0711586 0.00543267 0.004443 -0.00463052 0.00153369 0.00618307 -0.0151287
internal_weight=0 6367.64 6124.02 271.7 243.615 5852.32 3615.66 2371 178.592 1244.66 1770.84 914.943 229.013 66.7115 226.404 31.1332 2.67049 195.27 194.241 82.4668 23.8004 13.4465 6.67319 4.40084 2236.66 2078.25 334.423 241.749 1743.83 64.2262
internal_count=138802 126713 118006 9200 8707 108806 67219 43510 7039 23709 33241 17998 4441 2239 4393 595 53 3798 3778 1478 403 226 105 70 41587 38919 6689 4615 32230 1145
cat_boundaries=0 1 2 3 4 5
cat_threshold=2 1 1 8 2
is_linear=0
shrinkage=0.05


Tree=30
num_leaves=31
num_cat=4
split_feature=9 8 8 7 9 0 1 8 8 13 6 9 7 10 10 1 6 5 0 1 3 6 13 3 7 9 13 8 8 7
split_gain=36.9545 22.8244 22.0732 24.4127 16.9268 16.6467 23.8402 15.8716 23.9752 14.4992 14.8697 15.4509 14.3322 13.8866 13.2163 12.8216 12.9229 13.774 12.6143 12.9731 15.6348 15.3312 16.1244 11.6934 11.6883 17.1871 15.0979 12.5812 11.3125 15.8598
threshold=2.1617650000000004 -0.77861499999999995 0.72738500000000006 0 1.2646200000000001 83.293435000000017 11.61093329426553 -0.46358499999999997 0.31103500000000001 -3.1892154999999995 6.3152350000000004 2.2402950000000001 1 -0.83077749999999984 -2.0731579999999998 15.60277881498585 5.6061100000000001 2.8387250000000006 90.582370000000012 3.7615934476247039 2121.5878550000002 6.1873650000000007 3.4380140000000003 2611.3409290000004 2 2.8686500000000001 3.7185595000000005 0.95143000000000011 -0.32027499999999992 3
decision_type=2 2 2 1 2 2 2 2 2 8 2 2 1 2 2 2 2 2 2 2 10 2 10 8 1 2 10 2 2 1
left_child=1 12 4 -4 -3 28 14 9 18 10 11 -2 -1 -8 -7 -11 17 -17 19 20 -9 22 -22 -14 25 26 -10 -26 29 -6
right_child=7 2 3 -5 5 6 13 8 24 15 -12 -13 23 -15 -16 16 -18 -19 -20 -21 21 -23 -24 -25 27 -27 -28 -29 -30 -31
leaf_value=-0.039575161002892184 0.23315763456490687 -0.027941157901807168 0.0063009381640052086 -0.040774769905679589 -0.0217218530262435 -0.032537584518288032 0.0016606320210581201 -0.010140124196146107 0.0080038503199116456 -0.0074370707278349386 0.20340248829601495 0.015629329588790316 -0.0031544798539679315 0.18293851677478642 -0.0098830500659483657 0.020837056858507078 -0.00066814691503965949 0.14701161777283042 0.0013407861621764442 0.011814776044842996 0.0095989540740831856 -0.023494943833918102 0.19169398489966821 0.1577840427621609 -0.005196139642119145 -0.012845263860582427 0.088215081771401957 -0.03340935467606701 0.0083682888894020448 0.018432149067850265
leaf_weight=76.925137978047132 0.87399803102016349 66.3448257856071 41.363997761160135 82.403767386451364 79.012351810932159 73.889627324417233 511.77322266809642 167.93077850714326 316.89641278423369 729.93578093871474 1.3633202482014883 12.37076251208782 22.458512458950285 1.0586282797157753 500.11553365550935 59.510978864505887 204.99293202534318 2.2445801924914113 875.97673341631889 1162.6819297596812 448.44987530633807 36.751721043139696 1.2190046459436406 1.1883758530020703 559.69038477726281 117.48484541475773 5.9772655535489312 42.516099438071251 449.05774800106883 35.703070739284158
leaf_count=3357 19 2714 861 4054 2332 2066 10973 2731 5630 17108 27 258 606 19 11914 1201 4096 41 15571 18411 7219 622 18 28 11784 2411 98 2116 9792 725
internal_value=0 -0.00591588 -0.00464861 -0.0250418 -0.00317856 -0.00218325 -0.0057997 0.00227268 0.00377699 -0.00328402 0.0461682 0.0299836 -0.0291101 0.00203484 -0.0127993 -0.00400883 0.00537228 0.025423 0.00626932 0.00864532 0.00301368 0.00755487 0.0100926 0.0049335 -0.00266085 0.0035302 0.00948878 -0.00718801 0.00478851 -0.00922466
internal_weight=0 1941.29 1840.72 123.768 1716.96 1650.61 1086.84 4746.87 3735.58 1011.29 14.6081 13.2448 100.572 512.832 574.005 996.684 266.748 61.7556 2693.01 1817.03 654.351 486.421 449.669 23.6469 1042.57 440.359 322.874 602.206 563.773 114.715
internal_count=138802 49441 45450 4915 40535 37821 24972 89361 66611 22750 304 277 3991 10992 13980 22446 5338 1242 44572 29001 10590 7859 7237 634 22039 8139 5728 13900 12849 3057
cat_boundaries=0 1 2 3 4
cat_threshold=2 2 2 2
is_linear=0
shrinkage=0.05


Tree=31
num_leaves=31
num_cat=4
split_feature=9 8 7 8 8 7 8 8 0 17 16 8 13 11 13 12 0 6 8 15 9 1 1 0 6 3 0 13 3 9
split_gain=33.608 21.1166 25.5523 38.8192 24.2565 22.5689 17.6171 16.8088 12.4277 11.3348 13.5935 11.0996 23.7042 29.5074 10.9468 11.8893 12.0138 10.8546 12.7431 13.7998 10.8144 22.6691 14.431 12.9723 12.7734 13.3271 10.7916 10.7364 10.5072 10.2578
threshold=2.0664750000000001 -0.56424499999999989 0 0.51139500000000016 -0.29560499999999995 1 -1.10503 0.90367000000000008 78.14637500000002 2 3 -0.92360999999999993 -1.741798 1.9101645000000003 -2.8823204999999996 1.7326580000000003 89.856355000000022 5.6978950000000008 0.25092500000000001 1.0000000180025095e-35 1.5066200000000001 17.840235991651046 1.3657387871487934 82.364880000000014 6.4147250000000007 2478.9723770000005 94.763080000000016 2.1337540000000002 2704.3220420000002 3.1283800000000004
decision_type=2 2 1 2 2 1 2 2 2 1 1 2 8 2 10 10 2 2 2 2 2 2 2 2 2 8 2 8 8 2
left_child=1 5 4 8 -3 -1 28 9 -4 14 11 12 13 -11 15 16 -8 -6 -19 -20 21 22 23 -21 -22 26 -26 -13 -2 -14
right_child=6 2 3 -5 17 -7 7 -9 -10 10 -12 27 29 -15 -16 -17 -18 18 19 20 24 -23 -24 -25 25 -27 -28 -29 -30 -31
leaf_value=-0.035701112983317559 -0.025616470035275819 -0.017903960731563372 0.016629459158287254 -0.037512917009783792 0.012915371070372897 0.003873757025288917 0.084979846469048548 -0.019520558598626968 -0.0087368305787142563 0.40801342669553675 0.0022761027156235169 0.007291835014424191 0.0063605221740257768 0.052181557980595074 -0.0017565024768637844 0.0043509177786833228 -0.033902439894316842 -0.0079182089418012771 -0.014261733457604729 0.066599583735583709 0.005675899765178535 0.2994320637582259 0.018408866685081956 0.37205432251999704 0.029834008347534385 0.206152135348911 0.18134497060752267 0.028778961833116075 0.17456020121311633 0.14555320320681389
leaf_weight=115.74328654259443 66.454981926828623 130.74810278788209 54.513302301988006 121.33136506006122 286.42673138529062 52.306238437071443 11.193154349923132 88.004500841721892 422.65799021162093 0.97775841690599952 2640.4471031930298 783.5159443449229 10.314149858430026 1.441638398915529 1486.0506746266037 24.37531722523272 2.623172426596283 206.30228156223893 33.539990961551666 0.84574361331760506 55.983958778902888 0.99677051231265146 7.1371385864913464 0.5901106595993042 14.440930277109148 1.3449558317661274 1.2793975509703148 62.795148514211178 0.66207201406359573 1.5184853151440609
leaf_count=5112 2942 3945 1218 5925 5853 1226 199 3772 11064 27 46731 12410 319 44 29713 466 52 4541 670 28 1020 32 237 20 262 23 24 862 21 44
internal_value=0 -0.00667718 -0.00457915 -0.01226 0.00163609 -0.0233832 0.00180823 0.00214229 -0.00583892 0.00252166 0.00408851 0.00951251 0.0533811 0.195985 -0.00107721 0.0253541 0.0624088 0.00583198 -0.00045985 0.0127864 0.0237669 0.0737459 0.0475057 0.192136 0.0172195 0.055089 0.0421647 0.00888615 -0.0236418 0.0242232
internal_weight=0 1506.19 1338.14 598.503 739.636 168.05 5180.37 5113.26 477.171 5025.25 3501.01 860.563 14.252 2.4194 1524.24 38.1916 13.8163 608.888 322.461 116.159 82.619 9.56976 8.57299 1.43585 73.0492 17.0653 15.7203 846.311 67.1171 11.8326
internal_count=138802 41200 34862 18207 16655 6338 97602 94639 12282 90867 60437 13706 434 71 30430 717 251 12710 6857 2316 1646 317 285 48 1329 309 286 13272 2963 363
cat_boundaries=0 1 2 3 4
cat_threshold=2 2 4 12
is_linear=0
shrinkage=0.05


Tree=32
num_leaves=31
num_cat=3
split_feature=9 8 8 7 9 8 1 10 11 3 3 16 6 3 1 1 0 1 10 2 16 13 11 13 1 4 10 6 3 8
split_gain=32.2396 23.4872 22.9129 21.7238 18.8355 16.2241 15.3863 13.5342 13.1493 17.3981 22.4158 12.8933 12.791 11.8427 25.779 31.5374 11.0341 19.1199 15.5337 13.5793 11.2968 12.5403 13.5821 15.2503 12.6029 13.1655 12.4744 11.347 19.8786 25.1945
threshold=1.5991000000000002 -0.97948999999999986 0.55796000000000012 0 2.3582650000000007 -0.39237999999999995 15.047648607600751 0.16405950000000002 3.0293055000000004 2019.3958085000002 1979.1891695000002 1 5.9288200000000009 2533.8117910000005 11.398713292345787 15.926645813097979 81.953270000000018 11.61093329426553 -1.6836244999999999 1.0261118708245316 2 1.0988295000000001 2.0703905000000007 1.1414525000000004 12.661919554866037 6.0088700000000008 -0.64692099999999997 6.2744650000000011 2132.5483120000004 0.18227000000000002
decision_type=2 2 2 1 2 2 2 2 2 10 10 1 2 10 2 2 2 2 2 2 1 10 2 8 2 2 2 2 10 2
left_child=-1 13 5 -4 -5 6 7 11 -8 10 -10 -3 -7 -2 -15 -16 -14 18 -18 -19 -21 -22 23 -23 26 -26 27 28 -24 -30
right_child=1 2 3 4 -6 12 8 -9 9 -11 -12 -13 16 14 15 -17 17 19 -20 20 21 22 24 -25 25 -27 -28 -29 29 -31
leaf_value=-0.01583481366437867 -0.022150362013479946 -0.018180456387585673 0.0031609149909382229 -0.0293185883036058 -0.0061923081809932782 0.0060148391753974033 0.0021649656422188554 0.0035026280393848537 0.01723878842748577 0.022259997092430053 0.30834417478462278 -0.0040768276531750677 0.010996454896021607 -0.01935937818879533 0.43242658548158003 0.031362769223379508 -0.030312725314850561 -0.027598159784887978 -0.0052887677428819823 0.016152517190763091 -0.0012511793502987718 0.21498492167411754 0.01541725149197197 0.039325723298615084 -0.0093102471233354311 0.027865726790964853 -0.053814003160477054 0.02732058883536119 0.074887119070210492 0.36496026808891091
leaf_weight=310.51178849302232 140.62038335576653 260.17015235126019 254.76926738955081 151.7721297480166 209.68797042407095 2455.2660355251282 349.96468801051378 276.83520609885454 1.4124765973538154 50.88566467165947 1.243452727794647 455.17435125075281 216.65372067131102 4.5887155234813681 0.82659248635172877 1.2043020352721212 71.230181347578764 34.782592378556728 479.40719624981284 154.27164205722511 656.17367635108531 1.3037011288106439 2.1865492910146695 23.651715165004138 74.777620226144791 34.944147245958447 2.2002840451896182 5.5744563639163971 1.5648771785199644 1.435015609487891
leaf_count=12089 5935 6104 5149 6513 5873 42573 6460 5795 24 910 21 10136 3614 162 31 41 1505 591 8923 2660 11191 22 40 386 1287 576 36 97 31 27
internal_value=0 0.000664037 0.00113072 -0.00802119 -0.0159027 0.00213581 -0.00253672 -0.00588462 0.00569542 0.0287716 0.153528 -0.00951745 0.00368284 -0.0190737 0.0462831 0.194599 0.000429905 -0.00105327 -0.00852585 0.00309098 0.00420513 0.00169015 0.0148773 0.0485024 0.00803747 0.00252954 0.0546644 0.076845 0.130074 0.213645
internal_weight=0 6374.58 6227.34 616.229 361.46 5611.11 1395.69 992.18 403.506 53.5416 2.65593 715.345 4215.42 147.24 6.61961 2.03089 1760.16 1543.5 550.637 992.866 958.084 803.812 147.638 24.9554 122.683 109.722 12.9612 10.7609 5.18644 2.99989
internal_count=138802 126713 120544 17535 12386 103009 29450 22035 7415 955 45 16240 73559 6169 234 72 30986 27372 10428 16944 16353 13693 2502 408 2094 1863 231 195 98 58
cat_boundaries=0 1 2 3
cat_threshold=2 1 8
is_linear=0
shrinkage=0.05


Tree=33
num_leaves=31
num_cat=2
split_feature=9 8 8 7 1 0 11 7 1 2 0 3 6 8 6 13 10 10 3 3 1 0 1 6 12 15 8 9 13 15
split_gain=29.5235 21.6178 21.2269 16.665 13.7055 29.7867 13.409 18.6582 16.0562 14.2618 11.3245 14.891 12.4304 20.4138 22.4545 35.253 20.0343 14.3148 11.585 10.6826 10.664 10.6713 15.8094 15.0461 16.5365 15.8174 14.4856 11.1574 11.066 10.4522
threshold=1.5991000000000002 -0.97948999999999986 0.85885000000000011 0 15.682091619059962 89.298300000000012 2.5618920000000003 1 4.8147117410042144 6.2865274438384553 93.194275000000019 2501.6789735000007 5.9954350000000014 -0.11929499999999998 5.800085000000001 -0.12745900000000007 -2.9697179999999994 -1.7122174999999997 2540.4874005000006 2633.2714160000005 13.354137021267222 81.953270000000018 -3.4499348845950304 5.8053350000000012 3.3251220000000004 2.5000000000000004 -0.078834999999999975 2.9460050000000004 -2.2924864999999994 1.5000000000000002
decision_type=2 2 2 1 2 2 2 1 2 2 2 10 2 2 2 10 2 2 10 8 2 2 2 2 10 2 2 2 10 2
left_child=-1 -2 4 -4 5 20 -7 8 -8 -10 11 -6 13 -13 17 -16 18 -15 -14 -18 21 29 -23 27 -25 28 -27 -24 -26 -3
right_child=1 2 3 -5 10 6 7 -9 9 -11 -12 12 16 14 15 -17 19 -19 -20 -21 -22 22 23 24 25 26 -28 -29 -30 -31
leaf_value=-0.015275906025143324 -0.018481572739983462 0.0021166029858332943 0.0066512319283210082 -0.029016668968711551 0.0069592828802352838 -0.014272231074094846 -0.023066302929457886 -0.01064141684348905 -0.025260967720505706 0.009175345136219596 -0.0017128911941666988 0.0076112323909029904 0.021094833632599889 0.025812960594690654 0.43404910130399288 0.086321513666876751 -0.021740182152235287 0.17685024560657675 0.21943839261186385 0.12106178144119861 0.012784125630894394 -0.023449978738961937 0.0070471358755671218 -0.0055322039057502954 0.16826626960882182 0.035515537750357436 0.2780501189832727 -0.010157935410887147 -0.0010316712340215852 0.011782954727538739
leaf_weight=305.89884279109538 144.6756190508604 822.41840266808867 48.328807977959514 101.58235271740705 1140.7388927303255 373.10710926167667 50.655743364244699 431.03693651966751 32.444730848073959 410.13676545955241 402.44546091556549 8.1754156686365622 1.332843355834487 5.6700763888657093 1.2306536883115771 1.7876799516379831 15.728391252458097 2.1688071489334089 1.6446476634591816 1.428584087640046 242.71295758523047 72.964268801733851 753.14796579629183 770.55480005405843 1.1274470053613184 1.1260343156754973 1.3582470640540121 107.70591697469354 6.7081851586699468 423.74701288715005
leaf_count=12089 6169 15117 1285 4973 19228 7620 1100 9518 620 7995 7268 139 23 96 21 30 266 35 28 22 4141 1519 14359 15108 19 20 25 1907 123 7939
internal_value=0 0.000625582 0.00106907 -0.0175179 0.00152711 0.000119938 -0.00627171 -0.00304209 0.00359892 0.00665089 0.00552976 0.0080001 0.0383139 0.0672855 0.11222 0.228099 0.0109277 0.0676009 0.130652 -0.00984971 0.00270842 0.00188248 -0.000676487 0.000335648 -0.00469015 0.058183 0.168118 0.00489452 0.0233281 0.00540356
internal_weight=0 6377.89 6233.22 149.911 6083.3 4500.95 1297.38 924.274 493.237 442.581 1582.35 1179.91 39.1671 19.0326 10.8572 3.01833 20.1345 7.83888 2.97749 17.157 3203.57 2960.86 1714.69 1641.73 780.875 10.3199 2.48428 860.854 7.83563 1246.17
internal_count=138802 126713 120544 6258 114286 87130 26853 19233 9715 8615 27156 19888 660 321 182 51 339 131 51 288 60277 56136 33080 31561 15295 187 45 16266 142 23056
cat_boundaries=0 1 2
cat_threshold=2 2
is_linear=0
shrinkage=0.05


Tree=34
num_leaves=31
num_cat=4
split_feature=9 8 8 7 9 0 1 7 17 12 9 1 6 3 6 10 10 10 16 6 15 11 3 3 3 2 13 5 8 8
split_gain=28.382 19.6315 18.1136 21.3884 14.5779 14.2091 20.1707 13.4937 13.1957 12.8076 13.1881 16.4854 21.8209 20.5339 17.5172 12.2019 11.9779 11.7026 11.3646 11.0824 17.6574 10.9472 13.7329 11.1082 12.9452 41.2051 14.577 10.8152 10.7269 14.7526
threshold=2.1617650000000004 -0.77861499999999995 0.72738500000000006 0 1.2646200000000001 83.293435000000017 11.61093329426553 1 2 -1.6988309999999998 2.1918400000000005 10.396123071130615 6.2744650000000011 2164.2512725000001 5.6869150000000008 -2.0731579999999998 -2.2862039999999992 -2.9012159999999994 3 7.0545700000000009 1.5000000000000002 1.7658305000000001 2343.7231905000003 2540.4874005000006 2488.1242030000003 9.4459874852287928 1.6829880000000002 2.7705000000000006 -0.38516999999999996 0.16990500000000003
decision_type=2 2 2 1 2 2 2 1 1 8 2 2 2 10 2 2 2 2 1 2 2 2 10 10 10 2 8 2 2 2
left_child=1 7 4 -4 -3 -6 15 -1 18 10 11 -10 13 -13 -15 -7 17 -8 -2 -19 -21 22 -20 24 27 26 28 -24 -26 -30
right_child=8 2 3 -5 5 6 16 -9 9 -11 -12 12 -14 14 -16 -17 -18 19 21 20 -22 -23 23 -25 25 -27 -28 -29 29 -31
leaf_value=-0.0384355708505714 0.0056187645765029418 -0.02647387716782475 0.0052204172890485696 -0.039453597389404169 0.0045236256527709578 -0.031350290744669169 0.0055399783429417133 0.0053148517013911559 -0.036913246898898806 0.0026749290485758013 0.011098071778519077 0.29451263325787763 -0.032432954529087531 0.21168338756986735 0.015657868925915711 -0.0090379129898747815 0.016107276370874526 -0.013264344924956302 -0.006895657758587824 0.22705938845929965 -0.022273213708304568 -0.0080231728027344157 0.011015899526219702 -0.00091034046494965987 -0.031669017196707359 0.35376823302991001 0.28746222952564487 0.16626231077846068 0.093084349723755344 0.00028504257373275699
leaf_weight=70.611876633018255 364.34834293648601 62.601168822497129 42.075154695659876 73.76096857059747 565.79328439757228 70.016974894329906 219.32326745800674 23.485875347629189 2.9694547094404689 2956.8432147186249 323.06113867461681 1.7188245616853217 2.3161890171468258 1.8816894590854643 2.8900842610746622 490.70716288685799 114.98813011869788 176.66050357744098 191.41476662829518 1.2495798077434295 1.644695211201906 738.9913963675499 72.665095869451761 85.455633372068405 4.7677348032593825 1.1061659362167109 0.58589859679341927 1.1394340246915806 9.9043005518615193 7.5454120282083741
leaf_count=3357 7337 2714 861 4054 12849 2066 4897 634 54 52538 5415 26 35 30 50 11914 2300 3733 4045 25 37 16167 1458 1705 109 23 9 22 171 167
internal_value=0 -0.00524672 -0.00409461 -0.0232267 -0.00279326 -0.00188955 -0.00526621 -0.0275159 0.00196224 0.00372447 0.0129926 0.0649662 0.0993177 0.146333 0.0929581 -0.011824 0.0018896 -0.00220905 -0.00196265 -0.0116744 0.0853741 -0.00445365 0.00246951 0.0122562 0.023771 0.0557455 0.0412887 0.0134127 0.0347968 0.0529571
internal_weight=0 1912.92 1818.82 115.836 1702.98 1640.38 1074.59 94.0978 4769.6 3291.68 334.837 11.7762 8.80679 6.4906 4.77177 560.724 513.866 398.878 1477.92 179.555 2.89428 1113.58 374.584 183.17 97.714 23.9095 22.8033 73.8045 22.2174 17.4497
internal_count=138802 49441 45450 4915 40535 37821 24972 3991 89361 58148 5610 195 141 106 80 13980 10992 8692 31213 3795 62 23876 7709 3664 1959 479 456 1480 447 338
cat_boundaries=0 1 2 3 4
cat_threshold=2 2 4 8
is_linear=0
shrinkage=0.05


Tree=35
num_leaves=31
num_cat=4
split_feature=1 10 8 8 13 0 2 10 8 0 1 1 0 19 1 11 6 16 4 17 13 2 3 4 6 1 19 2 0 0
split_gain=25.739 33.0931 22.1222 22.1232 14.8988 13.916 13.1982 12.8112 13.7274 12.1035 14.2776 14.2531 14.9996 12.2192 12.0266 14.0157 12.9701 11.6663 13.9338 13.2316 12.9379 13.0843 12.6806 11.7965 14.2783 19.1017 25.8077 11.7424 12.7539 17.7793
threshold=12.052291399011919 -1.1178129999999997 0.85885000000000011 -0.92360999999999993 -3.4182574999999997 75.457695000000015 1.2542661674754687 -2.0731579999999998 -0.3714849999999999 88.707820000000012 7.3953666313126591 -2.3257411342448493 81.067305000000019 0 10.175487867309222 2.7779010000000004 6.466965000000001 1 4.5331450000000011 2 0.54827200000000043 14.594863125042769 2685.9545635000004 5.4203250000000009 5.0956100000000006 17.755934276537786 3 4.0424329471044791 91.269970000000015 90.682605000000009
decision_type=2 2 2 2 8 2 2 2 2 2 2 2 2 1 2 2 2 1 2 1 10 2 8 2 2 2 1 2 2 2
left_child=1 4 3 -3 -1 -6 -2 -7 -9 11 -11 12 -5 -13 15 -10 -16 18 -8 -19 -21 23 -20 27 25 -25 -27 -22 29 -29
right_child=6 2 -4 9 5 7 17 8 14 10 -12 13 -14 -15 16 -17 -18 19 22 20 21 -23 -24 24 -26 26 -28 28 -30 -31
leaf_value=0.20922425983955165 -0.015651139937932556 -0.0221820163345594 -0.025251196671569456 0.00092924426280810511 0.13647960468780909 -0.025982665058345525 0.17460124636908703 -0.020983541675067191 0.00014583939962931945 -0.01568792338823399 0.002807364206056821 0.0074841849025106214 -0.01734147056471156 -0.0009188854910084735 0.013539365209763629 -0.018920042373241144 -0.030198909087818207 -0.0041319345791760711 0.011147484457030425 0.0023349565182335763 0.17574553701100448 -0.011997256758868056 0.18534604954562195 0.021551238587558759 0.0100040266056645 0.056568817074766548 0.2978579134819363 0.040172256331894036 -0.002857744242748698 0.16531374104704966
leaf_weight=0.76418383419513702 86.43278162740171 104.33068796619773 86.263407637365162 366.42914244532585 1.5825909711420525 136.03387261647731 1.3150559067726124 184.16884540766478 186.96914103068411 212.60935635585338 204.9146884623915 1261.0721273468807 161.99510618764907 658.53824927657843 120.78357881680131 198.97135504335165 19.716448337770998 533.61639733053744 412.59673388209194 1294.319581663236 1.5263282563537348 49.64873490575701 1.0473482534289349 10.653150206431745 337.08433957211673 3.1635807631537309 1.7056870535016058 25.008574664592746 14.862678263336418 3.2016151621937743
leaf_count=19 1659 4327 4059 7495 41 4213 23 5325 4420 4715 4176 23975 3582 12531 2368 4886 390 11565 7791 23390 26 936 19 189 5856 53 27 413 272 61
internal_value=0 -0.00271665 -0.000290694 0.000434309 -0.0114495 -0.0116483 0.00358065 -0.0119252 -0.00923415 0.00125774 -0.00661071 0.00259974 -0.00467187 0.00460144 -0.00512377 -0.00968356 0.00740155 0.00419865 0.0118203 0.0027443 0.00486742 0.0122027 0.0115886 0.0152276 0.0121631 0.0590501 0.141092 0.0394557 0.0346262 0.0543747
internal_weight=0 3905.14 3056.15 2969.89 848.99 848.226 2776.18 846.643 710.609 2865.56 417.524 2448.03 528.424 1919.61 526.441 385.94 140.5 2689.75 414.959 2274.79 1741.17 446.855 413.644 397.206 352.607 15.5224 4.86927 44.5992 43.0729 28.2102
internal_count=138802 86522 64860 60801 21662 21643 52280 21602 17389 56474 8891 47583 11077 36506 12064 9306 2758 50621 7833 42788 31223 7833 7810 6897 6125 269 80 772 746 474
cat_boundaries=0 1 2 3 4
cat_threshold=1 8 4 1
is_linear=0
shrinkage=0.05


Tree=36
num_leaves=31
num_cat=3
split_feature=9 8 8 8 7 9 9 5 2 1 8 7 7 8 0 13 6 8 1 11 2 0 11 0 1 0 8 6 3 9
split_gain=24.4998 16.9002 16.2874 13.2737 19.4897 19.9402 15.4787 12.1869 21.6253 12.4162 11.621 22.9519 21.2648 21.209 12.6897 11.7122 13.0166 11.0141 10.6175 10.5934 18.3178 10.2349 10.1998 11.3885 10.1556 10.8112 10.0639 9.62171 15.6144 13.5689
threshold=1.8522450000000001 0.95143000000000011 -0.47852499999999992 0.30443000000000003 0 2.8686500000000001 2.8216400000000004 2.7540350000000005 12.251802672271737 12.363486322409132 -0.3714849999999999 1 2 0.51139500000000016 88.541450000000012 2.1337540000000002 6.0243600000000006 0.46036000000000005 9.4123272769128832 0.41906050000000006 -9.0527959214293734 78.14637500000002 4.4995640000000012 81.859710000000021 -9.9964899752286609 92.172735000000003 -1.1771149999999997 6.2588250000000007 1989.3062855000003 2.2040050000000004
decision_type=2 2 2 2 1 2 2 2 2 2 2 1 1 2 2 10 2 2 2 2 2 2 2 2 2 2 2 2 10 2
left_child=10 2 7 22 5 -5 -6 9 -9 26 12 14 -1 -13 17 16 -14 -12 -16 20 -8 -21 24 -24 -4 27 -2 28 -26 -30
right_child=1 -3 3 4 6 -7 19 8 -10 -11 11 13 15 -15 18 -17 -18 -19 -20 21 -22 -23 23 -25 25 -27 -28 -29 29 -31
leaf_value=-0.034387270538717506 -0.041481597155042772 -0.02294152804866291 -0.027022603841452927 0.0098366841496879374 -0.012085493271654075 -0.013458609088675764 -0.012138424685800961 0.027655049438969272 -0.0090302453306168127 0.00010255450533762994 0.0050521606493774468 -0.0085366618927723743 0.018653968664708361 -0.041059298058117991 -0.034904340879290972 0.16308624069342759 -0.040351780176171123 0.034999653275203012 -0.0013458054240992369 -0.04395055103794001 0.19044050093286871 0.0055355997718627599 0.034621099398019169 -0.013587799403558771 -0.0013427439880992255 -0.0010703424160829402 -0.0096756592031905665 0.00033185139898844035 0.0020451101292543908 0.012321472974973
leaf_weight=98.741930097341537 26.129910543560982 72.809437631629407 24.909983903169632 451.70779502764344 498.12353359535336 115.31196838244796 2.4451054148375988 77.746369143947959 83.11906811222434 439.08722488954663 197.20266479812562 208.69915386103094 33.771077994257212 65.976127371191978 32.058423649519682 1.1611127424985159 12.923048341646789 36.363302711397409 89.01460581459105 11.085812490433453 2.0527122169733039 181.77473869547248 13.553519729524849 127.42460756003857 378.19211747124791 594.87451145425439 516.14403763227165 526.86097255721688 422.67825861275196 1338.2482665553689
leaf_count=4839 1317 3735 457 7476 12092 2293 47 1815 2206 9270 4952 6564 843 3801 914 30 374 784 2167 216 38 3481 206 2347 6117 10677 12460 8746 7342 21196
internal_value=0 0.00099866 0.00129757 0.00260173 -0.00178095 0.00509924 -0.00739031 -0.00405648 0.00869978 -0.0061475 -0.00845188 -0.00549852 -0.0211301 -0.0163485 0.002905 0.00622415 0.00232356 0.00971461 -0.0102316 0.00446013 0.0803145 0.00269109 0.00421643 -0.00895304 0.00478147 0.00502443 -0.0112083 0.00638438 0.00787511 0.00985482
internal_weight=0 5904.28 5831.47 4689.24 1262.5 567.02 695.482 1142.23 160.865 981.361 775.911 629.314 146.597 274.675 354.639 47.8552 46.6941 233.566 121.073 197.358 4.49782 192.861 3426.74 140.978 3285.76 3260.85 542.274 2665.98 2139.12 1760.93
internal_count=138802 113534 109799 82731 25643 9769 15874 27068 4021 23047 25268 19182 6086 10365 8817 1247 1217 5736 3081 3782 85 3697 57088 2553 54535 54078 13777 43401 34655 28538
cat_boundaries=0 1 2 3
cat_threshold=2 2 2
is_linear=0
shrinkage=0.05


Tree=37
num_leaves=31
num_cat=3
split_feature=9 17 16 8 8 8 16 6 11 3 11 3 8 9 2 9 3 9 8 15 13 3 2 0 4 6 0 3 2 0
split_gain=22.6148 18.1659 16.8126 12.7552 13.2019 11.9169 9.89513 9.72454 9.99448 12.8494 9.48449 14.0768 9.54108 9.08868 9.25557 8.92877 17.929 10.1304 18.0337 9.65098 14.3236 16.9939 8.6916 8.68273 11.8767 13.1932 10.8908 11.6616 16.5013 21.4816
threshold=1.5991000000000002 0 1 0.85885000000000011 -0.97948999999999986 -0.69059499999999996 2 6.3236050000000015 3.5511855000000003 2533.8117910000005 3.6744330000000005 2190.0065440000003 0.061840000000000013 2.3756300000000006 12.975371284240175 3.3164450000000003 1430.0365960000001 3.2112650000000005 -0.6158849999999999 4.5000000000000009 0.90166150000000012 2375.7011515000004 -5.5678447047524182 92.709420000000009 6.5630750000000004 5.9457250000000004 92.42923500000002 2547.9410140000005 -7.1735829639145097 85.775215000000017
decision_type=2 1 1 2 2 2 1 2 2 8 2 10 2 2 2 2 10 2 2 2 10 10 2 2 2 2 2 8 2 2
left_child=-1 3 5 4 -2 22 -6 13 -9 10 11 12 -10 -8 -15 17 -17 19 -19 -7 23 -22 -3 24 26 -26 27 -21 -29 -30
right_child=1 2 -4 -5 6 15 7 8 9 -11 -12 -13 -14 14 -16 16 -18 18 -20 20 21 -23 -24 -25 25 -27 -28 28 29 -31
leaf_value=-0.01367471128801488 -0.02538930234796959 0.047625992527988589 0.005027263291202992 -0.024151855247282993 0.0013365492834344686 -0.00070044092937923588 -0.010490259056899294 -0.027423250215382014 0.065202788718610238 0.1487639787980331 -0.012219658354700945 -0.052611494310185018 0.27732948134655072 0.0047622801599181116 -0.014814492540725491 0.19386303846029523 -0.018444316033631041 0.18519742729984601 0.018053517058068107 0.0035001429025335131 0.040993299639970893 0.23361565532545114 -0.016318859997514642 -0.029949678371956834 0.22533671553358145 0.01316613875099111 0.14650612071311486 -0.053379032727491144 0.27218535803637256 -0.0090053899631764717
leaf_weight=293.24589711613953 61.874312178231776 5.500178311020135 2477.8992166882381 71.693059366196394 1037.9069911306724 1556.198993274942 291.27738878596574 91.115792701952159 1.2728037890046904 1.4889865536242712 25.959092961624265 1.3346823416650293 0.90841657482087601 325.01700744405389 74.149677054956555 1.0064540319144715 83.101484682410955 1.6772716380655754 42.631002651527524 51.013667998835444 4.2443397538736454 1.5680709918960927 157.06226365175098 10.803581623360513 1.4334630817174905 1.4987444356083868 1.5026006288826455 1.3500511460006235 1.6892807669937604 1.1359400041401384
leaf_count=12089 2836 145 44479 3429 20737 29347 6641 1993 28 32 567 29 19 6391 1636 14 1456 30 725 926 81 29 4783 206 23 26 28 25 30 22
internal_value=0 0.000525687 0.00231624 -0.00344649 -0.00267023 -0.00119624 -0.00191056 -0.00600096 -0.0190834 0.00545788 -0.0017815 0.0752869 0.153548 -0.00377473 0.00112568 -6.64472e-06 -0.0159038 0.000790778 0.0243807 0.000150492 0.0175197 0.0929589 -0.0141553 0.0112936 0.0187667 0.11689 0.0136916 0.0100755 0.0904141 0.159127
internal_weight=0 6385.31 4401.32 1984 1912.31 1923.42 1850.43 812.524 122.08 30.964 29.475 3.5159 2.18122 690.444 399.167 1760.85 84.1079 1676.75 44.3083 1632.44 76.2397 5.81241 162.562 70.4273 59.6237 2.93221 56.6915 55.1889 4.17527 2.82522
internal_count=138802 126713 82375 44338 40909 37896 38073 17336 2668 675 643 76 47 14668 8027 32968 1470 31498 755 30743 1396 110 4928 1286 1080 49 1031 1003 77 52
cat_boundaries=0 1 2 3
cat_threshold=4 1 12
is_linear=0
shrinkage=0.05


Tree=38
num_leaves=31
num_cat=2
split_feature=1 10 8 8 7 0 1 5 12 2 13 3 4 1 8 2 11 16 6 4 5 3 12 10 1 8 2 12 10 8
split_gain=21.8193 29.9047 22.6448 23.663 24.5232 19.4127 14.1774 12.7532 26.0205 11.9458 11.6936 14.0507 20.3516 11.6874 14.383 13.7597 11.3614 10.2143 12.0988 13.5921 13.2029 12.1746 12.21 11.4137 11.9829 16.3555 11.5187 19.2521 12.3898 18.2423
threshold=12.052291399011919 -1.7542304999999998 -0.90618499999999991 0.60757500000000009 0 88.651415000000014 7.3953666313126591 0.6111700000000001 2.7743775000000004 1.2542661674754687 1.5855255000000001 1548.4394695000003 5.8580400000000017 2.1299990194258642 -0.35798999999999997 -1.1617974424553885 1.7205585000000003 1 5.9728050000000001 4.637385000000001 2.2855500000000002 1462.1558820000002 -3.5773999999999995 -0.97673249999999989 16.785643515751826 -0.29560499999999995 7.0631024417627506 -4.4213514999999992 -3.2397824999999991 0.29749500000000001
decision_type=2 2 2 2 1 2 2 2 8 2 8 10 2 2 2 2 2 1 2 2 2 8 8 2 2 2 2 10 2 2
left_child=1 10 -3 5 7 13 -7 8 -5 -2 -1 12 -12 15 -15 -4 -16 -11 19 20 -19 -21 23 24 -23 -26 -27 -28 -29 -30
right_child=9 2 3 4 -6 6 -8 -9 -10 17 11 -13 -14 14 16 -17 -18 18 -20 21 -22 22 -24 -25 25 26 27 28 29 -31
leaf_value=-0.025169804927455908 -0.015139521309916248 -0.021880247362449437 0.002028877205607035 0.014565719912724909 -0.024398697011383235 -0.016150812469112676 -0.00080119166250043378 0.0027729455162450924 0.29481164198045623 0.010940786375195884 0.31376836291929533 -0.0070997378189851289 0.027012661250277705 -0.0028168819008118906 0.018932780438031427 -0.010379205298829412 0.0060784280506969504 0.21954449014665497 -0.0012091231071761526 0.12151634423232982 0.010698801800716624 -0.00096450213168480748 0.0044678582078660238 0.17571186962848812 -0.01073777611611022 0.01833773100285899 0.025769952144463083 0.034131048907291343 0.24679726087242632 0.055953206082371434
leaf_weight=192.1277852896601 85.342148676514626 128.8451634850353 976.38823943771422 2.9682569801807395 194.24880713690072 259.68572317343205 357.5629350785166 89.834730394184589 1.1488633453845976 420.36129377502948 0.82047873549163286 83.955099418759346 2.5165904751047492 345.87052304018289 224.06299229897559 289.7276718262583 738.34384959191084 1.4672957845032208 1117.4701647581533 2.2684294786304227 1.5627575721591709 22.918310206383467 1109.5868366649374 1.2997369691729534 8.2001380044966954 6.2387481909245279 5.0372653789818296 1.7196094486862437 3.9898636601865247 1.8248829664662478
leaf_count=5744 1659 5547 18913 64 8439 5970 7349 1897 22 7833 29 2297 72 7628 3638 6128 12785 29 21018 32 29 460 20712 17 157 108 91 37 63 35
internal_value=0 -0.00251664 -0.00129645 -0.000534315 -0.0142553 0.000704667 -0.00725901 0.00671663 0.092767 0.00327869 -0.0182752 -0.00310038 0.0975167 0.00261408 0.00592828 -0.000810488 0.00907112 0.00386 0.00249773 0.00607137 0.111832 0.00579584 0.00556971 0.0294353 0.0256274 0.0481905 0.0738796 0.101443 0.152035 0.186903
internal_weight=0 3888.11 3608.69 3479.84 288.201 3191.64 617.249 93.9519 4.11712 2789.29 279.42 87.2922 3.33707 2574.39 1308.28 1266.12 962.407 2703.95 2283.58 1166.11 3.03005 1163.08 1160.82 51.2286 49.9288 27.0105 18.8104 12.5716 7.53436 5.81475
internal_count=138802 86522 78380 72833 10422 62411 13319 1983 86 52280 8142 2398 101 49092 24051 25041 16423 50621 42788 21770 58 21712 21680 968 951 491 334 226 135 98
cat_boundaries=0 1 2
cat_threshold=2 8
is_linear=0
shrinkage=0.05


Tree=39
num_leaves=31
num_cat=4
split_feature=9 8 8 7 2 8 8 13 7 6 12 11 17 14 17 5 5 6 4 9 15 0 2 3 3 0 3 6 2 9
split_gain=20.7198 16.4697 14.4046 18.9305 13.7391 10.2427 14.7402 11.7583 12.2109 9.78633 12.5143 11.7969 15.2554 16.4335 10.7738 14.369 10.6804 14.5299 10.5834 12.9358 12.7407 13.3981 29.7481 11.5869 13.0048 14.4533 11.4375 18.4922 13.3166 15.3723
threshold=2.1617650000000004 -0.88995499999999994 0.72738500000000006 0 12.907394671320292 0.39784000000000003 -0.46358499999999997 -3.1892154999999995 1 5.7197950000000004 -3.1797714999999998 2.8024910000000003 2 1.5000000000000002 3 2.8033800000000002 1.3997050000000002 5.5330250000000012 5.6053050000000004 2.0923950000000002 2.5000000000000004 92.537385000000015 10.602339530647258 1836.6699445000002 2378.7398485000003 78.804605000000024 1548.4394695000003 4.8196800000000009 4.892066159732182 1.8089150000000003
decision_type=2 2 2 1 2 2 2 8 1 2 8 2 1 2 1 2 2 2 2 2 2 2 2 10 10 2 10 2 2 2
left_child=1 -1 4 -4 9 6 7 8 -2 10 11 12 13 -3 15 -11 -14 -18 19 20 21 -12 -23 -21 25 -25 27 -20 29 -29
right_child=5 2 3 -5 -6 -7 -8 -9 -10 14 18 -13 16 -15 -16 -17 17 -19 26 23 -22 22 -24 24 -26 -27 -28 28 -30 -31
leaf_value=-0.031762064208923461 -0.013000974609508498 0.083092773494722702 0.0047056317708741163 -0.038066721867533307 -0.010630946745383577 -0.0035233697155794691 0.0044357450762055944 -0.0032631154063036761 0.077629913239758444 0.0088154988064668826 -0.0017251638345105154 -0.012580344717347447 -0.0013785600853082924 0.33190356463244414 -0.0090409180749416833 -0.034225501465272389 0.026987235023948505 0.21822364187075413 0.21872363884409773 -0.053365063506488612 0.030310496066190157 0.27392973299056517 -0.052553636456100311 0.18420567335269283 0.01679125514257401 0.058060107029835328 -0.0040815956379140718 -0.023407048335402417 -0.0034864551751863449 0.16314130586916456
leaf_weight=53.958810802549124 6.2646379470825195 1.8402938935905706 42.410736862570047 66.32323197927326 408.20175004564226 796.96935536712408 2998.3933324813843 981.36779153347015 9.137104554101823 196.93460721895099 166.53328882157803 6.1959300870075813 5.8410367369651794 1.0379367861896751 433.30856653489172 21.508892835117877 2.4782621189951897 1.6575966291129587 1.2846635878086115 3.1311655268073073 43.944396164268255 1.3789212647825473 1.4123343508690593 2.73219155520201 17.059648964554071 13.443862443789838 373.40809214115143 1.7513662762939954 13.190503364428876 2.9890950340777636
leaf_count=2689 143 43 861 4054 10839 17932 48679 22446 161 4358 4118 141 139 21 10622 488 56 34 27 55 1101 35 34 46 288 229 8730 58 326 49
internal_value=0 -0.00453683 -0.00373407 -0.0213837 -0.00261913 0.00165222 0.00268466 -0.00258279 0.0407659 -0.00012843 0.00415682 0.044093 0.0714086 0.172818 -0.00447652 0.0045775 0.042153 0.103632 0.0029722 0.0110216 0.00632152 9.57157e-05 0.108734 0.0385844 0.0472471 0.0793665 -0.0021457 0.0354737 0.0223447 0.0942209
internal_weight=0 1883.96 1830 108.734 1721.26 4792.13 3995.16 996.77 15.4017 1313.06 661.311 19.0511 12.8551 2.87823 651.752 218.444 9.9769 4.13586 642.26 249.636 213.269 169.325 2.79126 36.3669 33.2357 16.1761 392.624 19.2156 17.931 4.74046
internal_count=138802 49441 46752 4915 41837 89361 71429 22750 304 30998 15530 434 293 64 15468 4846 229 90 15096 5906 5288 4187 69 618 563 275 9190 460 433 107
cat_boundaries=0 1 2 3 4
cat_threshold=2 2 1 1
is_linear=0
shrinkage=0.05


Tree=40
num_leaves=31
num_cat=3
split_feature=17 16 16 9 6 2 12 2 6 13 3 10 10 8 5 6 10 1 0 8 4 0 1 12 2 2 13 4 14 13
split_gain=19.4629 15.3253 14.1631 18.0103 12.2768 11.947 13.0268 12.8243 14.1954 11.8414 14.7274 24.2139 11.0181 10.8952 10.6602 16.9664 18.2525 10.7014 10.393 11.9828 10.3577 21.5627 19.3197 9.79218 9.77353 11.9733 11.6998 9.56025 9.38396 13.7106
threshold=0 1 2 1.8438450000000002 5.7894150000000009 11.670045559660931 1.0988990000000001 11.146322332414464 5.4026000000000005 -0.83025549999999992 1396.5647515000003 -0.92019299999999993 -3.5260954999999998 -0.69059499999999996 3.2425050000000004 5.6978950000000008 -0.67741799999999985 21.677123622972708 91.616935000000012 0.55796000000000012 6.4383300000000014 90.925695000000019 21.677123622972708 -3.5773999999999995 12.059437174011231 12.576891903805867 -0.84498899999999988 5.7242900000000008 1.5000000000000002 -0.65683499999999995
decision_type=1 1 1 2 2 2 10 2 2 8 10 2 2 2 2 2 2 2 2 2 2 2 2 8 2 2 8 2 2 10
left_child=2 13 12 9 5 6 14 -8 -9 10 11 -4 20 -2 17 16 -16 18 19 -5 21 -1 -23 27 26 -26 -12 -15 -18 -30
right_child=1 -3 3 4 -6 -7 7 8 -10 -11 24 -13 -14 23 15 -17 28 -19 -20 -21 -22 22 -24 -25 25 -27 -28 -29 29 -31
leaf_value=0.31842112108614384 -0.013938695324038467 0.0042772478853555602 -0.051709846447049568 0.017006171600677154 -0.0090797794714174342 -0.011910252941841218 -0.0061939814828996702 -0.052647939993545313 0.19679520317239044 -0.027147382494775454 -0.014119566618615876 0.35641217184401297 0.0021239530491987619 0.098885146488372544 0.18592917894579794 0.23695212822447506 -0.033391903161701313 0.087691454863639398 -0.012046482225244525 -0.013635020773590443 0.0058091686643619404 -0.0073000335973773638 0.22170485122091704 -0.00081193414037046281 0.25829104285268667 0.030448458443410892 0.16557773632224257 0.014534602677082781 -0.053072546259498955 0.20723999839105567
leaf_weight=0.94447162002324869 163.22137229051441 2575.7555911205709 0.718406792730093 203.7584463916719 667.12150955479592 153.73713499773294 233.21319136768579 0.88590439595282022 1.6012638090178368 156.1716337883845 64.857566462829709 0.73552710656076559 497.7838903144002 4.5947646293789175 1.6746163610368956 1.2082665171474207 5.1469893530011168 4.2490533702075473 54.04779321141541 37.831152428872883 5.9454965107142925 3.325180921703577 1.2737876530736683 1813.6132435193285 0.64425454009324212 5.4920141426846385 0.9186334740370502 12.491805154830216 0.90133201144635711 1.1527730599045751
leaf_count=27 5163 47956 28 3893 15098 3643 4976 21 35 5848 2344 31 10717 90 34 29 120 75 1163 1324 130 95 28 35363 23 239 29 237 19 24
internal_value=0 0.00173934 -0.00407093 -0.00636423 -0.00422728 0.000401217 0.00386985 -0.00498955 0.107946 -0.0193636 -0.00279453 0.154754 0.00317883 -0.00155281 0.0106065 0.0611721 0.0372429 0.00890618 0.00777384 0.012208 0.0516505 0.100817 0.056128 -0.000456993 -0.00597987 0.0543699 -0.0116099 0.0372174 0.00266584 0.093016
internal_weight=0 4569.68 2105.34 1596.07 1366.53 699.408 545.671 235.7 2.48717 229.538 73.3664 1.45393 509.273 1993.92 309.97 10.084 8.87571 299.886 295.637 241.59 11.4889 5.54344 4.59897 1830.7 71.9125 6.13627 65.7762 17.0866 7.20109 2.05411
internal_count=138802 88809 49993 38996 30454 15356 11713 5032 56 8542 2694 59 10997 40853 6681 226 197 6455 6380 5217 280 150 123 35690 2635 262 2373 327 163 43
cat_boundaries=0 1 2 3
cat_threshold=4 1 8
is_linear=0
shrinkage=0.05


Tree=41
num_leaves=31
num_cat=4
split_feature=1 8 10 8 7 8 11 9 1 9 7 13 1 18 10 10 9 5 10 11 5 13 6 5 13 7 6 4 13 9
split_gain=19.0346 22.5587 21.023 21.0081 24.549 21.2049 23.0691 21.4273 16.5123 15.1992 19.9276 14.9777 14.2689 13.7636 13.5171 16.126 13.0983 13.9656 12.8829 15.8573 16.1549 12.6141 12.272 12.1493 15.7068 12.1 17.2319 15.1628 11.9369 21.5976
threshold=16.785643515751826 0.95143000000000011 -2.0731579999999998 -0.35798999999999997 0 0.26411500000000004 2.9126835000000004 2.3582650000000007 11.398713292345787 2.0326000000000004 1 -2.5649534999999992 -0.61625990062483493 2 -1.2138044999999997 1.2136175000000002 2.8134550000000007 2.8033800000000002 -1.6148664999999998 1.6250700000000002 1.5653350000000004 -0.48184700000000008 6.3851900000000006 2.0487350000000002 3.7185595000000005 3 5.1078450000000002 6.0342900000000013 -2.7626019999999993 2.5537900000000007
decision_type=2 2 2 2 1 2 2 2 2 2 1 8 2 1 2 2 2 2 2 2 2 10 2 2 10 1 2 2 8 2
left_child=1 2 8 9 16 6 12 -7 -1 10 -4 13 -6 14 -11 28 17 -5 19 -9 -21 -8 -14 24 -13 26 27 -3 -16 -30
right_child=-2 25 3 4 5 7 21 18 -10 11 -12 23 22 -15 15 -17 -18 -19 -20 20 -22 -23 -24 -25 -26 -27 -28 -29 29 -31
leaf_value=-0.027904097386122657 0.0053915037495509055 0.039533586190373518 -0.029510765042576229 0.010910224431585604 -0.0032870580306085546 -0.01987830628133555 0.0018050239582308514 0.1591069730674165 -0.0059935162371738647 0.21963899452861002 0.0061966095365500566 -0.0098230655305207269 0.014501610678819147 0.0057976479102883937 -0.035368373164566633 0.11005887154808369 -0.0019569793927821408 -0.0039436483070682043 -0.004518672089544761 -0.017235210408197491 0.050097111530281013 -0.016593252568024318 -0.010726804617454828 0.001683800670349715 0.12187732529268491 -0.040171912094716156 -0.012532612328264581 0.29949656251765749 -0.052600040447908759 0.29170265576461135
leaf_weight=101.97527979686856 1279.2901383368298 1.6386401094496279 128.27631139196455 1130.6932505853474 221.56009944528341 271.25313003826886 176.38609627261758 2.1214356962591401 548.49693662952632 1.2823601011186845 56.188183054327965 557.16668714489788 463.46064519509673 30.517670038156211 5.648187717422843 6.1115361861884594 357.94817216694355 183.99092824943364 325.69212109036744 16.827563181519508 18.92946264334023 197.45098556391895 53.798743464052677 459.59449751395732 2.2731173150241366 56.411858999170363 16.536303743720055 0.8528514802455901 0.95447885245084563 0.87121601030230522
leaf_count=3428 22850 50 5715 19811 4024 9150 3325 43 11504 28 1354 12309 7710 616 120 117 6104 3325 6753 346 384 3917 925 10587 40 3653 545 24 23 22
internal_value=0 -0.00139217 -0.00100714 0.000166101 0.00219282 -0.00195158 0.00220875 -0.0092434 -0.00942846 -0.00538413 -0.0186342 -0.00308788 0.00733001 0.0250164 0.0644648 0.0498175 0.00652267 0.00883142 -0.0013089 0.0262899 0.0184099 -0.00791247 0.0118777 -0.00433958 -0.00928794 -0.0285421 0.00593681 0.12852 0.000557031 0.1117
internal_weight=0 5394.91 5319.47 4669 3420.11 1747.48 1112.66 634.824 650.472 1248.88 184.464 1064.42 738.819 45.3854 14.8678 13.5854 1672.63 1314.68 363.571 37.8785 35.757 373.837 517.259 1019.03 559.44 75.4397 19.0278 2.49149 7.47388 1.82569
internal_count=138802 115952 111680 96748 65817 36577 19901 16676 14932 30931 7069 23862 12659 926 310 282 29240 23136 7526 773 730 7242 8635 22936 12349 4272 619 74 165 45
cat_boundaries=0 1 2 3 4
cat_threshold=2 2 1 2
is_linear=0
shrinkage=0.05


Tree=42
num_leaves=31
num_cat=2
split_feature=1 0 8 8 9 1 4 0 12 2 1 4 6 7 12 9 12 11 2 4 7 3 4 1 0 2 6 3 0 3
split_gain=18.004 26.1879 20.33 20.0614 12.7963 12.6484 15.422 15.2905 12.3359 13.9466 17.707 13.2251 19.5921 12.1017 11.8899 11.7126 23.3149 11.2533 10.9654 10.0729 12.0794 12.9631 12.2869 11.9165 13.28 11.1123 12.1644 11.1153 16.7825 11.8479
threshold=12.052291399011919 88.651415000000014 0.85885000000000011 -0.86000499999999991 1.2646200000000001 7.081253773483474 5.7918000000000012 90.101750000000024 1.0790705000000003 15.580017044565173 8.9788520137216867 5.7784150000000007 5.9065850000000006 0 1.1544060000000003 3.2760000000000002 1.0000000180025095e-35 3.5208440000000008 1.2542661674754687 5.5271800000000004 1 2685.9545635000004 4.5911150000000012 16.785643515751826 89.807690000000022 10.536447943471403 5.8105950000000011 2027.9893620000003 93.697490000000016 1868.9659405000004
decision_type=2 2 2 2 2 2 2 2 10 2 2 2 2 1 10 2 10 2 2 2 1 8 2 2 2 2 2 10 2 10
left_child=1 2 3 13 -5 -3 7 8 11 14 -11 -7 -13 15 -10 -1 -17 -12 -2 20 21 25 -22 24 -21 26 -20 28 29 -27
right_child=18 5 -4 4 -6 6 -8 -9 9 10 17 12 -14 -15 -16 16 -18 -19 19 23 22 -23 -24 -25 -26 27 -28 -29 -30 -31
leaf_value=-0.031379755246684606 -0.014770772816083126 -0.018781005247224782 -0.02407333895071433 -0.024507825141356285 0.0018176368336815564 0.0067866766385082091 -0.018124368681663991 -0.0070715287074737789 0.16186526793442141 0.014687083419410333 0.11181986210635726 0.2917479995955215 -0.0093890416632001587 0.010349990491848936 0.0024169574328916409 0.33073873924170316 0.00027733420470474525 0.34832195853769982 0.034608976802951844 0.0049914980776788855 0.090053606339540626 0.14269689764722537 -0.0002868947190855223 0.0057494923198594741 -0.0060925091166173246 -0.053563024368982498 -0.0056585331282962385 0.020376604170231839 0.24925587891358339 0.072464952454603174
leaf_weight=90.345140399411321 84.570660936646163 282.80797041393816 86.382251021452248 46.936713699251413 2792.1716014668345 106.49686962645501 171.44807820208371 248.50963874999434 1.3949547782540301 1.47679129615426 0.91259501874446902 1.0149172581732266 1.1545593608170746 26.554819053038955 7.2234470332041383 0.65445552021264974 2.8937314879149199 1.120602738112211 24.355124111287296 457.36645190790296 3.8309014607220879 2.0398373249918214 214.64098938647658 1114.012733113952 660.49162169545889 2.2576674949377766 81.56893408857286 146.35965052433312 1.1572378240525711 10.718729957938192
leaf_count=4183 1659 7271 4590 2230 54585 2326 4115 5893 26 30 22 19 26 902 147 29 107 21 418 8315 69 36 4250 19730 13412 40 1445 2686 23 197
internal_value=0 -0.00230221 -0.000163359 0.000534515 0.00138242 -0.0102127 -0.00573163 2.16534e-05 0.0146144 0.0624419 0.146458 0.00927628 0.131488 -0.0194516 0.0282249 -0.0278801 0.0612302 0.242169 0.0029597 0.00351122 0.0100269 0.0171312 0.00129722 0.00208968 -0.00155754 0.0161698 0.00360018 0.0244656 0.0668089 0.0505383
internal_weight=0 3869.5 3045.94 2959.56 2839.11 823.56 540.752 369.304 120.795 12.1284 3.50999 108.666 2.16948 120.448 8.6184 93.8933 3.54819 2.0332 2803.37 2718.8 486.929 268.457 218.472 2231.87 1117.86 266.417 105.924 160.493 14.1336 12.9764
internal_count=138802 86522 66626 62036 56815 19896 12625 8510 2617 246 73 2371 45 5221 173 4319 136 43 52280 50621 9164 4845 4319 41457 21727 4809 1863 2946 260 237
cat_boundaries=0 1 2
cat_threshold=2 2
is_linear=0
shrinkage=0.05


Tree=43
num_leaves=31
num_cat=3
split_feature=17 16 8 16 9 12 6 13 3 10 2 12 12 2 3 9 9 10 12 4 0 1 5 10 6 13 2 13 6 0
split_gain=17.0573 13.8119 13.5337 12.5212 15.845 11.6394 11.2253 11.2225 11.3826 14.2246 10.6057 11.6236 10.5559 10.4666 10.9926 10.3187 9.21557 9.05806 9.02094 11.3665 16.0482 16.1666 8.92735 11.4562 13.0581 11.7799 8.76076 9.21833 8.6635 15.3425
threshold=0 1 -0.88995499999999994 2 1.8438450000000002 -4.4213514999999992 5.7894150000000009 -0.83025549999999992 1396.5647515000003 -0.92019299999999993 11.670045559660931 1.0988990000000001 -1.6988309999999998 11.146322332414464 2019.3958085000002 1.2646200000000001 2.5048750000000006 -3.5260954999999998 -2.6688564999999991 6.4383300000000014 90.633945000000026 20.546589693332898 3.2425050000000004 -0.63122649999999991 5.6978950000000008 -0.24049599999999979 12.059437174011231 -0.84498899999999988 5.4427600000000007 88.764590000000013
decision_type=1 1 2 1 2 8 2 8 10 2 2 10 10 2 10 2 2 2 10 2 2 2 2 2 2 10 2 8 2 2
left_child=3 12 5 17 7 -3 10 8 9 -5 11 22 -2 -13 -15 -4 -7 18 -1 20 -20 -22 -6 25 -25 -24 27 -10 29 -28
right_child=1 2 15 4 6 16 -8 -9 26 -11 -12 13 -14 14 -16 -17 -18 -19 19 -21 21 -23 23 24 -26 -27 28 -29 -30 -31
leaf_value=-0.052609853214446084 0.017624264033083405 0.20421040078510844 -0.03221185716475574 -0.051628258350625782 0.0083665775112890754 -0.035376239893875269 -0.0086848724885967218 -0.026179521688528731 -0.013256282622369667 0.24494636031838848 -0.0113025159378364 -0.005920495032158175 0.0043679805718654314 0.0086943491440746572 0.2119470396963905 0.00083926675136979123 -0.0052202804732113736 0.0019865446332969442 0.29836979294540428 0.013389407530950635 -0.026945641728931824 0.17546437878577373 0.27464101899424515 0.0028317743732203214 0.19527073588634369 0.053979541832665449 0.28769340335889787 0.13496559114262596 0.019419353637900882 -0.051559664028546962
leaf_weight=1.9593017864972342 179.30311896279454 0.58682605903595686 23.78293866571039 0.67417018674314011 302.25022521987557 46.964854529127479 661.32375148497522 150.49830789584666 63.430455191992223 1.0100345294922579 151.56707988772541 231.85451615042984 924.34683655481786 1.6184066636487835 1.129487123340368 3347.4973898660392 55.008404798805714 498.82413640059531 0.99557518213987162 5.2627511117607355 1.9834927031770351 1.9626056123524902 1.0662926100194456 7.1718408428132516 1.005057046189904 1.3975467570126046 0.88307066354900488 1.0666203498840321 4.9253295483067632 0.53527367860078812
leaf_count=49 3112 24 1135 28 6455 2072 15098 5848 2344 31 3643 4976 16443 36 20 64005 2018 10717 20 114 60 37 19 162 20 25 36 29 204 22
internal_value=0 0.00161927 6.15951e-05 -0.00382834 -0.00600245 -0.0178311 -0.00401517 -0.0183935 -0.0022364 0.126231 0.000402445 0.00364283 0.00646309 -0.00477076 0.0922388 0.000606105 -0.0191089 0.002968 0.0456568 0.0645245 0.118982 0.0737237 0.00995124 0.0549637 0.0264853 0.149477 -0.00529064 -0.0108051 0.0507753 0.159662
internal_weight=0 4577.49 3473.84 2094.4 1583.41 102.56 1360.38 223.023 72.525 1.6842 699.06 547.493 1103.65 234.602 2.74789 3371.28 101.973 510.988 12.1637 10.2044 4.94167 3.9461 312.891 10.6407 8.1769 2.46384 70.8407 64.4971 6.34367 1.41834
internal_count=138802 88809 69254 49993 38996 4114 30454 8542 2694 59 15356 11713 19555 5032 56 65140 4090 10997 280 231 117 97 6681 226 182 44 2635 2373 262 58
cat_boundaries=0 1 2 3
cat_threshold=4 12 8
is_linear=0
shrinkage=0.05


Tree=44
num_leaves=31
num_cat=3
split_feature=8 9 8 7 2 1 8 6 4 1 5 13 18 2 2 17 5 3 15 11 2 0 12 0 3 11 6 11 14 13
split_gain=16.5172 15.326 11.3224 17.2345 11.8224 9.73095 9.38889 9.30098 9.64919 9.47973 13.3807 26.3573 15.271 17.3409 10.6809 9.42603 12.4707 13.5067 21.1481 25.0521 11.1333 11.5749 13.4407 8.88656 8.70643 8.63171 14.3905 13.7223 8.2939 10.6011
threshold=-1.10503 2.1617650000000004 0.72738500000000006 0 13.718838038640341 9.3089243395291259 0.39784000000000003 5.7142700000000008 5.9575450000000005 -2.1696017796427243 1.1498600000000001 -0.27722999999999981 1 -5.5678447047524182 -2.2644560199521853 2 2.8033800000000002 2424.3712150000006 2.5000000000000004 1.9381300000000004 9.0607679862631656 76.049400000000006 1.1186780000000003 93.400185000000008 2488.1242030000003 3.0691690000000005 6.0469600000000012 2.5618920000000003 2.5000000000000004 1.8383370000000003
decision_type=2 2 2 1 2 2 2 2 2 2 2 10 1 2 2 1 2 10 2 2 2 2 10 2 10 2 2 2 2 10
left_child=-1 2 4 -4 7 -6 -3 8 9 10 11 14 -13 -14 -2 16 17 28 20 -20 21 -19 -23 -17 -21 26 -22 -28 29 -9
right_child=1 6 3 -5 5 -7 -8 15 -10 -11 -12 12 13 -15 -16 23 -18 18 19 24 25 22 -24 -25 -26 -27 27 -29 -30 -31
leaf_value=-0.023921052283987346 -0.01861350965984734 0.0026672552036763595 0.0046809302547929843 -0.036841849075250246 -0.018545359057468021 -0.0013371821610422135 -0.0032930131166919127 0.0025126069500860989 -0.0050057047739069877 0.011304113728036864 -0.012613450226251703 -0.0043034158255741833 0.40317316031139572 0.12816502236790825 0.15785104332021899 -0.0067576436736804402 -0.031371416499771668 0.15330143189280152 0.3027501089751144 0.17289200304819941 -0.010690272305892366 -0.022020685362752312 0.11195803481076845 -0.031003370479049077 -0.021977214180622356 0.0089176298151335924 0.054391364305385714 0.30168533295304434 -0.027218270722033241 0.053863051491900571
leaf_weight=71.921602163463831 8.8225477635860425 3959.0468756426126 42.415003886446357 60.828759853728116 191.8486027251929 143.68002230487764 793.08654444571584 156.20995603967458 230.78588239196688 363.46506303641945 91.267208095639944 1.0365569368004799 0.87764232978224788 1.6525734867900599 0.94981501810252567 426.39036640804261 23.470511712133884 1.2068319264799452 1.5465835388749827 0.88645836338400874 1.1837337389588349 16.222469223663214 2.1161101646721354 41.467721311375499 1.6219070740044115 2.4311683569103479 0.93207634985446963 1.4089449699968097 21.439987657591701 10.742021273821591
leaf_count=3829 228 68680 861 4054 5754 3671 17932 3512 5422 8529 2390 27 23 36 23 10940 564 24 35 21 25 367 43 968 37 55 21 27 483 221
internal_value=0 0.000170363 -0.00369478 -0.0197833 -0.00274216 -0.0111765 0.00167254 -0.000732444 0.00336135 0.00748678 -0.0057769 0.0409992 0.157336 0.223556 -0.00146221 -0.0047661 0.00325803 0.00698722 0.0384121 0.144477 0.0215469 0.00330997 -0.00656072 -0.00890662 0.0468897 0.0813947 0.131385 0.203225 0.00205706 0.0058166
internal_weight=0 6599.04 1846.91 103.244 1743.66 335.529 4752.13 1408.13 698.857 468.071 104.606 13.3391 3.56677 2.53022 9.77236 709.277 241.419 217.948 29.5563 4.05495 25.5013 19.5454 18.3386 467.858 2.50837 5.95592 3.52476 2.34102 188.392 166.952
internal_count=138802 134973 48361 4915 43446 9425 86612 34021 16678 11256 2727 337 86 59 251 17343 5435 4871 655 93 562 434 410 11908 58 128 73 48 4216 3733
cat_boundaries=0 1 2 3
cat_threshold=2 4 1
is_linear=0
shrinkage=0.05


Tree=45
num_leaves=31
num_cat=3
split_feature=1 10 8 0 8 7 1 11 9 10 3 12 4 1 13 13 3 0 6 3 2 13 18 9 8 7 9 4 10 9
split_gain=15.3392 27.8774 19.9894 14.702 18.6773 18.8982 14.9277 14.7934 21.4007 13.8567 13.0911 12.5587 17.7666 11.629 12.7579 24.8929 21.6727 10.7289 10.4819 10.7756 15.7662 12.9046 12.4902 10.3985 10.233 19.5137 13.0841 12.7748 12.975 18.0438
threshold=12.564042795232385 -2.0423014999999993 -0.90618499999999991 84.869075000000024 0.53885000000000016 0 7.4989377254196095 0.99174750000000012 2.2040050000000004 -1.6559449999999998 2070.1037685000006 -3.5773999999999995 5.8721650000000007 7.6946410794410491 1.2311375000000002 1.0776630000000003 1733.8275770000002 90.731300000000019 4.5029400000000015 2257.8263015000007 -2.5212569338200055 2.7693875000000006 1 2.0326000000000004 -0.34525499999999992 2 2.2997650000000003 5.948125000000001 -0.81647249999999982 2.0391650000000001
decision_type=2 2 2 2 2 1 2 2 2 2 10 8 2 2 10 10 10 2 2 10 2 8 1 2 2 1 2 2 2 2
left_child=1 -1 -3 4 6 9 24 8 -8 -6 -5 12 -9 -13 15 -15 -17 -12 -11 -20 -21 22 -22 -7 25 26 -4 28 29 -27
right_child=-2 2 3 10 5 23 7 11 -10 18 17 13 -14 14 -16 16 -18 -19 19 20 21 -23 -24 -25 -26 27 -28 -29 -30 -31
leaf_value=-0.022389202700071099 0.0028362493363099229 -0.020576635985061924 -0.025163503210398164 -0.011402846148926164 0.13631421110946776 -0.039512851679774412 0.25939544245132551 0.21223995352554717 0.04493354964815803 0.15222040291340677 0.0017626044870171838 0.058138287044261786 -0.020103172552012903 0.011074472207232096 -0.02311395129314666 -0.00088730185054947813 0.21900781783898782 -0.0091435228747644981 -0.018786004706527762 0.0066566965733856551 0.15868843378894787 0.22085499577528506 0.00067715127593519263 -0.012194945391941686 0.0045586729592768547 0.052013684149570527 -0.0022788171952481642 -0.015616729068838693 0.015017048610854598 0.32011995429124407
leaf_weight=161.70766814425588 2681.1733416793868 128.56377036310732 118.67602695990354 449.63701533619314 2.1093796677887431 48.527031528763473 1.4389040647074569 1.8774946760386231 6.071746189147234 1.2117765471339215 803.33756261132658 12.979597862809895 1.4646383635699747 132.99943045713007 26.05213731341064 1.8975609075278033 2.736379524692893 313.50863780081272 30.467071188613772 35.887423314154148 1.8857566732913256 1.4588824771344659 3.7133677639067164 123.46078903414309 1296.0039325850084 2.8778560273349281 131.85233703628182 37.338148653507233 108.37033912166953 0.80257211625576008
leaf_count=5195 49555 5954 3725 9705 41 3162 30 31 100 21 16625 241 23 2390 437 33 41 7289 591 700 36 29 72 4262 23185 80 2516 717 2002 14
internal_value=0 -0.00205418 -0.00119498 -0.000521284 0.00218075 -0.0106969 0.00388133 0.017268 0.0860205 0.00993692 -0.00419905 0.0143993 0.110419 0.0125828 0.00897047 0.0150436 0.128963 -0.00129884 0.00636466 0.0039571 0.0200919 0.0884051 0.0538945 -0.0199028 0.00240117 -0.0045906 -0.0131194 0.0097123 0.0181526 0.110478
internal_weight=0 3988.92 3827.21 3698.64 2132.16 248.721 1883.44 187.518 7.51065 76.7337 1566.48 180.007 3.34213 176.665 163.686 137.633 4.63394 1116.85 74.6243 73.4125 42.9454 7.05801 5.59912 171.988 1695.92 399.917 250.528 149.389 112.051 3.68043
internal_count=138802 89247 84052 78098 44479 8914 35565 3326 130 1490 33619 3196 54 3142 2901 2464 74 23914 1449 1428 837 137 108 7424 32239 9054 6241 2813 2096 94
cat_boundaries=0 1 2 3
cat_threshold=2 4 2
is_linear=0
shrinkage=0.05


Tree=46
num_leaves=31
num_cat=3
split_feature=17 16 16 9 13 6 13 5 5 1 6 10 3 2 12 12 0 15 9 2 6 0 0 3 3 3 8 1 0 8
split_gain=14.8484 12.8371 11.2229 13.8865 10.6107 10.076 10.068 12.5354 18.8476 46.6779 16.037 24.0856 22.1313 9.38251 10.4024 8.95181 8.86751 11.6245 9.10706 8.62386 8.53113 10.9189 11.2574 12.0748 10.112 8.41911 8.14052 8.09714 8.96088 10.5703
threshold=0 1 2 1.8438450000000002 -0.83025549999999992 5.7894150000000009 -1.2370764999999999 1.7184350000000002 1.8308000000000002 0.54839100777550021 5.3340250000000013 -0.19006549999999997 2421.0571950000008 11.670045559660931 1.0988990000000001 -0.88344299999999987 76.049400000000006 1.5000000000000002 1.9244350000000001 11.146322332414464 6.5147650000000015 77.53377500000002 94.150715000000005 2041.3981685000001 2433.9255500000004 1462.1558820000002 -0.74364499999999989 21.677123622972708 91.616935000000012 0.55796000000000012
decision_type=1 1 1 2 8 2 10 2 2 2 2 2 10 2 10 10 2 2 2 2 2 2 2 8 10 10 2 2 2 2
left_child=2 15 -1 4 6 13 -4 -8 9 -9 11 12 -10 14 27 16 17 25 -18 -16 -20 -22 -23 -24 -25 -2 -15 28 29 -5
right_child=1 -3 3 5 -6 -7 7 8 10 -11 -12 -13 -14 26 19 -17 18 -19 20 -21 21 22 23 24 -26 -27 -28 -29 -30 -31
leaf_value=0.0028319498258520697 0.14339909969054751 0.0038120758445131654 -0.014357313785534957 0.016462085505718514 -0.025212138400272949 -0.0082705778901172641 -0.011592006780443712 0.52701373849489086 0.11440998274475661 -0.051804062195286285 -0.0019130115198772299 -0.015223495174466707 0.49974368559110482 -0.039619955521008388 -0.0057095956496122265 -0.0066988422706180982 -0.01063459779469323 -0.037360068963662237 0.0030186852658691957 0.079656904780610036 0.1106599578635425 -0.016732831303980084 0.21002006108438814 -0.011356915837630856 0.11712258251442823 0.030968468843933217 -0.0060326150093306845 0.074675882566269267 -0.010007999938993151 -0.012198596272805584
leaf_weight=512.06066162418574 1.7665107613429452 2593.8035626132041 49.276301489211619 218.59507540706545 145.23144614696503 655.39480367023498 11.152574992738666 0.69112959783524164 0.90240943711251043 0.70220377575606108 7.0243072994053364 1.3622640455141644 0.63471297733485699 20.982644816860557 230.82098253536969 588.7883691797033 175.65960245579481 6.2523343544453374 1063.8639693008736 2.9968780307099214 1.8253467883914698 115.18699991051108 0.94889769703149518 5.9983710665255785 2.056534031406045 29.000906276516616 128.64381336327642 4.6658200901001683 54.939907145686448 37.721461636945605
leaf_count=10997 30 47956 1836 4066 5848 15098 412 25 36 26 281 53 25 822 4976 12544 5277 122 19935 56 31 2187 17 117 40 553 2821 75 1176 1364
internal_value=0 0.00150258 -0.00358762 -0.00566106 -0.0174407 -0.00381624 -0.00170931 0.026028 0.0631014 0.235305 0.0389233 0.137857 0.273523 0.000358046 0.00337941 -0.00151715 0.00064729 0.0247933 -7.30805e-06 -0.00461544 0.00156158 -0.0107397 -0.0125241 0.0413193 0.0214458 0.0374237 -0.0107427 0.00929649 0.00831643 0.0122442
internal_weight=0 4585.15 2083.8 1571.74 216.977 1354.76 71.7459 22.4696 11.317 1.39333 9.92369 2.89939 1.53712 699.367 549.74 1991.35 1402.56 37.0198 1365.54 233.818 1189.88 126.016 124.191 9.0038 8.05491 30.7674 149.626 315.922 311.256 256.317
internal_count=138802 88809 49993 38996 8542 30454 2694 858 446 51 395 114 61 15356 11713 40853 28309 705 27604 5032 22327 2392 2361 174 157 583 3643 6681 6606 5430
cat_boundaries=0 1 2 3
cat_threshold=4 1 8
is_linear=0
shrinkage=0.05


Tree=47
num_leaves=31
num_cat=4
split_feature=8 9 8 7 6 4 1 11 13 17 0 1 1 10 9 0 3 8 8 1 12 2 6 6 10 15 7 5 18 3
split_gain=14.3685 13.7515 12.3792 14.8095 11.0386 15.5494 13.8926 14.468 11.1498 10.0232 11.3129 16.547 15.8098 14.5076 13.5941 34.9064 11.9638 12.4583 11.7659 11.5956 11.5376 15.2829 26.458 10.8094 10.7375 20.7211 18.8156 19.7175 16.7843 23.007
threshold=-1.10503 1.3571450000000003 0.95143000000000011 0 5.1774350000000009 5.8314200000000005 16.627883839558063 4.145864500000001 0.22965999999999978 1 82.452715000000026 12.052291399011919 3.3863954180309412 -1.7542304999999998 1.3844100000000001 77.53377500000002 2390.5727660000007 0.22538500000000003 -0.55642499999999984 -1.7018857575109145 3.6029420000000005 1.2542661674754687 6.0066850000000009 6.1802900000000003 0.59534850000000017 3.5000000000000004 2 2.4252050000000005 3 2507.0801040000006
decision_type=2 2 2 1 2 2 2 2 10 1 2 2 2 2 2 2 10 2 2 2 8 2 2 2 2 2 1 2 1 10
left_child=-1 -2 9 4 8 6 -6 -8 -4 -3 12 13 14 -12 15 -11 -16 23 -14 -15 -21 22 -22 24 25 -18 28 -28 -27 -30
right_child=1 2 3 -5 5 -7 7 -9 -10 10 11 -13 18 19 16 -17 17 -19 -20 20 21 -23 -24 -25 -26 26 27 -29 29 -31
leaf_value=-0.022770246587478532 -0.018443437473996696 0.0034105017380643234 0.1723630274822564 -0.033536619030555395 0.0097151057655295997 -0.046571649965453502 0.075283226428338915 0.35342569909339366 -0.01451705069326714 0.39127911557868406 -0.021922621886708973 0.0010471476622345328 -0.0088577469089111457 -0.020720214430013956 -0.0059634447981840675 0.0093772923203091305 0.020895022358212337 -0.006918394225350873 0.018528455373764595 -0.0037729434855724728 0.030378391795502637 -0.031841418331821927 0.22428450581831669 -0.035351293481229042 0.0076730264902893103 0.031367549718299019 -0.0064527546960298846 0.23703328530818568 0.47016716115670087 0.15274546463880209
leaf_weight=69.087617056444287 97.955908333882689 2200.1454668687657 2.0001219660043748 55.151948464103043 8.9356497842818516 9.7576370462775213 1.9651887416839593 0.61348819918930519 1.3281231466680763 0.79005176294594948 133.70138550642878 1710.5029799761251 47.190869079902768 102.98731123283505 431.96979799866676 2.4656196804717183 66.662756560370326 119.74076093919575 232.17514471895993 1178.4829647550359 7.120983796194194 4.7244291873648754 2.3363874610513449 11.159106738865374 160.0917127225548 1.17857317160815 4.267092874273656 1.032687636092305 0.85976335033774409 1.6988185551017521
leaf_count=3829 4873 40450 52 3834 298 339 60 17 38 31 3895 31554 1353 2370 8916 97 1291 2858 4018 25204 116 100 37 216 2782 24 78 19 17 36
internal_value=0 0.000150943 0.000431118 -0.0191467 0.0131144 -0.00013399 0.0392189 0.141456 0.0977893 0.000674274 -0.000751904 -0.0022709 0.00365899 -0.0062416 9.04879e-05 0.102053 -0.000325154 0.00631687 0.0139023 -0.00462343 -0.00323347 0.0415961 0.0782817 0.0127343 0.0150101 0.0305266 0.101576 0.0409917 0.187492 0.259409
internal_weight=0 6598.99 6501.04 79.7522 24.6002 21.272 11.5143 2.57868 3.32825 6421.28 4221.14 3139.86 1081.28 1429.35 801.917 3.25567 798.661 366.691 279.366 1295.65 1192.66 14.1818 9.45737 246.951 235.791 75.6997 9.03694 5.29978 3.73716 2.55858
internal_count=138802 134973 130100 4638 804 714 375 77 90 125462 85012 63276 21736 31722 16365 128 16237 7321 5371 27827 25457 253 153 4463 4247 1465 174 97 77 53
cat_boundaries=0 1 2 3 4
cat_threshold=2 1 2 1
is_linear=0
shrinkage=0.05


Tree=48
num_leaves=31
num_cat=2
split_feature=1 0 8 8 9 4 2 15 19 11 7 12 6 4 9 3 12 3 4 11 0 6 13 3 10 8 10 1 10 9
split_gain=13.5427 28.3724 16.6902 13.7466 17.042 23.5645 12.8506 12.829 15.5111 9.98015 24.8293 12.3555 10.3932 12.4134 11.2499 10.9212 17.6964 10.1767 19.6001 23.6569 20.9067 13.4655 18.6707 18.5487 13.3583 32.4928 9.9745 10.6594 9.66625 18.3743
threshold=10.175487867309222 88.651415000000014 0.85885000000000011 -0.99938999999999989 3.1036050000000004 6.3365650000000011 1.2542661674754687 1.0000000180025095e-35 0 2.8521890000000005 1 -1.7685074999999997 6.2588250000000007 6.3475650000000003 2.7414950000000005 2094.1408115000008 -0.47761249999999994 2255.6812310000005 6.2772950000000014 3.4889510000000006 92.648620000000008 6.1665050000000008 2.3187770000000003 2226.2272410000005 -0.97673249999999989 -0.034074999999999994 -1.1317624999999998 7.3953666313126591 -0.61590349999999983 3.0692900000000005
decision_type=2 2 2 2 2 2 2 2 1 2 1 8 2 2 2 8 10 10 2 2 2 2 8 8 2 2 2 2 2 2
left_child=1 2 3 4 -1 7 -2 8 -6 11 12 28 13 17 -15 16 -16 21 -19 20 -20 -11 23 24 -23 -26 -3 -28 -8 -30
right_child=6 26 -4 -5 5 -7 9 -9 -10 10 -12 -13 -14 14 15 -17 -18 18 19 -21 -22 22 -24 -25 25 -27 27 -29 29 -31
leaf_value=-0.034108717911704244 -0.014731662510797872 -0.021176779977492399 -0.023059848940112281 0.0008711402171561679 0.27735797131358558 0.42181264817625935 0.0081152635411380833 -0.033168890438575079 -0.051261887570088316 0.021491088591537366 -0.0013135204922561819 -0.0016080515644533379 0.0028892459695044801 -0.030365592809220729 0.20236238728620051 -0.0014378370359998268 -0.0064367193985177679 0.0085110158894951878 0.32398930845820978 -0.026368363861194524 0.039182363165919998 0.048078900351012116 -0.009641216099145207 0.24625565256856247 0.0068280404258286333 0.32311020429304882 -0.014225204939825967 0.0035852409792657735 0.25785444742654046 0.01839118694480495
leaf_weight=47.297227506525815 107.99549299664795 209.34950330015272 78.043286672793329 2725.1425869520754 0.9128831848502148 0.42272210307419289 330.94082871451974 2.7784807793796062 0.59191125445067883 228.75615926459432 615.35869574453682 1462.8974535139278 207.66296490468085 25.83486114628613 1.9531411547213791 11.523912079632282 2.112153206020591 218.76265618018806 1.589657370001077 1.7889178842306135 1.0835728384554384 12.805142162367707 6.8536255490034845 1.6676300298422564 1.6595423091202977 1.5901020001620043 219.94108309783041 135.9271039320156 1.1238263212144368 2.7893762588500977
leaf_count=2708 2162 5921 4475 55455 41 18 6174 134 26 4127 12849 27230 3734 452 33 202 35 3951 29 32 21 232 124 29 30 25 5462 3016 21 54
internal_value=0 -0.00228179 -0.00025565 0.000385193 -0.0250801 0.0656616 0.00222668 0.0305126 0.148095 0.00281016 0.00607461 0.000375102 0.0123399 0.0161287 -0.0101249 0.0234186 0.0938793 0.0184108 0.010627 0.114366 0.208545 0.0252695 0.0604391 0.0875405 0.0710546 0.16159 -0.0125168 -0.00742234 0.00903903 0.0871623
internal_weight=0 3420.41 2855.19 2777.15 52.0032 4.706 3246.75 4.28328 1.50479 3138.75 1341 1797.75 725.644 517.981 41.4241 15.5892 4.06529 476.557 223.225 4.46215 2.67323 253.332 24.576 17.7224 16.0548 3.24964 565.218 355.868 334.854 3.9132
internal_count=138802 77256 62857 58382 2927 219 61546 201 67 59384 25905 33479 13056 9322 722 270 68 8600 4033 82 50 4567 440 316 287 55 14399 8478 6249 75
cat_boundaries=0 1 2
cat_threshold=1 2
is_linear=0
shrinkage=0.05


Tree=49
num_leaves=31
num_cat=2
split_feature=1 10 8 8 0 3 8 3 10 8 3 8 9 1 10 1 9 7 13 18 13 5 12 1 0 11 10 1 9 13
split_gain=12.961 23.1215 16.1955 14.9061 11.3575 12.0849 11.7532 11.7696 15.1941 14.7763 30.0531 16.0329 14.1836 15.6157 11.3962 11.3936 10.1694 15.2475 14.0731 20.3979 26.1434 12.7553 25.8425 9.56325 23.4784 14.175 18.5603 23.5869 18.8206 24.956
threshold=15.682091619059962 -2.0888559999999994 -0.81717499999999987 1.0462400000000003 93.194275000000019 2501.6789735000007 -0.75544499999999981 2511.6438830000002 -2.9697179999999994 0.24478500000000003 2633.2714160000005 0.27065500000000003 2.0529000000000006 19.985737074351004 -2.2183159999999993 18.40498539843335 2.4874550000000002 0 -1.741798 1 -2.3495469999999998 3.3199200000000002 -1.1628059999999996 9.7420668033706406 88.053955000000016 2.8146415000000005 -2.0267739999999992 14.720418356074143 2.5048750000000006 -0.10314449999999996
decision_type=2 2 2 2 2 10 2 10 2 2 10 2 2 2 2 2 2 1 8 1 10 2 8 2 2 2 2 2 2 10
left_child=1 -1 16 23 5 -2 15 14 12 -10 11 -11 -9 -14 -8 -7 17 -3 19 20 -19 -18 -23 24 -4 -25 27 -27 29 -29
right_child=4 2 3 -5 -6 6 7 8 9 10 -12 -13 13 -15 -16 -17 21 18 -20 -21 -22 22 -24 25 -26 26 -28 28 -30 -31
leaf_value=-0.012378871869082228 0.0051033933729558792 -0.035194325453831665 0.0012062651032444891 -0.030430255284977049 -0.0033148278037851784 0.22952152739581125 0.023066331917944684 0.011825590352538884 -0.02429626146727033 0.20582369530855985 0.26410375258834601 -0.011577377598211733 0.27837174429182693 0.048250917443786616 0.15756863300167237 0.002524812640360721 -0.0070468187416500329 0.0065521209237086086 -0.010963392924195898 0.012423564613003986 0.38132164722572487 0.339567779604173 0.027778133904999787 -0.0019303639121433605 -0.010257046107298114 0.024503049578053049 0.0077618971586541161 0.075865206801204052 -0.015292148551633369 0.32919580925287106
leaf_weight=436.16813761182129 1238.9104348365217 81.055248437449336 2534.0386452935636 38.93552362639457 436.43157065287232 1.4189557954668992 3.2322021815925837 3.0780765749514059 20.256034752354033 0.96202662587165644 1.4119506590068329 7.1589645817875862 1.4997748583555224 1.4498911183327434 3.0713331196457139 0.90558892674744118 114.36785599775612 0.84454152546823036 19.615048343315724 3.8809372847899795 1.0364010073244569 0.76589078269898891 5.0243814792484036 494.55925791524351 542.25419035740197 14.863333775661888 654.08440651092678 1.9297385420650244 1.3155425507575271 1.9591423328965893
leaf_count=11244 21429 4069 51290 2584 8300 37 51 70 312 15 20 135 19 22 47 23 4169 22 668 118 27 24 169 8833 12638 328 12049 32 24 34
internal_value=0 -0.00138611 -0.000323114 0.000365938 0.00365287 0.00602238 0.0316393 0.025599 0.014511 -0.00013826 0.0511938 0.0141763 0.0869071 0.165257 0.0886012 0.141089 -0.0133504 -0.0246052 0.00921716 0.0779174 0.21305 -0.00338129 0.0690192 0.000648403 -0.000814358 0.0044987 0.00921507 0.0565794 0.148186 0.203488
internal_weight=0 4946.7 4510.53 4283.94 1719.79 1283.36 44.4448 42.1203 35.8167 29.789 9.53294 8.12099 6.02774 2.94967 6.30354 2.32454 226.59 106.432 25.3769 5.76188 1.88094 120.158 5.79027 4245 3076.29 1168.71 674.152 20.0678 5.20442 3.88888
internal_count=138802 108322 97078 87812 30480 22180 751 691 593 482 170 150 111 41 98 60 9266 4904 835 167 49 4362 193 85228 63928 21300 12467 418 90 66
cat_boundaries=0 1 2
cat_threshold=2 4
is_linear=0
shrinkage=0.05


Tree=50
num_leaves=31
num_cat=2
split_feature=9 8 8 7 9 6 1 2 0 12 11 5 3 6 8 11 17 9 6 3 13 12 14 4 9 9 11 4 13 6
split_gain=12.6108 11.7775 11.2017 14.6433 17.5277 10.8358 11.1979 20.3155 14.2296 12.9347 11.825 16.1399 17.4572 16.6636 14.0423 11.3301 13.1835 10.7904 12.019 11.5449 14.237 11.4315 10.539 12.7548 13.3698 11.9599 17.582 9.92454 12.7259 9.8369
threshold=1.3571450000000003 -1.10503 0.55796000000000012 0 2.3582650000000007 5.9457250000000004 7.2899229656412876 3.473340066487514 84.50527000000001 1.8237275000000002 1.3822680000000001 0.37500500000000003 1716.3113110000002 5.6354050000000013 -0.73290499999999981 5.555778000000001 1 2.5410550000000005 7.0545700000000009 2437.1814925000003 -1.1443244999999995 2.4142760000000005 1.5000000000000002 5.8009000000000013 2.2463150000000005 2.1183450000000001 2.1345595000000004 5.948125000000001 -0.98622200000000004 5.7415550000000009
decision_type=2 2 2 1 2 2 2 2 2 8 2 2 8 2 2 2 1 2 2 10 10 10 2 2 2 2 2 2 8 2
left_child=-1 -2 5 17 -5 6 7 -3 9 10 11 -8 13 -13 -12 -9 -17 18 19 -4 -21 22 23 -22 25 26 -25 28 -14 -16
right_child=1 2 3 4 -6 -7 8 15 -10 -11 14 12 27 -15 29 16 -18 -19 -20 20 21 -23 -24 24 -26 -27 -28 -29 -30 -31
leaf_value=-0.018007009145893049 -0.020991413095902845 0.0033629619387753754 0.0018288803056760385 -0.026434616488511711 -0.0033722719969269963 -0.0015418784903908956 -0.032678765500564387 -0.009424063096384324 0.0044070944525219724 -0.0023590976310612108 -0.05169702458423836 0.10036080923915154 0.01252789329781305 0.3585124694050883 0.044301656751272157 0.16121576563177367 0.0031071082886911178 -0.010108882926439761 0.13825600428129781 -0.013581694007001516 -0.019188727897428259 0.19121944088585285 0.08852590934942195 0.20217082988897023 -0.031160717324177391 0.2290327040626092 -0.029080352474021517 -0.011517146964897798 0.20716041900690671 0.0037438754667060352
leaf_weight=96.742579733021557 65.052985828369856 1261.2651812424883 125.40746628306806 141.25413489714265 197.68993983883411 2389.7434574877843 2.3828506041318169 487.28442267887294 1629.7386921104044 37.891083411872387 5.4336985321715465 1.2917606346309161 1.4962629396468399 1.211276104673743 48.290571870282292 2.0968017037957898 3.5516927987337112 102.12130092456937 1.8225487209856499 11.351041821762918 8.8268034886568874 1.422136129811405 9.0972869768738729 1.366692598909139 2.2446462325751781 1.5891020391136406 2.0621159002184868 2.3648635298013687 1.9143496062606584 21.654252482578158
leaf_count=4947 3755 22777 2387 7491 5873 45667 43 10897 29750 642 194 26 24 28 780 39 70 2269 30 215 169 21 154 22 42 25 38 41 31 355
internal_value=0 0.000177701 0.000389439 -0.00608253 -0.0129834 0.00105474 0.00282369 -8.77529e-07 0.0056491 0.021982 0.0327015 0.0819892 0.114995 0.225286 0.0257304 -0.00860792 0.0617993 0.00266766 0.0105662 0.00914167 0.0333008 0.0533005 0.045513 0.0211926 0.0702714 0.115645 0.0630943 0.0671955 0.121774 0.0317454
internal_weight=0 6568.92 6503.87 606.255 338.944 5897.61 3507.87 1754.2 1753.67 123.931 86.0399 10.6614 8.27851 2.50304 75.3785 492.933 5.64849 267.311 165.19 163.367 37.9598 26.6088 25.1866 16.0894 7.26256 5.01791 3.42881 5.77548 3.41061 69.9448
internal_count=138802 133855 130100 18736 13364 111364 65697 33783 31914 2164 1522 193 150 54 1329 11006 109 5372 3103 3073 686 471 450 296 127 85 60 96 55 1135
cat_boundaries=0 1 2
cat_threshold=2 1
is_linear=0
shrinkage=0.05


Tree=51
num_leaves=31
num_cat=4
split_feature=17 16 16 9 8 13 3 1 11 6 10 12 8 13 8 6 8 1 4 1 0 10 2 13 4 11 12 1 6 17
split_gain=12.3801 11.6846 9.96631 12.0855 9.9497 9.77293 9.60344 9.47773 9.06657 9.32815 10.2718 8.74131 9.6326 19.6311 14.3209 18.2839 14.2484 11.1855 8.6244 9.86334 14.0502 11.1663 16.7258 24.6264 14.9632 19.7186 12.7608 11.755 11.6536 17.4566
threshold=0 1 2 1.8438450000000002 -0.77861499999999995 -0.83025549999999992 1396.5647515000003 -0.48062079837226551 1.7658305000000001 6.4906700000000006 1.4793005000000001 -1.6988309999999998 -0.92360999999999993 -2.5649534999999992 -1.0224049999999998 6.2444150000000009 -0.99938999999999989 10.627049502916867 5.3941250000000007 10.175487867309222 82.621415000000013 0.25298400000000004 14.517023468962332 -0.07715550000000003 5.1977150000000014 4.5501130000000005 2.1429325000000006 5.6061868753698283 5.9615400000000003 3
decision_type=1 1 1 2 2 8 10 2 2 2 2 10 2 8 2 2 2 2 2 2 2 2 2 8 2 2 10 2 2 1
left_child=2 11 -1 5 -3 6 7 -4 9 10 -5 -2 13 -13 -15 16 -16 -17 19 20 21 22 24 -24 25 27 -26 -6 29 -29
right_child=1 4 3 8 18 -7 -8 -9 -10 -11 -12 12 -14 14 15 17 -18 -19 -20 -21 -22 -23 23 -25 26 -27 -28 28 -30 -31
leaf_value=0.0027419343004952065 0.015816549083569317 -0.011693959954164083 0.27118442877156584 0.0071682389762576229 0.011921466412272307 -0.024118191944229862 -0.0043364879257278303 0.030517018368198798 -0.0065529969326775465 -0.028031021712426593 -0.013016427242968434 0.21130467539853082 0.0031226415595620336 -0.019274623850022238 0.20544121672213694 0.057689750746675733 -0.0011088270640098499 0.28467876086751809 -0.00083872110264120506 0.015153298855671389 -0.0050291063561054344 0.0060960749792979873 0.38684951981825316 0.061870066584358729 -0.010592149104008297 0.24710114119999474 0.1368296731849091 0.068016290405768981 0.026274887387302895 0.31814745409793033
leaf_weight=512.5945121506229 183.5034938165918 174.95758513826877 0.61734099872410308 368.17756451945752 9.2397355576977116 139.62620772514492 69.344176976010203 1.2126362025737749 878.52907785121351 24.414833868853748 76.048125089146197 1.513608078472316 911.08291037380695 9.4018862182274496 0.97272678557783354 0.9145554639399055 5.8944884100928903 1.3349230103194711 2557.9151263190433 188.63493854459375 315.43674204126 200.89950291067362 0.79579127952456474 2.1795359700918193 21.096716239117089 1.3313708379864682 1.5776641061529506 1.6459017964079976 2.5050988961011171 1.2105755861848584
leaf_count=10997 3112 6349 15 7849 242 5848 2635 44 20507 580 1518 39 15667 458 37 32 178 32 48084 3318 6869 3667 19 53 486 27 33 36 47 24
internal_value=0 0.00136148 -0.00329522 -0.00526533 -7.37636e-05 -0.0164318 -0.00135289 0.111706 -0.00355713 0.00205901 0.00371277 0.00579048 0.00387674 0.0381736 0.0240229 0.0686748 0.0281486 0.192393 0.000541253 0.00526946 0.00192768 0.0109775 0.0345617 0.14879 0.0257584 0.0628924 -0.000334664 0.046096 0.10499 0.174022
internal_weight=0 4594.04 2070.56 1557.97 3479.43 210.8 71.1742 1.82998 1347.17 468.641 444.226 1114.62 931.115 20.0322 18.5186 9.11669 6.86722 2.24948 3304.47 746.554 557.919 242.482 41.5824 2.97533 38.6071 15.9327 22.6744 14.6013 5.36158 2.85648
internal_count=138802 88809 49993 38996 69254 8542 2694 59 30454 9947 9367 19555 16443 776 737 279 215 64 62905 14821 11503 4634 967 72 895 376 519 349 107 60
cat_boundaries=0 1 2 3 4
cat_threshold=4 12 8 2
is_linear=0
shrinkage=0.05


Tree=52
num_leaves=31
num_cat=2
split_feature=9 8 0 1 10 8 7 7 11 3 4 5 12 12 9 8 6 13 0 10 4 13 8 8 1 0 3 11 0 8
split_gain=11.6016 13.9344 11.3416 12.1267 14.8462 9.86252 39.9159 27.3699 18.065 24.9712 17.5389 17.1234 14.1733 27.985 14.2135 11.5365 20.2207 11.315 15.63 22.4769 13.6663 10.8807 9.46509 9.22229 8.96364 14.6181 24.4274 14.4748 32.652 10.601
threshold=2.1981250000000006 -0.88995499999999994 93.261140000000012 14.463930772418912 -2.0731579999999998 -0.30783999999999995 0 1 2.3943785000000006 1396.5647515000003 5.0493050000000013 2.7861100000000003 -0.10607449999999995 0.17866200000000002 1.9839100000000001 -0.14771499999999996 5.4952450000000015 1.1414525000000004 89.903200000000012 -1.5296659999999997 5.0916300000000012 2.5634950000000005 -0.29560499999999995 0.39784000000000003 9.8515390887862999 88.300555000000017 2078.6618795000009 3.1212525000000002 90.149250000000009 -0.090264999999999998
decision_type=2 2 2 2 2 2 1 1 2 10 2 2 8 10 2 2 2 10 2 2 2 10 2 2 2 2 10 2 2 2
left_child=1 -1 3 4 -3 7 11 21 9 12 15 24 -8 -14 -15 16 -11 -9 19 -19 -21 -6 -12 -2 29 -26 27 -27 -29 -7
right_child=23 2 -4 -5 5 6 8 17 -10 10 22 -13 13 14 -16 -17 -18 18 -20 20 -22 -23 -24 -25 25 26 -28 28 -30 -31
leaf_value=-0.029263355858257213 0.0022711790570645921 -0.017163286485638942 -0.015076389577457891 0.0071109218903446306 -0.022797769523129965 -0.0025988307876192171 -0.052771037974553549 0.0068377540408008884 -0.021440038265860606 0.27073180111229317 0.10407599585862799 -0.011314296698268618 0.41827612841708861 -0.016557902670228677 0.24327776102190535 0.02503042434086282 0.0093134269654378665 0.31671710622359167 -0.052257209658073546 0.1742263416230756 -0.0020068782103055231 0.049070920887086797 -0.0080568305812269755 -0.0037588703866396041 0.0063191263860859145 0.068698159741178114 0.035462954602622832 0.40191744198087592 0.05849216428242391 0.016154669631689888
leaf_weight=50.211834983900189 3892.335477290675 172.90728645958006 166.42510456033051 337.36589878425002 184.85148822050542 100.3711991365999 0.8927657688036561 89.593549082055688 195.60261026583612 1.3825969882309466 1.8964584954082955 78.863250896334648 0.84703487530350674 1.4020038396120074 0.84263646509498347 19.200944039039314 1.5908430386334655 1.0815863125026224 1.9574502557516096 1.7573132384568442 2.941227700561285 5.4208815041929475 245.32731432747096 757.46178150828928 24.03089901059866 2.4571397006511715 19.684466846287251 1.4273607246577742 1.3436724748462436 302.36691249161959
leaf_count=2875 68883 5427 4097 6898 6122 2186 25 1946 6731 25 34 1587 16 42 17 535 32 22 51 37 62 172 7281 17181 391 43 341 26 25 5692
internal_value=0 -0.00325409 -0.00258908 -0.00143285 -0.00340703 -0.00155908 0.000788666 -0.00971839 -0.00983872 -0.00153808 -0.00337585 0.0101829 0.122718 0.173393 0.0809842 0.0392226 0.130868 0.0118477 0.0698582 0.111213 0.0639066 -0.0207502 -0.00719666 0.00128887 0.0139363 0.0341414 0.0609789 0.157048 0.235391 0.0114809
internal_weight=0 2014.04 1963.83 1797.41 1460.04 1287.13 999.53 287.603 468.985 273.383 269.398 530.545 3.98444 3.09168 2.24464 22.1744 2.97344 97.3311 7.73758 5.78013 4.69854 190.272 247.224 4649.8 451.682 48.9435 24.9126 5.22817 2.77103 402.738
internal_count=138802 52738 49863 45766 38868 33441 25029 8412 14738 8007 7907 10291 100 75 59 592 57 2118 172 121 99 6294 7315 86064 8704 826 435 94 51 7878
cat_boundaries=0 1 2
cat_threshold=2 2
is_linear=0
shrinkage=0.05


Tree=53
num_leaves=31
num_cat=2
split_feature=1 0 8 8 7 8 9 7 9 9 2 12 13 5 3 9 13 3 4 1 13 0 1 12 1 1 2 6 11 1
split_gain=11.2924 16.5414 16.8667 12.957 24.3123 30.9902 22.4992 15.994 31.026 18.1973 14.6498 14.0862 18.3074 13.8434 13.3192 13.1444 12.952 15.3701 14.1173 12.1407 18.3482 13.6625 20.8482 18.7945 20.8955 17.3605 18.6037 21.3075 12.1796 13.9951
threshold=16.785643515751826 91.169675000000012 1.0462400000000003 -0.39237999999999995 0 0.26411500000000004 2.3582650000000007 1 2.4874550000000002 2.4516850000000008 11.008374834191402 -1.0942614999999998 -1.1097134999999998 2.2459450000000003 2397.5367515000003 1.5713950000000001 -3.1892154999999995 2201.8939235000003 5.3733700000000004 1.2723412732694814 -0.48184700000000008 81.067305000000019 5.2112625921343545 0.70390150000000007 6.9744940496360615 1.8424518529534712 -3.1254530944407155 5.4625500000000011 1.7053865000000001 7.4989377254196095
decision_type=2 2 2 2 1 2 2 1 2 2 2 8 10 2 10 2 8 10 2 2 8 2 2 10 2 2 2 2 2 2
left_child=1 2 3 7 -5 14 -7 8 -1 -9 11 12 -11 -10 19 -16 17 -13 -19 -6 21 22 25 24 -24 26 27 -21 -22 -30
right_child=-2 -3 -4 4 5 6 -8 9 13 10 -12 16 -14 -15 15 -17 -18 18 -20 20 28 -23 23 -25 -26 -27 -28 -29 29 -31
leaf_value=-0.019633393625242364 0.0040852396521677209 -0.0071612713217282147 -0.032787250665759986 0.0062171493283607318 -0.01196826757012618 -0.021667214335608684 -0.0024199055294995102 0.016817165241469895 -0.0051669260572716385 0.2239124478326236 -0.020136539347506231 0.18824289906924255 0.034369143039647963 0.017999734160260374 -0.039111983532805684 0.013798595523906554 -0.0044020458597489398 0.10206249828568932 -0.053660301093967938 0.030743463609757684 0.016528002763548474 0.0093141682750324997 0.35465384767493791 0.059852695383192704 0.091217578908711919 -0.0031995036614092028 -0.023655431919253653 0.31524775659369192 -0.021029501823039174 0.00018647364499646711
leaf_weight=340.10308657865971 1305.6313145039603 930.29816045984626 38.476526409387589 1677.2048134636134 182.21279352065176 281.35161612089723 329.82753166090697 154.27765749022365 190.73139709141105 1.4436881970614184 96.82547651976347 1.8548222761601207 10.834841582924126 97.422294273972511 12.230238687247036 291.68335121870041 103.86292096786201 2.865511754527688 2.9576043356209993 1.1782338861376049 65.305486407130957 165.22032086364925 1.3445504233241066 7.4331786595284939 1.7101368010044096 18.680359644815326 1.6565973553806568 1.4907850753515957 117.6347842104733 229.14027829747647
leaf_count=11541 22850 21168 2663 29109 3325 10468 7060 3396 4281 29 2287 28 202 2271 493 4756 2104 39 51 18 1060 2834 19 103 26 287 26 25 2241 4042
internal_value=0 -0.00110052 0.000173105 0.000462089 0.00194105 -0.00225771 -0.0112803 -0.00452877 -0.00940586 0.00364377 -0.00556724 0.0058258 0.0566553 0.00266552 0.00276944 0.0116693 0.000230437 0.0628961 0.0229697 -0.000641369 0.00273768 0.0152172 0.0443357 0.102761 0.207172 0.0177012 0.107962 0.189654 -0.00328019 -0.00701052
internal_weight=0 5357.26 4426.96 4388.48 3385.31 1708.1 611.179 1003.18 628.257 374.923 220.645 123.819 12.2785 288.154 1096.92 303.914 111.541 7.67794 5.82312 793.008 610.795 198.714 33.4938 10.4879 3.05469 23.006 4.32562 2.66902 412.081 346.775
internal_count=138802 115952 94784 92121 65892 36783 17528 26229 18093 8136 4740 2453 231 6552 19255 5249 2222 118 90 14006 10681 3338 504 148 45 356 69 43 7343 6283
cat_boundaries=0 1 2
cat_threshold=2 2
is_linear=0
shrinkage=0.05


Tree=54
num_leaves=31
num_cat=2
split_feature=9 17 16 6 9 1 0 0 13 0 12 15 1 0 6 2 0 12 0 6 3 9 3 10 9 11 3 12 13 8
split_gain=10.7901 10.6016 12.7909 14.0401 14.6193 12.0346 22.4834 31.4027 31.4795 15.4247 12.3859 13.0899 34.5846 11.767 22.0681 11.4488 10.2782 17.507 13.9452 15.0396 27.2645 23.1427 15.0669 8.93195 32.121 10.1836 9.38867 20.2358 8.2471 21.3804
threshold=1.2646200000000001 0 1 5.7894150000000009 2.4930550000000005 7.5983079574621462 83.801575000000014 83.040750000000017 -0.96929050000000005 88.821480000000022 1.7929900000000003 2.5000000000000004 8.2256639119778807 83.293435000000017 5.5575450000000002 12.251802672271737 84.060715000000016 -3.7261839999999995 83.801575000000014 6.208050000000001 2109.1838260000004 2.8059350000000003 2273.6420295000003 -2.8104804999999993 3.0036000000000005 1.9915625000000003 2375.7011515000004 -1.2869279999999998 -3.019436499999999 -0.83110499999999987
decision_type=2 1 1 2 2 2 2 2 8 2 8 2 2 2 2 2 2 10 2 2 10 2 10 2 2 2 10 10 10 2
left_child=-1 -2 28 5 -5 9 7 10 -9 -4 11 15 -13 14 -10 -7 17 -6 -19 22 21 -21 -20 24 26 -26 -18 -28 29 -3
right_child=1 2 3 4 16 6 -8 8 13 -11 -12 12 -14 -15 -16 -17 23 18 19 20 -22 -23 -24 -25 25 -27 27 -29 -30 -31
leaf_value=-0.021146248017938452 0.002898683550633864 0.2490190610021597 -0.0012142127510824461 -0.010557765505556441 0.16318236171792089 0.031254201318790344 0.0031640766561835329 0.32649226594662234 0.25772230192593981 -0.025545315323461767 -0.045604553609003881 0.30221285732095704 0.029943434854570503 0.022181384976895719 -0.012868489541587085 -0.053347000266046808 -0.014764612720686094 0.0048099134313609685 -0.037948077776654057 0.11261609133495094 -0.014532489041813154 0.47556329862399549 0.1769548676986831 -0.0050991766857222337 0.09272509153124929 0.28743653214315429 0.17095467407798731 -0.0043151702208312596 0.0038509590927967639 0.023902215573559718
leaf_weight=60.260195782408118 2245.2826211974025 1.1607549637556065 1062.5560752386227 839.12999104894698 1.8304861225187767 23.45411462336779 644.54622882138938 1.5774650117382405 1.9205947620794162 69.391764682717621 6.1559578897431484 1.543141035363077 4.7765893181785941 3.9582702340558171 1.239958072081208 4.8209238089621058 16.75698493607343 169.12788016907871 3.2858330728486171 0.90819212235510371 1.2896320037543771 0.85051650553941727 1.0848984140902755 710.43962869234383 1.3687375485897058 1.3182962555438278 2.4364371672272682 5.0814296007156363 762.50374134164304 11.54655565228313
leaf_count=3300 42297 33 23504 20603 23 449 12988 34 31 1966 114 31 96 85 28 110 295 3240 64 24 25 16 19 13992 26 21 38 89 15065 196
internal_value=0 0.000107742 -0.00133082 -0.00258951 -0.00579032 0.000472604 0.00565676 0.038149 0.124404 -0.00270578 0.019742 0.0313701 0.0964257 0.0796232 0.151563 0.0168296 -0.00142189 0.0093481 0.00775311 0.0748472 0.16009 0.288138 0.0153949 -0.00402716 0.0242203 0.188253 0.00606318 0.0524874 0.00445919 0.0444656
internal_weight=0 6601.34 4356.06 3580.85 1754.91 1825.94 693.993 49.447 8.69629 1131.95 40.7507 34.5948 6.31973 7.11882 3.16055 28.275 915.779 178.377 176.547 7.41907 3.04834 1.75871 4.37073 737.402 26.9619 2.68703 24.2749 7.51787 775.211 12.7073
internal_count=138802 135502 93205 77911 38475 39436 13966 978 178 25470 800 686 127 144 59 559 17872 3411 3388 148 65 40 83 14461 469 47 422 127 15294 229
cat_boundaries=0 1 2
cat_threshold=1 8
is_linear=0
shrinkage=0.05


Tree=55
num_leaves=31
num_cat=2
split_feature=8 9 17 16 6 13 13 6 4 3 0 2 13 0 6 4 4 2 5 8 0 9 12 5 8 8 0 9 1 3
split_gain=10.5773 9.74662 8.78406 10.8427 10.9199 16.0024 16.9509 11.9057 20.7128 21.4406 16.2296 12.6452 15.8226 12.5969 20.6856 10.7618 13.2206 9.69683 9.56721 9.54126 9.29686 12.3231 9.27452 9.26769 9.02925 14.6146 8.93266 11.7096 10.3139 14.5049
threshold=-1.10503 1.2646200000000001 0 1 5.800085000000001 -0.67139699999999991 -0.70056149999999995 6.3953800000000003 6.3475650000000003 1984.2239205000003 88.300555000000017 9.3702507540640898 -2.4866614999999999 88.176080000000013 6.4458300000000008 6.0680400000000008 5.117160000000001 -10.233211489582745 1.4297950000000001 0.97880500000000015 81.859710000000021 2.4516850000000008 3.0256650000000005 1.0000000180025095e-35 -0.017389999999999996 0.16331000000000004 81.675865000000002 2.8767750000000007 6.286736502691757 1859.0263720000003
decision_type=2 2 1 1 2 10 8 2 2 10 2 2 10 2 2 2 2 2 2 2 2 2 10 2 2 2 2 2 2 10
left_child=-1 -2 -3 4 22 6 7 -6 11 -10 -11 17 -13 14 -14 16 -8 -9 -17 20 26 -22 -4 24 -23 -26 -5 28 -28 -30
right_child=1 2 3 19 5 -7 15 8 9 10 -12 12 13 -15 -16 18 -18 -19 -20 -21 21 23 -24 -25 25 -27 27 -29 29 -31
leaf_value=-0.020353415856145154 -0.020212701391743929 0.0028341545381764918 0.0071419326364679132 0.0010883522952837572 -0.00059282841096654768 -0.005710733758134144 0.19133357799601311 0.14870515161937492 0.34329281026564673 0.25167304205111662 0.02083338013173025 0.22558621047832844 0.29448220049993878 0.012276171557949819 0.054414306523055248 0.054412562352781628 0.014046844500366976 -0.0099907883032976513 0.23535503552076903 -0.029906776579142647 -0.0094070946099838598 -0.017022446901796277 -0.014088522597586179 -0.0013555271791786481 0.23281591654986933 0.039219108871618738 -0.0013748427524035323 0.11656214893525361 -0.024916828560600898 0.1624682622466575
leaf_weight=63.751020013354719 58.467621975578368 2237.0761132491753 835.18809410650283 617.72686738800257 204.87030688673258 728.46270841080695 1.2265236023813466 0.99007909372448821 0.8820455577224483 0.98354491032659996 3.3715993938967586 1.0734395440667857 1.0054105259478081 25.205481611192226 8.3451456250622851 1.3791715633124106 7.3720264537259936 34.659991294145584 1.5533340219408271 33.174955279566348 790.72323200758547 2.7408433370292187 54.817768362350762 918.08393220417202 1.3942886665463436 3.240400530397892 15.451413676142698 3.5271979495882979 1.7395790107548226 2.5415568174794316
leaf_count=3829 3252 41503 16747 12795 4037 14664 24 21 16 20 64 20 18 498 164 22 136 678 29 2256 18866 48 1076 17465 21 60 332 62 33 46
internal_value=0 0.000111163 0.000292892 -0.00102867 0.00177641 -0.00174213 0.00812745 0.00569259 0.0225215 0.118494 0.0729651 0.0154701 0.0365358 0.0306632 0.0802274 0.0675444 0.0393356 -0.00558346 0.150257 -0.00326546 -0.00290436 -0.00482341 0.00583429 -0.000907058 0.054917 0.0974603 0.00223371 0.0326518 0.0176528 0.086327
internal_weight=0 6597.27 6538.81 4301.73 1911.39 1021.38 292.918 281.387 76.5167 5.23719 4.35514 71.2795 35.6295 34.556 9.35056 11.5311 8.59855 35.6501 2.93251 2390.34 2357.17 1716.18 890.006 925.459 7.37553 4.63469 640.987 23.2597 19.7325 4.28114
internal_count=138802 134973 131721 90218 38234 20411 5747 5536 1499 100 84 1399 700 680 182 211 160 699 51 51984 49728 36460 17823 17594 129 81 13268 473 411 79
cat_boundaries=0 1 2
cat_threshold=1 12
is_linear=0
shrinkage=0.05


Tree=56
num_leaves=31
num_cat=3
split_feature=17 16 8 3 13 7 2 8 9 13 0 1 0 1 12 5 10 1 12 4 2 6 1 8 4 0 10 0 13 2
split_gain=10.1264 10.5782 8.26243 12.35 25.7707 8.68085 14.3925 13.6547 13.4478 15.1857 10.0213 10.1427 12.4653 9.95809 9.59546 9.41598 8.61347 9.03847 12.0798 8.62103 8.4871 20.3674 11.1106 11.0335 10.6171 8.66418 12.2375 22.9449 10.5896 15.8767
threshold=0 1 -1.10503 2582.6685555000008 -1.0915604999999999 2 12.708120006681279 0.25092500000000001 1.9763650000000001 -3.8435779999999995 92.016045000000005 21.677123622972708 95.095485000000011 18.500024275913365 0.80217500000000019 1.1498600000000001 -3.2948809999999997 19.181754593139221 -1.4776474999999998 5.4578250000000006 10.602339530647258 5.7841050000000012 6.8756833683938083 -0.38516999999999996 5.0163950000000002 90.828610000000012 0.44094850000000002 87.13616500000002 -0.57429649999999965 16.818851721894692
decision_type=1 1 2 8 10 1 2 2 2 10 2 2 2 2 10 2 2 2 10 2 2 2 2 2 2 2 2 2 8 2
left_child=2 -2 3 -1 -5 20 7 10 -9 -10 16 -12 -13 -8 -15 -14 17 18 -7 -18 21 23 -22 -4 -23 26 28 -28 29 -24
right_child=1 -3 5 4 -6 6 13 8 9 -11 11 12 15 14 -16 -17 19 -19 -20 -21 22 24 25 -25 -26 -27 27 -29 -30 -31
leaf_value=-0.034332011091264394 -0.001526199142364214 0.0033041848861036314 -0.010206390404992298 -0.051144862982434314 0.46449953589459325 0.017056889155541904 -0.021817085206626091 -0.032986781701986864 0.13696560824189119 -0.0073298713785486238 -0.018146705247957164 -0.0082350879354447914 0.025978499305536702 0.0054457843838821973 0.12531341606971333 0.21138623552606625 0.017176464465238236 -0.0084273869660475356 0.21442033229241969 0.00026126555754521562 -0.0078558311077718303 -0.049875598296940722 0.03262686051564688 0.010281256782894014 -0.0097391196145895226 0.0031712071191792889 0.0012996182698273356 0.27045302292442169 0.011505244499393857 0.15249136116331813
leaf_weight=30.217023473232988 1989.8130735205486 2612.9350400837138 86.366843210533261 0.64945596642792225 0.38651142269372829 1.4373960476368668 171.10676065739244 58.120391810312867 1.8370038587599982 245.35909731779248 80.820323594845831 4.4170033372938624 1.2545772977173331 11.177927290089427 1.9627139884978522 1.5077363811433313 102.18971404619515 2.2226881869137287 1.6831238791346539 286.54076069034636 97.663620058447123 17.418027126230299 22.161353863775734 274.83076988440007 304.84557658061385 141.1405707988888 1.8403528854250901 1.3897743783891199 103.85378466639668 3.156043059192597
leaf_count=1925 40853 47956 2366 35 14 37 4672 3553 39 6940 1684 76 21 251 40 24 1965 41 36 5551 2787 401 477 5068 6566 3060 38 26 2233 67
internal_value=0 0.00121983 -0.00299967 -0.0285123 0.141238 -0.00260618 -0.00601578 -0.00307209 -0.0113458 -0.00625756 0.00216795 -0.0130874 0.0438666 -0.0185958 0.0233495 0.127178 0.0055746 0.0686258 0.123509 0.00470794 0.000535008 -0.00277053 0.00662114 0.00538241 -0.0119085 0.0117899 0.0209775 0.117104 0.0185737 0.0475691
internal_weight=0 4602.75 2057.56 31.253 1.03597 2026.3 971.637 787.39 305.316 247.196 482.073 87.9996 7.17932 184.247 13.1406 2.76231 394.074 5.34321 3.12052 388.73 1054.67 683.461 371.205 361.198 322.264 273.542 132.401 3.23013 129.171 25.3174
internal_count=138802 88809 49993 1974 49 48019 24930 19967 10532 6979 9435 1805 121 4963 291 45 7630 114 73 7516 23089 14401 8688 7434 6967 5901 2841 64 2777 544
cat_boundaries=0 1 2 3
cat_threshold=4 1 2
is_linear=0
shrinkage=0.05


Tree=57
num_leaves=31
num_cat=2
split_feature=1 10 1 8 7 8 9 11 1 13 9 8 1 9 6 10 0 15 4 11 5 3 3 16 13 1 4 4 1 2
split_gain=9.94883 15.8629 11.9037 11.7893 20.5002 19.3529 18.3956 16.7122 11.8461 11.593 11.5926 11.1918 21.4917 11.8198 13.4188 11.0821 11.5873 15.052 19.9508 10.9805 13.7503 21.6742 18.3289 10.8577 10.8623 10.7852 10.6477 12.6184 10.5336 12.967
threshold=16.785643515751826 -2.0731579999999998 11.398713292345787 -0.35798999999999997 0 0.26411500000000004 2.3582650000000007 2.9126835000000004 -0.61625990062483493 0.95608900000000008 2.8134550000000007 -0.33282499999999998 15.682091619059962 3.2955900000000002 6.3851900000000006 -1.6148664999999998 87.057190000000006 2.5000000000000004 6.1104650000000005 1.6250700000000002 2.1256400000000002 2317.7699070000003 2375.7011515000004 1 2.1920040000000003 14.720418356074143 5.0330100000000009 5.9432050000000007 3.5746905774418054 5.1944212914144368
decision_type=2 2 2 2 1 2 2 2 2 10 2 2 2 2 2 2 2 2 2 2 2 10 10 1 10 2 2 2 2 2
left_child=1 2 -1 23 10 7 -7 8 -6 -9 -5 12 28 14 -13 16 17 18 -8 -18 -21 -22 -23 24 -3 -24 -26 -28 -10 -30
right_child=-2 3 -4 4 5 6 15 9 11 -11 -12 13 -14 -15 -16 -17 19 -19 -20 20 21 22 25 -25 26 -27 27 -29 29 -31
leaf_value=-0.025090062566148416 0.0038210052823079745 0.0064622850290222194 -0.0056377789815601938 0.007461861026253013 -0.0037633031617116848 -0.019101571277985126 0.34033605452207477 -0.0027313670917112607 -0.026111607254630277 -0.025146078739720454 -0.002563118649165406 0.013428736920920413 0.23775120397339711 -0.018647895287402762 -0.014842775080363782 -0.0050167460376607303 0.12860342504206629 -0.024993729254803976 0.074888916545000878 -0.010881054448927016 0.0023635826069179425 0.38242576350619811 -0.052436265819441136 -0.0059054080103133006 0.19703129268048697 0.20109807365253368 -0.0085607175493066321 0.19236334084419465 0.12658943114213397 0.021376472460670537
leaf_weight=91.896952210925519 1310.9534721206874 127.27991924248636 545.45839260797948 1354.2205662857741 223.3507127519697 272.4734948631376 1.0150494063273066 295.5016404055059 5.4058482199907365 71.678583988919854 366.39184849150479 427.82059756293893 1.3714051134884346 37.10492093488574 46.536986142396927 337.099434860982 1.9248323878273357 1.7700971830636261 2.3389458246529102 26.22941218316555 4.5248698182404032 0.80351517349481616 0.7310190415009854 1085.6893640123308 1.3927605990320433 0.98420902900397778 3.3520100526511669 1.0189451221376655 4.4173428025096646 8.6885095294564945
leaf_count=3559 22850 2983 11790 23555 4024 11246 18 5766 86 1476 6212 6898 21 609 804 7875 38 36 47 591 97 16 19 27823 25 21 77 23 63 154
internal_value=0 -0.00103933 -0.0084425 -3.77679e-05 0.00143979 -0.00233528 -0.00920107 0.00164202 0.00589867 -0.00710702 0.00532711 0.00996007 0.0467641 0.00852931 0.0106552 -0.00205356 0.0227193 0.0929682 0.155224 0.0124924 0.00577545 0.0678019 0.185361 -0.00427185 0.0088382 0.0930434 0.0766397 0.0382781 0.0326152 0.0568386
internal_weight=0 5348.47 637.355 4711.12 3492.38 1771.77 649.895 1121.88 754.696 367.18 1720.61 531.346 19.8831 511.463 474.358 377.421 40.322 5.12409 3.354 35.1979 33.273 7.04361 2.51874 1218.73 133.044 1.71523 5.76372 4.37096 18.5117 13.1059
internal_count=138802 115952 15349 100603 69672 39905 20004 19901 12659 7242 29767 8635 324 8311 7702 8758 883 101 65 782 744 153 56 30931 3108 40 125 100 303 217
cat_boundaries=0 1 2
cat_threshold=2 8
is_linear=0
shrinkage=0.05


Tree=58
num_leaves=31
num_cat=6
split_feature=17 16 13 7 2 7 11 4 0 3 8 19 8 3 8 2 1 10 6 12 2 0 1 6 18 9 3 9 8 15
split_gain=9.15965 9.47428 7.80808 11.5067 7.45345 19.1095 18.5967 26.5202 21.7349 13.5971 11.296 10.1496 7.15834 9.66477 7.12781 7.59224 10.2744 13.4311 9.95002 23.2853 16.0211 8.37994 10.3509 16.1706 7.60203 6.99711 16.3124 10.2167 9.24552 8.82105
threshold=0 1 -0.48184700000000008 2 17.494896464831953 3 3.9668840000000003 5.4937350000000009 90.633945000000026 2300.0862870000005 -0.50109499999999996 4 -0.97948999999999986 2704.3220420000002 0.85885000000000011 6.1562992672224146 -0.23838263606862128 -4.0139109999999993 4.8902500000000009 -0.04374949999999999 -0.84863687972800783 78.283490000000015 2.0308805074374106 5.9457250000000004 5 3.3164450000000003 1396.5647515000003 3.1965900000000005 -0.67982499999999979 2.5000000000000004
decision_type=1 1 10 1 2 1 2 2 2 10 2 1 2 8 2 2 2 2 2 10 2 2 2 2 1 2 10 2 2 2
left_child=2 25 4 12 -1 6 7 8 10 -10 11 -6 13 -4 15 16 -5 -18 19 20 24 22 -20 -24 -19 27 -27 28 -2 -30
right_child=1 -3 3 14 5 -7 -8 -9 9 -11 -12 -13 -14 -15 -16 -17 17 18 21 -21 -22 -23 23 -25 -26 26 -28 -29 29 -31
leaf_value=0.0001991934064094207 -0.013529540222006635 0.0031223712879042014 -0.034220883546583945 -0.019175392522152376 0.04873391578386102 -0.019598187521971774 -0.020673212040967115 0.0045826163900594121 -0.052038667204626965 0.2080823963836044 0.44553541735383073 0.37232326669864202 -0.00041705666504641211 0.23035235217107297 -0.033201406891366907 -0.014314962379602086 0.22016864427007513 0.36120379630264121 -0.0054128135672267211 -0.036143958818659359 0.022790227830035422 -0.0010518439417484329 0.04257965964813664 0.28427103797380954 0.16340798691584363 0.18035044100332714 -0.017036466796830629 0.019736082806095401 -0.0018691519679053473 0.0085386295959767947
leaf_weight=796.28307507000864 145.88060375489295 2620.3701083837077 20.925744213163856 55.407537930645049 0.49880117643624544 9.2321958038955927 3.0817543352022767 2.6310677882283926 0.89109552372247014 1.1516777686774728 0.99804651923477627 0.47128430288285017 699.28854586929083 0.35096466820686956 33.983493939507753 303.59345757495612 0.7329315347596993 0.84534454718232177 3.1600342607125631 2.9052732521668068 1.3192826658487318 109.32407215051353 2.0797662511467938 1.0371927386149762 1.1420549051836131 1.0586749557405699 92.505263689905405 58.709642522968352 1451.7524073971435 236.79016012139618
leaf_count=18941 4891 47956 1290 1487 22 264 68 80 31 33 16 19 14962 9 2457 7406 21 22 74 58 29 2614 40 24 26 13 1729 1036 28631 4553
internal_value=0 0.00115503 -0.00286162 -0.00536681 0.000936834 0.031923 0.0808397 0.12794 0.20886 0.0946128 0.327439 0.205939 -0.00128634 -0.0298567 -0.0110701 -0.00950831 -0.00130803 0.00677046 0.00548648 0.067132 0.157871 0.00217388 0.0583552 0.123004 0.247541 -0.00144825 -0.014803 -0.000795867 -0.00145298 -0.000409633
internal_weight=0 4607.07 2051.33 1236.1 815.239 18.9559 9.72373 6.64197 4.01091 2.04277 1.96813 0.970085 720.565 21.2767 515.53 481.547 177.953 122.546 121.813 6.21196 3.30668 115.601 6.27699 3.11696 1.9874 1986.7 93.5639 1893.13 1834.42 1688.54
internal_count=138802 88809 49993 30519 19474 533 269 201 121 64 57 41 16261 1299 14258 11801 4395 2908 2887 135 77 2752 138 64 48 40853 1742 39111 38075 33184
cat_boundaries=0 1 2 3 4 5 6
cat_threshold=4 1 2 2 1 1
is_linear=0
shrinkage=0.05


Tree=59
num_leaves=31
num_cat=4
split_feature=1 10 8 7 8 2 19 9 9 6 3 9 7 9 13 7 5 1 3 4 1 12 2 0 3 4 13 11 8 13
split_gain=9.11045 17.8579 11.8332 17.6498 19.1378 12.8701 12.973 12.2642 11.8097 11.0298 9.89411 9.76908 15.2305 9.66798 9.55641 10.1228 9.14947 9.48187 9.58692 10.8749 19.1184 10.1736 9.08065 9.05303 10.2262 11.4451 22.3623 9.20824 10.4325 9.26346
threshold=15.682091619059962 -2.0888559999999994 -0.35798999999999997 0 0.53885000000000016 18.20518836907787 1 2.0326000000000004 2.9834550000000006 6.0831050000000007 1295.0103760000002 2.0326000000000004 2 2.6855350000000002 -3.1892154999999995 3 2.3689950000000004 11.398713292345787 2010.3639175000003 5.7870900000000001 14.463930772418912 -3.912696 10.327454470650544 93.194275000000019 2483.4807015000006 5.2896800000000006 -0.4179159999999999 4.8494460000000013 0.36010500000000006 1.3795765000000002
decision_type=2 2 2 1 2 2 1 2 2 2 10 2 1 2 8 1 2 2 10 2 2 8 2 2 10 2 10 2 2 10
left_child=1 16 11 8 5 6 9 -6 -4 -5 -11 12 -3 -12 15 -13 -1 -18 19 20 -19 -20 -8 24 -2 26 -26 28 29 -25
right_child=23 2 3 4 7 -7 22 -9 -10 10 13 14 -14 -15 -16 -17 17 18 21 -21 -22 -23 -24 27 25 -27 -28 -29 -30 -31
leaf_value=-0.013906039035726217 0.0041358346169076956 -0.02636274359407409 0.0064714130520121815 0.0063428575169897821 -0.036008228561433896 -0.027833234662792028 -0.0024152494302621163 -0.0092562997176775155 -0.0065445949928772595 0.07899801071994994 -0.015192267866579358 -0.015343040812116205 0.0053934151316120081 0.0052667649726245956 -0.0034624603005545015 0.055192143946694687 -0.033589069687727242 0.020358702786739485 0.15225264337624311 0.036888120810521639 0.39477102395875141 0.0056416834592015012 -0.02011570474026321 -0.0023325198295905299 -0.018314830229056528 0.020322538984196285 0.26359227516915157 0.12424076279259577 -0.018481323280463223 0.025075920086831228
leaf_weight=365.66519521968439 1239.7668081969023 112.61086172703654 1458.3238449180499 799.94280784018338 54.313033148180693 40.625925063155591 245.53402790427208 202.84668231848627 197.92198264598846 3.3917986592277876 144.19257244188339 7.9465479189530015 56.80228572152555 96.314060740172863 961.43098080717027 14.133734112605454 11.154443617910145 0.69371737539768108 1.2198751270771024 3.3469352899119258 0.67047810740768909 39.429138244129717 102.79292909335345 306.76079632155597 1.3978145420551302 58.426118010655046 1.4161824425682414 1.41262796986848 92.863864925689995 34.272110193967819
leaf_count=9675 21170 5749 25183 15069 4165 989 4457 7148 3427 62 3041 178 1358 1695 22337 212 481 26 33 78 16 935 2008 5630 21 963 26 35 2049 586
internal_value=0 -0.00117988 -0.000257246 0.00124791 -0.00234701 -9.2832e-05 0.000716682 -0.0149064 0.004916 0.00350486 -0.00580325 -0.00462575 -0.0157153 -0.00699918 -0.00271555 0.029807 -0.0110123 0.00771092 0.0178669 0.0853873 0.204376 0.0100415 -0.00763874 0.00303267 0.00512106 0.0250663 0.123559 -0.00320889 -0.00362383 0.000421892
internal_weight=0 4921.3 4499.12 3346.2 1689.95 1432.79 1392.17 257.16 1656.25 1043.84 243.898 1152.92 169.413 240.507 983.511 22.0803 422.18 56.5146 45.3601 4.71113 1.3642 40.649 348.327 1736.32 1301.01 61.2401 2.814 435.309 433.897 341.033
internal_count=138802 108322 97078 67244 38634 27321 26332 11313 28610 19867 4798 29834 7107 4736 22727 390 11244 1569 1088 120 42 968 6465 30480 22180 1010 47 8300 8265 6216
cat_boundaries=0 1 2 3 4
cat_threshold=2 1 2 2
is_linear=0
shrinkage=0.05


Tree=60
num_leaves=31
num_cat=2
split_feature=1 0 2 8 4 6 9 8 15 10 9 5 11 11 0 0 8 9 4 15 19 3 11 7 12 3 8 4 1 0
split_gain=8.76384 21.2246 11.6634 11.2995 9.69694 13.5904 14.6333 12.4248 11.1271 10.7376 12.3144 10.3193 9.40624 12.7843 12.1758 28.0091 9.37886 15.1217 23.6773 10.5059 9.81107 8.94594 8.874 18.2577 10.9146 8.78441 8.93127 9.76468 12.9466 9.6224
threshold=10.175487867309222 88.651415000000014 1.2542661674754687 1.0462400000000003 4.8938200000000007 6.4246950000000007 3.2586250000000008 0.43541000000000002 1.0000000180025095e-35 0.82677600000000007 3.3850500000000006 1.0344400000000002 4.0660660000000011 4.1749215000000008 90.682605000000009 91.616935000000012 -0.99938999999999989 3.1036050000000004 6.4230150000000004 1.0000000180025095e-35 0 2430.7256280000006 2.8521890000000005 1 -1.7685074999999997 1215.8136540000003 0.4203050000000001 6.3475650000000003 12.867783317516116 84.150320000000008
decision_type=2 2 2 2 2 2 2 2 2 2 2 2 2 2 2 2 2 2 2 2 1 10 2 1 8 8 2 2 2 2
left_child=1 3 -2 16 5 8 7 -7 12 -6 -11 -10 21 -14 -15 -16 17 -1 19 20 -19 -3 24 -24 -4 -26 27 29 -29 -27
right_child=2 4 22 -5 9 6 -8 -9 11 10 -12 -13 13 14 15 -17 -18 18 -20 -21 -22 -23 23 -25 25 26 -28 28 -30 -31
leaf_value=-0.031799339755420812 -0.014457084193022616 -0.023860663137247575 0.0081061361025203792 -0.031524104456714816 -0.01399211206212647 0.021568799951352007 0.26165505146279588 0.189062589117307 0.18410236520356707 -0.0062153026814420146 0.25009789694955858 -0.019188128754548339 0.26584289589916638 0.0053458585068637838 0.38034139200661149 -0.0069362634409459948 0.00055949210227064039 -0.051163033564721988 0.41724275173680347 -0.03307715764572184 0.20690666242483868 0.12943270760014913 0.010641790690258493 -0.0010230608912079311 0.14675399822406782 0.026206109732553096 -0.014474512339910862 -0.026836035794615645 0.012811814135569369 -0.0034016160576938064
leaf_weight=41.731015205383301 107.14930803049356 7.0606640707701427 339.23230373859406 28.378227665089071 470.3869442041032 10.140358085744078 0.79562657698988992 1.2429265622049577 0.63329678121954103 1.0814514029771078 0.82693699654191721 43.679868963547051 0.78540022484958072 4.3258987497538328 0.8089539986103772 1.1040335269644854 2768.5955676240847 0.53966731857508421 0.42615570500493039 2.7597880698740482 1.1596819460391987 1.1000197762623427 743.09451122023165 611.49228194542229 0.99386296700686116 28.15451355651021 129.66959994472563 22.926865260116756 202.00226964522153 1084.1193717857823
leaf_count=2708 2162 197 6249 2246 12460 260 19 37 16 25 23 1158 19 106 20 30 57684 26 12 140 41 29 13056 12849 17 562 2731 517 3382 20021
internal_value=0 -0.00186245 0.00176663 -0.000131436 -0.0109113 0.00622498 0.0543469 0.0398572 -0.00362528 -0.0135119 0.10485 -0.0162828 0.0333123 0.0757286 0.0517955 0.156834 0.000185012 -0.0220558 0.0611753 0.0271463 0.124951 -0.00319748 0.00231645 0.005376 2.30337e-05 -0.00184502 -0.0019457 -0.00073077 0.00877054 -0.00265217
internal_weight=0 3387.56 3268.83 2843.59 543.972 71.677 12.1789 11.3833 59.4981 472.295 1.90839 44.3132 15.185 7.02429 6.23889 1.91299 2815.21 46.6163 4.88529 4.45914 1.69935 8.16068 3161.69 1354.59 1807.1 1467.87 1466.87 1337.2 224.929 1112.27
internal_count=138802 77256 61546 62857 14399 1891 316 297 1575 12508 48 1174 401 175 156 50 60611 2927 219 207 67 226 59384 25905 33479 27230 27213 24482 3899 20583
cat_boundaries=0 1 2
cat_threshold=2 2
is_linear=0
shrinkage=0.05


Tree=61
num_leaves=31
num_cat=5
split_feature=9 13 8 4 7 6 8 16 17 11 19 4 4 12 0 3 8 12 6 6 0 3 12 2 10 13 18 1 12 13
split_gain=8.54505 8.42054 12.7683 13.6637 20.0633 14.9352 8.1802 7.72345 9.21852 9.67862 10.0273 8.59295 10.1242 14.8094 14.5676 14.0896 14.19 16.8379 17.9671 16.2244 20.658 18.5832 14.23 13.7968 25.7738 19.2924 13.4139 13.205 13.094 11.1057
threshold=1.2300700000000002 1.3011915000000001 0.073745000000000019 5.413825000000001 0 5.4952450000000015 -1.10503 1 2 5.555778000000001 3 6.7231400000000017 6.2174150000000008 0.41641750000000011 92.94689000000001 2171.8403465000006 -0.37830999999999998 0.28060700000000022 6.0356150000000008 5.0156600000000013 88.821480000000022 2364.3063310000002 -0.3602490000000001 7.9555545802529544 -2.2683444999999995 1.2529220000000005 4 19.060540631152108 -0.56426999999999994 -0.67139699999999991
decision_type=2 10 2 2 1 2 2 1 1 2 1 2 2 10 2 10 2 8 2 2 2 10 10 2 2 10 1 2 8 10
left_child=1 -1 -3 -4 5 -5 -2 11 9 -9 -11 12 29 14 15 -14 -17 19 -19 20 21 -18 -23 -21 27 26 -26 -25 -29 -8
right_child=6 2 3 4 -6 -7 7 8 -10 10 -12 -13 13 -15 -16 16 17 18 -20 23 -22 22 -24 24 25 -27 -28 28 -30 -31
leaf_value=-0.029923875076656642 -0.018338199631117092 -0.03653196723538777 -0.051100191478189221 0.094866300353005792 -0.050689266575521752 0.40681759345595198 0.0070847523591956313 0.0013753007695933269 -0.0030785917047594447 0.13882382535184085 0.0074462717678830575 -0.020563827419527694 0.0098851210203876761 -0.0025015036784082267 -0.006621160815702536 -0.00083502989328365716 0.36461196404023766 0.06846804752482491 0.29056706731001597 0.018043433433089659 0.020508708585621566 -0.0072510276321796439 0.25606597245951168 0.010481421421345685 0.19523035772745204 0.32881576399709544 0.018280168355825906 0.17355702731333844 -0.016477267340899174 -0.0010754853156180653
leaf_weight=40.412948274053633 59.793049060739577 3.4699062919244161 1.0193307185545566 0.68436918966472149 0.71159798745065939 0.87329687736928463 625.00207981467247 1921.9358929404989 2383.8479128535837 2.6052175210788837 3.2821771902963519 39.237938021309674 69.843750542961061 121.4177827029489 41.681633537635207 17.101849245838821 1.1934946617111557 2.4535087449476118 1.448003416880965 38.211270875763148 2.6986984983086586 1.0903947306796911 0.96907976083457459 12.426867079921072 2.2034613303840151 1.3045302852988241 2.0839205551892519 2.8537765070796013 1.3284093532711256 1252.5228149155155
leaf_count=2374 3791 202 51 29 56 39 12066 36269 52252 57 64 706 1277 2256 804 326 22 43 23 686 47 27 19 215 31 21 35 44 21 24949
internal_value=0 -0.0212848 0.0303729 0.100966 0.169273 0.26976 7.17615e-05 0.000239853 -0.000997195 0.00157138 0.0655819 0.00261686 0.00304261 0.0112586 0.0196587 0.0266264 0.0400098 0.049951 0.150898 0.0440163 0.122781 0.207627 0.116652 0.0362566 0.0676044 0.160451 0.109222 0.036345 0.113195 0.00164094
internal_weight=0 47.1714 6.7585 3.28859 2.26926 1.55767 6608.54 6548.74 4311.67 1927.82 5.88739 2237.07 2197.84 320.31 198.893 157.211 87.3673 70.2654 3.90151 66.3639 5.95167 3.25297 2.05947 60.4122 22.201 5.59191 4.28738 16.6091 4.18219 1877.52
internal_count=138802 2751 377 175 124 68 136051 132260 88642 36390 121 43618 42912 5897 3641 2837 1560 1234 66 1168 115 68 46 1053 367 87 66 280 65 37015
cat_boundaries=0 1 2 3 4 5
cat_threshold=2 12 1 1 1
is_linear=0
shrinkage=0.05


Tree=62
num_leaves=31
num_cat=3
split_feature=17 16 1 11 15 10 6 2 3 7 0 1 8 12 3 4 8 5 13 2 11 6 6 12 12 8 4 2 10 9
split_gain=8.03839 8.22811 7.3034 24.9914 8.74861 11.1465 7.50829 9.55748 14.083 13.0687 17.2204 25.3757 13.3458 12.661 23.3275 19.421 11.13 9.04827 8.30889 12.1889 15.2005 12.8263 16.863 33.9317 16.2954 30.516 11.0138 15.548 12.4834 19.4577
threshold=0 1 21.325980081761486 -0.12055699999999998 1.0000000180025095e-35 -2.9012159999999994 5.7841050000000012 10.602339530647258 2667.6063760000002 2 82.958065000000019 10.734991386958848 -0.62490499999999993 -2.3468004999999996 2041.3981685000001 5.890035000000001 -0.97948999999999986 0.64039000000000013 -0.60205599999999992 11.874900888482829 3.4263590000000006 6.8242500000000001 5.9728050000000001 0.22160699999999992 -1.0520169999999998 0.19420000000000001 5.3442050000000014 17.827225764228263 -0.63122649999999991 2.2997650000000003
decision_type=1 1 2 2 2 2 2 2 8 1 2 2 2 8 8 2 2 2 8 2 2 2 2 10 10 2 2 2 2 2
left_child=2 -2 6 -4 5 -5 -1 -8 9 16 11 12 -11 14 15 -12 -9 -16 26 20 -20 22 23 -22 25 -24 27 28 29 -18
right_child=1 -3 3 4 -6 -7 7 8 -10 10 13 -13 -14 -15 17 -17 18 -19 19 -21 21 -23 24 -25 -26 -27 -28 -29 -30 -31
leaf_value=-0.00013549855502392031 -0.0013536810526945037 0.0029052254679250936 0.38596719086936504 0.22683378014942748 0.0080300949164366416 0.014409963386360893 -0.01026456185207896 -0.036392476605248573 0.18270698444559424 0.20270032746337333 0.026913058456545538 0.31782299852061374 0.0092886420625727922 -0.021001774608148362 0.18454921225660659 0.30441172521549598 -0.0034331998645752114 -0.0092347408544630645 0.0061647142741192984 -0.0019314454983603352 0.048694136487957868 0.2064902815705231 0.27761865205941139 0.39356309241637633 -0.023463064355121781 -0.025807426429513832 0.01302305758891016 0.20094987735521999 -0.0055803935536106689 0.20947767973749798
leaf_weight=1020.7777837286703 1982.6708001885563 2628.9257500711828 0.45510946307331224 1.065569316968322 41.481171467341483 1.4687712751328934 591.1926508480683 13.773566567339001 1.0500034242868412 0.9822934502735724 1.2611033841967558 0.80726446025073606 9.6929649282246793 134.3032139185816 0.63218564726412374 1.2609209967777131 2.0298483120277515 12.776276671327649 26.268683783710003 132.7607361683622 2.4527553841471668 1.5271924696862686 1.512637623585759 1.0056892530992625 6.7789710965007544 1.8324695564806459 24.96616468206048 1.9462170815095294 5.2804996725171796 2.2766596470028162
leaf_count=24809 40853 47956 9 17 773 28 14378 885 18 34 37 17 259 3617 15 33 51 351 575 3062 50 25 32 19 138 36 535 34 120 36
internal_value=0 0.00107755 -0.00268957 0.0173514 0.01354 0.103724 -0.00313538 -0.00626529 -0.000158697 -0.000655966 -0.0114919 0.0475255 0.0270856 -0.0160027 0.0261425 0.165652 0.00715266 -9.81649e-05 0.0100001 0.00545366 0.0291484 0.0691063 0.0536592 0.148979 0.0210972 0.1114 0.031691 0.0721017 0.0459448 0.109123
internal_weight=0 4611.6 2043.62 44.4706 44.0155 2.53434 1999.15 978.371 387.178 386.128 161.716 11.4825 10.6753 150.234 15.9305 2.52202 224.412 13.4085 210.639 174.139 41.3784 15.1097 13.5825 3.45844 10.1241 3.34511 36.4994 11.5332 9.58701 4.30651
internal_count=138802 88809 49993 827 818 45 49166 24357 9979 9961 4363 310 293 4053 436 70 5598 366 4713 3937 875 300 275 69 206 68 776 241 207 87
cat_boundaries=0 1 2 3
cat_threshold=4 1 2
is_linear=0
shrinkage=0.05


Tree=63
num_leaves=31
num_cat=3
split_feature=9 8 5 4 5 18 1 2 13 8 7 0 11 12 1 10 1 13 18 6 13 1 8 9 11 12 9 6 8 9
split_gain=8.02411 9.65668 7.65565 10.3044 16.6671 12.7001 10.8786 9.22585 7.76368 7.39658 11.6554 8.49397 8.0614 14.6985 7.5574 13.6922 11.5085 19.9058 22.0353 13.2287 14.0003 11.792 11.3783 14.8356 12.1017 11.1869 11.1762 22.0121 20.9525 9.95604
threshold=2.1617650000000004 -0.99938999999999989 2.8759700000000001 5.0785700000000009 2.8568850000000006 0 -0.8645329717755198 18.20518836907787 -3.8435779999999995 0.72738500000000006 1 93.261140000000012 4.4582115000000009 -0.04374949999999999 14.463930772418912 -2.3039029999999996 11.61093329426553 2.6602770000000002 2 5.7464450000000005 -1.45278 11.720753467387151 0.67459500000000017 1.8185100000000001 4.4995640000000012 -0.6928224999999999 1.9974650000000003 5.2092650000000011 -0.34525499999999992 2.1306900000000004
decision_type=2 2 2 2 2 1 2 2 8 2 1 2 2 8 2 2 2 10 1 2 8 2 2 2 2 8 2 2 2 2
left_child=1 -1 3 4 6 -6 -3 9 -4 11 -11 14 -13 -14 15 22 -17 19 -19 20 -18 -21 24 -24 -5 -22 -27 -28 -29 -16
right_child=-2 2 8 7 5 -7 -8 -9 -10 10 -12 12 13 -15 29 16 17 18 -20 21 25 -23 23 -25 -26 26 27 28 -30 -31
leaf_value=-0.03537889963995753 0.00098523702910129139 -0.019015109311540282 0.11499573845201619 -0.024072570471635014 0.0014818093658566368 0.24256519374224991 0.015369761528749483 -0.030940124291656598 -0.013218103503446736 0.0033124782309256738 -0.03578097552923877 -0.015693474798667655 -0.052262078263155647 0.24125716511533085 0.010211340910346187 -0.0018104277023895045 0.19410373341673234 0.30650319043627827 0.031853440244094151 0.11966282856965987 -0.0085537236150807477 -0.014165775510651452 0.33174203888679821 -0.051875876263491397 0.15338423122745809 0.016032368724053208 -0.053487789164552824 0.32587321915044742 0.097898765131152476 -0.022546760616361891
leaf_weight=22.616955935023725 4837.1520573850721 28.330537034198642 1.188654936850071 91.30910433921963 0.91514827497303486 1.3552839141339057 122.3176253917627 28.381059525534511 176.31111480947584 36.192640066146851 40.290724762249738 116.43303474411368 0.85720295272767544 0.84891984518617281 251.71455791406333 809.24998151510954 1.4080047709867356 1.2503435537219048 1.7558615570887914 1.7386349225416768 10.058780823834239 30.893118483014405 0.52217087615281232 0.4871532553806901 0.97094669938087363 7.2461253255605751 1.7068824656307695 1.3187336297705767 4.2754884455353022 25.548982871696353
leaf_count=1708 89361 851 27 3037 22 36 3187 901 4866 719 3399 2855 25 21 5215 20828 24 23 35 39 197 655 29 18 32 160 31 27 70 404
internal_value=0 -0.00291149 -0.00250237 -0.0014206 0.0109299 0.145391 0.00890342 -0.00271023 -0.0123595 -0.00215233 -0.0172816 -0.00130124 -0.0141124 0.093785 -8.2102e-05 -0.00217407 -0.000223975 0.0206 0.146086 0.0141675 0.0407641 -0.00703533 -0.0203792 0.146588 -0.0222054 0.0319898 0.0600238 0.103684 0.151639 0.00719278
internal_weight=0 1817.49 1794.88 1617.38 152.919 2.27043 150.648 1464.46 177.5 1436.08 76.4834 1359.59 118.139 1.70612 1241.45 964.191 870.902 61.652 3.00621 58.6458 26.014 32.6318 93.2894 1.00932 92.2801 24.606 14.5472 7.3011 5.59422 277.264
internal_count=138802 49441 47733 42840 4096 58 4038 38744 4893 37843 4118 33725 2901 46 30824 25205 22089 1261 58 1203 509 694 3116 47 3069 485 288 128 97 5619
cat_boundaries=0 1 2 3
cat_threshold=4 2 2
is_linear=0
shrinkage=0.05


Tree=64
num_leaves=31
num_cat=3
split_feature=16 17 6 9 1 0 0 13 0 12 11 5 8 8 10 11 10 12 17 5 0 12 0 6 3 3 12 9 12 8
split_gain=7.88291 10.4085 10.8541 12.554 10.3179 17.6007 23.1832 17.1138 13.8166 10.6213 11.5466 20.1443 10.8699 12.2955 12.0233 17.2383 11.263 9.66399 10.9595 9.91498 9.11557 12.4759 11.2938 10.1987 16.0973 14.048 12.2329 8.4823 8.26957 13.0302
threshold=0 1 5.7894150000000009 2.4930550000000005 7.5983079574621462 83.801575000000014 83.040750000000017 -0.84498899999999988 88.821480000000022 1.7929900000000003 0.93657900000000016 0.37500500000000003 -0.58927499999999988 -0.50109499999999996 -0.3493389999999999 2.1220045000000005 -0.078323999999999991 -0.34322799999999992 2 1.1713150000000001 84.060715000000016 -3.7261839999999995 83.801575000000014 6.208050000000001 2109.1838260000004 2314.9495730000003 0.88558450000000022 3.4394900000000006 -1.3661334999999999 -0.44815499999999991
decision_type=1 1 2 2 2 2 2 8 2 8 2 2 2 2 2 2 2 8 1 2 2 10 2 2 10 10 8 2 10 2
left_child=-1 -2 4 -4 8 6 9 -8 -3 10 11 -6 -12 -14 -15 -16 -17 18 -9 -19 21 -5 -23 25 26 -24 -25 28 29 -22
right_child=1 2 3 20 5 -7 7 17 -10 -11 12 -13 13 14 15 16 -18 19 -20 -21 27 22 23 24 -26 -27 -28 -29 -30 -31
leaf_value=0.0045213012784847892 0.0019445678289655014 -0.0012716712080408912 -0.0096464985528101552 0.12834186183100785 -0.053672129282574081 0.0028104423601633456 0.21909673414009295 0.021092973561087219 -0.024623645301927337 -0.045190962932190271 -0.051888940749630665 0.22578562938677568 0.15161096058857054 0.0033084168783715177 -0.054836481660708342 0.2226635585618586 0.06358615313480924 0.16033663798213044 0.2077579148119654 -0.023911385615646225 -0.020575322654943863 0.0047498123578428499 -0.03776388000750374 0.31706270851138907 -0.013967366962155104 0.16657835246831559 0.085343066916950372 -0.01988096733957307 -0.0049186965664528397 0.015773020744728583
leaf_weight=807.48813390173018 2251.4220100548118 1081.0287242229097 835.04916222812608 2.1615287400782099 1.0105109205469482 648.94805737957358 2.3673631874844432 1.3444750411435962 67.284677930176258 5.9301835419610134 4.6747019542381123 1.7820750400424001 1.9476562682539214 20.775516493711621 1.6641312958672738 1.9830688834190366 2.5352091304957867 0.93172150384634544 1.8941201074048877 3.3754655849188566 30.956675773486495 169.16376888286322 3.2690024515613905 1.2098054112866523 1.2713914848864076 1.1324510052800176 1.0762572996318343 72.393629899248481 506.84092042502016 121.13784294947982
leaf_count=15916 42460 24813 21541 23 23 13140 39 36 2028 114 180 36 37 359 24 28 39 19 29 69 696 3240 66 20 25 17 20 1477 10111 2177
internal_value=0 -0.000720099 -0.00239082 -0.00521865 0.000278274 0.00505754 0.0329847 0.101808 -0.00263996 0.016857 0.0269732 0.124662 0.0188492 0.0302892 0.0215239 0.0827357 0.133405 0.0650104 0.130266 0.0159448 -0.00115824 0.00894546 0.0074884 0.0656961 0.128653 0.0148114 0.207971 -0.00363514 -0.0018503 0.00837483
internal_weight=0 5846.56 3595.14 1745.66 1849.48 701.164 52.2162 9.91315 1148.31 42.3031 36.3729 2.79259 33.5803 28.9056 26.9579 6.18241 4.51828 7.54578 3.2386 4.30719 910.613 179.284 177.123 7.95891 3.55745 4.40145 2.28606 731.329 658.935 152.095
internal_count=138802 122886 80426 39413 41013 14172 1032 192 26841 840 726 59 667 487 450 91 67 153 65 88 17872 3411 3388 148 65 83 40 14461 12984 2873
cat_boundaries=0 1 2 3
cat_threshold=8 1 4
is_linear=0
shrinkage=0.05


Tree=65
num_leaves=31
num_cat=4
split_feature=9 8 2 9 9 3 11 3 1 13 3 0 1 2 1 10 6 19 1 7 2 8 1 18 11 1 8 9 16 2
split_gain=7.66408 7.07954 7.17935 11.4905 25.7085 23.5264 14.0016 25.624 12.8881 16.8245 10.0074 6.87629 11.1014 10.8874 9.48398 11.2737 9.99136 9.44921 12.5826 11.3725 10.69 15.8159 10.9088 19.7185 14.5597 9.63417 9.3917 10.9072 11.3866 12.5922
threshold=1.2646200000000001 -1.10503 11.008374834191402 2.3178850000000004 2.3756300000000006 1879.2415610000003 1.6575145000000002 2372.7607515000004 8.2256639119778807 -1.0203624999999996 2653.5490180000006 92.172735000000003 5.5052963146637746 5.7778823923792064 14.883977505420985 -2.0423014999999993 5.9011100000000001 0 -9.1072980394965111 1 10.937140013746928 0.46036000000000005 -9.1072980394965111 2 0.55767500000000003 -6.1970106079792346 -0.24665999999999996 2.0460650000000005 3 18.410822896523793
decision_type=2 2 2 2 2 10 2 8 2 8 8 2 2 2 2 2 2 1 2 1 2 2 2 1 2 2 2 2 1 2
left_child=-1 2 3 -2 5 -5 -6 8 -8 -10 -4 14 -13 -14 15 16 -3 18 -17 26 21 22 23 24 -21 -24 27 -19 29 -29
right_child=1 11 10 4 6 -7 7 -9 9 -11 -12 12 13 -15 -16 17 -18 19 -20 20 -22 -23 25 -25 -26 -27 -28 28 -30 -31
leaf_value=-0.018569244360717583 -0.050773380225501069 -0.00029560489677203791 -0.033064193558265904 -0.050736674027287314 -0.023957541060393731 0.4282763794120335 -0.050870033719821399 0.47778617209807833 0.30454639931774258 0.021150837050569256 0.24533449918001274 -0.032053211374194611 -0.013955356491017652 -0.00033532716051871058 0.0048294089558769612 -0.023321607917205986 -0.020658800563322862 -0.026088141192651806 0.0026985232173317229 0.28044869744952394 -0.021065919214117459 -0.028015680391695594 -0.044969082346434458 -0.0034359833128135434 0.061585323532671668 0.00083280689191989022 0.0047448655748698505 0.0081992199233122641 -0.010538171881033516 0.11933732694946647
leaf_weight=55.562948627397418 6.2664586785249439 118.40828030183911 36.586941521149129 0.39535316545516141 9.2367550572380406 0.72895932849496603 1.8303783852607001 0.37812009174376715 0.84160055406391621 1.3865467766299846 0.32566812634467979 32.528828449547291 173.33352232631296 955.87476751953363 1236.3259666701779 47.321868414990604 122.6183969839476 56.74873602297157 2555.4346109973267 1.3475876301527008 135.00914247799665 58.756127489730716 12.011332670226691 5.0315837934613228 1.7423782851547001 260.13816890958697 509.62904483452439 106.61312733963132 148.27082314435393 2.6111052092164746
leaf_count=3300 491 3083 2461 28 512 38 117 18 36 77 3 951 3452 19372 20556 1085 3365 2321 53677 23 2946 2377 226 98 33 4611 8352 2098 3041 54
internal_value=0 7.85961e-05 -0.0173166 0.00597508 0.0300066 0.259836 0.0111086 0.0841136 0.0474363 0.128193 -0.030608 0.000232809 -0.00325557 -0.002426 0.000986354 -0.000160826 -0.010655 0.000487624 0.00222544 -0.0029973 -0.00916751 -0.00442926 0.000515401 0.0576178 0.157035 -0.00118866 0.000552893 -0.00624549 -0.00187242 0.00994552
internal_weight=0 6597.73 57.9768 21.0642 14.7977 1.12431 13.6734 4.43665 4.05853 2.22815 36.9126 6539.76 1161.74 1129.21 5378.02 4141.69 241.027 3900.67 2602.76 1297.91 474.036 339.027 280.271 8.12155 3.08997 272.15 823.873 314.244 257.495 109.224
internal_count=138802 135502 3781 1317 826 66 760 248 230 113 2464 131721 23775 22824 107946 87390 6448 80942 54762 26180 10314 7368 4991 154 56 4837 15866 7514 5193 2152
cat_boundaries=0 1 2 3 4
cat_threshold=1 2 1 10
is_linear=0
shrinkage=0.05


Tree=66
num_leaves=31
num_cat=2
split_feature=1 10 8 4 6 7 2 0 12 13 3 11 13 6 1 8 16 0 15 0 12 12 4 12 9 1 12 8 3 0
split_gain=7.23734 12.8701 10.1041 11.5841 9.84656 13.9878 11.9994 16.512 10.1296 19.4862 12.5132 23.8882 10.0559 12.896 9.71517 9.01076 8.59128 11.1808 11.0236 17.0652 16.898 16.5285 16.5938 10.4672 8.90487 8.69477 20.6471 12.6835 14.4565 42.3182
threshold=16.785643515751826 -2.1049234999999995 -1.2801499999999997 6.485145000000001 5.0708850000000014 0 12.576891903805867 94.489590000000007 -0.15232749999999995 -0.60205599999999992 2320.5737950000007 2.1994390000000004 0.47557200000000016 4.9300000000000006 11.398713292345787 1.0462400000000003 1 86.572320000000005 5.5000000000000009 82.200140000000019 -0.18608749999999999 0.80217500000000019 5.4698900000000004 -0.65493049999999986 2.1738550000000001 2.1299990194258642 -1.2345409999999999 -0.39237999999999995 2387.5605865000002 85.687245000000004
decision_type=2 2 2 2 2 1 2 2 10 8 10 2 10 2 2 2 1 2 2 2 8 8 2 10 2 2 8 2 10 2
left_child=1 14 3 -3 5 -2 7 8 9 -7 12 -12 -11 -14 -1 16 17 18 25 -20 -21 -22 -23 -19 -24 26 -4 28 -27 -30
right_child=4 2 15 -5 -6 6 -8 -9 -10 10 11 -13 13 -15 -16 -17 -18 23 19 20 21 22 24 -25 -26 27 -28 -29 29 -31
leaf_value=-0.024229338142695449 -0.0014276825869209788 -0.042933136869138827 0.064323914826881379 0.16658882830827854 0.0023840992590602517 0.23597628324806827 -0.021030945797629073 0.22040501686483591 -0.00076371380624933244 -0.023218009753119304 0.021304813145511921 0.28710298687840374 -0.01558139058326303 0.20617789731140188 -0.005343125310296926 -0.025652405395141714 0.0019047427263777219 -0.0037634306933337172 -0.019184599837998646 -0.053118474554980227 0.28780120133880349 0.23533450991451979 0.16567221241564642 -0.017733413742014221 -0.015536954167769441 -0.014949167521324237 -0.0059091364899692073 0.0095323406345359588 0.013265577193941266 0.36663796199217796
leaf_weight=78.468048081267625 24.686295148916543 19.093170585576448 10.694022573530672 0.68330395221710105 1273.6647796053439 1.724814726039767 4.5933209210634223 1.6437194384634484 5.642887074500325 4.9060418736189657 1.9957347214221957 1.4664479494094846 1.2794570028781893 1.3445003293454645 514.9810826741159 33.672426688484848 3002.8898326409981 508.63165071792901 5.841031499207018 1.5650312500074504 1.3191458526998761 1.3841276848688711 0.91345222014933858 182.08461005194113 2.629816897213459 102.61922632157803 487.43430715706199 366.17767202621326 7.5692510148510319 0.95401433948427428
leaf_count=3293 393 1381 316 30 22038 29 81 31 91 84 32 26 20 25 11306 2639 61217 10824 135 39 31 24 20 4330 46 2898 10658 6571 172 22
internal_value=0 -0.000899135 -2.93905e-05 -0.0356939 0.00323262 0.0251616 0.0518476 0.0685823 0.0549899 0.0797293 0.0552122 0.133887 0.0190388 0.0980468 -0.00784033 0.000120156 0.000305481 -0.00254957 0.000844081 0.0454616 0.0938002 0.13061 0.0885269 -0.00744616 0.0311786 0.000219604 -0.00440134 0.005042 -0.0097522 0.0528188
internal_weight=0 5329.61 4736.16 19.7765 1322.95 49.2832 24.5969 20.0036 18.3599 12.717 10.9922 3.46218 7.53 2.62396 593.449 4716.38 4682.71 1679.82 989.101 13.6526 7.81157 6.24654 4.9274 690.716 3.54327 975.448 498.128 477.32 111.142 8.52327
internal_count=138802 115952 101353 1411 22850 812 419 338 307 216 187 58 129 45 14599 99942 97303 36086 20932 295 160 121 90 15154 66 20637 10974 9663 3092 194
cat_boundaries=0 1 2
cat_threshold=2 1
is_linear=0
shrinkage=0.05


Tree=67
num_leaves=31
num_cat=4
split_feature=9 13 3 1 6 17 13 7 12 6 10 2 1 4 10 2 0 11 11 6 9 4 5 6 7 3 0 6 12 19
split_gain=7.00712 7.83026 10.7198 7.98204 7.30022 6.74602 7.28895 8.38696 7.11113 9.36217 8.86254 19.1471 13.1187 8.04834 8.57762 9.71291 10.9094 24.0764 9.58097 10.8867 8.55741 10.0186 14.7616 12.5967 9.54351 9.75321 7.75297 7.55313 7.05834 6.6696
threshold=1.2300700000000002 1.3011915000000001 2555.4756600000005 13.254973532345998 4.9478750000000007 0 -0.48184700000000008 1 -1.6988309999999998 6.5147650000000015 -4.0139109999999993 8.3886178061842376 21.677123622972708 6.587295000000001 -2.9333709999999997 6.9574077778828594 88.651415000000014 2.3455945000000002 3.1610850000000004 6.0187000000000008 1.5066200000000001 5.9432050000000007 1.4687050000000001 5.2199400000000002 2 2199.5275475000003 77.846355000000003 6.3759250000000014 -1.6319439999999998 3
decision_type=2 10 8 2 2 1 10 1 8 2 2 2 2 2 2 2 2 2 2 2 2 2 2 2 1 10 2 2 8 1
left_child=1 -1 3 4 -3 6 -2 -8 9 10 11 12 -7 14 15 -12 17 -17 19 20 -18 22 -22 -23 25 -25 -11 -15 -10 -30
right_child=5 2 -4 -5 -6 8 7 -9 28 26 13 -13 -14 27 -16 16 18 -19 -20 -21 21 23 -24 24 -26 -27 -28 -29 29 -31
leaf_value=-0.028592008663159082 0.0013321623011762276 0.18686686743567243 0.25496824347832986 0.13742437104009481 -0.030358657422921754 0.33353460952812708 -0.0013135234492788188 -0.0097728487153989213 -0.025300685504152282 0.15012833308827925 -0.0033073341523350945 -0.052638115119384335 0.061574609820669861 -0.03043714346073513 0.0075141077560050467 -0.05327931199927121 -0.051683409067963405 0.26644639848113766 -0.015744708746270895 0.0015391333482415535 0.083377690018627396 0.21562226246250102 0.34192714709490613 0.20204884303710591 0.0024296599378392796 0.05533378018921873 -0.013111768132360341 0.091038720654548683 0.0019455495587693582 -0.0024346952665882252
leaf_weight=38.093498125206679 803.57445589732379 0.42030548071488638 0.4897134844213723 1.0587534969672558 4.8476884616538882 0.90588549338281088 708.31542987097055 499.71927797980607 26.525891304947436 0.73575978539883991 14.896801178343592 1.2916732337325809 0.8685993067920208 18.954486351460222 390.16206042282283 0.94607762061059419 1.2205564435571492 1.5592306293547151 6.6646077195182434 7.2476751003414384 1.4674000367522233 1.2931747119873751 0.88501426763832558 1.5623515322804413 5.3069873861968535 4.1196713484823704 63.778416645713151 1.372281914576887 2779.1617070403881 1264.4377106800675
leaf_count=2374 18862 24 24 44 285 23 15679 13889 508 14 286 33 17 302 7055 20 41 30 147 142 32 22 18 26 90 73 1142 20 53827 23753
internal_value=0 -0.0197604 0.0295948 0.0121501 -0.0130274 5.66958e-05 -0.0023581 -0.00481283 0.00111377 0.00658903 0.009087 0.0938101 0.200412 0.00851938 0.00994887 0.030088 0.0455029 0.145709 0.0370693 0.0523049 0.0755108 0.0861191 0.180648 0.0680139 0.0506435 0.0956751 -0.0112501 -0.0222362 0.0004072 0.000575842
internal_weight=0 44.91 6.81646 6.32675 5.26799 6606.97 2011.61 1208.03 4595.36 525.239 460.725 3.06616 1.77448 457.658 437.332 47.1695 32.2727 2.50531 29.7674 23.1028 15.8552 14.6346 2.35241 12.2822 10.989 5.68202 64.5142 20.3268 4070.13 4043.6
internal_count=138802 2751 377 353 309 136051 48430 29568 87621 9533 8377 73 40 8304 7982 927 641 50 591 444 302 261 50 211 189 99 1156 322 78088 77580
cat_boundaries=0 1 2 3 4
cat_threshold=4 2 1 1
is_linear=0
shrinkage=0.05


Tree=68
num_leaves=31
num_cat=3
split_feature=16 17 0 1 5 8 13 8 7 9 13 13 9 11 2 3 15 0 1 3 9 6 6 13 2 5 12 4 1 9
split_gain=7.02881 8.99696 9.65976 12.0553 13.2968 9.63886 10.9463 9.65553 16.2271 13.5775 11.8306 10.6916 15.6238 21.6262 10.7718 9.63023 13.567 10.6487 11.9909 18.6238 8.93056 8.8778 8.47287 17.1569 16.4667 15.0496 15.3386 9.72685 9.4009 8.94817
threshold=0 1 90.781115000000014 16.785643515751826 3.3199200000000002 -0.72222999999999982 -1.1996684999999998 0.25763500000000006 2 2.2632950000000007 -1.1996684999999998 2.7693875000000006 2.7065350000000001 3.0823245000000004 15.667111687562723 1898.6554930000002 1.5000000000000002 87.21080000000002 8.5418059023048496 1548.4394695000003 1.8351850000000003 5.3808950000000006 4.790890000000001 0.65328550000000007 3.473340066487514 1.810745 -0.72934449999999984 6.7774600000000005 -8.3266146580889018 2.6855350000000002
decision_type=1 1 2 2 2 2 8 2 1 2 10 8 2 2 2 10 2 2 2 10 2 2 2 10 2 2 10 2 2 2
left_child=-1 -2 5 20 -5 6 -3 22 9 10 -9 -10 14 -14 -13 16 21 18 19 -18 -4 -11 23 29 25 26 -25 28 -24 -7
right_child=1 2 3 4 -6 7 -8 8 11 15 -12 12 13 -15 -16 -17 17 -19 -20 -21 -22 -23 27 24 -26 -27 -28 -29 -30 -31
leaf_value=0.0042573261318415139 0.0017882212394785939 0.0070301183274909945 -0.034345249995941796 -0.00096742948455838919 0.15005109645987025 0.018299764546558826 -0.019531601612331691 -0.021256809694326459 -0.012312669262579037 0.084174850205012711 0.021719821703681381 -0.04050048554404638 -0.014803370673326603 0.26381320877795117 0.1383818783222463 -0.0096524594928868099 0.21905420382327129 -0.0071291676932174232 0.24277261134520922 -0.027659733654619729 -0.0098519103234816288 -0.029701284153875459 -0.020486049640725312 0.071971315593789484 0.01205743365821422 0.051019824850170661 0.30278964090252203 -0.03472840012845798 0.0024460843671502688 -0.026171609109130245
leaf_weight=810.81815234245732 2256.8796411724761 55.119389219209552 40.416273707523942 432.97985677793622 1.4624818861484516 52.156859466806054 130.91054264642298 18.557011298835278 405.54416608577594 2.1579136662185219 116.82468124758452 4.2433460354804975 1.2485206928104164 1.5751772923395035 1.0497766733169553 148.00348087213933 1.2804729230701917 2.1730087995529175 1.5102256070822475 1.8998725414276121 469.90452797804028 8.273475054651497 45.978239804506302 1.1914058113470676 5.3397793415933847 2.845025796443224 1.8181202616542558 18.424629042856395 1596.3731437334791 14.443756155669687
leaf_count=15916 42460 2091 1609 8172 23 985 5584 334 13919 32 2165 155 21 35 35 2606 19 42 21 31 11065 132 931 22 105 46 27 318 29678 223
internal_value=0 -0.00068348 -0.00224197 -0.00658048 -0.000459049 -0.000688748 -0.0116615 0.000143434 -0.00475053 0.00408857 0.0158289 -0.0111755 0.0456438 0.140621 -0.00502303 -0.00552695 0.0297776 0.0843718 0.126762 0.0716724 -0.0117917 -0.00614403 0.00215426 0.0182818 0.0755554 0.13347 0.211414 0.0013988 0.00180409 0.0086552
internal_weight=0 5840.58 3583.71 944.763 434.442 2638.94 186.03 2452.91 714.341 300.68 135.382 413.661 8.11682 2.8237 5.29312 165.298 17.295 6.86358 4.69057 3.18035 510.321 10.4314 1738.57 77.7949 11.1943 5.85455 3.00953 1660.78 1642.35 66.6006
internal_count=138802 122886 80426 20869 8195 59557 7675 51882 19547 5382 2499 14165 246 56 190 2883 277 113 71 50 12674 164 32335 1408 200 95 49 30927 30609 1208
cat_boundaries=0 1 2 3
cat_threshold=8 1 2
is_linear=0
shrinkage=0.05


Tree=69
num_leaves=31
num_cat=2
split_feature=1 0 11 7 2 12 0 11 8 2 11 8 11 13 8 15 9 9 1 11 13 1 14 10 11 9 3 19 1 3
split_gain=6.98012 19.2289 10.9846 19.1641 11.3921 10.6532 9.81077 9.33263 9.04229 9.044 13.3212 9.73514 10.5265 9.65153 13.8634 17.222 20.9196 15.0199 12.668 9.13986 10.102 8.80608 13.3704 12.489 12.7771 11.529 25.6652 18.4822 33.4389 17.9598
threshold=9.6305427051095069 88.651415000000014 2.8521890000000005 0 5.7778823923792064 -1.7685074999999997 85.867025000000012 2.9913355000000004 1.0462400000000003 4.892066159732182 2.2858370000000003 0.19420000000000001 0.93657900000000016 2.4788690000000004 0.23856500000000003 1.5000000000000002 2.7135850000000006 1.9689450000000002 5.6996155161643909 2.298251 1.1629030000000002 10.957094481478526 1.5000000000000002 -1.8940124999999999 3.1752225000000007 2.4335750000000007 1998.8010430000002 1 10.069037173672852 2187.4842395000005
decision_type=2 2 2 1 2 8 2 2 2 2 2 2 2 10 2 2 2 2 2 2 8 2 2 2 2 2 10 1 2 10
left_child=1 8 5 4 -4 -2 -6 -5 9 11 -11 12 -1 19 -15 16 -16 -17 -19 20 -12 22 -8 -24 -25 26 -26 -28 -29 -27
right_child=2 -3 3 7 6 -7 21 -9 -10 10 13 -13 -14 14 15 17 -18 18 -20 -21 -22 -23 23 24 25 29 27 28 -30 -31
leaf_value=-0.0013923094200088875 0.0067411361607306866 -0.011018294872963848 -0.011699467704308582 0.013927068503449222 -0.009029667198593572 -0.002698128363394722 0.014801053883595029 -0.003953516254917985 -0.029574872121581899 -0.018660915887895767 0.033186467006410633 -0.0025677474778275497 0.0084150460700106212 0.00296962837966421 -0.009798462907585832 0.27814444520380394 0.20223212193128767 0.16555333646446907 -0.022378693989997225 -0.0033490765058158457 0.26768240341081395 0.011267495223893424 -0.035571977071052835 -0.012099964955468964 0.38824003668000118 -0.012530274554057922 0.013427375163412969 0.41544384436222698 0.076879563217330416 0.11910545931147608
leaf_weight=429.9602559148334 368.01639290992171 475.76604033820331 56.220932200551033 83.980201262049377 53.256927932612598 1591.8588530034758 50.695388908497989 556.93413794832304 25.846670140512288 132.99333738023415 1.7368755964562286 707.15862541319802 752.36276858160272 35.137859370559454 7.9622227502986771 1.3575391443446267 1.3623552843928335 2.0486185178160672 1.5947156334295867 676.10013426141813 0.62438300065696273 613.25281393900514 3.0017426433041718 3.6282655149698284 0.90574109740555542 4.8956134449690563 2.9962868131697178 1.0673446469008925 2.302756579592824 5.5046617649495602
leaf_count=8296 6769 12967 1030 1638 906 29850 1031 12036 2228 3804 46 17477 13228 686 161 32 20 34 31 15506 15 10522 92 70 17 88 55 23 44 100
internal_value=0 -0.00173069 0.00150978 0.00482762 0.0100002 -0.000925667 0.0116455 -0.00161059 -0.000139072 0.000137549 -0.00411004 0.00207291 0.00484853 -0.00145157 0.0198713 0.0613282 0.02118 0.136188 0.083294 -0.00300612 0.0951938 0.0132453 0.0294181 0.0599095 0.073365 0.0909116 0.139207 0.103778 0.184106 0.0571419
internal_weight=0 3252.01 3398.52 1438.64 797.728 1959.88 741.508 640.914 2776.25 2750.4 860.918 1889.48 1182.32 727.925 49.4633 14.3255 9.32458 5.00087 3.64333 678.461 2.36126 688.251 74.9978 24.3024 21.3007 17.6724 7.27213 6.36639 3.3701 10.4003
internal_count=138802 74531 64271 27652 13978 36619 12948 13674 61564 59336 20335 39001 21524 16531 964 278 181 97 65 15567 61 12042 1520 489 397 327 139 122 67 188
cat_boundaries=0 1 2
cat_threshold=2 1
is_linear=0
shrinkage=0.05


Tree=70
num_leaves=31
num_cat=1
split_feature=16 4 4 6 13 2 12 13 6 5 11 3 13 4 12 10 11 8 1 1 13 4 1 2 13 9 4 12 0 2
split_gain=6.6603 7.75801 9.30785 11.3734 11.9589 15.3737 11.5423 11.1207 10.9933 16.5171 10.0128 9.61522 11.8275 8.05165 13.1829 10.1343 18.1834 7.69601 7.50245 7.36049 7.69358 11.6983 10.985 12.0609 10.0685 10.2758 18.4922 26.6003 9.91039 14.401
threshold=0 6.7231400000000017 6.2772950000000014 6.4458300000000008 -1.8070984999999997 11.999661809849808 -1.3130249999999999 2.7693875000000006 6.5028450000000007 1.4994500000000002 3.1212525000000002 2213.3132185000004 -0.4437649999999998 6.2951850000000009 -2.2943854999999993 -1.9084329999999998 2.8521890000000005 1.1897500000000003 17.170985372609337 -11.326624797643536 -0.67139699999999991 5.9432050000000007 12.160732567966184 9.0607679862631656 -1.1269069999999997 1.4087100000000004 5.5591200000000009 0.35526600000000003 86.976780000000005 5.6502579537128179
decision_type=1 2 2 2 8 2 10 8 2 2 2 10 10 2 8 2 2 2 2 2 10 2 2 2 8 2 2 10 2 2
left_child=1 2 19 7 -5 8 -7 13 9 -6 -8 12 -10 14 -4 -16 -17 -2 -9 -1 21 22 24 28 -21 26 -26 -28 29 -24
right_child=17 -3 3 4 5 6 10 18 11 -11 -12 -13 -14 -15 15 16 -18 -19 -20 20 -22 -23 23 -25 25 -27 27 -29 -30 -31
leaf_value=-0.052699768027104354 -0.0011047311596289881 -0.020058753328725934 0.16709375818086805 0.17718911825185185 0.0098019633224796336 0.26633242647276306 -0.017458772756053741 0.035351021935217539 0.13126167824094356 0.21530961635462165 0.18814541221157191 -0.024735026671309907 0.0070229485523732212 0.0032782165796835143 -0.015260173322070782 0.031783639726640792 0.2487240984852632 -0.03944864348554436 0.16175489189967859 -0.0012850742798428615 -0.00070466021713430074 -0.0060087401180842354 0.14709670238072217 0.02979198835648313 -0.010422819439398589 0.015201199103308928 0.46338166286355204 -0.051033576873337295 -0.0048595449094743174 -0.016363026618263384
leaf_weight=6.282607323024421 4356.0066224210896 38.760923499241471 1.8026735689491031 1.5134362988173959 2.3558162134140828 1.0879205204546454 1.387938700616359 3.2844299525022498 2.6996388407424092 1.6714010490104554 1.0327778719365595 11.923251846805213 6.5966684473678487 208.85208981670439 7.8174130301922578 5.8685832703486085 1.1562037421390412 13.125600640196351 1.8267805259674785 234.30865222262219 1315.12881703116 156.86804270884022 2.7257801964879027 110.03502773400396 1.2324069291353219 97.681839416269213 0.67940754629671551 0.39882344286888838 53.116508874110878 2.6646865326911211
leaf_count=152 91992 727 29 25 40 15 28 53 47 32 18 212 123 3925 142 116 20 1068 23 4965 26920 3031 43 1942 74 2040 33 24 897 46
internal_value=0 0.00211018 0.00250286 0.0113808 0.0401971 0.032987 0.131056 0.00759853 0.0193579 0.095093 0.0702605 0.00498433 0.0431018 0.00594546 0.0394128 0.0239052 0.0674897 -0.00121714 0.0805286 0.00133379 0.00150569 0.005912 0.00963083 0.0200389 0.00438348 0.0176664 0.121883 0.273106 0.00169602 0.0662931
internal_weight=0 2280.76 2242 260.877 30.2688 28.7554 3.50864 230.608 25.2468 4.02722 2.42072 21.2196 9.29631 225.497 16.6449 14.8422 7.02479 4369.13 5.11121 1981.12 1974.84 659.711 502.843 168.542 334.301 99.9925 2.31064 1.07823 58.507 5.39047
internal_count=138802 45742 45015 4848 540 515 61 4308 454 72 46 382 170 4232 307 278 136 93060 76 40167 40015 13095 10064 2928 7136 2171 131 57 986 89
cat_boundaries=0 1
cat_threshold=12
is_linear=0
shrinkage=0.05


Tree=71
num_leaves=31
num_cat=0
split_feature=9 8 0 5 2 13 4 1 12 12 3 1 0 11 3 13 2 0 9 13 12 10 6 4 13 3 11 0 0 6
split_gain=6.63018 9.9264 9.03545 10.5792 7.37912 7.64028 7.19549 9.07979 10.2715 14.6795 13.9594 7.45881 12.4651 11.4822 12.1583 9.01656 12.1972 7.91995 7.63546 8.68082 14.5789 8.24404 18.2337 12.0891 11.4283 17.8294 14.3278 12.5748 10.2043 9.52576
threshold=2.1981250000000006 -0.99938999999999989 93.261140000000012 2.8759700000000001 -11.008064613495348 1.326624 5.0785700000000009 -0.8645329717755198 1.0412360000000003 1.3032085000000002 2378.7398485000003 14.463930772418912 83.801575000000014 4.4995640000000012 2297.4925800000005 1.5855255000000001 -6.9547709325331359 93.194275000000019 1.9468650000000003 1.6166800000000003 -1.5712059999999999 -1.7819224999999996 5.0439550000000013 5.4578250000000006 3.0350480000000002 1921.8022985000002 3.0955925000000004 88.764590000000013 90.781115000000014 5.6001600000000016
decision_type=2 2 2 2 2 10 2 2 10 10 10 2 2 2 10 8 2 2 2 8 10 2 2 2 8 8 2 2 2 2
left_child=1 -1 3 4 5 -3 7 8 -6 10 -10 12 -8 -13 -15 17 -17 -14 19 20 -18 22 -20 -24 25 -25 27 -27 -29 -26
right_child=-2 2 -4 -5 6 -7 11 -9 9 -11 -12 13 15 14 -16 16 18 -19 21 -21 -22 -23 23 24 29 26 -28 28 -30 -31
leaf_value=-0.035391248285341438 0.00095415223793392202 -0.023287155549913802 -0.013462214435401382 -0.012501323720399733 -0.0360232069103106 0.098978291420468031 0.0029554961544068013 0.016690011680623961 0.036064733555964582 -0.0080123648671520109 0.30603089108959231 0.0053884251562672019 -0.012434410764642065 0.013030770106125715 0.22396046858391597 0.16424668781849761 0.25235115527672353 0.11730358273553908 0.23878885812216552 -0.012770856872900166 -0.052531492397942796 -0.00071955324633720633 0.22886697989163007 0.22965058236346669 0.054467170104645246 0.2334206218839544 -0.038637910451160308 -0.052943208380783029 0.12884876396856643 -0.022192319162848459
leaf_weight=22.674288691487163 4669.8012113543227 43.87961801327765 161.06825602613389 182.76284934068099 18.348770727869127 1.3160608005709935 549.51641258597374 125.47994599491358 1.1239223657175887 5.5860186340287328 0.83427197718992818 326.93198678269982 373.32823239685968 1.5209199143573635 1.2403219304978845 1.151110460050403 0.81668034568428993 1.180046054534613 1.0277995374053741 76.235858474858105 0.75421499740332476 52.637057309038937 0.70775706879794853 1.408663228154176 5.5841337181627848 1.2192657794803388 3.5082899639382958 1.4491746351122858 1.6517670825123785 14.773017605766652
leaf_count=1819 86064 1236 4156 4971 564 41 14617 3141 28 164 21 6546 10914 48 26 27 21 37 22 2499 23 1152 13 26 118 24 79 30 37 338
internal_value=0 -0.00249869 -0.0021176 -0.00110018 0.00019147 -0.0197269 0.000765587 0.0111273 -0.0158302 0.0332824 0.151082 -0.000341595 -0.00233973 0.00624596 0.107778 -0.00775401 0.00206495 -0.0120256 0.000910932 -0.0103735 0.105972 0.0113675 0.0316748 0.0246498 0.0197659 0.0658918 0.036425 0.097381 0.0438912 -0.00116399
internal_weight=0 1979.72 1957.04 1795.97 1613.21 45.1957 1568.02 151.373 25.893 7.54421 1.95819 1416.64 1086.95 329.693 2.76124 537.433 162.925 374.508 161.774 77.8068 1.5709 83.9669 31.3299 30.3021 29.5943 9.23716 7.8285 4.32021 3.10094 20.3572
internal_count=138802 52738 50919 46763 41792 1277 40515 3918 777 213 49 36597 29977 6620 74 15360 4409 10951 4382 2543 44 1839 687 665 652 196 170 91 67 456
is_linear=0
shrinkage=0.05


Tree=72
num_leaves=31
num_cat=5
split_feature=9 13 8 4 7 18 8 0 1 2 7 5 5 3 9 1 6 10 4 13 9 10 1 10 19 1 7 2 8 1
split_gain=6.40135 7.06565 9.3496 8.93617 11.0228 9.13673 9.13133 6.09834 10.4282 9.16258 8.28294 14.4069 19.2175 11.8554 11.9688 9.05879 19.5052 15.4962 15.3008 10.6367 17.4773 20.3635 8.17604 9.40643 9.30053 11.2196 9.47819 10.4015 14.1815 11.1301
threshold=1.2300700000000002 1.3011915000000001 0.073745000000000019 5.413825000000001 0 1 0.3454350000000001 92.172735000000003 5.5052963146637746 5.7778823923792064 2 3.4208400000000005 3.4861100000000005 2653.5490180000006 2.3123550000000006 19.060540631152108 4.9826900000000007 -2.2018769999999992 6.0981200000000007 1.4915175000000001 2.8932850000000001 -1.9376804999999997 14.883977505420985 -2.0423014999999993 3 -9.1072980394965111 4 10.937140013746928 0.46036000000000005 -9.1072980394965111
decision_type=2 10 2 2 1 1 2 2 2 2 1 2 2 8 2 2 2 2 2 10 2 2 2 2 1 2 1 2 2 2
left_child=1 -1 -3 -4 5 -5 -7 22 -9 -10 11 13 -13 -11 -15 -12 17 18 -17 -18 -21 -22 23 -2 25 -25 -26 28 29 -28
right_child=7 2 3 4 -6 6 -8 8 9 10 15 12 -14 14 -16 16 19 -19 -20 20 21 -23 -24 24 26 -27 27 -29 -30 -31
leaf_value=-0.027853575181820158 -0.0099260950360540948 -0.03552912951010747 -0.051057069251722799 0.024505566466985942 -0.050689450143107828 0.35439511063000922 0.1048092869039251 -0.031467893937309192 -0.013097995747616024 0.0024398562485174365 -0.0091810163404369947 0.25769977139690758 0.022272972361510286 -0.026146732015261492 0.13232018729196934 0.32115158289986701 -0.0012487150615153291 -0.016911423172529177 0.069363328686549694 0.0067293447147047701 0.2672258059556652 -0.0080856200645932821 0.0042977628077201712 -0.022445313413939204 2.4926487377387022e-05 0.0024309658911229326 0.056252772534771102 -0.020643180560073939 -0.027015032995165413 -0.0013455463592418641
leaf_weight=36.906597309280187 239.46637308038771 3.249895899090915 0.96999358385801349 0.65596667863428593 0.68044652836397324 0.86160564236342929 0.63769855722784996 31.794671545736492 171.09739626757801 478.62324924580753 358.75185007136315 1.2882000999525183 2.6498671602457762 1.816842908039688 3.4621488265693188 1.2011681105941541 105.40571264084429 1.3490547463297833 1.2123650880530474 5.750007785856722 1.7055861968547108 1.1079582143574951 1254.6102696415037 46.134853171184659 840.6099547073245 2585.1937927622348 8.6531168799847347 133.5839167018421 56.543296156916767 272.94656783342361
leaf_count=2374 6691 202 51 22 56 27 19 1011 3479 9406 8119 29 55 37 50 22 1963 21 20 109 26 23 20972 1113 17011 55389 158 3055 2399 4893
internal_value=0 -0.0190892 0.0267557 0.079944 0.124755 0.180145 0.248239 5.36627e-05 -0.00322559 -0.00243473 -0.000542775 0.00403691 0.0992846 0.00326177 0.0777815 -0.00523162 0.00680297 0.118811 0.194673 0.00310514 0.0566952 0.15881 0.000757556 -0.000304227 0.00028003 0.00199481 -0.00315823 -0.00883057 -0.00416398 0.00042436
internal_weight=0 43.9622 7.05561 3.80571 2.83572 2.15527 1.4993 6604.96 1167.22 1135.42 964.324 487.84 3.93807 483.902 5.27899 476.484 117.732 3.76259 2.41353 113.969 8.56355 2.81354 5437.74 4183.13 3943.67 2631.33 1312.34 471.727 338.143 281.6
internal_count=138802 2751 377 175 124 68 46 136051 24370 23359 19880 9577 84 9493 87 10303 2184 63 42 2121 158 49 111681 90709 84018 56502 27516 10505 7450 5051
cat_boundaries=0 1 2 3 4 5
cat_threshold=2 2 2 1 2
is_linear=0
shrinkage=0.05


Tree=73
num_leaves=31
num_cat=3
split_feature=8 16 4 4 6 13 2 4 9 5 3 12 13 11 9 13 5 11 12 12 5 5 18 3 1 0 1 14 5 18
split_gain=6.25024 5.97614 7.1143 8.18249 9.58243 10.0565 13.535 10.9858 12.9398 12.8701 16.2656 9.32234 9.24242 8.97341 7.59332 9.58418 9.19043 8.68705 8.73761 20.3952 20.3211 13.8142 12.5575 20.9628 24.666 12.6119 12.4822 18.324 17.5113 12.7357
threshold=1.3887850000000002 0 6.7231400000000017 6.2772950000000014 6.4458300000000008 -0.4437649999999998 11.999661809849808 6.3961400000000008 2.1981250000000006 1.2843800000000003 2331.1329505000003 -1.3951539999999996 2.7693875000000006 1.1798750000000002 3.1411900000000004 -0.73029699999999964 3.0468000000000006 2.9913355000000004 -0.60060049999999987 -0.52855849999999982 1.3266600000000002 1.4297950000000001 1 2582.6685555000008 17.840235991651046 84.329385000000016 15.926645813097979 1.5000000000000002 1.8588000000000002 2
decision_type=2 1 2 2 2 8 2 2 2 2 10 8 8 2 2 10 2 2 10 10 2 2 1 10 2 2 2 2 2 1
left_child=1 2 3 -1 12 7 13 8 -6 -9 -11 -8 14 -7 15 -5 17 18 -17 20 -20 -21 23 24 -23 -24 27 28 29 -27
right_child=-2 -3 -4 4 5 6 11 9 -10 10 -12 -13 -14 -15 -16 16 -18 -19 19 21 -22 22 25 -25 -26 26 -28 -29 -30 -31
leaf_value=0.0013135461069849362 -0.05075339565425218 -0.0011104780196387355 -0.019383200951599101 -0.016054819660302391 0.16697124856737122 0.11898252328415496 0.21737580223881481 0.046990007764391335 -0.026587270543515774 0.30988278145538378 0.077789587422679551 0.037167596578665731 0.07159704844775043 -0.010913435185240308 0.026442123952761784 -0.0016950288433439432 0.14344160589251609 -0.018707758357235676 0.34081203776488384 0.00090181030429315888 0.033507680216655643 0.02802035529060597 -0.042757027352431157 0.3033846764858617 0.2989898576647857 0.37362834962573177 -0.0017842993290809431 -0.023880483277015092 0.026203800191929194 0.1345671683999706
leaf_weight=1981.1212828489952 6.0777987730689338 4359.6278555495664 38.068676999304444 54.659114467911422 1.1313543263822774 1.4480676176026559 1.2753376550972459 2.9694750318303704 3.6465352401137352 1.5065531786531212 1.5130271632224319 1.6411702064797276 5.4388940688222638 16.245309174992144 36.751497316174209 49.821937519591302 1.2548723556101311 25.582811758387834 1.0127182230353349 33.912735725753009 1.1475313594564793 5.5246550692245364 4.7264964124187854 1.1199819501489399 0.99039861187338818 1.169618804939089 4.7994812726974487 1.7128379773348568 1.2527191611006854 1.0638556797057399
leaf_count=39995 544 92704 727 1062 23 28 14 50 59 20 24 31 75 291 609 918 22 479 20 649 22 115 101 23 16 22 79 35 23 22
internal_value=0 -2.58619e-05 0.00204169 0.00241418 0.010695 0.036628 0.0161684 0.0757913 0.0192454 0.120902 0.193587 0.115969 0.00718682 -0.000282444 0.00564018 0.00161121 0.00875897 0.00749618 0.0136887 0.0268054 0.177571 0.0210176 0.0515266 0.103563 0.0692123 0.0245454 0.0563605 0.110037 0.175833 0.259758
internal_weight=0 6642.14 2282.51 2244.44 263.319 31.3768 20.6099 10.7669 4.77789 5.98906 3.01958 2.91651 231.942 17.6934 226.503 189.752 135.093 133.838 108.255 58.433 2.16025 56.2728 22.36 7.63504 6.51505 14.725 9.99851 5.19903 3.48619 2.23347
internal_count=138802 138258 45554 44827 4832 540 364 176 82 94 44 45 4292 319 4217 3608 2546 2524 2045 1127 42 1085 436 154 131 282 181 102 67 44
cat_boundaries=0 1 2 3
cat_threshold=12 4 1
is_linear=0
shrinkage=0.05


Tree=74
num_leaves=31
num_cat=3
split_feature=17 6 5 4 3 9 11 12 12 13 1 19 8 7 4 11 6 10 0 12 12 10 9 3 2 0 3 13 4 6
split_gain=6.27246 6.47475 12.6151 10.1996 11.1946 11.5318 7.96479 6.60238 7.33599 7.90283 11.3273 7.40986 9.07845 9.90476 10.5998 12.062 21.211 10.4171 40.2567 10.1236 13.0237 9.22223 9.61999 9.01778 12.1583 10.6087 8.78349 8.34912 28.2251 8.27704
threshold=0 6.6304550000000004 0.14104000000000003 6.587295000000001 2149.6882660000006 2.5656350000000008 3.3481630000000004 -1.6988309999999998 -1.5096149999999999 2.3977760000000004 10.627049502916867 1 -0.39237999999999995 2 4.5911150000000012 2.2366155000000005 5.6121550000000004 -2.6025239999999994 88.235495000000014 -0.46082599999999996 1.2146750000000004 -3.0073429999999992 2.3756300000000006 2348.5545610000004 16.704574400571435 89.247185000000016 2145.2121960000004 2.7693875000000006 5.0493050000000013 5.6178850000000002
decision_type=1 2 2 2 10 2 2 8 8 10 2 1 2 1 2 2 2 2 2 8 10 2 2 10 2 2 10 10 2 2
left_child=-1 7 -3 6 -5 -6 -4 -2 9 -9 -11 -10 26 23 19 16 -16 18 -18 -15 -21 -20 -23 27 -25 -26 -13 29 -29 -14
right_child=1 2 3 4 5 -7 -8 8 11 10 -12 12 13 14 15 -17 17 -19 21 20 -22 22 -24 24 25 -27 -28 28 -30 -31
leaf_value=-0.0023885158768104306 0.0069267574152235625 0.11800827649570944 -0.013454343589104717 -0.028846635056504394 0.017171849299504171 0.21071814585686144 0.0035966185816458901 -0.019837542441291631 0.0025583046597545396 -0.012471569626242195 0.13201777725132724 -0.01890918820749329 0.016247136571891502 0.20170586094185594 -0.014303524636062607 -0.015782636574690364 0.36656448440102474 0.019074184260659325 -0.053144107278558873 -0.0058567719889611944 0.16804121766450517 0.19241737038635437 0.0067762672927217495 -0.010302729297404237 0.21224976976489771 0.020865343399426178 -0.0011822039521130069 0.28385662955277285 -0.013574910466975579 0.0017987675082026941
leaf_weight=2029.678297219798 488.78296826314181 2.0398951275274149 209.56077713845298 2.0012598298490039 1.410064706578851 1.694403354078531 101.73819215595722 66.896850275807083 2572.8973370585591 3.6727740420028558 2.1507368292659521 140.67684792168438 156.47465407196432 0.98061657138168812 72.296608065720648 195.62980371993035 1.0702966256067146 52.70867869630456 2.0398756656795736 5.2820776868611565 1.352324600331485 1.218453116714955 1.6333298124372957 117.88890692032874 1.1257819533348077 2.0292963478714228 138.84510202426463 1.1823649965226644 2.4512756522744894 270.44583480153233
leaf_count=49993 8912 36 3929 35 25 24 1981 1336 50249 78 37 3748 2473 21 1342 3935 19 889 43 114 26 20 23 1864 17 42 3099 18 39 4435
internal_value=0 0.000946369 -0.00593302 -0.00673209 0.0633652 0.122808 -0.00788178 0.00145587 0.000754184 -0.0149743 0.0408912 0.00106015 -0.00224757 0.000231503 -0.00656088 -0.00792056 0.00382327 0.0261599 0.0888039 0.0517538 0.0295898 0.0280298 0.0860933 0.00434699 -0.00771033 0.0891543 -0.0101038 0.00773673 0.0832075 0.00709438
internal_weight=0 4618.18 318.445 316.405 5.10573 3.10447 311.299 4299.73 3810.95 72.7204 5.82351 3738.23 1165.33 885.81 334.212 326.597 130.967 58.6706 5.96196 7.61502 6.6344 4.89166 2.85178 551.598 121.044 3.15508 279.522 430.554 3.63364 426.92
internal_count=138802 88809 6030 5994 84 49 5910 82779 73867 1451 115 72416 22167 15320 6432 6271 2336 994 105 161 140 86 43 8888 1923 59 6847 6965 57 6908
cat_boundaries=0 1 2 3
cat_threshold=4 1 2
is_linear=0
shrinkage=0.05


Tree=75
num_leaves=31
num_cat=3
split_feature=8 6 16 17 2 1 17 9 0 9 8 2 12 13 13 0 12 13 8 0 12 0 3 1 8 0 1 10 9 12
split_gain=5.9316 5.92916 8.28708 8.38662 14.8449 10.2601 8.34813 11.0987 10.3363 9.11526 15.9766 7.97 7.57791 7.74036 23.8392 16.9709 36.0599 10.0171 8.59652 9.71781 8.43733 7.57306 14.7207 22.7779 13.6301 12.3858 11.0647 11.4513 21.8805 11.6386
threshold=1.3887850000000002 5.6645450000000013 0 1 15.960969230890944 18.115409043685791 2 1.9543150000000002 81.953270000000018 3.5051100000000006 -0.32027499999999992 -7.8212764456953892 -0.94366099999999997 0.57664900000000008 1.4344650000000003 79.613420000000005 -1.4502084999999998 -0.87653449999999988 -0.45580499999999996 79.053000000000011 -2.2396684999999996 83.375080000000011 2528.0159345000006 -1.861984554541642 -0.011474999999999997 83.209965000000025 10.845114523375061 0.5153350000000001 3.3597650000000008 -1.211171
decision_type=2 2 1 1 2 2 1 2 2 2 2 2 8 10 8 2 10 10 2 2 10 2 8 2 2 2 2 2 2 10
left_child=1 -1 3 4 5 -3 7 -4 9 12 -11 -5 13 17 15 16 -15 -8 19 -16 -19 22 25 -24 -25 -13 27 -23 29 -29
right_child=-2 2 6 11 -6 -7 8 -9 -10 10 -12 21 -14 14 18 -17 -18 20 -20 -21 -22 26 23 24 -26 -27 -28 28 -30 -31
leaf_value=0.0018280373125005693 -0.050716191768883562 0.0008565030816949763 -0.020070019252185038 -0.036745619854316847 0.19759142418745318 0.10455058026896302 0.11428210250165532 -0.0040416410462089615 -0.0020399520834184859 -0.052820502784046146 0.1544046705908797 0.010674507050314495 0.0039008560371213957 0.077252218553130719 -0.053632031276028495 0.03872416007557665 0.3768023213941647 0.12487900365042398 -0.016181009084761732 0.17812422493992169 -0.041190637968556265 -0.016617474835691284 -0.052894029873952045 0.33726830512638112 0.088614659707330359 0.14617374584479056 0.0067519306448416382 0.16005215101647496 0.24017019042512744 -0.0092694176257136236
leaf_weight=2612.7356788665056 5.7764381896704426 9.9893010156229121 127.4593507880345 12.002131949178873 1.3875643946230418 3.1339342314749947 1.4917818196117867 707.49687966471538 2269.3369930773042 1.437757729552686 2.6343441866338244 47.451014471706003 348.36372294416651 3.0085774892941117 0.69486867450177925 4.3268003324046731 1.5083804773166756 0.84400094766169687 10.40363355912268 1.2958311541005967 8.1533525055274385 99.567704033106565 1.1942297378554942 1.1505150217562916 1.0578660126775492 1.7486711516976345 351.4321055104956 1.1637451481074084 1.1924970522522915 7.9338285475969306
leaf_count=54461 544 166 5312 250 24 42 38 16545 44006 33 37 971 6743 51 18 95 28 25 172 33 185 2401 29 20 26 34 6305 20 22 166
internal_value=0 -2.70897e-05 -0.00123015 0.00448304 0.0420639 0.0256195 -0.00212196 -0.00648844 -0.000755993 0.00682864 0.0812386 0.00353133 0.00603145 0.0294253 0.0467812 0.109493 0.177283 -0.00571638 0.00203403 0.097228 -0.0256124 0.00447202 0.0224464 0.123025 0.218157 0.0154905 0.00242234 -0.0114279 0.0387869 0.0123899
internal_weight=0 6641.6 4028.86 540.405 14.5108 13.1232 3488.46 834.956 2653.5 384.163 4.0721 525.894 380.091 31.7272 21.2381 8.84376 4.51696 10.4891 12.3943 1.9907 8.99735 513.892 52.6023 3.40261 2.20838 49.1997 461.29 109.858 10.2901 9.09757
internal_count=138802 138258 83797 10476 232 208 73321 21857 51464 7458 70 10244 7388 645 397 174 79 248 223 51 210 9994 1080 75 46 1005 8914 2609 208 186
cat_boundaries=0 1 2 3
cat_threshold=8 1 4
is_linear=0
shrinkage=0.05


Tree=76
num_leaves=31
num_cat=3
split_feature=9 13 8 3 7 18 8 17 0 0 11 3 1 6 12 10 9 10 2 11 1 10 15 13 6 11 11 8 6 6
split_gain=5.81407 6.40182 7.76872 6.97972 7.53383 7.84155 6.56796 5.71455 7.58165 12.6307 14.5908 23.2327 12.15 13.2906 13.1584 11.7464 11.0359 16.9141 14.8372 10.8616 10.2823 12.797 9.96593 9.73624 9.61247 16.0611 9.59728 11.5875 9.14287 10.2223
threshold=1.2300700000000002 1.3011915000000001 0.073745000000000019 1979.1891695000002 0 1 0.31103500000000001 2 81.859710000000021 81.675865000000002 3.7699270000000005 1548.4394695000003 -1.1323498174353703 5.8374550000000012 3.3251220000000004 -0.059206999999999989 2.1241950000000007 -1.6148664999999998 11.999661809849808 3.4420710000000003 11.61093329426553 -1.6984259999999998 1.5000000000000002 2.6602770000000002 5.1324950000000014 1.0427115 2.8882320000000004 -0.19396499999999997 6.8583000000000007 6.1263950000000014
decision_type=2 10 2 10 1 1 2 1 2 2 2 10 2 2 10 2 2 2 2 2 2 2 2 8 2 2 2 2 2 2
left_child=1 -1 -3 -4 5 -5 -7 -2 9 22 16 -12 -10 19 20 -13 17 -11 24 -14 21 -15 -9 -23 25 -18 -22 28 29 -28
right_child=7 2 3 4 -6 6 -8 8 12 10 11 15 13 14 -16 -17 18 -19 -20 -21 26 23 -24 -25 -26 -27 27 -29 -30 -31
leaf_value=-0.027084666588792012 0.0020775834474807079 -0.034924571996814702 -0.051317258976158311 0.011566317358125106 -0.050666235984597324 0.30144563204280933 0.10901567327353312 -0.0024210548543930283 -0.015705025091322652 0.16344830488626078 0.35388222663451291 0.15448403798265986 0.0042425987153901466 -0.030344006113565913 0.057534719072794331 -0.053027333205387175 0.2029271964129889 -0.038536443318293152 0.18466617716787062 -0.0061586994349426272 -0.0058903728266598869 -0.0091653552250977165 0.0079537852418472658 0.020292399972549419 0.01148957744192813 0.016403031989312419 0.0035675056575885165 -0.00082731446702286244 -0.030751046844742835 0.036328409230570971
leaf_weight=35.754568752367049 2274.853591456078 3.1333614080213001 0.9265423179604112 0.7913204375654459 0.62825480382889543 0.84766346774995349 0.92985840793699026 585.77433294290677 157.90461589535698 1.1504252227023233 0.85867262911051456 1.433275091461838 1152.6370446719229 69.344803987536579 8.5002729482948762 1.3009745012968772 1.9443130232393802 10.462607478722928 1.6745075210928906 320.85947152320296 644.35902630211785 487.4902185741812 382.69201950030401 29.762458651326597 16.100130202248693 2.8396636517718434 41.304970091208816 345.57963370298967 8.8037466108798963 56.219555048272014
leaf_count=2374 42405 202 46 29 53 21 26 12806 4006 23 20 26 23840 2515 152 33 32 287 31 7271 12383 11914 8439 615 293 49 797 6884 162 1068
internal_value=0 -0.0183942 0.0244228 0.069518 0.104537 0.142495 0.200782 4.85955e-05 -0.00101762 0.00278479 0.0311531 0.127 -0.0021691 -0.00149376 -0.00451802 0.0557487 0.0210755 -0.0185272 0.0414627 0.00197768 -0.00483146 -0.0101744 0.00167859 -0.00747037 0.0299805 0.0922105 -0.00197253 0.00361378 0.0180479 0.022453
internal_weight=0 43.0116 7.257 4.12364 3.1971 2.56884 1.77752 6603.85 4329 1006.23 37.7646 3.59292 3322.77 3164.86 1691.36 2.73425 34.1716 11.613 22.5586 1473.5 1682.86 586.597 968.466 517.253 20.8841 4.78398 1096.27 451.908 106.328 97.5245
internal_count=138802 2751 377 175 129 76 47 136051 93646 22039 794 79 71607 67601 36490 59 715 310 405 31111 36338 15044 21245 12529 374 81 21294 8911 2027 1865
cat_boundaries=0 1 2 3
cat_threshold=2 2 1
is_linear=0
shrinkage=0.05


Tree=77
num_leaves=31
num_cat=3
split_feature=8 2 11 3 3 2 3 1 13 7 11 8 9 19 0 2 9 4 10 18 2 9 4 5 13 12 0 5 3 1
split_gain=5.77645 10.2047 20.0145 14.4744 29.3096 35.0675 7.80169 5.71729 7.26074 10.1717 18.5925 17.8865 25.1431 14.118 13.0408 11.3778 11.0148 12.0536 15.7537 20.8684 30.3627 23.996 19.7617 14.7463 11.5894 14.0118 12.446 10.9887 15.5271 14.868
threshold=-1.1385099999999997 5.3523078092729994 2.0321020000000005 2206.4600705000003 2073.0988995000002 -2.1380448063381317 2704.3220420000002 -6.1970106079792346 -0.93757199999999974 0 1.6899975000000003 -0.29560499999999995 2.4930550000000005 1 91.418815000000009 6.1562992672224146 1.8522450000000001 5.5848300000000011 -1.7122174999999997 2 11.075679247207214 2.1918400000000005 5.5433350000000008 1.267155 0.56251550000000006 0.22160699999999992 88.300555000000017 2.7222150000000007 2600.2096355000003 -1.7018857575109145
decision_type=2 2 2 10 10 2 8 2 8 1 2 2 2 1 2 2 2 2 2 1 2 2 2 2 10 10 2 2 10 2
left_child=1 2 3 4 -1 -6 -3 -2 -9 11 27 12 16 -12 -13 -16 -10 18 19 20 -18 -22 -20 -24 26 -26 -25 -11 29 -29
right_child=7 6 -4 -5 5 -7 -8 8 9 10 13 14 -14 -15 15 -17 17 -19 22 -21 21 -23 23 24 25 -27 -28 28 -30 -31
leaf_value=-0.050788407932418823 -0.0085218499563734142 -0.027986576805166637 0.43895473622696235 -0.037173908766631791 -0.05071687965933247 0.59502297817933802 0.20362380299129212 0.0037000986882278343 -0.031325299262768627 0.0045163932161759058 -0.002920149902216175 0.0064597977185908532 0.0038142480162232741 -0.013319647005270921 -0.016991122369661972 0.0010785940006450127 -0.023963420572838609 -0.017629327043474103 -0.0096403750941133487 0.012783667063487531 0.097080286196968235 0.39681095109210429 0.24999971239119745 -0.039960449877720336 0.046126146048269312 0.29956907065814636 0.13724854683892929 0.026697305043880338 -0.014952356370939815 0.25683308990445791
leaf_weight=0.9997092937119294 188.73541066329926 41.528498991858214 0.30572859942913044 3.4942300645634532 0.34371406259015203 0.54144263546913862 0.36680226773023505 1265.8175985165872 70.77037261473015 519.89495940040797 1332.0208443524316 1475.0439007822424 435.79005178902298 432.26110933395103 110.26333805732429 414.96809789072722 1.697760222479699 201.22358098579571 122.15006082318723 11.359225470572708 1.3398540280759337 1.3311863727867601 0.99087616614997198 3.9930167095735669 1.5218279175460341 0.8499108962714671 1.31783992331475 1.2470767833292487 2.4744831789284945 1.6051446590572584
leaf_count=73 4386 2927 14 209 27 29 3 25350 3967 10288 30728 24694 8382 9626 2097 7674 32 4618 3086 226 37 22 23 104 40 17 35 22 39 27
internal_value=0 -0.0174291 0.0454318 0.0230654 0.134739 0.344277 -0.0259588 5.51837e-05 0.000307728 -0.000527037 -0.00300968 0.00146413 -0.00459192 -0.0054681 0.00405073 -0.00271483 -0.0133444 -0.00968542 0.00122202 0.0485014 0.14137 0.246459 -0.00446205 0.0684652 0.0450514 0.136947 0.00401232 0.00524845 0.0766982 0.156211
internal_weight=0 47.5801 5.68482 5.3791 1.88487 0.885157 41.8953 6598.67 6409.93 5144.11 2289.5 2854.61 854.336 1764.28 2000.28 525.231 418.546 347.775 146.552 15.728 4.3688 2.67104 130.824 8.67347 7.6826 2.37174 5.31086 525.222 5.3267 2.85222
internal_count=138802 3282 352 338 129 56 2930 135520 131134 105784 50730 55054 20589 40354 34465 9771 12207 8240 3622 317 91 59 3305 219 196 57 139 10376 88 49
cat_boundaries=0 1 2 3
cat_threshold=2 1 1
is_linear=0
shrinkage=0.05


Tree=78
num_leaves=31
num_cat=1
split_feature=1 10 2 8 11 1 13 7 0 12 4 10 12 12 6 2 12 8 9 4 2 13 0 11 5 5 6 10 9 5
split_gain=5.74886 15.2827 12.7591 12.509 13.3378 11.8038 26.2202 12.1649 11.5854 10.1793 14.9644 19.4673 12.1229 13.9059 20.3898 10.1767 9.51568 9.01922 8.80521 9.17753 17.3638 14.6857 8.7168 8.48641 7.84703 14.6498 7.83401 7.78895 10.2373 9.81171
threshold=10.175487867309222 -1.1178129999999997 -1.6007544188332656 0.29749500000000001 1.4381845000000002 -1.1323498174353703 -0.4566544999999998 0 83.801575000000014 -2.4055024999999994 5.9527650000000003 -1.3527664999999998 -0.63631399999999982 0.17866200000000002 5.6411950000000006 1.2542661674754687 2.6352515000000003 0.23164000000000004 1.7805500000000001 5.9677700000000007 -5.1218255140377638 -1.2370764999999999 75.457695000000015 0.17577250000000003 0.66943500000000011 0.54610000000000014 5.9011100000000001 -1.5012939999999999 1.6748700000000003 1.8658750000000002
decision_type=2 2 2 2 2 2 8 1 2 10 2 2 10 8 2 2 10 2 2 2 2 10 2 2 2 2 2 2 2 2
left_child=1 2 3 4 5 6 -1 -7 16 10 -6 -12 -11 14 -14 23 22 -15 -9 21 -21 -20 -4 -2 25 -5 -16 28 -24 -30
right_child=15 -3 8 24 9 7 -8 18 -10 12 11 -13 13 17 26 -17 -18 -19 19 20 -22 -23 27 -25 -26 -27 -28 -29 29 -31
leaf_value=-0.052061423215394698 0.016905641594635867 -7.9177295714515366e-05 0.12566262262870173 -0.025830677078322064 0.0036709722393170087 -0.038754576405547331 0.35240055150500343 -0.031229725796753954 -0.01701387052257973 -0.040298625426943457 0.29528227630690157 0.031457235336537909 0.28337817417634231 0.0069089122125193282 -0.052591837088604668 0.0019239852022026127 0.11947711538554295 0.15262386678755832 0.02369341045372533 0.14528531505264888 -0.015449428702506077 0.27378328842013733 -0.013600067074212545 -0.02040013185066273 -0.023272081564964089 0.19702459948064899 0.12723142601870882 -0.0142663004623349 0.061338606210581958 -0.016814728389700884
leaf_weight=0.87155190762132406 18.483531703241169 2839.5038478588685 1.3804832221940149 1.9154988760128611 1.7705511543899799 14.129917488433421 0.74170565977692848 4.8719969755038646 346.49512649560347 4.0862817401066485 1.7219408378005026 1.1772623900324108 1.4837592877447519 8.3575715832412261 1.0748406108468773 3178.8184159952216 1.7304491233080614 1.2165161753073324 1.2996282838284972 2.2604856677353409 6.5454319082200483 1.0705431587994088 15.840761796105651 86.990993480198085 31.148777459748089 1.1990598188713191 1.3875233400613067 47.720909993629903 14.745118556544186 5.5191508494317523
leaf_count=31 356 61507 31 86 41 348 26 168 10430 113 34 21 35 197 27 59384 34 30 24 37 111 20 787 1806 1291 39 32 1316 299 141
internal_value=0 -0.0015244 -0.00938949 0.00793051 0.0229091 0.00212117 0.133893 -0.00492307 -0.0129192 0.0525764 0.118206 0.188152 0.0351696 0.0579787 0.136963 0.001417 0.00340051 0.025424 0.0248647 0.0493179 0.0258113 0.136652 0.00104312 -0.0138626 -0.0157057 0.0599654 0.0487372 -0.00100917 0.0165131 0.0400529
internal_weight=0 3361.27 521.763 88.3308 54.0675 31.7913 1.61326 30.178 433.432 22.2762 4.66975 2.8992 17.6065 13.5202 3.94612 3284.29 86.9369 9.57409 16.0481 11.1761 8.80592 2.37017 85.2064 105.475 34.2633 3.11456 2.46236 83.8259 36.105 20.2643
internal_count=138802 77256 15749 2711 1295 765 57 708 13038 530 96 55 434 321 94 61546 2608 227 360 192 148 44 2574 2162 1416 125 59 2543 1227 440
cat_boundaries=0 1
cat_threshold=2
is_linear=0
shrinkage=0.05


Tree=79
num_leaves=31
num_cat=2
split_feature=8 8 16 4 1 4 12 4 6 5 6 13 11 5 18 8 11 3 12 13 4 5 5 1 11 0 0 4 6 4
split_gain=5.59959 5.49786 5.42018 6.61325 7.22242 7.251 10.6194 9.28922 10.2849 12.849 11.2436 11.0361 11.717 9.95174 11.4104 31.491 10.0791 9.23141 11.2899 18.6967 20.1192 8.7999 13.4572 13.3951 13.5645 9.85378 13.0277 10.1773 9.55235 11.6185
threshold=1.3887850000000002 -1.4736199999999997 0 6.7231400000000017 -9.9964899752286609 6.2174150000000008 0.60572950000000003 5.9527650000000003 5.8326250000000011 2.8759700000000001 5.7629500000000009 -0.67139699999999991 2.0703905000000007 2.9369500000000004 1 -0.30783999999999995 3.3191700000000002 2331.1329505000003 0.52799850000000015 -0.62930499999999989 5.7059650000000008 2.0487350000000002 1.5218650000000002 3.7615934476247039 1.7505160000000004 88.116075000000009 89.349505000000008 5.8356950000000003 5.7841050000000012 5.5057200000000011
decision_type=2 2 1 2 2 2 10 2 2 2 2 10 2 2 1 2 2 10 8 10 2 2 2 2 2 2 2 2 2 2
left_child=1 -1 3 4 -3 7 -7 8 9 10 -6 12 -10 -9 15 -15 -16 21 19 20 -19 22 28 -24 -25 -26 -27 -28 29 -12
right_child=-2 2 -4 -5 5 6 -8 13 11 -11 17 -13 -14 14 16 -17 -18 18 -20 -21 -22 -23 23 24 25 26 27 -29 -30 -31
leaf_value=-0.043786536139571341 -0.050681143374311059 -0.034170924785738625 -0.0010166281966219354 -0.018827887234079247 0.0076184450559579793 0.015646184004432028 -0.0034916442953039856 -0.006607611697517838 -0.0087534045028767136 -0.01061117318739252 0.186964895259635 -0.0046855978689189625 0.015615099219042333 0.32714819521962524 0.15331615582159497 -0.0012341524499508666 -0.023092190513174869 0.28044923405960714 0.012792224542996583 0.052515086166222358 0.00061819873108560095 -0.017065833013920974 -0.052690497124540339 0.24314717209289613 0.0088098321125725711 0.22688818932763546 0.034686505532425464 0.18374590360448145 -0.027244825648715634 0.014193594744029878
leaf_weight=7.170571105554699 5.4607630860991767 13.461720764636992 4349.3535541119054 37.504195919260383 566.31282268930227 222.31863120617345 107.55397215439007 389.81114685768262 70.573434409685433 86.398061128798872 1.2485145702958131 547.337055537384 163.86734562600031 1.1826250795274975 0.96858936408534457 1.9078555768355725 4.9359863819554448 2.0947548933327194 8.9856951669789868 9.8847526405006629 0.92640098556876171 13.78738409699872 2.1750315325334695 1.1765563758090127 4.7823810847476116 1.6046001072972993 5.1193928569555283 1.4750795699656007 11.322797006927429 4.4107310818508267
leaf_count=547 544 330 92338 727 11430 4022 1991 7597 1427 1813 27 11311 3176 27 21 36 97 44 160 195 20 297 61 21 92 31 103 26 213 78
internal_value=0 -2.87661e-05 1.85418e-05 0.00198629 0.00234275 0.00256296 0.00940635 0.00137626 0.00317577 0.00747988 0.00994015 -0.000797611 0.00827948 -0.0054078 0.0465874 0.124427 0.00584592 0.0289971 0.0558246 0.0857858 0.194642 0.0165285 0.0304315 0.0628348 0.0805824 0.0658486 0.0991183 0.0680287 -0.000733428 0.0523095
internal_weight=0 6639.65 6632.48 2283.13 2245.62 2232.16 329.873 1902.29 1503.48 721.705 635.307 781.778 234.441 398.806 8.99506 3.09048 5.90458 68.9941 21.8916 12.9059 3.02116 47.1025 33.3151 16.333 14.158 12.9815 8.19907 6.59447 16.982 5.65925
internal_count=138802 138258 137711 45373 44646 44316 6013 38303 30525 14611 12798 15914 4603 7778 181 63 118 1368 419 259 64 949 652 334 273 252 160 129 318 105
cat_boundaries=0 1 2
cat_threshold=12 4
is_linear=0
shrinkage=0.05


Tree=80
num_leaves=31
num_cat=3
split_feature=2 13 6 16 2 17 9 0 9 12 9 5 0 5 5 1 10 1 11 1 3 5 9 3 1 0 8 10 18 3
split_gain=5.33281 11.9764 5.40375 7.17336 8.70429 7.37817 9.82243 8.82267 7.79059 7.66407 9.31678 7.49762 7.25771 13.4775 17.4368 10.0492 9.52531 8.76585 13.2069 12.665 7.57766 12.7911 9.8413 6.97867 16.7741 21.1476 11.2852 16.7428 15.1212 8.32776
threshold=-14.160800535687283 -3.8435779999999995 5.6645450000000013 0 -7.8212764456953892 1 1.9543150000000002 81.953270000000018 2.6654850000000008 -2.3468004999999996 1.9396450000000003 3.6688250000000004 80.623605000000012 2.0157300000000005 2.1167650000000005 8.8695061799519817 0.5153350000000001 2.2261347746821989 2.0453300000000003 4.235422535675057 1949.3305635000004 0.64039000000000013 2.6855350000000002 1914.1958220000004 7.4989377254196095 76.785680000000013 0.27730000000000005 -1.2703214999999999 2 1836.6699445000002
decision_type=2 8 2 1 2 1 2 2 2 8 2 2 2 2 2 2 2 2 2 2 10 2 2 10 2 2 2 2 1 10
left_child=1 -1 -2 4 -4 6 9 8 11 10 -5 -7 20 -14 -15 16 -16 18 -18 -19 -10 -22 -23 24 29 -26 -27 -28 -29 -8
right_child=2 -3 3 5 -6 7 23 -9 12 -11 -12 -13 13 14 15 -17 17 19 -20 -21 21 22 -24 -25 25 26 27 28 -30 -31
leaf_value=0.14509848426756186 0.0017871361428513938 -0.031276889089875984 -0.039719615541657274 0.0065737838339267234 0.0051583690632196295 0.0012351475233219899 -0.018705483089183846 -0.0018794562516705967 -0.0090498774926679112 -0.023727752195164164 0.21430756213491231 0.11333050730216113 0.0080924203207087923 0.20737144624080442 -0.020407325751802735 0.18518030012203501 0.15260869295243634 0.23651904402882767 -0.054263709285679342 0.023963626093543421 0.16004173614189224 0.14203151333040928 0.013034424181288435 -0.0056839833036615335 0.20688645266524769 0.012586263468276902 0.0055177774956911745 0.33832019883436149 0.10000325374146767 0.03371638145800545
leaf_weight=1.0052228630520403 2607.187832237687 22.632825118955228 11.028960017953066 14.543993246275928 531.00616548769176 274.37391578452662 41.362442525103688 2261.2456444674172 32.219130668789148 108.66719799349084 0.56055152975022871 1.4998774733394373 16.871079087257389 2.0979917161166659 4.4611135544255358 1.2489270046353329 1.2094872295856478 1.5476944427937271 2.1304588979110122 1.2807370824739335 1.6327091846615065 1.5318258395418514 42.502332128584385 615.53698318591341 1.7144144317135204 27.480457182507962 3.4271319853141904 0.894970728084445 2.5971624245867129 9.2748704990372044
leaf_count=17 54359 534 238 575 10250 5648 1114 44017 528 4755 13 34 266 30 71 17 18 23 34 20 26 26 681 14413 28 651 88 23 55 250
internal_value=0 -0.0237764 1.47802e-05 -0.00113642 0.00416832 -0.00197093 -0.00610173 -0.000688702 0.00631217 -0.0190891 0.0142831 0.00184459 0.0176471 0.0381733 0.0744843 0.0510135 0.0352493 0.0755015 0.0206505 0.140272 0.00951754 0.0226173 0.0175219 -0.00381283 0.00946379 0.0354982 0.0269565 0.0840294 0.16108 -0.00910375
internal_weight=0 23.638 6621.14 4013.95 542.035 3471.91 826.06 2645.85 384.607 123.772 15.1045 275.874 108.733 30.8475 13.9764 11.8784 10.6295 6.16838 3.33995 2.82843 77.886 45.6669 44.0342 702.288 86.7514 36.1141 34.3997 6.91927 3.49213 50.6373
internal_count=138802 551 138251 83892 10488 73404 21965 51439 7422 5343 588 5682 1740 479 213 183 166 95 52 43 1261 733 707 16622 2209 845 817 166 78 1364
cat_boundaries=0 1 2 3
cat_threshold=8 4 4
is_linear=0
shrinkage=0.05


Tree=81
num_leaves=31
num_cat=2
split_feature=8 2 7 9 17 15 13 3 2 13 4 6 8 5 0 1 13 5 4 12 4 8 12 11 11 6 12 13 3 4
split_gain=5.31033 5.26861 9.87057 8.58176 11.8657 14.3906 9.81099 7.88951 6.53191 14.0538 16.7909 27.4441 26.1022 20.0066 20.2036 15.8802 9.00064 9.33191 8.36307 7.28554 6.15661 10.0513 9.56945 6.51721 22.6323 12.6442 16.2794 15.443 10.2756 5.88135
threshold=1.3887850000000002 18.20518836907787 0 2.8059350000000003 1 1.5000000000000002 -1.1626799999999997 2328.6514350000002 17.827225764228263 0.09867700000000014 5.6725350000000008 5.9011100000000001 0.027825000000000006 2.1984750000000006 88.929765000000017 10.175487867309222 -0.26465499999999981 3.0968150000000008 4.5331450000000011 0.88558450000000022 5.3212650000000012 0.4279650000000001 -0.39482149999999988 3.8510855000000004 3.7898800000000006 6.3406250000000011 0.37114499999999995 2.8984895000000002 2478.9723770000005 5.4640450000000014
decision_type=2 2 1 2 1 2 8 10 2 10 2 2 2 2 2 2 10 2 2 8 2 2 10 2 2 2 8 10 10 2
left_child=1 8 3 20 5 7 -6 -5 -1 10 11 16 13 15 -15 -13 17 -10 -11 -16 21 23 -23 24 25 27 -27 28 -3 -8
right_child=-2 2 -4 4 6 -7 29 -9 9 18 -12 12 -14 14 19 -17 -18 -19 -20 -21 -22 22 -24 -25 -26 26 -28 -29 -30 -31
leaf_value=6.2711099353493534e-05 -0.050647043889298721 -0.041366326302685053 -0.021875413068113268 -0.011251035635378957 0.15605312370710631 0.22033835818491343 0.029606160795629208 0.14283828545762384 -0.021529079820521286 0.089439602026924095 -0.019676429568234288 0.17944422528570925 0.0043499091463681657 0.294984452230519 0.14273810544750939 0.43009169886270193 0.13653892851890734 0.13669038793429364 -0.025400828035548301 -0.052250290446298447 -0.019106245074844559 0.019304212022620101 0.21642708102952765 -0.015146556143783227 0.26699499473863381 -0.0042319119029761701 0.28812478054411389 0.20558633390932532 0.15516620566570749 -0.052673678633845956
leaf_weight=6430.9451244762167 5.1855929396115235 8.9500805456191213 77.263064607046545 2.3966944394633161 0.95725944638252258 1.6397219207137821 4.2339201122522319 1.2713572476059196 7.9929831800982374 1.754075002856555 7.6024138093926004 1.2931592734530553 2.5305508654564619 1.0065603051334622 0.76877289544790961 1.2358685014769433 1.3230864806100751 1.0549486093223093 16.477744146250188 1.2711737165227535 35.90161450766027 1.3831310812383892 1.1095928959548462 19.918934053741395 0.93684874754399139 1.0361272860318429 0.88105256343260396 0.77226461935788471 0.71847818139940578 4.4593257354572415
leaf_count=132819 544 273 2111 49 25 28 93 21 194 37 194 35 51 26 23 21 36 25 411 35 994 29 20 489 20 32 27 17 19 104
internal_value=0 -2.95119e-05 -0.00888467 0.00270994 0.0371548 0.0972021 0.00412873 0.0421568 0.000194531 0.0193257 0.0428694 0.0686039 0.13753 0.197976 0.11168 0.301929 0.0147307 -0.00308139 -0.0143521 0.0212329 -0.00448526 0.0102156 0.10705 0.0029481 0.0300583 0.0120964 0.130123 -0.009576 -0.0267618 -0.0126005
internal_weight=0 6639.09 163.829 86.5664 14.9583 5.30777 9.65051 3.66805 6475.26 44.3113 26.0795 18.4771 8.10609 5.57553 3.04651 2.52903 10.371 9.04793 18.2318 2.03995 71.6081 35.7065 2.49272 33.2138 13.2949 12.358 1.91718 10.4408 9.66856 8.69325
internal_count=138802 138258 4351 2240 320 98 222 70 133907 1088 640 446 191 140 84 56 255 219 448 58 1920 926 49 877 388 368 59 309 292 197
cat_boundaries=0 1 2
cat_threshold=2 1
is_linear=0
shrinkage=0.05


Tree=82
num_leaves=31
num_cat=3
split_feature=1 0 11 7 6 4 3 10 3 9 12 9 8 18 0 0 12 19 3 0 0 4 6 5 3 13 11 1 6 12
split_gain=5.27147 15.3743 9.58259 14.3991 9.70715 10.6825 9.61941 9.34311 11.3248 16.2126 9.20374 8.95551 8.41611 14.3452 20.4363 18.9326 17.0662 11.3341 9.6673 8.08178 8.55864 8.24635 10.4446 10.4972 13.9584 13.1643 8.05006 12.5404 8.88174 23.9807
threshold=9.6305427051095069 88.651415000000014 2.8521890000000005 0 6.2588250000000007 6.3475650000000003 1998.8010430000002 -2.4343704999999995 1989.3062855000003 2.6091750000000005 -1.7685074999999997 2.7414950000000005 -0.84515499999999988 1 91.022485000000017 92.125180000000015 -2.8969614999999993 2 2230.9246975000001 85.867025000000012 85.955790000000022 6.2772950000000014 5.4625500000000011 2.6744550000000005 2328.6514350000002 0.086483000000000101 2.9913355000000004 9.8515390887862999 5.9512050000000007 -3.912696
decision_type=2 2 2 1 2 2 10 2 10 2 8 2 2 1 2 2 10 1 10 2 2 2 2 2 10 8 2 2 2 8
left_child=1 -1 10 4 5 6 7 -4 -9 -10 -2 -7 13 14 17 -16 18 -8 -15 -14 -21 -22 -23 24 25 -24 27 -5 29 -29
right_child=2 -3 3 26 -6 11 12 8 9 -11 -12 -13 19 16 15 -17 -18 -19 -20 20 21 22 23 -25 -26 -27 -28 28 -30 -31
leaf_value=-0.00010416310042266915 0.0061123030901679195 -0.0099382532621223665 -0.026450999740100969 0.18488557460815405 7.234864565879835e-05 -0.029468553262773658 0.22530124262091566 0.035657754611482129 0.25582742994422469 0.017410031607649628 -0.0026309238184588322 0.016967954420811667 -0.01983775625616567 0.017526990058033317 0.53694514304356922 0.14376636865201978 -0.030980528821526038 -0.051648627665872006 0.26107953794639077 0.16544739755311352 0.011065575702584181 -0.034700485694329861 0.19776038482717506 -0.027186819597604106 0.23171776984237391 0.016219668241341682 -0.0034495098101891644 0.25402997514325348 -0.0051313724506360401 0.021022032252029876
leaf_weight=2772.0480072181672 371.33519105706364 463.95283240685239 5.5877090254798523 1.0490725841373194 228.5769133893773 26.862799872644246 0.54103654436767123 43.455524751916528 1.4488944299519055 1.403999665752053 1589.0253047393635 16.92402483522892 20.271399477496743 0.72117760870605685 0.50961771700531222 0.7669638441875577 4.7951081637293083 1.1646577473729847 0.93654840346425772 0.91194069012999435 445.51968897785991 2.5036816354840985 1.3888403922319406 1.75678982026875 1.7451425418257711 3.5538647361099707 551.35580852208659 1.1353386528789995 42.469158267602324 40.300292708911002
leaf_count=61564 6769 12967 127 22 3988 474 17 713 23 23 29850 276 323 26 19 26 172 46 25 15 7512 38 21 29 25 60 12036 21 829 766
internal_value=0 -0.0015141 0.00130361 0.0043889 0.00880498 0.0122301 0.0141596 0.0346237 0.0419932 0.138495 -0.000974765 -0.0115204 0.0119793 0.0587425 0.149431 0.300725 0.0168296 0.0361983 0.155124 0.0110556 0.0124248 0.0121191 0.0549893 0.0815807 0.110152 0.0672304 -0.00124196 0.0130852 0.0109371 0.0274065
internal_weight=0 3236 3408.02 1447.66 811.346 582.769 538.983 51.8961 46.3084 2.85289 1960.36 43.7868 487.086 9.43511 2.98228 1.27658 6.45283 1.70569 1.65773 477.651 457.38 456.468 10.9483 8.44464 6.68785 4.94271 636.31 84.9539 83.9048 41.4356
internal_count=138802 74531 64271 27652 13978 9990 9240 886 759 46 36619 750 8354 331 108 45 223 63 51 8023 7700 7685 173 135 106 81 13674 1638 1616 787
cat_boundaries=0 1 2 3
cat_threshold=2 2 1
is_linear=0
shrinkage=0.05


Tree=83
num_leaves=31
num_cat=1
split_feature=8 2 11 15 3 8 16 9 3 12 2 2 12 5 4 9 1 10 13 4 0 12 8 6 12 0 15 4 10 6
split_gain=5.27885 8.91409 16.2455 11.6251 5.99379 5.10115 5.07829 8.58712 8.04293 7.96702 9.32475 16.6859 13.0264 14.4706 10.9566 7.71324 8.23451 18.4361 9.55066 11.7758 15.0423 8.92673 8.01643 7.06621 10.9438 6.8574 8.75715 14.8694 15.2687 8.93738
threshold=-1.1385099999999997 5.3523078092729994 2.1467010000000006 4.5000000000000009 2704.3220420000002 1.2667150000000003 0 3.3164450000000003 1353.2595635000002 -3.5773999999999995 9.6779149060382981 11.940450048579136 -4.1389074999999993 2.0730050000000007 5.6970550000000006 3.1965900000000005 15.682091619059962 -1.6559449999999998 0.44842300000000007 5.9045950000000014 93.697490000000016 0.70390150000000007 -0.16448499999999996 6.3953800000000003 0.88558450000000022 92.94689000000001 4.5000000000000009 6.5630750000000004 -2.4549844999999997 5.7087650000000005
decision_type=2 2 2 2 8 2 1 2 10 8 2 2 10 2 2 2 2 2 10 2 2 8 2 2 8 2 2 2 2 2
left_child=1 2 3 -1 -3 6 7 9 -9 10 -2 12 -12 -14 -13 25 -17 23 19 20 21 -19 -21 -18 -25 26 -11 29 -29 -28
right_child=5 4 -4 -5 -6 -7 -8 8 -10 15 11 14 13 -15 -16 16 17 18 -20 22 -22 -23 -24 24 -26 -27 27 28 -30 -31
leaf_value=-0.0029461289602455963 -0.0026203611526503801 -0.027196341922119283 0.36694844197405818 0.25020818363048425 0.16480568183662525 -0.033299352065878897 0.0011139585756921005 0.094754313662748099 -0.016203905244457171 -0.0017569858628773167 0.039836301689822981 0.08111800141149994 0.09362677792095328 0.31291979896090605 -0.053023136754565159 0.0014659407310692544 -0.021463356105587528 0.1252735999795454 -0.0096572069873276326 0.092120417821531464 0.22043212712623156 -0.013612572503179996 0.25279773512699072 -0.053578321649535333 0.12866806934577274 -0.01046557301231555 0.030003526783943926 0.039575320361483458 0.24707985547930533 -0.00311802099911189
leaf_weight=5.1548227262683204 12.748199423775079 40.175564305856824 0.35733717214316119 0.49723249487578858 0.41062593087553878 11.446628140751271 4316.3092921203934 1.6556097082793702 120.57713201828301 1751.0094242496416 2.65816998668015 2.5989792579784989 1.6887796316295847 1.3565686130896208 3.6744660707190633 42.91605934780091 10.820401933044197 1.6790476748719805 2.290385127067565 1.369430845603347 1.2763911522924898 3.7207103837281452 1.7921660989522932 1.3198183923959721 2.1915578693151478 212.41477937903255 33.515297195874155 2.6659284681081776 1.3281905539333809 51.91643578466028
leaf_count=315 251 2927 10 27 3 1088 86243 20 2356 37576 46 58 29 17 86 809 176 31 44 22 22 58 27 22 36 4688 665 45 23 1082
internal_value=0 -0.0168386 0.0399956 0.0193248 -0.0252538 5.00571e-05 0.000108024 -0.00180237 -0.014701 -0.00107641 0.027142 0.0588209 0.120716 0.191312 0.0025492 -0.00140517 0.0149919 0.0369301 0.0822995 0.103708 0.0660635 0.0295739 0.183201 -0.00146334 0.0601673 -0.00195931 -0.000977554 0.0142842 0.108578 0.00987573
internal_weight=0 46.5956 6.00939 5.65206 40.5862 6596.94 6585.49 2269.18 122.233 2146.95 24.7252 11.977 5.70352 3.04535 6.27345 2122.23 69.376 26.4599 12.1281 9.83775 6.67615 5.39976 3.1616 14.3318 3.51138 2052.85 1840.44 89.4259 3.99412 85.4317
internal_count=138802 3282 352 342 2930 135520 134432 48189 2376 45813 487 236 92 46 144 45326 1247 438 204 160 111 89 49 234 58 44079 39391 1815 68 1747
cat_boundaries=0 1
cat_threshold=1
is_linear=0
shrinkage=0.05


Tree=84
num_leaves=31
num_cat=1
split_feature=17 9 0 11 9 0 1 9 1 2 9 6 3 12 8 0 9 3 5 0 5 12 5 9 4 0 12 12 11 3
split_gain=5.36241 6.59864 6.72404 9.76672 7.55506 6.57423 9.65378 8.7171 8.21293 10.5445 11.645 14.7194 8.13548 9.28119 7.63815 11.8919 22.9089 37.6293 10.26 10.1394 10.4121 13.1177 10.3883 9.55509 9.06835 11.5325 16.0429 17.6581 14.5457 18.0309
threshold=0 1.3844100000000001 74.63909000000001 3.5511855000000003 2.9277900000000003 90.781115000000014 16.785643515751826 1.8351850000000003 2.7229375798280322 1.0261118708245316 3.2955900000000002 5.9119050000000009 2685.9545635000004 -0.63631399999999982 -0.64253999999999989 90.582370000000012 2.3989550000000004 2233.1826110000006 0.6111700000000001 83.888805000000005 0.69582000000000011 0.15024649999999998 3.5673350000000004 3.3164450000000003 4.9407050000000003 89.444565000000026 -0.7854104999999999 0.37114499999999995 3.2765550000000006 2404.5442480000006
decision_type=1 2 2 2 2 2 2 2 2 2 2 2 8 10 2 2 2 10 2 2 2 10 2 2 2 2 10 10 2 10
left_child=1 -1 3 4 -3 8 7 -7 9 -2 -11 -12 -8 -14 15 -10 17 -17 -16 20 21 -20 23 24 25 -21 -27 28 -28 -30
right_child=5 2 -4 -5 -6 6 12 -9 14 10 11 -13 13 -15 18 16 -18 -19 19 22 -22 -23 -24 -25 -26 26 27 -29 29 -31
leaf_value=-0.027451801588150394 -0.0011030120846265341 0.030549269547949922 0.0018500016761366003 0.15407014094934304 -0.054007782716638801 -0.028185713737184988 5.7508444751669553e-05 -0.0066684466456793023 -0.0089814806547810575 -0.015695995412341259 -0.0054934969593171687 0.2060938978715976 -0.018953818081893548 0.14840857372630384 -0.012913803108467037 -0.051613716440860047 -0.00040956648957018592 0.39095668094262448 0.18774110496400728 0.010394109376061082 0.009965846090290548 0.021727300171848669 -0.044743843346532614 -0.013811258655248749 0.0023480418951852908 -0.0079304393713284082 -0.05260393308104843 0.013413747363894569 0.23120010661305021 -0.0041375244470857235
leaf_weight=18.993908477947116 999.35928067471832 21.283547947183258 2237.8104152926244 1.4400577843189228 3.0160084804520002 51.051020665094256 576.76012404821813 603.49361161887646 205.07275815028697 185.00017103739083 2.1099780779331918 1.346494724974036 1.4345968784764411 1.9603247568011273 93.096779336221516 0.8372611990198483 4.8082386180758476 1.1264849104918537 1.8570557720959175 56.387220080941916 415.11951637733728 3.3121007261797786 11.854796810075639 85.556072991341352 1043.892917283345 5.5373146133497348 0.74644001666456272 3.6758778691291809 4.0433722706511617 1.0190302580595014
leaf_count=979 23082 375 41368 28 48 2082 10665 14062 7226 5148 46 29 25 28 1748 35 136 32 39 1105 7870 64 240 1521 20509 120 19 68 86 19
internal_value=0 0.00189601 0.00214227 0.027552 0.0200542 -0.00109527 -0.00418431 -0.00834668 0.000124923 -0.00314877 -0.0139971 0.0769319 0.000511771 0.077686 0.00213145 -0.00682874 0.0583615 0.202263 0.00323114 0.00415156 0.010844 0.0813689 0.00183215 0.00229195 0.00352724 0.0207653 0.059695 0.0991757 0.153446 0.183828
internal_weight=0 2282.54 2263.55 25.7396 24.2996 4360.46 1234.7 654.545 3125.76 1187.82 188.457 3.45647 580.155 3.39492 1937.94 211.845 6.77198 1.96375 1726.1 1633 420.289 5.16916 1212.71 1200.86 1115.3 71.4093 15.022 9.48472 5.80884 5.0624
internal_count=138802 42798 41819 451 423 96004 26862 16144 69142 28305 5223 75 10718 53 40837 7429 203 67 33408 31660 7973 103 23687 23447 21926 1417 312 192 124 105
cat_boundaries=0 1
cat_threshold=1
is_linear=0
shrinkage=0.05


Tree=85
num_leaves=31
num_cat=1
split_feature=8 9 8 0 5 11 1 12 1 0 11 11 0 18 11 2 10 0 4 13 6 10 12 1 11 13 6 13 1 9
split_gain=4.99444 5.02074 8.74069 7.7142 9.34411 6.87312 6.70918 12.8927 6.545 6.40057 12.97 14.8398 10.8554 22.2509 20.285 8.24738 7.05624 7.45842 6.67247 9.66003 7.55379 13.5735 12.3155 7.11465 8.69649 9.80482 8.61897 9.23491 13.4214 9.39909
threshold=-1.4736199999999997 2.1981250000000006 -0.99938999999999989 93.261140000000012 2.8759700000000001 -0.12055699999999998 17.587511073616621 -0.72934449999999984 -3.4499348845950304 77.846355000000003 1.8520040000000002 1.8377615000000003 77.692070000000015 0 1.0670010000000001 -10.612219135912314 -1.0196399999999997 76.785680000000013 4.9178800000000011 -3.1892154999999995 6.7482100000000012 -0.33196849999999994 -1.0297369999999997 14.463930772418912 4.4995640000000012 0.09867700000000014 4.9478750000000007 2.4788690000000004 14.00364819007333 2.1738550000000001
decision_type=2 2 2 2 2 2 2 10 2 2 2 2 2 1 2 2 2 2 2 8 2 2 8 2 2 8 2 10 2 2
left_child=-1 2 6 4 5 -4 -2 -8 -6 10 11 12 -7 14 -14 -11 17 -12 19 -17 -21 22 -22 26 -25 -26 -20 -28 29 -29
right_child=1 -3 3 -5 8 9 7 -9 -10 15 16 -13 13 -15 -16 18 -18 -19 23 20 21 -23 -24 24 25 -27 27 28 -30 -31
leaf_value=-0.043242188205114759 -0.042621937453223201 0.00086782183147159509 -0.021912508172846422 -0.012436011813838818 -0.042708354983750613 0.0150842377569024 -0.05125173469029546 0.29985665523576066 -0.0087616605581162903 -0.026111678791196746 0.082128897799577508 0.22257897949835145 0.051728588270609194 0.007606503054687061 0.36961324358464021 0.18227105978840091 -0.022395651069816471 -0.032127966116137371 0.01243619475665406 0.0093625541963571028 0.059066828253358787 -0.020111147146466519 0.33056489397073779 0.0050608238109339301 0.23233619069378456 0.033839123056306313 -0.0050793949608249926 0.0084530934806012863 0.17905053569491794 0.12000170863424807
leaf_weight=6.6915017319843164 18.407957780640576 4672.6873315358534 33.996575696859509 157.03713469440117 15.547867239452897 89.856239256449044 0.67706085741519928 0.42594052292406448 163.65349035477266 29.986763344146311 3.5961667485535136 0.90511197037994762 0.95072516798973028 3.2180498959496617 1.0629409048706291 0.84585803747177124 32.608310463838279 2.3693599817343056 86.985712149180472 78.645319358445704 0.89457826502621174 1.5291039310395707 0.78354076109826587 330.92074161348864 0.8637101585045448 2.2240958213806157 868.35235634632409 33.362239092588425 1.2885289946570981 2.0017201770097008
leaf_count=547 1606 85683 877 4156 494 2177 32 15 4477 907 77 20 23 72 24 15 971 65 2293 2024 22 37 24 6565 19 58 24598 862 28 34
internal_value=0 -2.36091e-05 -0.00214556 -0.00181126 -0.000877296 0.000330164 -0.0354448 0.084334 -0.0117069 0.000810809 0.0112386 0.0210787 0.0191607 0.0891743 0.219528 -0.000164555 -0.0132488 0.0367489 0.000387778 0.0141671 0.0124299 0.0876456 0.185834 -0.000471594 0.00584016 0.089362 -0.0025968 -0.00404171 0.0205426 0.0147671
internal_weight=0 6635.68 1963 1943.49 1786.45 1607.25 19.511 1.103 179.201 1573.25 134.567 95.9931 95.088 5.23172 2.01367 1438.68 38.5738 5.96553 1408.7 82.6984 81.8525 3.20722 1.67812 1326 334.009 3.08781 991.991 905.005 36.6525 35.364
internal_count=138802 138255 52572 50919 46763 41792 1653 47 4971 40915 3429 2316 2296 119 47 37486 1113 142 36579 2122 2107 83 46 34457 6642 77 27815 25522 924 896
cat_boundaries=0 1
cat_threshold=1
is_linear=0
shrinkage=0.05


Tree=86
num_leaves=31
num_cat=3
split_feature=9 13 8 4 12 6 6 1 12 9 19 7 2 8 0 11 3 2 0 1 5 8 8 3 10 8 13 9 11 7
split_gain=4.90954 5.81196 6.4606 5.94172 5.9065 7.42637 7.59503 5.0153 6.48518 5.17015 4.9549 15.5785 11.6073 8.60219 10.3703 21.1435 10.8236 8.29292 7.83378 9.76122 8.01743 10.8507 15.9171 17.4809 9.81789 12.2254 8.96933 8.74216 8.49862 13.174
threshold=1.2300700000000002 1.3011915000000001 0.073745000000000019 5.413825000000001 -1.0520169999999998 5.5263050000000016 5.9173650000000011 -9.9964899752286609 -1.3661334999999999 3.2420750000000003 0 1 11.731154298130432 0.46036000000000005 91.712825000000024 2.0453300000000003 2041.3981685000001 -7.8212764456953892 83.460115000000016 -1.5652913843252481 1.0000000180025095e-35 -0.034074999999999994 0.27065500000000003 2247.6109970000002 -2.1680604999999997 0.60757500000000009 0.56251550000000006 2.8532100000000002 3.2765550000000006 2
decision_type=2 10 2 2 10 2 2 2 8 2 1 1 2 2 2 2 10 2 2 2 2 2 2 10 2 2 8 2 2 1
left_child=1 -1 -3 -4 5 -5 -7 8 -2 -10 18 17 13 -13 -15 -16 -17 -12 -9 -20 21 -21 23 27 -24 -26 -27 -23 -22 -30
right_child=7 2 3 4 -6 6 -8 10 9 -11 11 12 -14 14 15 16 -18 -19 19 20 28 22 24 -25 25 26 -28 -29 29 -31
leaf_value=-0.025910728340946116 0.088549413557393458 -0.033984920076474162 -0.051040353834246981 -0.052094504760117823 0.19263429327051254 0.24648678364616297 0.014557806993822357 0.0046434762863362148 -0.024091622180792846 0.06501057180916088 -0.017382036095146217 -0.0010845443335546236 -0.017684291898206358 -0.024364799783918308 0.29939855997613785 0.22056419575456843 -0.012918003289311959 0.0021824927489325747 -0.017718343475416686 -0.0094435168934917622 -0.0015183747375380661 -0.025717701814442346 -0.052979272560435046 0.2292509348037311 -0.00051489856261095464 0.065503430098656473 0.30798937077849575 0.13598157625011723 0.010058314894290715 -0.0020956977016042782
leaf_weight=34.11462758295238 1.4098346163518725 2.9650076138786963 0.92602711264044035 1.0383934751152994 1.0198316634632649 0.66802476206794359 0.74849706282839179 1151.166911853943 40.157480856403708 1.6968383435159911 56.561959115322679 449.04100017342716 208.8253223374486 72.438805185258389 0.71020706556737323 0.55011104606091965 5.080878609791398 1277.4707197621465 77.150691926945001 10.192171004135163 2341.433660604991 1.7824762444943174 3.2959771184250712 2.2915260884910822 2.8199448268860579 0.84742147009819724 0.69338767044246197 1.5739836134016512 463.68389304727316 429.4490432459861
leaf_count=2374 34 202 51 38 36 23 27 24039 982 37 1036 7945 4767 2894 20 18 155 24906 1977 190 47142 30 74 34 51 26 18 22 9014 10640
internal_value=0 -0.0172141 0.0230641 0.0615008 0.0914932 0.0494767 0.123934 4.14315e-05 -0.0169264 -0.0204793 0.000153387 -0.00186975 -0.00770594 -0.00375814 -0.0189975 0.0423161 0.00989169 0.00135297 0.00108716 -0.000140321 0.000275925 0.0293771 0.0591159 0.122792 0.0121455 0.0613685 0.174626 0.0501098 6.45247e-05 0.00421425
internal_weight=0 41.4804 7.36578 4.40077 3.47475 2.45492 1.41652 6600.32 43.2642 41.8543 6557.06 2070.68 736.646 527.821 78.78 6.3412 5.63099 1334.03 4486.38 3335.21 3258.06 23.4969 13.3047 5.64799 7.65673 4.36075 1.54081 3.35646 3234.57 893.133
internal_count=138802 2751 377 175 124 88 50 136051 1053 1019 134998 41741 15799 11032 3087 193 173 25942 93257 69218 67241 445 255 86 169 95 44 52 66796 19654
cat_boundaries=0 1 2 3
cat_threshold=1 2 2
is_linear=0
shrinkage=0.05


Tree=87
num_leaves=31
num_cat=0
split_feature=8 6 11 3 2 2 4 4 9 12 5 13 8 13 5 12 12 5 5 2 1 14 1 13 2 12 5 15 12 0
split_gain=4.86736 4.89323 7.58178 7.44438 8.03886 7.27864 7.78172 8.50886 10.857 7.01408 10.8308 11.6895 11.1734 17.7578 10.9054 7.46894 11.4327 7.03516 14.8343 12.9161 7.95775 6.92998 14.6379 12.4728 6.77968 6.75302 10.5053 13.4252 6.63568 6.46871
threshold=1.3887850000000002 6.6304550000000004 3.3481630000000004 2621.7187700000009 -10.233211489582745 1.0261118708245316 6.587295000000001 6.7231400000000017 2.4224750000000008 0.32670750000000004 2.1522600000000005 1.5855255000000001 0.72738500000000006 0.25575350000000008 2.0652050000000002 1.195146 1.1186780000000003 2.5474500000000004 2.8568850000000006 10.804288708636808 8.3318537451379999 2.5000000000000004 6.7774613404259965 -1.0000000180025095e-35 14.441716071148555 1.0602345000000002 1.9241150000000002 1.5000000000000002 -1.0000000180025095e-35 79.512290000000021
decision_type=2 2 2 8 2 2 2 2 2 10 2 8 2 10 2 10 10 2 2 2 2 2 2 10 2 10 2 2 10 2
left_child=1 -1 3 4 -3 -6 -7 8 -8 21 11 14 15 -14 25 16 17 -12 19 -19 -21 -4 23 -23 -16 26 27 -11 -5 -17
right_child=-2 2 9 28 5 6 7 -9 -10 10 12 -13 13 -15 24 29 -18 18 -20 20 -22 22 -24 -25 -26 -27 -28 -29 -30 -31
leaf_value=0.00033429816139458977 -0.050596328478939648 0.10063930268603981 -0.0072859377475595708 -0.0071713217108928988 -0.032600443327724493 -0.0094509007518854254 -0.020501405406280163 -0.031606930191877443 0.14808758140322983 0.021968234325926664 -0.0348459907120112 0.24692852809270083 -0.051720764815770592 0.33566900572938307 0.24721450990613689 0.090344732462094346 0.18055009168342834 -0.0017022125991656722 -0.018815489864310204 0.048287666407336692 0.22180055370073185 0.045209983129081102 0.0040822690640478212 0.26638418667280711 0.057841313170422404 -0.025526172351685431 -0.053067215634576372 0.25637101790593381 0.1658075903301498 -0.039964431691627077
leaf_weight=6192.6133664771914 4.7622076827101401 1.6238463735207904 91.308350893203169 1.0802045157179239 34.22056098934263 255.4878983325325 1.4769534450024355 2.2783233355730772 2.7021036380901933 1.330003645736723 5.3738067746162548 0.83004841953515907 0.54810788296162971 0.64270284958183765 0.99934888631105401 1.0414249240420748 1.0710753817111243 1.9263883521780352 5.811142448335886 0.98766385111957822 1.9966520406305788 1.5265803430229428 9.4931898517534119 1.0944140022620548 0.89668883383274078 3.6038627699017525 1.1569905718788502 1.1297126477584241 1.1390374014154065 11.137757371179758
leaf_count=129033 544 36 1945 22 754 5278 24 43 37 30 98 17 22 18 23 22 24 33 123 23 34 36 182 21 17 73 25 28 22 215
internal_value=0 -2.92067e-05 -0.0051001 -0.00962572 -0.0103056 -0.0109139 -0.00808082 0.0461267 0.0885052 0.00433472 0.0219782 0.0672924 0.00721816 0.157361 0.0509369 0.00112561 0.0223723 0.0118464 0.0352488 0.0992264 0.164376 -0.00257161 0.0329618 0.137563 0.157655 0.022914 0.0711822 0.129626 0.081611 -0.0288219
internal_weight=0 6636.53 443.915 300.009 297.79 296.166 261.945 6.45738 4.17906 143.906 40.4834 9.94666 30.5367 1.19081 9.11661 29.3459 17.1667 16.0957 10.7218 4.9107 2.98432 103.423 12.1142 2.62099 1.89604 7.22057 3.61671 2.45972 2.21924 12.1792
internal_count=138802 138258 9225 6216 6172 6136 5382 104 61 3009 825 213 612 40 196 572 335 311 213 90 57 2184 239 57 40 156 83 58 44 237
is_linear=0
shrinkage=0.05


Tree=88
num_leaves=31
num_cat=2
split_feature=1 10 8 4 6 7 2 0 0 0 3 10 13 4 1 8 11 6 11 16 0 15 0 12 8 12 0 2 6 9
split_gain=4.88398 10.3034 7.82435 9.7536 7.39129 11.07 9.23612 9.11676 15.3489 13.4257 9.68437 11.9241 10.2385 7.5675 7.2744 8.21942 7.6427 7.29433 6.73474 6.49969 8.21207 8.81276 13.9622 12.4791 13.3531 8.33906 8.65969 7.76967 8.05469 10.5914
threshold=16.785643515751826 -2.1049234999999995 -1.2801499999999997 6.485145000000001 5.0708850000000014 0 12.576891903805867 91.762065000000021 87.930140000000009 92.069755000000015 2302.7516540000001 -2.1049234999999995 -0.74442299999999995 5.9191650000000005 11.398713292345787 0.65154000000000012 4.2731560000000011 6.9912250000000009 1.9381300000000004 1 86.572320000000005 5.5000000000000009 82.200140000000019 -0.18608749999999999 0.46036000000000005 -0.65493049999999986 87.859375000000014 16.062044780526367 6.3236050000000015 2.0596350000000005
decision_type=2 2 2 2 2 1 2 2 2 2 10 2 10 2 2 2 2 2 2 1 2 2 2 8 2 10 2 2 2 2
left_child=1 14 3 -3 5 -2 7 8 -7 -9 18 12 -12 -10 -1 16 -16 -18 -11 20 21 27 -23 -24 -25 26 -22 -4 29 -29
right_child=4 2 19 -5 -6 6 -8 9 13 10 11 -13 -14 -15 15 -17 17 -19 -20 -21 25 22 23 24 -26 -27 -28 28 -30 -31
leaf_value=-0.021857197791407715 -0.002577630541062804 -0.04165848527823534 -0.00058984717595992209 0.1395417176856357 0.0018922507890062161 0.14874142828762973 -0.020903783345729145 0.20937849849140974 0.083960536029942676 -0.053689417253171223 0.26985402928839752 0.0038292602391492418 0.093464765702586966 -0.031569392055707447 -0.0046299443717750721 -0.031039307574998967 0.021024913417505262 0.16619335229530763 0.067601202970828556 0.0015340011167750218 -0.017520076594723835 -0.019817751070570426 -0.052974848592282277 0.074836612554301615 0.25170191505280515 -0.015944069393403461 -0.00029488569946422015 -0.02214138432809188 -0.036505223474959714 0.082171408517862005
leaf_weight=72.346930152736604 25.166111596859992 16.536970157641921 967.63802964193746 0.77757590170949598 1282.8911766000092 1.9648276325315297 4.5756101934239259 1.893325077369808 1.8089245203882436 2.1399438474327308 1.3874667230993512 1.7215462885797022 2.0210483483970165 6.5494390735402703 463.08203355502337 28.430391097441316 17.536886896006767 0.91024257894605298 2.4602587129920721 3028.1356415376067 88.461924211122096 5.9250953807495526 1.4642263436689971 5.8145146034657937 1.3070796169340608 176.2669978979975 416.50803641462699 3.353027567267417 3.1146947760134926 8.8725967109203321
leaf_count=3293 393 1381 20953 30 22038 26 81 27 29 38 20 25 31 97 9917 989 381 19 45 62948 1809 136 39 96 25 4413 9122 124 85 192
internal_value=0 -0.000744616 2.88988e-05 -0.033521 0.00263915 0.0211768 0.0437166 0.0571891 0.0229936 0.0875589 0.0638551 0.111091 0.165266 -0.0065663 -0.00702004 -0.00491513 -0.00337271 0.028188 0.0111787 0.000152315 -0.00233524 0.000540874 0.0392218 0.0799651 0.107298 -0.00658082 -0.00331244 -3.01411e-05 0.035275 0.0535623
internal_weight=0 5306.48 4724.18 17.3145 1334.58 51.6885 26.5224 21.9468 10.3232 11.6236 9.73026 5.13006 3.40852 8.35836 582.306 509.96 481.529 18.4471 4.6002 4706.86 1678.73 997.489 14.5109 8.58582 7.12159 681.237 504.97 982.978 15.3403 12.2256
internal_count=138802 115952 101353 1411 22850 812 419 338 152 186 159 76 51 126 14599 11306 10317 400 83 99942 36994 21650 296 160 121 15344 10931 21354 401 316
cat_boundaries=0 1 2
cat_threshold=2 1
is_linear=0
shrinkage=0.05


Tree=89
num_leaves=31
num_cat=2
split_feature=1 2 2 10 8 12 8 6 3 6 11 19 1 9 6 0 9 2 12 8 9 11 7 2 12 13 12 1 13 8
split_gain=4.87864 14.2142 13.4913 12.9719 11.3753 11.1461 14.9812 15.7389 21.0388 12.21 10.5711 8.9881 9.94868 12.6267 11.1859 9.58538 9.03329 11.9726 14.5642 13.2942 8.61057 8.29349 11.6295 8.9905 8.18411 7.93706 9.51053 11.6 10.5687 11.8657
threshold=9.6305427051095069 1.0261118708245316 0.79121552391919336 -1.1178129999999997 0.19420000000000001 1.3243520000000002 -0.18211999999999998 5.8686950000000007 2326.1299230000004 4.8902500000000009 2.2609135000000005 0 1.5599562580478989 3.3597650000000008 5.9173650000000011 86.976780000000005 1.7506000000000002 9.5298957272997207 0.7857185000000001 -0.0057549999999999988 3.2955900000000002 2.8521890000000005 1 5.1944212914144368 -1.7685074999999997 -1.2370764999999999 0.061011499999999892 16.250126572765776 -1.45278 0.039145000000000006
decision_type=2 2 2 2 2 8 2 2 10 2 2 1 2 2 2 2 2 2 8 2 2 2 1 2 8 8 10 2 10 2
left_child=1 2 4 -3 20 6 -4 9 -9 -8 -5 12 13 14 -12 16 17 18 -14 -20 -1 24 23 -23 -2 26 -24 -28 -29 -30
right_child=21 3 5 10 -6 -7 7 8 -10 -11 11 -13 15 -15 -16 -17 -18 -19 19 -21 -22 22 25 -25 -26 -27 27 28 29 -31
leaf_value=0.0050447023630031031 0.0057924030794437803 -0.014169760985237118 -0.031840070920126147 -0.014328851160070278 -0.0039646556471504548 -0.0030397229737562717 0.23202477274323852 0.3278277582490321 0.040321180403953508 0.026962432832880412 -0.0004054986426564122 -0.0071959206733024604 0.051866813981476682 0.14963139414983934 -0.032891012937392688 -0.00083266080328647752 0.01081803891505303 0.027170742132034787 0.10885114048394995 0.4371422740699929 -0.019253969617920162 -0.014414042199663288 -0.0091124559036359597 0.0092658910832457749 -0.0024399742312421861 -0.0027200310217401036 0.013118383210434412 0.037767677968351135 0.21758747614991392 0.048458654220197739
leaf_weight=1064.6135681928135 373.04422661568969 314.07247935375199 2.342780053615571 164.96503630466759 692.44043638394214 6.9715565070509937 0.87340797204524001 1.5739220706745984 1.0681288000196216 4.2984631462022662 76.452168345917016 333.76273598102853 1.9196503954008211 1.2260487712919701 40.556198303587735 244.13999557914212 230.18235702160746 10.719737382140009 0.62030565738677979 0.61324753798544429 37.752029768191278 42.260489161126316 21.510548780672252 778.01342086400837 1582.9681272492744 576.94488315330818 23.306796804536134 7.0755334161221981 2.2084448561072332 1.9551408309489486
leaf_count=19278 6769 9995 52 4138 18829 144 15 32 23 85 1983 7510 67 24 1107 5861 4317 391 19 22 639 792 441 13186 29850 12616 440 110 34 33
internal_value=0 -0.00145574 0.00147925 -0.00520285 0.00105777 0.0456443 0.079061 0.112311 0.211595 0.0615927 -0.00265456 -0.000606203 0.0030206 -0.00999269 -0.0116653 0.00617225 0.0131796 0.0523629 0.138007 0.272058 0.00421256 0.00125574 0.00411675 0.0080459 -0.000869922 -0.000974839 0.016987 0.0332383 0.0749614 0.138168
internal_weight=0 3231.16 1811.93 1419.23 1794.81 17.1283 10.1567 7.81392 2.64205 5.17187 1105.16 940.192 606.43 118.234 117.008 488.195 244.055 13.8729 3.1532 1.23355 1102.37 3409.29 1453.28 820.274 1956.01 633.001 56.0565 34.5459 11.2391 4.16359
internal_count=138802 74531 39097 35434 38746 351 207 155 55 100 25439 21301 13791 3114 3090 10677 4816 499 108 41 19917 64271 27652 13978 36619 13674 1058 617 177 67
cat_boundaries=0 1 2
cat_threshold=1 2
is_linear=0
shrinkage=0.05


Tree=90
num_leaves=31
num_cat=2
split_feature=17 0 1 9 1 2 9 6 12 9 6 5 11 1 3 12 14 8 11 1 12 1 8 4 8 4 10 4 8 17
split_gain=4.87275 6.06253 8.20313 8.01712 7.41471 9.14236 9.30498 11.7873 38.4503 16.456 7.6052 7.19526 11.2536 12.3322 11.9545 14.533 24.0963 12.7491 23.6239 18.0917 27.5764 12.2425 24.8671 23.9642 11.5444 10.176 9.44324 12.106 23.5444 9.11632
threshold=0 90.781115000000014 16.785643515751826 1.8351850000000003 2.7229375798280322 -1.1617974424553885 3.0920650000000003 5.9011100000000001 2.3657270000000006 3.3850500000000006 6.139730000000001 1.9378300000000002 2.0829155000000004 -2.3257411342448493 2501.6789735000007 0.10556300000000003 2.5000000000000004 -0.65159499999999981 1.3633000000000002 -0.48062079837226551 1.0064080000000002 -1.7018857575109145 -0.078834999999999975 5.6003250000000007 -0.77861499999999995 5.2896800000000006 -0.51700449999999987 5.9045950000000014 -0.078834999999999975 1
decision_type=1 2 2 2 2 2 2 2 10 2 2 2 2 2 10 10 2 2 2 2 10 2 2 2 2 2 2 2 2 1
left_child=-1 4 3 -3 5 10 -7 -8 9 -9 11 -2 13 -13 17 16 -16 18 -15 -20 -21 22 25 29 -14 -19 27 28 -23 -24
right_child=1 2 -4 -5 -6 6 7 8 -10 -11 -12 12 24 14 15 -17 -18 21 19 20 -22 26 23 -25 -26 -27 -28 -29 -30 -31
leaf_value=0.0018063160928943882 -0.0033495520163404988 -0.027281124296998357 0.00028942636524410749 -0.0062930843679400664 0.0020286467881797748 -0.013267929944072299 -0.0044721856004847609 -0.052945869239797064 0.34876078585630399 0.18042082154190003 -0.016315211180499941 -0.00054083761139698768 0.17632878971874294 0.032581219136463543 0.023505405287508226 -0.0099982325563065313 0.21858486267105603 0.13539021575126584 0.013969025595718922 0.1128718274635062 0.50381021060526165 0.03812124810761422 -0.0069864397635886095 0.37586639783714543 -0.0061346097579237464 -0.026316410681982139 0.01493947322563282 0.030083638885103937 0.39695701383747312 0.20371865137298706
leaf_weight=2285.3104759720154 475.1368195079267 49.242513122037053 582.24214685056359 598.7299641049467 1940.4089014800265 255.36637001717463 9.2612969828769547 2.627919015474617 1.1189245935529468 1.0601727962493894 71.069382058922201 96.982236283365637 0.87220674008130927 4.7019605794921508 11.680496422108261 40.193224048707634 1.831106362864374 1.3236679937690494 0.74284177226945791 0.90772604010999181 0.89669056888669729 1.1058333069086073 1.0910202236846089 1.1651773946359751 141.93637451156974 3.6711663482710719 53.808934416621923 3.6041957000270486 0.77924831863492627 0.96952389832585928
leaf_count=42798 10857 2082 10718 14062 40837 6940 190 57 23 19 1796 2148 23 149 253 763 33 25 19 27 19 32 26 23 3770 66 928 76 25 18
internal_value=0 -0.00104465 -0.00401778 -0.00788807 0.000126029 -0.00299234 -0.011087 0.0285008 0.0920273 0.0141373 -0.000607373 0.000716252 0.00596199 0.0129184 0.0230785 0.00508233 0.0499428 0.036005 0.0990163 0.221648 0.307146 0.0292397 0.0864222 0.194635 -0.00502021 0.016537 0.0213124 0.0837836 0.186455 0.0921542
internal_weight=0 4354.53 1230.21 647.972 3124.31 1183.9 269.435 14.0683 4.80702 3.68809 914.47 843.4 368.264 225.455 128.473 53.7048 13.5116 74.768 7.24922 2.54726 1.80442 67.5188 8.22056 3.22572 142.809 4.99483 59.2982 5.48928 1.88508 2.06054
internal_count=138802 96004 26862 16144 69142 28305 7229 289 99 76 21076 19280 8423 4630 2482 1049 286 1433 214 65 46 1219 158 67 3793 91 1061 133 57 44
cat_boundaries=0 1 2
cat_threshold=1 4
is_linear=0
shrinkage=0.05


Tree=91
num_leaves=31
num_cat=3
split_feature=2 13 6 16 2 17 9 12 3 5 6 0 13 9 3 18 5 6 13 1 3 10 4 3 6 13 4 9 0 13
split_gain=4.89727 10.059 4.71085 6.38885 8.06402 6.42446 9.70778 10.251 10.5337 9.76361 11.4146 10.4295 10.0773 9.586 10.9091 14.9478 13.56 17.0503 16.8387 8.46703 7.64255 15.235 10.0078 15.082 17.8779 11.4318 9.89041 12.599 8.32156 10.6007
threshold=-14.160800535687283 -3.8435779999999995 5.6645450000000013 0 -7.8212764456953892 1 2.4930550000000005 3.6029420000000005 2124.4837470000007 2.0652050000000002 5.7249350000000012 76.049400000000006 -3.1892154999999995 2.5048750000000006 2211.0100015000003 2 1.4687050000000001 6.0469600000000012 -0.74442299999999995 -1.0000000180025095e-35 2390.5727660000007 0.54150850000000006 4.9178800000000011 2501.6789735000007 6.2667700000000002 1.5213180000000002 5.890035000000001 3.2420750000000003 84.329385000000016 -0.53341099999999986
decision_type=2 8 2 1 2 1 2 8 10 2 2 2 10 2 10 1 2 2 8 2 10 2 2 10 2 8 2 2 2 8
left_child=1 -1 -2 4 -4 20 -7 13 -9 10 -10 -11 -13 14 19 -16 17 -17 -18 -8 -5 22 23 24 -22 -26 27 -23 -24 -30
right_child=2 -3 3 5 -6 6 7 8 9 11 -12 12 -14 -15 15 16 18 -19 -20 -21 21 26 28 -25 25 -27 -28 -29 29 -31
leaf_value=0.12236496617488719 0.0016687098183558358 -0.030533552750031168 -0.039096784902925265 -0.00089209130029215856 0.0048685292125900219 -0.0072676319606934971 0.15466305720823986 -0.01597985657029425 0.16048282665794245 -0.015167150991464566 0.0078084086002678937 0.02621520171253966 0.19584711051779791 -0.0017376700297524817 -0.020445972535852536 0.069940396256519419 0.2280700094293332 0.33067067817096524 -0.0032329281145846004 -0.025057875383352975 0.24625426304732426 0.027190276591246256 -0.024710672048011841 -0.053123331849758593 0.15308674020008728 -0.05338681577336022 0.14693555585924264 0.19286889001023622 0.033026997998017539 0.00086386741136676318
leaf_weight=1.1310762790963054 2610.893305901438 21.967544232029471 10.637831312138585 1197.6882162289694 533.02209639595821 973.36239801370539 0.72248758189380158 7.8946002041921046 1.4010939216241265 1.3068830063566554 9.6989008616656047 1.2357966769486659 3.0031773718073969 1018.1724031371996 3.039183858782053 1.2105545550584778 1.0655824271962044 1.3008098015561698 3.0079565057530999 7.0525067290291217 1.6700585177168239 20.280461398884661 24.240934225730598 1.8371272366493938 1.2064111996442082 1.5088075902312992 2.241389160975813 1.2162928581237782 31.09938470646739 145.37103053368628
leaf_count=17 54359 534 238 22562 10250 25765 16 141 24 24 170 18 53 20053 59 19 21 25 61 145 37 331 468 36 21 27 38 20 551 2719
internal_value=0 -0.0230465 1.62058e-05 -0.00106094 0.00393586 -0.00185168 -0.00366227 -0.000351932 0.0315874 0.054147 0.0270797 0.108322 0.146394 -0.00110881 0.035691 0.0712764 0.11361 0.204991 0.0572728 -0.00835739 0.000712985 0.00904682 0.00469469 0.0671444 0.117528 0.0383524 0.0469858 0.0365644 0.00275864 0.00653198
internal_weight=0 23.0986 6616.39 4005.49 543.66 3461.83 2033.47 1060.11 24.5405 16.6459 11.1 5.54586 4.23897 1035.57 17.3991 9.62409 6.5849 2.51136 4.07354 7.77499 1428.36 230.672 206.934 6.2224 4.38528 2.71522 23.7381 21.4968 200.711 176.47
internal_count=138802 551 138251 83892 10488 73404 46594 20829 430 289 194 95 71 20399 346 185 126 44 82 161 26810 4248 3859 121 85 48 389 351 3738 3270
cat_boundaries=0 1 2 3
cat_threshold=8 1 2
is_linear=0
shrinkage=0.05


Tree=92
num_leaves=31
num_cat=0
split_feature=10 0 1 15 2 9 15 3 1 2 4 13 8 11 13 2 4 6 2 9 6 6 3 6 2 2 0 3 13 8
split_gain=4.81358 6.42302 11.6255 9.12696 11.5196 8.34093 14.3851 8.72468 8.0526 16.1801 10.9605 10.7371 12.8316 15.5477 10.2975 10.0598 11.5142 9.74625 13.1503 11.7878 13.3094 18.5018 13.1215 8.57763 9.31868 11.6562 9.27947 10.0158 13.2243 13.2888
threshold=1.6085120000000004 81.859710000000021 -3.4499348845950304 1.5000000000000002 -4.487486117836891 2.3932900000000004 4.5000000000000009 2375.7011515000004 8.3318537451379999 1.0261118708245316 5.1040250000000009 2.6602770000000002 0.53885000000000016 2.8882320000000004 3.2179540000000002 -3.0087097828375553 6.0801550000000004 5.5942350000000003 2.631710060467094 3.1411900000000004 5.9675350000000007 6.0894600000000016 2174.2307400000004 6.0066850000000009 -11.430138977026347 1.9263643753261084 84.50527000000001 1677.2975020000001 1.0377125000000003 -0.12443499999999998
decision_type=2 2 2 2 2 2 2 10 2 2 2 10 2 2 10 2 2 2 2 2 2 2 10 2 2 2 2 8 10 2
left_child=1 3 5 -1 -5 -3 7 -7 9 15 11 17 13 -13 -14 -4 -17 18 -11 -19 -21 -22 -23 26 -25 -26 27 28 29 -10
right_child=-2 2 8 4 -6 6 -8 -9 23 10 -12 12 14 -15 -16 16 -18 19 -20 20 21 22 -24 24 25 -27 -28 -29 -30 -31
leaf_value=0.00031430668567822257 -0.0065108860471208702 -0.034092955642605671 -0.0034609505439240872 0.019618404297021119 0.0025942502303571008 -0.052938902265620161 0.15686874935385109 0.014775400040324941 0.094524954309689629 0.13965831718609756 -0.011387250578816651 0.1768268692102628 0.28690528307780244 0.008944693019348679 0.050535830581151589 0.013911444374053361 -0.0075730349833460168 -0.011905161593562304 0.011177818058195333 -0.052818538051410714 0.32346809154310491 -0.027879089937067076 0.16348700657492621 0.12837034477106554 -0.019609672954941391 -0.00077142081511127902 0.0026237660165981604 0.013045403460297806 0.18731726643278471 -0.028462615470946834
leaf_weight=758.64812671090476 277.40516280010343 43.738531307317317 361.12924715830013 168.29280669055879 242.62359801586717 7.0236815717071357 1.4256149027496565 14.739852073602377 5.0307949734851709 2.0678900554776183 618.23163231508806 1.517780477181083 0.88043561484664568 15.093843596521763 0.96669407282024622 251.16325593693182 82.96195884142071 133.77485449519008 53.979918039869517 1.8969821697100986 0.7979010585695504 2.0073472922667865 1.6176201999187467 1.376478787511586 86.761079941876233 1533.0284003699198 1914.625525737647 50.571982785593718 1.8619812671095122 3.8982749721035352
leaf_count=16338 5390 1338 8028 3813 5380 151 26 299 103 38 16285 32 21 301 24 5402 1822 3484 1387 42 20 45 36 29 1892 29748 36288 932 37 71
internal_value=0 0.00021756 -0.000536472 0.00356501 0.00956658 -0.0212405 0.00300122 -0.00707784 -0.000266109 -0.0033069 -0.00800779 0.0017279 0.0381851 0.0242838 0.163201 0.00232421 0.00857693 -0.00170304 0.0159181 -0.00875276 0.0579755 0.105495 0.0575169 0.00102563 -0.00166995 -0.00178046 0.00323718 0.0223766 0.0661068 0.0408307
internal_weight=0 6361.73 5192.17 1169.56 410.916 66.9277 23.1891 21.7635 5125.24 1528.09 832.833 214.601 18.4588 16.6116 1.84713 695.254 334.125 196.143 56.0478 140.095 6.31985 4.42287 3.62497 3597.15 1621.17 1619.79 1975.99 61.363 10.7911 8.92907
internal_count=138802 133412 107881 25531 9193 1814 476 450 106067 36967 21715 5430 378 333 45 15252 7224 5052 1425 3627 143 101 81 69100 31669 31640 37431 1143 211 174
is_linear=0
shrinkage=0.05


Tree=93
num_leaves=31
num_cat=0
split_feature=8 2 13 0 1 11 3 6 2 11 0 2 3 1 3 9 1 15 12 13 3 6 9 9 0 10 9 12 5 0
split_gain=4.59761 4.50049 8.50018 4.61439 8.98072 8.86431 8.97934 11.6263 14.2576 25.4986 11.8626 9.28933 27.598 25.6918 8.92021 16.4231 8.67451 8.6401 13.6852 13.8748 12.9912 9.55631 8.3279 16.6753 13.7796 15.6794 8.75342 24.7834 8.22772 16.3607
threshold=1.3887850000000002 -14.160800535687283 -3.8435779999999995 92.172735000000003 5.5052963146637746 3.9187295000000004 2118.6438570000005 6.4458300000000008 14.07061433932712 3.1349000000000005 93.070500000000024 17.827225764228263 2087.7445620000003 12.052291399011919 2091.1644460000002 2.5784250000000006 19.060540631152108 2.5000000000000004 -1.3383309999999999 -1.8070984999999997 2621.7187700000009 4.9826900000000007 1.8522450000000001 1.9974650000000003 95.095485000000011 -2.2344709999999997 1.9543150000000002 -1.1856519999999997 1.9758050000000003 95.095485000000011
decision_type=2 2 8 2 2 2 10 2 2 2 2 2 10 2 8 2 2 2 10 10 8 2 2 2 2 2 2 10 2 2
left_child=1 2 -1 -3 -5 6 7 11 14 10 -10 -6 13 -13 -9 -16 -8 18 21 -20 28 -18 -7 24 26 -26 -24 -28 -19 -30
right_child=-2 3 -4 4 5 22 16 8 9 -11 -12 12 -14 -15 15 -17 17 20 19 -21 -22 -23 23 -25 25 -27 27 -29 29 -31
leaf_value=0.10401398510143463 -0.050566144319970724 0.00065576600787416997 -0.029767904299019626 -0.029939793166412872 -0.00097103335868203204 -0.030308677604665338 -0.0088822805190030482 0.0065273877480369821 0.12460461267442949 -0.02196194721779704 0.35555355539239181 -0.052054268570834311 0.35017240341630085 0.27398087135408949 -1.3828026691205617e-05 0.22382893982912916 0.10642103460223538 0.0053394964094823699 0.070580274362107648 -0.024738688885733835 0.15085724204381507 0.0064784018155901154 0.013000384425146111 0.0090962367828850612 0.36431983186444522 0.061740756849914286 0.32126819557474262 -0.052243190216589457 0.016841628314168133 0.14452415706787111
leaf_weight=1.2573709199205041 4.5034464027266941 5453.7251991895027 21.316536293830726 29.74159498559311 114.1502127465792 11.536326406057922 603.62985215708613 15.112284963019198 1.1260993052273987 1.6239388929679988 1.0983200026676057 2.8776132734492417 0.74622849375009526 0.76483228337019671 1.8938348731026047 1.4443715047091243 2.4690883774310342 81.466543775051832 4.0235327221453181 74.65232455637306 1.700010124593972 76.43125659506768 4.5694107078015787 109.41331458650529 0.83635886944830418 0.87720154225826241 0.93409599363803864 0.84664653427898862 10.650609660893677 3.281983849592506
leaf_count=17 544 113216 514 1034 2394 429 12946 326 26 37 25 92 25 17 45 28 33 1494 72 1345 25 1361 123 2298 17 26 19 25 188 61
internal_value=0 -2.89703e-05 -0.0223162 4.71246e-05 -0.00281959 -0.00210462 -0.00369724 0.00800422 0.0411265 0.128669 0.238637 0.00177345 0.0731579 0.0164058 0.0228671 0.0968382 -0.00561731 0.00212131 -0.00510803 -0.019864 0.0138534 0.00960598 0.0102294 0.0142103 0.0836003 0.209424 0.0496473 0.143684 0.0114119 0.0469187
internal_weight=0 6634.2 22.5739 6611.62 1157.9 1128.16 999.143 140.838 22.2988 3.84836 2.22442 118.539 4.38867 3.64245 18.4505 3.33821 858.305 254.675 157.576 78.6759 97.0991 78.9003 129.013 117.477 8.06371 1.71356 6.35015 1.78074 95.3991 13.9326
internal_count=138802 138258 531 137727 24511 23477 20540 3015 487 88 51 2528 134 109 399 73 17525 4579 2811 1417 1768 1394 2937 2508 210 43 167 44 1743 249
is_linear=0
shrinkage=0.05


Tree=94
num_leaves=31
num_cat=2
split_feature=17 6 1 11 15 4 5 5 0 6 4 13 10 13 3 3 2 13 9 3 11 8 9 13 0 9 16 10 12 0
split_gain=4.6132 6.42586 5.95656 10.7741 7.08621 8.71398 5.90666 10.975 22.2981 17.533 12.7173 22.1827 11.4236 12.7618 6.76085 14.202 10.4413 9.89434 7.84662 6.44495 5.99797 7.85997 18.5725 5.9447 5.40537 8.3631 6.30145 9.57527 9.3026 7.64815
threshold=0 7.264050000000001 21.325980081761486 1.0000000180025095e-35 1.0000000180025095e-35 6.3961400000000008 0.6111700000000001 0.69582000000000011 78.930715000000006 6.6850950000000013 6.2584050000000007 -0.57429649999999965 -3.4357044999999995 1.9269285000000005 2492.5667160000007 2569.4989625000003 9.4459874852287928 -1.774243 3.7354250000000007 2147.3867515000006 0.59832350000000012 0.60757500000000009 2.8932850000000001 1.326624 90.878310000000013 1.8522450000000001 1 0.48959200000000008 2.5215630000000009 91.022485000000017
decision_type=1 2 2 2 2 2 2 2 2 2 2 10 2 10 10 10 2 10 2 8 2 2 2 8 2 2 1 2 10 2
left_child=1 2 6 -4 5 -5 14 8 10 12 11 -8 -10 -14 18 16 17 -16 20 -20 21 -1 -23 -19 -9 -26 27 28 29 -27
right_child=-2 -3 3 4 -6 -7 7 24 9 -11 -12 -13 13 -15 15 -17 -18 23 19 -21 -22 22 -24 -25 25 26 -28 -29 -30 -31
leaf_value=-0.01146137347468355 0.00080656807843676502 -0.046767616195007619 0.19960848177752899 0.011466157675777152 0.0076854216170725732 0.19070222493003666 0.058912406035556843 -0.00044680391473007636 0.18815011424109357 0.23544003620583032 0.005691327023774605 0.40270739040485959 -0.0088335843964533253 0.19337701541535518 0.21110667611132017 -0.022125087945925225 0.20426323857155479 -0.0016632854544049601 0.18331545066349408 -0.0034489892768441348 -0.033491280563968218 -0.051584695103798685 0.28783162424715963 0.15108314835442291 -0.030197448036297914 -0.05305257301808991 -0.0086864647079751868 0.13873762523987626 0.13487106640489602 0.0038302939277384297
leaf_weight=31.324340377002954 4624.047238860745 8.0054603507742268 0.78568020276725192 1.5369078535586589 41.632321335375309 1.2135751657187936 0.89841004693880688 1335.2194343463052 0.82873544842005387 0.86572505813091893 0.85293829534202803 0.98210552940145412 20.361977203749124 0.81135977292433281 0.75504680117592204 11.423325050622223 1.1606928342953322 4.8730448838323381 0.84635972417890903 1.0169583763927221 48.911013923585415 0.89529857831075677 0.73302035219967365 0.73276758939027775 34.781073636841029 6.164037419948726 311.19748394563794 1.3037361428141583 1.318587022833525 142.97125968337059
leaf_count=701 88809 202 12 31 769 14 27 33720 20 19 20 21 471 22 16 295 21 114 17 23 1168 42 16 14 1428 130 7683 28 23 2926
internal_value=0 -0.00206038 -0.001882 0.0160697 0.0128206 0.0905492 -0.00229544 -0.00165051 0.0308604 0.0147274 0.165828 0.23846 0.00604287 -0.0010849 -0.01397 0.0130032 0.0663541 0.0411892 -0.0200732 0.0813835 -0.0223825 -0.00589383 0.10121 0.0183031 -0.0021046 -0.00655176 -0.0047753 0.00358141 0.00264827 0.00147922
internal_weight=0 2014.4 2006.4 45.1685 44.3828 2.75048 1961.23 1858.56 25.6013 22.8678 2.73345 1.88052 22.0021 21.1733 102.672 18.9449 7.52155 6.36086 83.727 1.86332 81.8637 32.9527 1.62832 5.60581 1832.96 497.736 462.955 151.758 150.454 149.135
internal_count=138802 49993 49791 826 814 45 48965 46538 600 532 68 48 513 493 2427 460 165 144 1967 40 1927 759 58 128 45938 12218 10790 3107 3079 3056
cat_boundaries=0 1 2
cat_threshold=4 8
is_linear=0
shrinkage=0.05


Tree=95
num_leaves=31
num_cat=2
split_feature=1 9 3 11 13 8 11 4 10 10 8 4 4 2 7 8 9 2 10 13 0 6 12 0 3 2 2 2 12 19
split_gain=4.57023 5.82143 10.3526 9.88289 5.7803 6.93371 11.0064 8.93541 9.14567 21.7692 6.61063 12.3288 17.7812 20.3378 10.3945 13.8205 15.4974 15.3862 11.5066 10.3196 15.4719 27.8454 9.86164 12.3161 9.83601 14.4734 12.2408 12.4355 11.3977 15.6234
threshold=-6.1970106079792346 1.1252350000000002 2667.6063760000002 0.87893800000000011 -0.93757199999999974 0.16990500000000003 1.3427930000000001 6.371595000000001 -0.13530349999999999 0.36675000000000008 -0.65159499999999981 5.7059650000000008 5.6970550000000006 7.8617131945700445 0 0.32470500000000008 2.6927250000000007 13.451499181375633 -3.2397824999999991 1.4915175000000001 94.37287000000002 5.6001600000000016 -0.86300900000000003 90.149250000000009 2217.5989075000002 -4.8563305721870877 5.3523078092729994 9.9740436331430526 -2.1369159999999998 1
decision_type=2 2 8 2 8 2 2 2 2 2 2 2 2 2 1 2 2 2 2 8 2 2 10 2 10 2 2 2 8 1
left_child=-1 2 -2 -4 5 6 -3 -7 -9 -10 11 12 -6 -14 -12 17 -17 -16 -18 -20 24 -22 -15 -24 25 -21 -27 28 -28 -30
right_child=1 4 3 -5 10 7 -8 8 9 -11 14 -13 13 22 15 16 18 -19 19 20 21 -23 23 -25 -26 26 27 -29 29 -31
leaf_value=-0.0077738756752959385 -0.035897943599491243 -0.0023977649778730865 0.30017786321320483 0.023563933117833443 0.00019095380884424988 -0.0055471969471951555 0.008960992086337053 0.014519928305621455 0.2431521935747723 -0.021700110684333872 0.0021617712465761009 -0.014937695654840872 0.34636532001072212 -0.051996031290433897 0.0025160168865167587 -0.015488414911293498 0.1883152416885597 -0.0095483801005340815 -0.0065681668628337969 0.20794756620949492 0.37263443640495753 0.044986864879122561 0.016045297304243436 0.33492548523469429 -0.006605161360302543 -0.030935534676867438 -0.023398490670550522 0.010641481575236424 0.079110363358802172 0.25893404699719391
leaf_weight=186.77596215764061 19.985612934455279 314.3914632704109 0.42639139434322615 1.3304681703448293 215.81615192024037 287.72798188822344 663.03290223376825 16.948611678555611 1.518862655386328 1.5859672846272586 2595.5500774327666 214.31691679963842 0.75127734616398756 1.2179807601496582 1211.1111030383036 360.72876723413356 0.82282161619514127 338.04254359006882 141.20867406390607 1.1474087741225982 0.82272208295762483 3.0613808641210198 0.73184588924050287 0.51650432776659727 33.398444809950888 6.7997622797265675 1.661510733887553 10.147634088061748 4.9144225502386707 1.6014861501753328
leaf_count=4448 1405 6020 25 82 7455 6783 12852 371 32 32 46033 6737 17 40 20680 13500 13 7719 3173 22 18 68 28 17 720 149 32 204 97 30
internal_value=0 0.000159828 -0.0256686 0.0906984 0.00024717 0.00324656 0.00530741 -0.00329809 0.0289722 0.107864 -0.000502162 -0.00641183 0.00193043 0.118603 4.14485e-05 -0.00256006 -0.00924422 -0.000116569 0.00171207 0.000962227 0.0176936 0.114388 0.0492241 0.147982 0.0113995 0.0342878 0.026357 0.0476162 0.0934994 0.123308
internal_weight=0 6451.32 21.7425 1.75686 6429.58 1285.21 977.424 307.781 20.0534 3.10483 5144.37 433.351 219.034 3.21761 4711.02 2115.47 566.315 1549.15 205.586 204.763 63.5548 3.8841 2.46633 1.24835 59.6707 26.2722 25.1248 18.3251 8.17742 6.51591
internal_count=138802 134354 1512 107 132842 26090 18872 7218 435 64 106752 14294 7557 102 92458 46425 18026 28399 4526 4513 1340 86 85 45 1254 534 512 363 159 127
cat_boundaries=0 1 2
cat_threshold=2 1
is_linear=0
shrinkage=0.05


Tree=96
num_leaves=31
num_cat=0
split_feature=8 8 4 5 2 9 8 12 11 5 0 8 2 10 5 12 3 1 13 5 11 3 2 0 9 8 0 9 3 3
split_gain=4.46407 4.3329 4.32896 7.75221 4.99034 4.6043 10.3663 10.6732 12.242 29.7736 12.2089 7.7972 8.52413 7.42306 13.9556 17.4616 8.66516 11.6598 7.44238 12.1122 21.6377 7.05887 6.45775 8.05631 6.2943 9.24053 9.9478 8.49303 17.8269 12.7257
threshold=-1.4736199999999997 1.3887850000000002 6.7774600000000005 2.7362250000000006 -6.5813819031691061 3.3164450000000003 -0.76659999999999984 -0.86300900000000003 2.6448835000000002 1.7620450000000003 90.482970000000009 -0.791265 12.907394671320292 -1.7952229999999998 2.1256400000000002 -0.029175999999999976 2049.4598400000004 18.70603935810718 -0.31452699999999995 1.0213250000000003 1.4381845000000002 1353.2595635000002 20.917219367705012 87.361945000000006 2.4930550000000005 -0.88995499999999994 96.380955000000014 2.5048750000000006 2211.0100015000003 2217.5989075000002
decision_type=2 2 2 2 2 2 2 8 2 2 2 2 2 2 2 10 10 2 8 2 2 10 2 2 2 2 2 2 10 10
left_child=-1 2 5 4 -4 22 7 8 9 -7 -11 -9 -13 14 16 -16 17 -8 19 20 -18 -15 24 -24 25 26 -2 28 -26 -30
right_child=1 -3 3 -5 -6 6 13 11 -10 10 -12 12 -14 21 15 -17 18 -19 -20 -21 -22 -23 23 -25 27 -27 -28 -29 29 -31
leaf_value=-0.042564518548938342 -0.020042459036928452 -0.050537027436276118 0.098738904583710485 0.11590085748300789 -0.01453478690660724 0.0039160418639527057 0.18186698034710949 0.00059351090410491171 -0.052175456004085879 0.15466785163715388 0.43656929070650358 -0.0060036848881616896 0.18584763571542168 0.061225441689748285 -0.0083067515177163414 0.18483541566097828 -0.004367419087980144 -0.018613429512421672 -0.025883891310569448 -0.013557263146011462 0.2461924456563713 -0.01097149440471179 0.11819213789604864 -0.037433546349932033 -0.0098167697826871247 -0.00049494525304349002 0.13372148549577412 0.0019050655840367155 0.20982585679864921 0.039471231683447877
leaf_weight=6.1726041175425044 76.699231714941561 4.2426060657016924 0.98416244238614936 1.1800760980695475 80.850339365657419 1.7794551197439434 1.4848940856754809 19.928187773562975 1.0559545047581194 0.72461163531988837 0.81727829482406378 1.0755901690572494 1.2539728321135042 3.4240903966128817 2.2033080197870731 2.4958025328814974 2.0214860737323748 1.4176657274365423 18.023297175765041 6.2318556942045689 1.5017567761242387 301.30093265790492 0.87496084906161087 16.780030962545425 26.259980187751353 3277.639366037678 1.0664858738891769 2744.5642394926399 1.1349303051829327 32.172521140426397
leaf_count=547 4380 544 20 22 1584 50 24 647 33 21 22 25 26 43 36 33 32 22 313 103 26 5449 22 492 490 73972 39 49204 17 564
internal_value=0 -2.39387e-05 8.40007e-06 -0.0113377 -0.0131725 0.000152334 -0.0052908 0.024748 0.09612 0.143268 0.30409 0.0107117 0.0972673 -0.00764326 0.0140353 0.0942754 0.00174565 0.0839485 -0.00684372 0.0283345 0.102432 -0.0101602 0.000475493 -0.0297209 0.000562044 -0.000899111 -0.0179337 0.00231045 0.0209886 0.045276
internal_weight=0 6631.19 6626.95 83.0146 81.8345 6543.93 366.74 26.6351 4.3773 3.32135 1.54189 22.2578 2.32956 340.105 35.3801 4.69911 30.681 2.90256 27.7784 9.7551 3.52324 304.725 6177.19 17.655 6159.54 3355.41 77.7657 2804.13 59.5674 33.3075
internal_count=138802 138255 137711 1626 1604 136085 6905 824 126 93 43 698 51 6081 589 69 520 46 474 161 58 5492 129180 514 128666 78391 4419 50275 1071 581
is_linear=0
shrinkage=0.05


Tree=97
num_leaves=31
num_cat=0
split_feature=6 11 13 4 4 9 11 1 8 12 12 13 6 6 0 2 9 3 1 15 8 2 13 8 4 12 8 9 0 6
split_gain=4.30641 6.80749 6.56484 6.97181 6.94108 8.59111 6.48521 15.7276 6.10874 6.63007 9.14359 10.5124 9.68007 31.6268 8.69288 8.25408 7.77918 7.6881 12.4748 19.4405 9.25004 10.2329 14.0842 6.10587 7.90668 5.9411 6.65391 6.45567 6.26405 6.89994
threshold=6.6304550000000004 3.3481630000000004 -3.1892154999999995 6.587295000000001 6.7231400000000017 2.4224750000000008 3.3642015000000005 12.564042795232385 -0.24070499999999997 0.32670750000000004 0.46463750000000009 1.0000000180025095e-35 6.8242500000000001 6.8935400000000007 82.364880000000014 12.059437174011231 1.9839100000000001 1928.5406095000001 9.1951001826441381 1.5000000000000002 0.050120000000000005 10.804288708636808 0.29512799999999989 0.13295500000000002 5.5113350000000008 -1.7685074999999997 0.61771500000000013 1.1844350000000001 92.223465000000019 6.3953800000000003
decision_type=2 2 8 2 2 2 2 2 2 10 8 10 2 2 2 2 2 10 2 2 2 2 10 2 2 8 2 2 2 2
left_child=25 2 -2 -4 5 -5 7 -3 -8 17 15 23 16 -14 -15 -11 -13 18 20 -20 21 -10 -23 24 -12 -1 27 -27 -29 -30
right_child=1 6 3 4 -6 -7 8 -9 9 10 11 12 13 14 -16 -17 -18 -19 19 -21 -22 22 -24 -25 -26 26 -28 28 29 -31
leaf_value=0.0046055961488739253 0.087317424172512301 -0.05287404394218697 -0.010987737426525486 -0.023647670366077393 -0.032628436489752048 0.11439137413920726 -0.015826319817513149 0.22351396219823094 -0.053652623417300566 0.025431336524245868 -0.020627131066391528 0.13682063800184169 0.33154385700307654 0.16552564982479215 0.0088785503722493952 0.20323595927047611 -0.011158005010261556 -0.0056595075148839005 0.21927453844153155 -0.0021423572833299404 -0.04266985972690903 0.02402749914361501 0.28180469451240414 -0.036120788750685966 0.10389790005494015 -0.027327017586755372 -0.0068202610640983891 0.0010477672818574144 -0.0054294611802189986 0.0096435513723558026
leaf_weight=702.76471575209871 1.7525879833847282 0.98150130175054018 287.52651310665533 1.6581989163532842 2.4037214303389192 3.5196168404072523 33.640993231907487 1.0822669137269256 1.1715792808681711 1.2542619397863748 2.9951341580599609 1.0456061493605355 1.1682114619761703 1.1360544618219135 4.0179580301046371 1.3609434822574256 5.8969129361212254 66.862836056854576 2.0152142215520139 1.9511993220075963 4.7603667415678501 1.2964604301378133 0.8961694799363612 8.6547726276330632 2.2192623633891344 21.232730826828629 362.8556720954366 4321.1630228273571 702.5440258141607 85.124558879528195
leaf_count=14092 25 23 6074 32 48 45 798 20 21 25 48 23 22 21 83 24 119 1351 39 42 113 27 20 167 37 1468 13773 83844 14616 1762
internal_value=0 -0.00483538 -0.0091668 -0.0097398 0.0375876 0.0701843 0.00406879 0.0920674 0.00279294 0.00855517 0.0286719 0.0200662 0.0518891 0.0966484 0.0434069 0.11796 0.0111289 0.000975346 0.0376659 0.110353 0.00218017 0.0656431 0.129386 -0.0103699 0.0323711 0.000276918 -0.000276894 0.000185926 0.000300272 -0.0038005
internal_weight=0 441.268 296.861 295.108 7.58154 5.17782 144.408 2.06377 142.344 108.703 29.7491 27.1339 13.2647 6.32222 5.15401 2.61521 6.94252 78.9538 12.091 3.96641 8.12458 3.36421 2.19263 13.8692 5.2144 6195.68 5492.92 5130.06 5108.83 787.669
internal_count=138802 9247 6224 6199 125 77 3023 43 2980 2182 569 520 268 126 104 49 142 1613 262 81 181 68 47 252 85 129555 115463 101690 100222 16378
is_linear=0
shrinkage=0.05


Tree=98
num_leaves=31
num_cat=1
split_feature=1 2 13 11 11 8 10 9 12 6 2 6 2 2 9 3 5 0 6 1 0 4 17 13 13 3 11 9 9 9
split_gain=4.30651 14.1963 13.1594 11.0657 18.5311 15.6188 16.1737 13.377 10.7869 10.4172 9.87302 9.47712 10.3938 10.9579 9.40949 9.28115 10.4542 8.98273 8.66042 8.34497 11.9814 24.267 18.9178 10.2094 9.73325 8.29221 8.06929 8.01907 7.93548 7.88559
threshold=7.4989377254196095 1.0261118708245316 2.6602770000000002 2.8882320000000004 2.6206995000000002 0.21311000000000005 -0.13530349999999999 2.5907250000000004 -2.0900099999999999 5.7464450000000005 0.79121552391919336 5.9615400000000003 2.8508680352595754 -11.430138977026347 3.8580050000000008 1888.9103335000002 2.8387250000000006 84.869075000000024 6.7974650000000016 2.7229375798280322 84.780800000000013 5.7286850000000014 0 -0.31452699999999995 -3.1892154999999995 2070.1037685000006 3.1081070000000008 1.8694900000000001 1.8522450000000001 2.1183450000000001
decision_type=2 2 10 2 2 2 2 2 10 2 2 2 2 2 2 10 2 2 2 2 2 2 1 10 8 10 2 2 2 2
left_child=1 10 17 4 -4 -5 -7 9 -8 -6 -1 14 13 -13 -2 -10 25 19 28 -3 24 22 -22 -24 -21 -17 -26 -14 -19 -20
right_child=11 2 3 5 7 6 8 -9 15 -11 -12 12 27 -15 -16 16 -18 18 29 20 21 -23 23 -25 26 -27 -28 -29 -30 -31
leaf_value=0.00078584436034647711 0.0036657886785332176 -0.01182557126012109 0.010905993571903265 -0.015285116148255265 -0.015655390663496964 -0.003426434357905764 -0.0043860370930194677 0.27687724031300909 0.032871829730592168 0.18577709965945732 0.041184634408779827 0.10611524625098652 -0.013049786363316891 -0.015450522986485802 -0.040779347103281884 0.21774555011691341 0.27607378021810697 -0.030790301167652075 0.08469453424999851 0.16308675323351141 0.35761105010752564 -0.052961387394337811 0.20412659133529659 -0.052584602784260782 -0.0074766170092831225 0.039506558441030099 0.0087416610151193324 0.00049583942147804342 -0.011288341277301141 0.0026985044392186237
leaf_weight=1742.046260526171 1993.5963329556398 170.35314835375175 6.2004004349000734 28.613040125928819 1.3144187508150942 8.0408738255500776 1.9594706352800129 1.3548618955537675 1.7156775291077782 1.2543757772073147 15.255977622000499 1.8765298631042231 117.27153771184385 152.522510654293 11.980080757290123 1.0992413414642217 1.5126192327588794 60.226367980707437 4.0221597342751911 0.92072002589702606 0.97451921086758375 1.8614544989541171 0.7786503080278635 0.77059941599145465 160.45581763633527 1.6057480387389658 146.91951187630184 1599.5707588968799 389.57491564564407 10.819903437048195
leaf_count=37586 37971 4451 147 613 32 203 33 19 31 29 299 35 3917 3261 230 17 25 2796 146 17 23 45 21 21 3952 34 3145 29758 9688 257
internal_value=0 -0.00157186 -0.00632023 0.0175321 0.064718 0.00680825 0.0464827 0.149755 0.0973285 0.0827067 0.00113657 0.0010124 -0.00154692 -0.013973 0.0034003 0.13092 0.170805 -0.00769625 -0.0126596 -0.0029219 0.00192895 0.0839946 0.185009 0.076438 0.000761642 0.111939 0.000275409 -0.000429415 -0.0138996 0.0249192
internal_weight=0 2759.65 1002.35 54.6707 10.1241 44.5467 15.9336 3.92366 7.89276 2.56879 1757.3 3876.82 1871.24 154.399 2005.58 5.93329 4.21761 947.678 464.643 483.034 312.681 4.38522 2.52377 1.54925 308.296 2.70499 307.375 1716.84 449.801 14.8421
internal_count=138802 63630 25745 1183 227 956 343 80 140 61 37885 75172 36971 3296 38201 107 76 24562 12887 11675 7224 110 65 42 7114 51 7097 33675 12484 403
cat_boundaries=0 1
cat_threshold=2
is_linear=0
shrinkage=0.05


Tree=99
num_leaves=31
num_cat=0
split_feature=10 0 1 15 2 9 15 3 11 5 11 1 2 4 2 4 4 9 2 0 13 9 0 3 3 3 10 1 5 4
split_gain=4.30267 5.62065 10.684 8.24263 10.2084 7.77307 11.3505 8.15523 7.03605 6.90783 7.10877 6.6805 14.6668 9.47513 9.40344 10.4988 7.91881 16.2634 15.7934 13.2247 10.5594 9.45098 10.6466 11.9546 9.44722 9.26945 14.6705 9.18571 8.96504 8.37238
threshold=1.6085120000000004 81.859710000000021 -3.4499348845950304 1.5000000000000002 -4.487486117836891 2.3932900000000004 4.5000000000000009 2375.7011515000004 5.555778000000001 2.4848150000000007 2.0703905000000007 8.2256639119778807 1.0261118708245316 4.9407050000000003 -3.0087097828375553 6.0801550000000004 5.9095150000000007 2.3178850000000004 -0.68318604133707894 83.293435000000017 -2.418193 2.1371850000000001 82.702610000000007 2233.1826110000006 2667.6063760000002 2427.5265605000004 -0.74037599999999981 3.3863954180309412 1.6824100000000002 5.928465000000001
decision_type=2 2 2 2 2 2 2 10 2 2 2 2 2 2 2 2 2 2 2 2 8 2 2 10 8 10 2 2 2 2
left_child=1 3 5 8 -5 -3 7 -7 -1 -9 -11 12 14 -14 -4 16 20 24 29 -20 21 -16 -23 -24 -18 26 -21 -25 -28 -19
right_child=-2 2 11 4 -6 6 -8 9 -10 10 -12 -13 13 -15 15 -17 17 18 19 25 -22 22 23 27 -26 -27 28 -29 -30 -31
leaf_value=4.8885760761466901e-05 -0.0061792205087462734 -0.033359259362684017 -0.0033531193054737053 0.018360554250008442 0.0024185033955334907 -0.052803040882953692 0.12983302061924024 -0.0032867997597681485 0.12605225938040823 0.16526739530763904 0.0098531025352895721 0.0009144573609467648 0.0039556730365462893 -0.010188381570353233 -0.027930170455789067 -0.0072214471817717745 -0.009682756847800407 0.14220711512801634 0.021071341893965281 0.043871701452328278 0.0068482768505978044 0.22779400429430152 0.20101068810137465 -0.053917850742700127 0.1243935241735233 0.076001149829911616 0.17362213234192866 0.10894890367863369 0.35736488981146092 0.019787769420827973
leaf_weight=758.33616043557413 275.51868277136236 42.224959594197571 359.31401929492131 171.04160941252485 243.19836824364029 6.7041326151229503 1.6304061841219653 12.040695019531993 1.109530706424265 1.3731145877391093 1.5852490114048121 3622.1165891457349 144.29309438867494 660.01707423431799 2.0160590196028352 82.330500280251727 19.662971692159775 1.5335510149598182 2.6727035548537952 1.030772243626416 198.21307855378836 1.2382961418479679 1.1762342676520345 1.9907139809802177 1.4079063544049848 2.2966863717883825 1.3187688160687687 1.5319842668250201 1.3367636790499089 15.645656459033487
leaf_count=16314 5390 1338 8010 3813 5380 151 26 243 24 26 30 69581 3637 17657 56 1818 528 29 45 22 4201 18 19 32 33 38 22 25 22 274
internal_value=0 0.000202998 -0.000504055 0.00332757 0.00900105 -0.0205608 0.00259957 -0.00695857 0.000232973 0.0135325 0.0819881 -0.000247297 -0.00305446 -0.00765094 0.00226713 0.00828806 0.0133337 0.0318764 0.0584653 0.11354 0.00911494 0.0656051 0.0973661 0.0629949 -0.000724096 0.154848 0.203972 0.0169112 0.266116 0.0307159
internal_weight=0 6360.39 5186.7 1173.69 414.24 65.5586 23.3336 21.7032 759.446 14.9991 2.95836 5121.14 1499.03 804.31 694.717 335.403 253.072 46.9058 25.8349 8.65569 206.166 7.95329 5.93723 4.69893 21.0709 5.98299 3.6863 3.5227 2.65553 17.1792
internal_count=138802 133412 107881 25531 9193 1814 476 450 16338 299 56 106067 36486 21294 15192 7182 5364 1013 452 149 4351 150 94 76 561 104 66 57 44 303
is_linear=0
shrinkage=0.05


Tree=100
num_leaves=31
num_cat=4
split_feature=2 13 19 7 2 2 1 9 8 1 18 0 11 1 4 3 2 11 0 1 5 9 11 7 11 1 12 5 8 2
split_gain=4.28463 7.33536 4.19551 12.7517 10.9113 9.21469 8.27866 8.25361 7.88371 10.2665 12.2164 9.17642 13.1433 8.40172 8.15117 7.93507 7.04089 7.59339 6.68896 8.32333 7.76715 7.25558 9.13856 11.1812 14.5003 10.9392 11.1559 10.93 21.9962 10.3562
threshold=-14.160800535687283 -3.8435779999999995 0 1 11.731154298130432 -7.6041510442531832 -9.9964899752286609 3.2420750000000003 0.46036000000000005 -9.1072980394965111 2 91.712825000000024 2.0453300000000003 -6.1970106079792346 5.8009000000000013 2041.3981685000001 -12.431479150467448 0.086079500000000017 83.460115000000016 -1.5652913843252481 3.8039950000000005 1.6865500000000002 3.2765550000000006 3 3.4420710000000003 7.6946410794410491 -2.1369159999999998 1.5361650000000002 0.29749500000000001 9.902911175455424
decision_type=2 8 1 1 2 2 2 2 2 2 1 2 2 2 2 10 2 2 2 2 2 2 2 1 2 2 8 2 2 2
left_child=1 -1 6 5 8 -4 7 -2 9 10 14 16 -13 -11 -5 -14 -10 -18 -8 20 -20 -21 -23 24 25 -24 -27 28 -28 -26
right_child=2 -3 3 4 -6 -7 18 -9 11 13 -12 12 15 -15 -16 -17 17 -19 19 21 -22 22 23 -25 29 26 27 -29 -30 -31
leaf_value=0.09001553286209113 -0.029930850312957554 -0.029272905447421595 -0.018025152212609623 0.21170963968959891 -0.016934039824849562 0.0019444223338389228 0.0043152633362694495 0.13184097695640901 0.1161671567439627 -0.044290602524942817 0.0033738405733087433 0.21108325886984072 0.17103980625834669 -0.00080763753059456779 0.06040762327848799 -0.012164521348111509 0.18871643510109853 -0.026275766939680412 -0.0186784673978415 -0.010948814573004347 0.10681759614635909 -0.00087971928834317328 -0.0060853098696721604 -0.00075800804120519378 -0.011459608865496258 -0.013920856782488781 0.29463274484711682 0.039827621391328304 0.057652497928854421 0.010394372558224473
leaf_weight=1.373238424770534 28.767447138670835 20.943878673948351 60.475014979019761 1.4998671915382131 204.69125615619123 1290.2688394715078 1158.5179931593593 0.81067657377570768 0.89424855075776477 11.398782800883053 5.2893699370324612 0.94389647431671519 0.67049153987318266 436.7847652034834 2.1898061241954565 4.9880287647247314 0.41312275175005098 70.183198590995744 73.624184094835073 137.69252759520896 1.2539368397556234 2268.695265842136 17.087063781451434 410.14201437286101 66.485454126261175 8.7007895829156023 1.2914808876812447 51.72913169208914 4.049329424276948 293.61100027291104
leaf_count=17 767 534 1144 22 4794 25484 24583 17 39 237 104 20 18 7739 37 157 12 2966 2017 6133 33 43970 404 9862 1191 143 21 854 73 5410
internal_value=0 -0.0219327 1.24407e-05 -0.00183981 -0.0071157 0.00105035 0.000868721 -0.025497 -0.00336099 -0.000853 0.0520838 -0.0180429 0.0383563 -0.00191355 0.121913 0.0095438 -0.0232516 -0.0250177 0.0010423 -9.48917e-05 -0.0165769 0.000283739 0.000779172 0.00519077 0.0106989 0.029558 0.0388181 0.0468586 0.114958 0.00635942
internal_weight=0 22.3171 6613.15 2090.69 739.947 1350.74 4522.46 29.5781 535.256 457.163 8.97904 78.093 6.60242 448.184 3.68967 5.65852 71.4906 70.5963 4492.88 3334.36 74.8781 3259.48 3121.79 853.096 442.954 82.8578 65.7707 57.0699 5.34081 360.096
internal_count=138802 551 138251 42773 16145 26628 95478 784 11351 8139 163 3212 195 7976 59 175 3017 2978 94694 70111 2050 68061 61928 17958 8096 1495 1091 948 94 6601
cat_boundaries=0 1 2 3 4
cat_threshold=1 2 1 2
is_linear=0
shrinkage=0.05


Tree=101
num_leaves=31
num_cat=2
split_feature=8 8 16 4 1 4 12 11 4 13 6 4 5 9 1 0 10 5 5 0 18 6 12 2 13 6 13 6 4 8
split_gain=4.18144 4.08693 4.09324 5.86377 6.12294 6.25443 9.36589 8.45772 8.27663 8.3219 9.44604 16.072 13.2292 10.0284 10.1561 9.41646 9.15828 8.62864 8.25638 9.03728 14.7787 11.1054 8.20976 7.8444 7.57265 13.6334 11.3136 12.4018 23.0313 10.8556
threshold=-1.4736199999999997 1.3887850000000002 0 6.7231400000000017 -9.9964899752286609 6.2174150000000008 0.60572950000000003 3.0169200000000003 5.9527650000000003 -0.68612249999999964 5.8326250000000011 5.9045950000000014 1.2205150000000002 2.2338450000000005 16.008227146468339 92.016045000000005 -0.038671999999999991 0.64039000000000013 2.9369500000000004 89.705535000000012 1 6.0066850000000009 -0.67459899999999984 7.2685123525892683 0.99605000000000021 5.5017150000000008 0.83137200000000011 6.3953800000000003 6.6143550000000007 -0.65159499999999981
decision_type=2 2 1 2 2 2 10 2 2 10 2 2 2 2 2 2 2 2 2 2 1 2 10 2 8 2 10 2 2 2
left_child=-1 2 3 4 -2 8 24 -8 9 16 11 -11 13 14 -13 -14 17 -6 -10 -20 -21 -22 -15 -12 25 29 27 -27 -29 -7
right_child=1 -3 -4 -5 5 6 7 -9 18 10 23 12 15 22 -16 -17 -18 -19 19 20 21 -23 -24 -25 -26 26 -28 28 -30 -31
leaf_value=-0.042153761237080305 -0.032734951003579982 -0.050510724563190584 -0.00089573942412006057 -0.018093745513296591 -0.03050421011731759 -0.052572641700815916 0.002155595895479717 -0.037806657084894293 -0.0064157461623974184 0.0031485412629338851 -0.014559716046049229 0.28904485297737492 0.040215896330673288 0.13681353231325336 0.062688986252117274 -0.042227478791220602 -0.00031732474623526489 0.014988192413091387 -0.0046540745383595785 0.22536912116100338 -0.053411733700207444 0.14119335658240395 0.016392164409554329 -0.00077230735324081568 0.029631534303806453 -0.0037937192343453054 -0.053823377658382111 0.019800428819365796 0.17851245254239947 0.041218770470321998
leaf_weight=5.8946698149666181 12.58504404267296 4.0059726440813384 4334.7051498796791 36.741133606992662 10.799529050011186 3.3558713896200052 92.131738849915564 15.462230308912693 387.86068526562303 426.15127848926932 137.97872317954898 1.1691750450991123 14.329735579900445 2.3496099449694157 0.86007865797728289 4.5674665607511988 200.14588775997981 299.18667357880622 5.0988265718333405 1.4281039424240589 1.7125283288769426 1.2818344319239257 3.5595169384032488 408.8855094704777 59.58238043775782 91.031692381948233 8.8713325411081296 22.371285261586312 2.5459311567246905 38.236268336884677
leaf_count=547 330 544 92338 727 201 94 1711 280 7597 8726 2889 34 269 37 17 91 3803 5917 99 25 34 23 60 8481 971 1707 153 411 30 656
internal_value=0 -2.32895e-05 7.23905e-06 0.0017127 0.00204322 0.00223853 0.00855477 -0.00358734 0.00113385 0.0028235 0.000172143 0.00551193 0.0430428 0.0972072 0.193106 0.0202893 0.00802013 0.0134033 -0.00528655 0.0407127 0.0930178 0.0298953 0.0642746 -0.00425099 0.0143355 0.00885891 0.000597721 0.00476152 0.0360169 0.0336512
internal_weight=0 6628.99 6624.99 2290.28 2253.54 2240.95 333.589 107.594 1907.37 1509.98 999.851 452.987 26.8356 7.93838 2.02925 18.8972 510.132 309.986 397.382 9.52129 4.42247 2.99436 5.90913 546.864 225.995 166.412 124.82 115.949 24.9172 41.5921
internal_count=138802 138255 137711 45373 44646 44316 6013 1991 38303 30525 20604 9234 508 148 51 360 9921 6118 7778 181 82 57 97 11370 4022 3051 2301 2148 441 750
cat_boundaries=0 1 2
cat_threshold=12 4
is_linear=0
shrinkage=0.05


Tree=102
num_leaves=31
num_cat=1
split_feature=17 6 11 5 13 1 11 15 12 13 6 11 5 5 0 6 10 13 1 10 8 8 3 12 9 10 9 8 6 13
split_gain=4.07849 6.05962 5.4434 10.136 7.24593 5.12625 11.6699 6.07225 7.36101 10.4928 6.93349 10.0441 5.54104 9.44249 16.3843 12.7282 10.6985 9.41435 7.26217 6.3159 5.60862 6.91323 15.4986 8.82218 8.67471 7.87846 5.43568 10.2381 5.26285 5.10861
threshold=0 7.264050000000001 5.3184440000000004 2.8387250000000006 0.73368400000000022 21.325980081761486 -0.12055699999999998 1.5000000000000002 -3.3077599999999996 -0.90552699999999986 6.6850950000000013 2.3225120000000001 0.6111700000000001 0.69582000000000011 78.930715000000006 6.6850950000000013 -3.5260954999999998 1.9269285000000005 1.0756549510764202 -2.4747264999999996 -0.32625499999999991 -0.10772 2492.5667160000007 -1.5396139999999998 3.7354250000000007 1.0000000180025095e-35 2.2519550000000002 -0.19942499999999999 5.4026000000000005 0.4621665000000002
decision_type=1 2 2 2 10 2 2 2 10 10 2 2 2 2 2 2 2 10 2 2 2 2 10 10 2 2 2 2 2 10
left_child=1 2 5 4 -4 12 -7 8 -8 -10 -9 -12 19 14 18 16 -16 -18 28 -1 -21 22 23 -22 -23 -24 27 -25 -14 -15
right_child=-2 -3 3 -5 -6 6 7 10 9 -11 11 -13 13 29 15 -17 17 -19 -20 20 21 24 25 26 -26 -27 -28 -29 -30 -31
leaf_value=-0.038180627642230687 0.00075678957537441132 -0.046373540153181472 0.24950226680870738 -0.048262537210968057 0.0043349156774251498 0.2107121477640852 0.14105406096422166 -0.0034213441421798441 0.16188901892511109 -0.0049487204578855188 0.15967870693200267 -0.01996806757794482 0.1549691383402898 3.3874681868866059e-05 0.17869389686062523 0.18399490521695883 -0.0085595466929815223 0.14998348622802074 0.24841081129501397 -0.032335571283292765 0.11796803375178176 -0.011787375975231554 0.23663545905819611 0.19048156015278409 0.10841012891115012 0.059650318749607079 -0.037279810996809243 -0.053187029000864784 -0.0015940111567919837 -0.005689156885220501
leaf_weight=20.43000258365646 4625.8028548774309 7.6442625191994003 0.49669124232604989 11.837411256972699 0.76640636660158634 0.7490270622074594 1.7720598392188547 33.864322524517775 1.1543273180723188 5.1336524225771409 1.6403501303866499 1.4801131002604959 1.1907731071114573 1247.4960574132856 0.85973125137389317 1.0495295263826836 20.238139055669311 0.98176820110529561 0.97994200512766827 17.249579217284918 1.4560301657766093 49.825551432557404 1.2037662416696542 0.82261540926992893 1.5477073322981585 1.3164450004696844 6.3168511651456356 0.90571101289242306 0.97729631001129735 567.23620217782445
leaf_count=489 88809 202 19 337 31 9 26 620 18 93 29 30 24 31193 17 19 473 23 19 445 28 1231 22 21 31 20 119 21 25 14359
internal_value=0 -0.00194144 -0.00177169 -0.0338961 0.100743 -0.00155999 0.0149751 0.0117203 0.0510449 0.0256788 0.00315028 0.0744678 -0.00194988 -0.0013241 0.0284338 0.0138681 0.00578127 -0.00122434 0.135452 -0.0133482 -0.00705723 -0.000179041 0.033954 0.00471466 -0.00816622 0.144186 -0.0157821 0.0627896 0.0843955 -0.00175499
internal_weight=0 2008.62 2000.98 13.1005 1.2631 1987.88 45.7939 45.0448 8.06004 6.28798 36.9848 3.12046 1942.08 1841.01 26.2772 23.1292 22.0796 21.2199 3.14801 101.074 80.6443 63.3947 12.0214 9.50121 51.3733 2.52021 8.04518 1.72833 2.16807 1814.73
internal_count=138802 49993 49791 387 50 49404 825 816 137 111 679 59 48579 46152 600 532 513 496 68 2427 1938 1493 231 189 1262 42 161 42 49 45552
cat_boundaries=0 1
cat_threshold=4
is_linear=0
shrinkage=0.05


Tree=103
num_leaves=31
num_cat=2
split_feature=6 12 12 5 6 3 10 3 1 9 17 4 4 18 9 6 12 11 2 12 10 8 13 9 6 9 6 6 12 3
split_gain=3.94741 6.60088 8.34699 11.5934 15.5326 10.7792 8.03872 7.90324 7.72897 8.00788 13.411 11.2177 12.4192 15.8306 9.3721 9.51137 9.10553 16.4891 12.3239 16.7382 12.7217 10.9096 11.8038 11.5286 10.2318 13.3764 9.57314 16.3942 12.1354 15.1778
threshold=6.6304550000000004 1.8561330000000005 0.061011499999999892 0.24502500000000002 6.7974650000000016 2600.2096355000003 -2.3569909999999994 1353.2595635000002 2.6199824539663008 3.0036000000000005 0 5.433345000000001 5.3871550000000008 1 2.6342150000000006 6.8935400000000007 1.2374829999999999 1.8943215000000002 10.804288708636808 1.5126760000000001 -1.0049299999999997 -0.011474999999999997 -0.21457949999999995 2.9373000000000005 6.8242500000000001 2.5163150000000001 6.6850950000000013 6.7250000000000005 0.49644300000000002 2185.0240130000007
decision_type=2 10 10 2 2 8 2 10 2 2 1 2 2 1 2 2 8 2 2 10 2 2 10 2 2 2 2 2 8 10
left_child=-1 2 3 4 -2 6 -4 -3 -8 10 11 12 13 14 15 -10 21 -18 -19 20 -20 23 24 -12 25 -23 -24 -28 -29 -30
right_child=1 7 5 -5 -6 -7 8 -9 9 -11 16 -13 -14 -15 -16 -17 17 18 19 -21 -22 22 26 -25 -26 -27 27 28 29 -31
leaf_value=0.00026563952111852547 -0.022397729825569309 0.11874733106307789 -0.022744211241703408 -0.0090357663994169325 0.1974016746990539 0.12389384830330019 -0.034809712554472093 -0.034845970777326332 0.20655310522882769 -0.0084315214161397312 -0.011191972904494078 -0.024748913104234209 0.16675499492800494 -0.031244983387806149 -0.018046812940632706 0.02817632981129577 0.23427197101636754 -0.01190506622236078 0.33469239788898858 0.0012364726837880728 0.099582266901346028 0.15917335341800945 -0.016003667197891543 0.11448471238778413 -0.053447756994671303 -0.053247893709260377 0.30500650142909147 -0.0031690202318404776 0.23185417269367001 -0.0038712716303743902
leaf_weight=6194.6909360091668 1.6230750158429139 0.86751529108733194 21.010211213026196 280.19311300851405 1.5922915637493131 1.9533048565499473 8.4620915804989618 24.23162853741087 1.9239915236830705 26.728899780660868 15.454295817762615 19.227238238789141 1.5815835585817684 6.7784063816070548 1.4051264850422738 1.2219520891085265 1.5630710823461358 3.5717506343498826 1.0306226760149 1.8233207250013945 1.302512723952532 1.8834757448639723 1.3423943808302334 2.0690807979553929 3.0403157919645309 1.2219144739210603 1.1139661283232269 1.9891076427884402 2.0942802494391799 1.0132543183863161
leaf_count=129555 34 19 407 5946 33 32 243 496 38 529 345 401 27 142 25 22 37 68 23 37 24 43 33 38 59 24 24 39 38 21
internal_value=0 -0.00463911 -0.00313042 -0.00795245 0.0864498 0.00731713 0.00554992 -0.0295372 0.0110623 0.0149682 0.0235771 -0.000542312 0.0355063 0.0171841 0.0893149 0.137268 0.0427104 0.0861631 0.0562073 0.114738 0.203438 0.0297794 0.0632076 0.00364736 0.011754 0.0755895 0.105074 0.131245 0.0932656 0.154993
internal_weight=0 439.314 414.215 283.408 3.21537 130.806 128.853 25.0991 107.843 99.3806 72.6517 32.1383 12.9111 11.3295 4.55107 3.14594 40.5134 9.29128 7.72821 4.15646 2.33314 31.2221 13.6987 17.5234 6.14571 3.10539 7.553 6.21061 5.09664 3.10753
internal_count=138802 9247 8732 6013 67 2719 2687 515 2280 2037 1508 655 254 227 85 60 853 189 152 84 47 664 281 383 126 67 155 122 98 59
cat_boundaries=0 1 2
cat_threshold=2 1
is_linear=0
shrinkage=0.05


Tree=104
num_leaves=31
num_cat=0
split_feature=8 15 4 1 11 2 6 5 11 0 13 4 13 3 5 0 4 3 11 12 0 10 11 6 3 1 10 0 6 4
split_gain=3.93888 3.99059 6.90966 15.6572 15.8883 15.3584 10.2767 9.51016 7.93628 7.61508 6.05997 12.8346 8.49559 7.07493 12.6285 10.6753 7.76861 7.10021 7.09269 15.2817 29.9987 10.9382 8.26444 19.8301 12.5873 9.23465 7.24103 13.9225 7.70896 6.96717
threshold=-1.4736199999999997 2.5000000000000004 5.4640450000000014 -5.4623707918674365 1.2237145000000003 -7.6041510442531832 5.0580500000000006 3.2096300000000002 4.5942560000000006 92.537385000000015 1.7193305000000003 5.5642850000000008 1.4628390000000004 2237.5967690000002 0.31679000000000007 88.979395000000011 5.5746950000000011 2268.9993980000004 3.9187295000000004 0.8354330000000002 88.764590000000013 -1.8940124999999999 1.2457120000000004 6.3953800000000003 2118.6438570000005 12.96234188714987 -2.9697179999999994 89.550845000000024 5.6240650000000008 6.4680150000000003
decision_type=2 2 2 2 2 2 2 2 2 2 8 2 10 10 2 2 2 10 2 8 2 2 2 2 10 2 2 2 2 2
left_child=-1 -2 3 4 5 6 -3 -6 10 -10 12 -12 -4 14 15 -13 -16 -15 22 -20 -21 -22 23 24 -18 -26 27 -24 -29 -19
right_child=1 2 8 -5 7 -7 -8 -9 9 -11 11 13 -14 17 16 -17 18 29 19 20 21 -23 26 -25 25 -27 -28 28 -30 -31
leaf_value=-0.041768681667858153 -0.00078404659236705997 0.22007085845875354 -1.0520522885823277e-05 0.0060633065020752686 -0.052406843040189749 0.31008014672986939 0.009492752627333562 0.15738838337422895 -0.038349938838123362 0.031201341990130124 -0.028186766598145591 0.040528393664015255 -0.024593567480288524 -0.03566535869134118 0.13952152519598318 0.23872764425841192 -0.053581366546621212 0.01130199818557283 -0.002838781558079752 -0.007924063849271348 0.13354682495786357 0.35187928964035353 0.16786819683496551 0.23428321071108071 0.20624450685163881 0.016045774883077953 0.0044061270027177793 0.10717618727518093 -0.026012506849738371 -0.045649541624583248
leaf_weight=5.6554909595288327 4788.0835971185006 0.90954683348536569 1076.9378157355823 470.72933523380198 2.2493344377726321 1.0995651073753823 1.5961409434676168 0.71090000309050072 22.873614916112277 4.7533846274018279 21.809733796864748 1.5754952370189124 36.330495995935053 11.149159372318534 1.2970779817551363 1.1944522969424722 2.6974678523838511 71.41079872334376 4.9474071944132429 2.1924068443477154 1.0718688471242788 1.2341677471995351 2.0227131284773341 1.3889416214078663 1.1516731120646002 1.4313368918374179 84.312060717027634 1.5421384796500204 3.6765175880864263 5.806812764145433
leaf_count=547 100138 15 22103 10254 79 20 36 18 526 112 442 25 736 214 27 20 53 1342 110 41 24 24 32 25 17 25 1582 29 82 104
internal_value=0 -2.34901e-05 0.00195553 0.00713281 0.0838135 0.154294 0.0859311 -0.00202454 0.000142303 -0.0263832 0.000691158 0.0082359 -0.000812766 0.0122057 0.0205666 0.125996 0.0178866 0.00163373 0.0164212 0.0578037 0.124499 0.250396 0.0124416 0.0661774 0.02196 0.100849 0.00852709 0.0565079 0.0133454 0.00701921
internal_weight=0 6628.19 1840.1 477.295 6.56549 3.60525 2.50569 2.96023 1362.81 27.627 1335.18 221.912 1113.27 200.102 111.736 2.76995 108.966 88.3668 107.669 9.44585 4.49844 2.30604 98.2228 6.66942 5.28048 2.58301 91.5534 7.24137 5.21866 77.2176
internal_count=138802 138255 38117 10422 168 71 51 97 27695 638 27057 4218 22839 3776 2116 45 2071 1660 2044 199 89 48 1845 120 95 42 1725 143 111 1446
is_linear=0
shrinkage=0.05


Tree=105
num_leaves=31
num_cat=4
split_feature=2 13 0 12 8 5 12 12 4 3 9 7 13 9 2 2 6 1 7 8 9 13 3 13 9 10 17 2 10 19
split_gain=3.94818 6.42867 4.15522 8.96687 3.97685 9.20695 8.82282 13.4181 13.0728 20.7484 10.3231 12.6377 9.57417 16.7481 7.77989 9.16603 9.17957 7.49031 6.70781 18.1015 21.9871 12.0304 13.1457 11.4827 11.2646 11.6133 11.0706 10.4194 13.3885 15.2989
threshold=-14.160800535687283 -3.8435779999999995 78.283490000000015 -0.029175999999999976 -0.38516999999999996 0.71966500000000011 -2.3468004999999996 -2.5247769999999998 6.0037300000000009 2147.3867515000006 2.0326000000000004 0 2.0259725000000004 2.3060500000000004 3.0697602287188377 3.473340066487514 6.4906700000000006 18.936287629529534 1 -0.22329499999999997 2.3814300000000004 1.1856215000000003 1396.5647515000003 -0.49443999999999994 2.9653050000000003 -2.7807019999999993 2 -8.5445262878945289 1.5441330000000002 3
decision_type=2 8 2 10 2 2 8 10 2 10 2 1 8 2 2 2 2 2 1 2 2 10 8 8 2 2 1 2 2 1
left_child=1 -1 3 -3 5 -2 7 14 12 -10 11 -8 -9 -14 -7 -16 -17 -11 24 21 -21 22 23 -20 -6 26 -26 28 29 -22
right_child=4 2 -4 -5 18 6 10 8 9 17 -12 -13 13 -15 15 16 -18 -19 19 20 27 -23 -24 -25 25 -27 -28 -29 -30 -31
leaf_value=0.079596375306884515 -0.019129523462447923 0.11530550274175477 -0.040385595275310979 -0.036038532396566229 0.0038373107977865807 -0.05303246849128701 -0.023917456079834337 0.00017883146104963863 0.26277749424811886 -0.0056495019974322847 -0.00068222736475244091 0.0031982335846156176 0.28625388449909378 0.0124273814062099 0.16771808828579562 0.013615041482354663 -0.037822878897221281 0.16592273193191834 0.18170813444213801 -0.009021476162060723 0.023159197681178315 -0.022672272532312084 0.010676913697541528 0.016851900152304151 0.17426679181662652 -0.0062155734297954625 0.008545099107074898 0.00013985741959984547 -0.0089020324708465534 0.10248396898886568
leaf_weight=1.4733931897208095 76.482145004440099 1.4689725337084381 15.999774067429824 2.9324330077506664 2216.4807542641647 5.3881288398988536 111.76799656683579 8.4491086965426785 1.729629823938011 2.1233296236023311 1174.4236394083127 69.808758405968547 0.88436810160055701 1.5150591693818567 0.89974365942180057 69.902915107086301 9.9021838144399208 0.90822620876133431 2.1165858972817659 873.90101025649346 44.30172509001568 27.386434664018452 328.16581556946039 2.1084892796352497 1.7343218810856342 390.41523746959865 2.405512196943163 1153.4880438968539 28.070921099744737 7.0449007316492489
leaf_count=17 1728 39 418 77 38136 128 6370 200 33 54 26602 1785 27 29 14 1579 239 15 32 25616 878 526 5694 33 20 6422 40 21365 551 135
internal_value=0 -0.021266 -0.0285503 0.0144727 1.13202e-05 -0.00221953 -0.00133231 0.0128714 0.0555231 0.124592 -0.00239761 -0.0134926 0.0252101 0.113353 0.00513816 0.00902183 0.00723265 0.045752 0.000685364 -0.00118441 -0.00295445 0.00918073 0.0118052 0.099438 0.00245169 -0.00533225 0.0779717 0.00134594 0.0188635 0.0340428
internal_weight=0 21.8746 20.4012 4.40141 6611.8 1534.19 1457.7 101.703 15.6097 4.76119 1356 181.577 10.8485 2.39943 86.093 80.7048 79.8051 3.03156 5077.62 2466.58 2106.81 359.777 332.391 4.22508 2611.04 394.555 4.13983 1232.91 79.4175 51.3466
internal_count=138802 551 534 116 138251 38803 37075 2318 358 102 34757 8155 256 56 1960 1832 1818 69 99448 54830 48545 6285 5759 65 44618 6482 60 22929 1564 1013
cat_boundaries=0 1 2 3 4
cat_threshold=2 2 2 1
is_linear=0
shrinkage=0.05


Tree=106
num_leaves=31
num_cat=2
split_feature=2 7 9 1 13 11 1 11 2 13 4 6 5 8 6 13 5 4 6 15 6 6 9 12 12 18 4 4 13 3
split_gain=3.88692 8.1231 7.12494 9.80592 11.428 17.9857 8.29706 16.3364 6.16835 11.8065 13.7138 20.2215 18.3705 18.6785 14.3163 7.34956 7.52725 7.06225 5.96008 12.8114 10.3488 5.91318 5.43565 10.4671 10.1267 7.0952 10.3739 9.97049 5.78851 10.1053
threshold=18.20518836907787 0 2.8059350000000003 12.160732567966184 2.3977760000000004 3.9668840000000003 9.5218350173677315 4.1185985000000009 17.827225764228263 0.09867700000000014 5.6725350000000008 5.9011100000000001 2.9369500000000004 0.067620000000000013 6.0300350000000007 -0.26465499999999981 3.0968150000000008 4.5331450000000011 6.2667700000000002 1.0000000180025095e-35 6.1665050000000008 5.8326250000000011 2.8686500000000001 -1.5396139999999998 1.8561330000000005 1 5.5325700000000007 5.2283850000000003 0.28193849999999993 2282.7893695000007
decision_type=2 1 2 2 8 2 2 2 2 10 2 2 2 2 2 10 2 2 2 2 2 2 2 8 10 1 2 2 10 10
left_child=8 2 -2 4 6 -6 -4 -8 -1 10 11 15 13 14 -13 16 -10 -11 20 -20 -16 22 24 -24 -3 26 27 -25 -27 -30
right_child=1 21 3 -5 5 -7 7 -9 9 17 -12 12 -14 -15 18 -17 -18 -19 19 -21 -22 -23 23 25 -26 28 -28 -29 29 -31
leaf_value=2.7857886703184448e-06 -0.0041259938770923125 -0.022007699709334673 -0.012441063883973315 -0.030509335381637932 0.27498188261523854 0.019157288706993968 -0.0041273334045769279 0.2141407108342952 -0.020780322487223314 0.077883164696376864 -0.01862554643594367 0.33651978508402464 -0.053054520734883814 0.0034285208850029997 0.099558228021538284 0.11788443288094817 0.11400712563797161 -0.024094442619870968 0.23498023703521087 -0.013954134971575789 0.30213043763115199 -0.034309574053011681 0.20106146486514548 0.015068687259496304 0.17714366467304793 -0.052502318320988409 -0.052572136869475955 0.25886600562969492 -0.052397275743608335 0.18030582219568383
leaf_weight=6428.875113215996 70.82742576347664 26.532333045266572 4.9612890407443029 4.3493304699659339 1.3682831041514867 1.379931107163429 2.0316814100369815 1.4830343313515184 7.802329954691233 1.9028054084628845 7.3676427151076487 1.2793432790786008 1.3657474927604196 1.7728310171514747 1.2734038364142182 1.464834989048543 1.1943612499162553 15.754051939118652 0.86658935341984067 1.2806759150698779 1.2487525092437861 36.421776812523603 0.78972354717552662 0.7424846161156895 0.65406303806230326 4.1133751031011307 0.96179715543985356 0.96367625705897808 1.0264656599611042 0.85525741893798102
leaf_count=133362 1920 777 123 83 28 25 42 19 194 37 194 25 30 38 27 36 25 411 20 30 21 1074 21 21 19 103 25 25 27 20
internal_value=0 -0.00777055 0.00260679 0.033227 0.0579245 0.146527 0.0291964 0.0879709 0.000131302 0.0186673 0.0395093 0.0614194 0.115982 0.14588 0.188333 0.014024 -0.00288653 -0.0131047 0.147732 0.0865103 0.199854 -0.0200427 -0.00586039 0.0267998 -0.0172164 0.0109141 0.0787447 0.152771 -0.0192721 0.053368
internal_weight=0 159.462 86.401 15.5735 11.2242 2.74821 8.476 3.51472 6473.45 44.5734 26.9165 19.5489 9.08734 7.7216 5.94876 10.4615 8.99669 17.6569 4.66942 2.14727 2.52216 73.061 36.6392 9.45278 27.1864 8.66306 2.66796 1.70616 5.9951 1.88172
internal_count=138802 4352 2240 320 237 53 184 61 134450 1088 640 446 191 161 123 255 219 448 98 50 48 2112 1038 242 796 221 71 46 150 47
cat_boundaries=0 1 2
cat_threshold=2 2
is_linear=0
shrinkage=0.05


Tree=107
num_leaves=31
num_cat=5
split_feature=8 19 7 2 2 1 8 1 18 0 10 11 9 1 9 5 11 16 3 17 3 12 1 2 0 8 0 4 2 12
split_gain=3.86495 3.81328 11.6028 9.92984 8.33246 7.49089 7.11615 8.93727 9.24818 8.26127 11.2991 15.9964 11.807 7.97139 7.06164 6.65984 6.57797 6.04835 10.1886 18.929 9.70751 8.87498 8.44582 8.11289 13.4669 7.65741 12.3451 23.91 20.7122 9.77725
threshold=1.3887850000000002 0 1 11.731154298130432 -7.6041510442531832 -9.9964899752286609 0.46036000000000005 -9.1072980394965111 2 91.37058500000002 -2.6025239999999994 2.1871180000000003 2.3932900000000004 -6.1970106079792346 3.2420750000000003 2.1432850000000001 0.47214150000000005 3 2653.5490180000006 4 2763.6563795000006 1.6128830000000003 22.961413276816881 -7.1735829639145097 77.53377500000002 -0.39237999999999995 92.648620000000008 6.1372600000000004 8.648112179524686 -2.0429019999999993
decision_type=2 1 1 2 2 2 2 2 1 2 2 2 2 2 2 2 2 1 8 1 10 10 2 2 2 2 2 2 2 10
left_child=1 5 4 6 -3 14 7 8 16 -8 -11 -12 -13 -9 -1 -10 -4 18 22 20 -20 23 -6 24 -19 26 -25 -28 -29 -30
right_child=-2 2 3 -5 17 -7 9 13 15 10 11 12 -14 -15 -16 -17 -18 21 19 -21 -22 -23 -24 25 -26 -27 27 28 29 -31
leaf_value=-0.029101533517301211 -0.050487112835256726 -0.016850331248973588 0.16858468886503086 -0.016312472023038527 0.0046920163301273953 0.00094687180975668679 -0.022876284780521859 -0.043883463451556942 -0.038187814730246405 -0.052387390975685247 0.29425053652463373 0.22321204866305711 0.0024219078346786314 -0.00087390603184208824 0.11325235365946401 0.079222871035360631 0.041765018952941713 0.19643990535433301 0.23705567515182976 -0.011513983583726675 0.057900571915909561 -0.019384747862857526 0.12933993808201591 -0.013041145699359276 -0.0048732529890696099 0.0032104177713850393 0.003483099070085845 0.35295129128346203 0.18718887143316484 -0.052647611002781085
leaf_weight=27.863801852799956 3.7973337515722951 62.717501062899828 2.0023840833455306 201.41011586086825 559.34276968287304 4508.9173862948082 68.909470066428185 11.045315396040676 3.3913436364382505 2.6277349386364222 0.71672874130308528 0.72700815042480815 3.6231897957623005 437.25975791737437 0.89929474145173927 1.8758350312709806 2.089422944933176 1.4001073017716401 1.7199772633612158 3.5268889144062987 1.3492682781070469 61.704375860281289 1.3622853085398663 156.59663985762745 2.0428306916728616 490.34278432652354 10.672711416147648 0.98428028821945135 0.83241117652505647 0.8680920451879498
leaf_count=773 544 1205 24 4792 10725 94697 2928 239 72 91 12 30 89 7757 17 32 35 27 33 58 30 1263 21 4635 36 8306 272 18 20 21
internal_value=0 -2.94811e-05 -0.00179603 -0.00685149 0.000947819 0.000784616 -0.00328486 -0.000924026 0.0474343 -0.0173894 0.0317479 0.075381 0.0393205 -0.00193357 -0.0246508 0.00362643 0.103826 0.0018113 0.00562252 0.0675009 0.158297 -0.00122966 0.00499486 0.000439599 0.0769929 4.04331e-05 -0.00910544 0.0370348 0.170412 0.0647544
internal_weight=0 6628.82 2091.14 735.678 1355.46 4537.68 534.268 457.664 9.35899 76.6041 7.69466 5.06693 4.3502 448.305 28.7631 5.26718 4.09181 1292.75 567.301 6.59613 3.06925 725.444 560.705 663.74 3.44294 660.297 169.954 13.3575 2.68478 1.7005
internal_count=138802 138258 42771 16101 26670 95487 11309 8159 163 3150 222 131 119 7996 790 104 59 25465 10867 121 63 14598 10746 13335 63 13272 4966 331 59 41
cat_boundaries=0 1 2 3 4 5
cat_threshold=1 2 1 10 4
is_linear=0
shrinkage=0.05


Tree=108
num_leaves=31
num_cat=1
split_feature=0 1 11 3 6 11 2 0 9 9 19 1 4 5 3 2 13 2 1 9 3 2 1 15 12 13 3 3 5 12
split_gain=3.93752 7.9608 7.72696 7.63149 9.85532 10.1469 19.4469 10.5418 7.35391 13.3887 10.6326 11.5364 12.3791 10.1141 7.28247 9.5281 12.9854 7.62463 7.93774 9.53212 11.5253 7.23868 7.23658 7.67737 12.2605 11.878 8.96058 7.90918 13.588 9.75432
threshold=92.172735000000003 5.1127322654671561 3.9187295000000004 2118.6438570000005 6.4458300000000008 3.5208440000000008 14.369645013542938 93.070500000000024 1.8522450000000001 1.9974650000000003 0 7.8018634373383273 5.2645950000000008 2.3575450000000004 2091.1644460000002 9.9740436331430526 0.74959900000000035 6.8536739337917707 17.01955353965332 2.8606850000000006 2027.9893620000003 12.77264964489305 19.060540631152108 2.5000000000000004 -1.3383309999999999 -1.8070984999999997 2621.7187700000009 2372.7607515000004 2.2959150000000004 -0.24940949999999998
decision_type=2 2 2 10 2 2 2 2 2 2 1 2 2 2 8 2 8 2 2 2 10 2 2 2 10 10 8 10 2 10
left_child=-1 -2 3 4 -3 6 14 -8 -4 10 11 -10 -13 -14 17 16 -16 -6 21 20 -20 -19 -5 24 -24 -26 27 28 -25 -30
right_child=1 2 8 22 5 -7 7 -9 9 -11 -12 12 13 -15 15 -17 -18 18 19 -21 -22 -23 23 26 25 -27 -28 -29 29 -31
leaf_value=0.00050151295421448354 -0.031076675602155657 0.0013020761931997855 -0.029567467123062543 -0.008388828778735577 -0.033607466273021011 -0.052947887809950002 0.069706122891162126 0.27123272917535096 0.29631249342713117 0.0082195176951973294 -0.013804871228006405 -0.052420829084041311 0.017002087535168648 0.18058805204354858 0.26305215890113187 -0.012688495987715879 0.007611772404330374 -0.028891275555050711 0.28606286213634041 0.0048945711193087577 0.061975831970294541 0.1097614845539803 0.0085179768932337613 0.016740690170641646 0.061000749280378713 -0.024134535752424927 0.11681043343542111 -0.0071247029695089021 0.028120157149462921 0.21943751999642083
leaf_weight=5476.8085887227207 24.215763038955629 119.49191746395081 11.145702970679848 600.39580368250608 5.1661420138552883 2.7705635372549287 1.2230887701734894 1.3823269102722404 0.71715160412713697 111.66715620178729 2.5353530189022422 1.2896556006744502 1.4354562037624417 2.7647391827777028 1.263679658994078 1.2370082326233385 0.82060864754021201 4.1782478075474483 1.0267061386257412 1.6929720509797332 1.3007603175938127 1.2150811692699788 80.108180649578571 55.39533933904022 4.3397959396243087 73.223517837934196 2.0197228305041781 38.651863334700465 1.2278902214020493 1.4565290231257666
leaf_count=114237 892 2555 439 13042 114 62 27 28 24 2346 57 35 41 56 26 25 17 94 16 31 27 25 1397 1002 72 1346 25 700 24 20
internal_value=0 -0.00271057 -0.0021033 -0.0036025 0.00710016 0.0368642 0.0489984 0.176628 0.00928797 0.0128846 0.0724725 0.107714 0.0830769 0.124681 0.0304226 0.0972404 0.162482 0.0152016 0.0419873 0.0951649 0.160826 0.00234627 -0.00538585 0.0016454 -0.00520148 -0.0193711 0.0125775 0.0104011 0.0220645 0.131926
internal_weight=0 1155.36 1131.14 999.588 142.769 23.2772 20.5066 2.60542 131.555 120.41 8.74236 6.207 5.48985 4.2002 17.9012 3.3213 2.08429 14.5799 9.41377 4.02044 2.32747 5.39333 856.819 256.423 157.671 77.5633 98.7513 96.7316 58.0798 2.68442
internal_count=138802 24565 23673 20675 3047 492 430 55 2998 2559 213 156 132 97 375 68 43 307 193 74 43 119 17628 4586 2815 1418 1771 1746 1046 44
cat_boundaries=0 1
cat_threshold=1
is_linear=0
shrinkage=0.05


Tree=109
num_leaves=31
num_cat=2
split_feature=4 5 6 12 8 17 5 3 12 3 6 3 12 1 1 5 1 2 17 1 10 9 12 13 12 0 2 8 8 5
split_gain=3.78114 7.69256 4.60498 4.83576 11.1212 28.9956 11.5771 9.13457 5.0436 7.26426 8.02739 6.77374 4.74436 12.3262 4.72738 10.8918 4.71663 5.45095 7.39604 4.19701 11.5891 7.28636 8.13809 12.0822 11.3163 8.02513 10.8414 7.79187 6.76304 10.6111
threshold=6.7774600000000005 2.7540350000000005 6.0469600000000012 -0.86300900000000003 0.24478500000000003 0 1.2205150000000002 2384.6675430000005 1.3243520000000002 1935.4693305000003 4.6877100000000009 1823.8593345000002 1.6417105000000001 17.096718678722066 20.784525777277441 1.5653350000000004 16.706734422987548 6.8536739337917707 1 12.564042795232385 -2.0423014999999993 3.5959150000000002 0.10556300000000003 -0.16635549999999996 -0.20241400000000001 91.120315000000019 7.7634064188766896 0.7003250000000002 -0.90618499999999991 2.1167650000000005
decision_type=2 2 2 8 2 1 2 10 8 10 2 10 8 2 2 2 2 2 1 2 2 2 8 8 10 2 2 2 2 2
left_child=19 2 3 4 7 -6 -7 16 14 11 -11 -10 13 -12 -5 -16 17 -2 -19 20 -1 -21 23 24 25 26 -23 -25 29 -22
right_child=1 -3 -4 8 5 6 -8 -9 9 10 12 -13 -14 -15 15 -17 -18 18 -20 21 28 22 -24 27 -26 -27 -28 -29 -30 -31
leaf_value=-0.015947851945864174 -0.053258039445996309 0.11626898920835126 -0.037134922084057109 -0.036472816391795615 0.34094149555252878 -0.053837330484030971 0.13490543755903547 0.12877388869948853 0.013115851343041282 0.099236216032436209 -0.0532881439616157 0.17745990697213465 -0.026024142786122979 0.172940922354612 -0.053804034534840839 0.14007222439065301 -0.053870217054270468 -0.053352883476680171 0.12218451055630493 0.0020507749681709323 -0.029433773268456389 0.19291392305914493 -0.025874347155204588 -0.018579520973940361 0.18585575776145016 -0.01429023474905915 -0.011580248624618615 0.11096460920254686 -0.00012167805652606502 0.0027775801535623299
leaf_weight=125.1164531565737 1.7457259641960243 1.1751525430008758 15.445704450830815 23.853417623788129 0.88550650794058949 2.0808705198578541 1.3328558774664996 1.0896933805197466 1.4971463265828746 1.631794804707172 1.3340670689940406 1.0787655916064975 16.407734986860312 1.0973854679614303 1.6628506127744906 1.2836259454488752 5.6443816982209682 0.92392111476510763 1.7119269492104652 2604.5209400798194 50.600856974720955 1.4163277959451082 49.220800803974271 21.483579843305058 1.4603740889579055 3.8379683773964643 1.1949658803641794 1.2270694216713298 3638.188025605632 51.678836003877223
leaf_count=4981 37 21 317 503 15 46 36 19 31 26 28 18 314 16 29 20 96 20 40 47060 3022 23 933 390 27 71 23 39 77702 2899
internal_value=0 -0.0107356 -0.0125849 -0.00677452 0.0177004 0.085989 0.0198554 -0.00871176 -0.0143433 0.00280744 -0.00715018 0.0819415 -0.0163651 0.0488156 -0.0290922 0.0306577 -0.0236547 0.0152692 0.0606549 7.58546e-05 -0.000978858 0.00159468 -0.0132837 0.00695524 0.0601753 0.0317162 0.0993344 -0.0115802 -0.000478154 -0.0131584
internal_weight=0 81.8825 80.7074 65.2617 15.4149 4.29923 3.41373 11.1156 49.8468 23.0469 20.471 2.57591 18.8392 2.43145 26.7999 2.94648 10.026 4.38157 2.63585 6549.95 3865.58 2684.36 79.8411 30.6203 7.90964 6.44926 2.61129 22.7106 3740.47 102.28
internal_count=138802 1632 1611 1294 309 97 82 212 985 433 384 49 358 44 552 49 193 97 60 137170 88604 48566 1506 573 144 117 46 429 83623 5921
cat_boundaries=0 1 2
cat_threshold=1 2
is_linear=0
shrinkage=0.05


Tree=110
num_leaves=31
num_cat=3
split_feature=17 6 11 5 7 13 2 5 7 8 8 12 12 2 12 2 11 8 5 6 8 11 3 8 12 5 14 1 0 6
split_gain=3.73516 5.7078 5.07414 8.95969 4.78407 4.63267 7.82509 12.2487 10.5339 10.2945 14.2772 9.39924 14.185 15.199 8.35419 7.23329 7.18643 9.45775 11.3571 13.1151 11.1055 13.1474 14.7295 13.2758 15.0396 10.7536 9.62879 8.28528 13.1705 8.53168
threshold=0 7.264050000000001 5.3184440000000004 2.8387250000000006 1 -0.48184700000000008 17.494896464831953 1.0465800000000003 2 -0.11345999999999999 -0.22919499999999995 1.0232385000000004 0.37114499999999995 18.410822896523793 1.3032085000000002 -11.430138977026347 1.7353320000000003 -0.37830999999999998 1.9834750000000001 4.7608900000000007 -0.25878499999999999 1.0427115 2492.5667160000007 -0.28345999999999993 0.15024649999999998 2.0067350000000004 1.5000000000000002 6.7774613404259965 76.785680000000013 5.8686950000000007
decision_type=1 2 2 2 1 10 2 2 1 2 2 8 10 2 10 2 2 2 2 2 2 2 10 2 10 2 2 2 2 2
left_child=1 2 5 4 -4 6 -1 -8 9 10 11 12 -9 -14 -10 -7 17 -17 20 -20 21 23 -23 26 -25 -21 -19 -18 29 -29
right_child=-2 -3 3 -5 -6 15 7 8 14 -11 -12 -13 13 -15 -16 16 27 18 19 25 -22 22 -24 24 -26 -27 -28 28 -30 -31
leaf_value=0.00067794820243105905 0.00072412605756118939 -0.045962735955454428 0.19787585560879392 -0.047949246056312102 0.0092620761336742723 -0.037191343641975481 0.24413233811783475 0.024808123924426124 -0.037046258763180531 -0.035142905710129436 0.25188189871715877 -0.052913227205545234 0.050063468907398469 0.32444878060313415 0.1327623181105376 -0.011305747025309086 -0.012880463112443955 0.019330446731399286 0.24817880906290624 0.20088541803990378 0.0023501519728720169 -0.016179303855743548 0.18091815821537871 0.063029375878424582 0.30670422140872644 0.028191710321893576 0.16821992701865243 -0.014256486865447688 -0.0027154707444426943 0.14630792098167164
leaf_weight=785.73048688587733 4626.9121260326356 7.3094988823868325 0.5697510838508606 11.300093539757652 0.82013344159349688 15.710080485558136 0.66673198342323559 3.2080841958522806 6.7442293483763942 2.2417976167052949 1.1171357743442056 1.4696792419999862 0.96302569005638394 1.060466705355793 0.81145943421870459 70.308750028256327 249.81618939060718 5.472019880078733 0.82741810381412406 0.98196987062692542 154.7486497615464 9.4320160951465351 1.0538123371079553 1.2872476484626552 1.2463032472878692 10.993534551002083 1.3547195801511405 1.2507189763709896 653.53326670010574 2.4439430730417371
leaf_count=18841 88809 202 6 337 44 467 13 109 222 38 13 41 24 32 24 2052 8103 103 13 20 3446 187 15 24 19 203 29 25 15303 38
internal_value=0 -0.00185981 -0.00169839 -0.0332148 0.0865799 -0.00149686 0.00143038 0.0337675 0.0258055 0.0593134 0.0863972 0.05881 0.0901958 0.193863 -0.0188093 -0.0034906 -0.00303605 0.00433216 0.0101993 0.0556543 0.00686608 0.0420787 0.00362874 0.0851521 0.182898 0.0423523 0.0488765 -0.00512948 -0.00218328 0.0919536
internal_weight=0 2004.47 1997.16 12.69 1.38988 1984.47 804.013 18.2826 17.6159 10.0602 7.81839 6.70126 5.23158 2.02349 7.55569 1180.46 1164.75 257.706 187.398 12.8029 174.595 19.8461 10.4858 9.36029 2.53355 11.9755 6.82674 907.044 657.228 3.69466
internal_count=138802 49993 49791 387 50 49404 19357 516 503 257 219 206 165 56 246 30047 29580 6111 4059 236 3823 377 202 175 43 223 132 23469 15366 63
cat_boundaries=0 1 2 3
cat_threshold=4 2 2
is_linear=0
shrinkage=0.05


Tree=111
num_leaves=31
num_cat=2
split_feature=16 8 6 12 4 14 1 4 12 11 17 2 13 2 4 12 2 2 6 6 0 13 3 12 4 11 5 1 8 12
split_gain=3.7798 5.37585 6.98738 10.9082 5.20032 5.6682 5.47995 5.15681 7.91643 7.85629 7.26456 9.31729 15.8093 11.6573 14.12 17.8812 8.2255 9.07064 7.55094 11.2054 12.1265 10.2981 9.38849 9.84328 28.0224 12.8137 12.2058 17.3887 17.883 14.1179
threshold=0 1.1897500000000003 4.7275300000000007 0.85207900000000003 6.7231400000000017 3.5000000000000004 -9.9964899752286609 6.2174150000000008 0.60572950000000003 3.0169200000000003 1 -0.52447182968153883 0.53299450000000015 6.6282552730312974 6.485145000000001 -2.4616869999999995 11.474290462470725 12.907394671320292 5.5455050000000012 6.077465000000001 93.697490000000016 2.8984895000000002 2094.1408115000008 0.37114499999999995 6.3365650000000011 2.0321020000000005 0.74198500000000012 15.682091619059962 -0.32625499999999991 -0.58269349999999998
decision_type=1 2 2 10 2 2 2 2 10 2 1 2 10 2 2 8 2 2 2 2 2 8 10 10 2 2 2 2 2 10
left_child=4 -2 3 -3 5 6 -1 -8 10 -10 11 -9 16 -14 15 -15 -13 -18 22 21 -21 -20 -12 25 -25 26 -24 29 -29 -28
right_child=1 2 -4 -5 -6 -7 7 8 9 -11 18 12 13 14 -16 -17 17 -19 19 20 -22 -23 23 24 -26 -27 27 28 -30 -31
leaf_value=-0.031645653283899733 -0.00083938464848470938 -0.050991807954138851 -0.045782107801567766 0.41604841707624152 -0.017283472680450867 -0.028155482451658026 0.0012683637776633588 0.1471652313974573 0.0022184186930770274 -0.036995349839218095 -0.012024152828354139 -0.024375865402377083 0.0054760588755490801 0.1739305432536612 0.19013307922104625 0.0094701614153133266 0.14189191995278805 -0.0095786938379546372 -0.013568905627281811 0.029241081052825607 -0.025585216074985609 0.093683924244906069 -0.0013467744958021359 0.30715748128385911 0.012148326034775071 -0.0027211599076989077 -0.02956640026006796 0.040506780148423134 0.22815646764284667 0.093251558393129486
leaf_weight=11.968432008288799 4326.20384088438 0.30084120063111086 10.03849857021123 0.2139199785888195 35.934787825681269 15.591046809218822 1896.2287596182432 1.7348803561180819 91.973090962041169 14.832462604623286 13.055481021292506 13.110039001330735 5.6291125323623445 2.3800796456634998 2.8299265652894974 5.4086267603561264 1.7737458776682604 2.2322201216593385 70.923540154471993 51.332518969196826 12.551528263371436 2.311027478426694 6.6244742632843581 1.2457117657177144 2.275077985599637 17.357560248114169 4.1347510251216564 2.1178067913278937 3.1702862307429305 5.3900204440578827
leaf_count=329 91992 28 1023 17 727 306 38366 27 1715 280 247 189 72 27 32 73 23 38 1347 925 253 30 117 23 40 300 90 37 38 91
internal_value=0 -0.0009242 -0.0365691 0.143097 0.00158082 0.00188801 0.00209688 0.00227792 0.00800277 -0.00322734 0.013273 0.0341928 0.0283184 0.0636443 0.0944803 0.0597261 -0.00521559 0.0574889 0.00945844 0.00316541 0.0184692 -0.0101844 0.0250422 0.0364782 0.116527 0.0292134 0.0550704 0.0803008 0.153005 0.0399357
internal_weight=0 4336.76 10.5533 0.514761 2294.12 2258.18 2242.59 2230.62 334.394 106.806 227.588 35.0986 33.3638 16.2477 10.6186 7.78871 17.116 4.00597 192.49 137.119 63.884 73.2346 55.3712 42.3157 3.52079 38.7949 21.4373 14.8129 5.28809 9.52477
internal_count=138802 93060 1068 45 45742 45015 44709 44380 6014 1995 4019 481 454 204 132 100 250 61 3538 2555 1178 1377 983 736 63 673 373 256 75 181
cat_boundaries=0 1 2
cat_threshold=12 1
is_linear=0
shrinkage=0.05


Tree=112
num_leaves=31
num_cat=1
split_feature=6 12 12 5 9 3 15 1 1 8 3 6 1 17 10 9 6 10 13 9 5 1 12 11 4 9 8 8 9 0
split_gain=3.71119 6.10229 7.36725 9.08646 11.2712 8.3335 8.03516 14.576 10.9236 7.61351 6.72481 6.64696 7.06365 8.22199 10.5036 10.3778 9.6129 16.801 19.2149 15.8912 12.4707 10.2733 9.9793 13.9479 15.4364 9.6421 12.5273 8.62256 6.70529 6.30572
threshold=6.6304550000000004 1.8561330000000005 0.061011499999999892 0.24502500000000002 2.3695250000000008 2600.2096355000003 7.5000000000000009 15.682091619059962 17.508304099294005 -0.062484999999999992 1353.2595635000002 6.6474000000000002 2.6199824539663008 0 -1.6559449999999998 3.0036000000000005 6.7482100000000012 -1.4594409999999998 0.12429649999999999 2.3237700000000001 2.7861100000000003 13.447610091758543 1.2374829999999999 2.298251 5.3055350000000008 2.9373000000000005 0.3747350000000001 0.7003250000000002 2.6091750000000005 90.437315000000027
decision_type=2 10 10 2 2 8 2 2 2 2 10 2 2 1 2 2 2 2 10 2 2 2 8 2 2 2 2 2 2 2
left_child=-1 2 3 4 -2 6 8 -8 11 -9 -3 -4 -13 14 -14 16 17 18 19 21 -19 -15 25 -24 -25 26 -18 28 -28 -21
right_child=1 10 5 -5 -6 -7 7 9 -10 -11 -12 12 13 15 -16 -17 22 20 -20 29 -22 -23 23 24 -26 -27 27 -29 -30 -31
leaf_value=0.0002582042850946663 -0.05308014656582867 0.1004651052654688 -0.043814740736991334 -0.008660002393916795 0.13480934517848206 0.103392722408387 -0.028175912750995416 0.067964163629427421 -0.027192282302154848 0.24621588797782198 -0.034121435875890858 -0.032932667335559933 -0.040231985680040862 0.17408058452951691 0.016697489456253559 -0.015999403983847506 -0.021049142902942741 -0.021475646707568453 -0.0032149426087201942 0.041567402740127823 0.16227079173942782 0.41004762523776517 0.21670854212058921 0.17703899607550846 -0.033975585949360558 0.11055650456670477 0.21087703006141556 -0.052198757645947363 0.041344740067993289 0.18115537580368776
leaf_weight=6192.7094951428007 1.2031498732976609 0.96639612317085521 5.4281707676127544 277.82693018764257 2.3714419025927782 2.1904489053413263 2.0007505035027853 1.2324466798454525 24.54886575229466 1.1655875509604809 23.450462059583515 7.6733607114292672 11.447530290111898 0.8801756198517976 27.725695502012968 9.4983358969911915 15.417946605477495 4.6780717014335078 1.9671026859432457 1.557969603687525 1.1505028172396121 0.9691500635817647 1.47153302468359 1.2975894846022131 2.6098801894113421 2.1026369184255591 1.3246955182403324 0.81656584190204728 1.0420495830476282 1.6830842122435568
leaf_count=129555 31 19 128 5946 36 32 48 20 440 20 496 227 250 23 537 216 327 100 44 23 24 17 27 24 55 34 33 28 18 24
internal_value=0 -0.00450576 -0.00307077 -0.00764087 0.0715688 0.00668077 0.00504732 0.0714687 0.00271536 0.154605 -0.0287946 0.0100033 0.0130682 0.0170958 6.10783e-05 0.030864 0.0422865 0.0776175 0.129502 0.180788 0.0147941 0.297741 0.0248315 0.0855076 0.036098 0.00906752 -0.00240452 0.0878982 0.136234 0.114056
internal_weight=0 437.699 413.282 281.402 3.57459 131.88 129.69 4.39878 125.291 2.39803 24.4169 100.742 95.3139 87.6405 39.1732 48.4673 38.969 12.8861 7.05748 5.09038 5.82857 1.84933 26.0829 5.379 3.90747 20.7039 18.6013 3.18331 2.36675 3.24105
internal_count=138802 9247 8732 6013 67 2719 2687 88 2599 40 515 2159 2031 1804 787 1017 801 255 131 87 124 40 546 106 79 440 406 79 51 47
cat_boundaries=0 1
cat_threshold=2
is_linear=0
shrinkage=0.05


Tree=113
num_leaves=31
num_cat=3
split_feature=0 1 2 7 0 10 12 4 2 3 5 10 4 13 10 18 8 6 4 12 12 11 4 5 9 0 18 11 2 5
split_gain=3.69884 7.37921 7.37254 6.97372 6.84124 20.5693 11.6865 13.9015 12.752 16.557 29.8873 11.4293 10.4522 13.774 10.1276 5.95888 13.1065 15.6146 8.07918 5.66432 6.13774 8.79565 12.705 10.3214 6.1896 11.1673 13.3036 11.2743 8.75747 9.39114
threshold=92.172735000000003 5.1127322654671561 5.7778823923792064 0 92.069755000000015 -3.3583179999999992 -2.1369159999999998 6.0447450000000007 8.1265214854366299 2137.9733295000001 2.3060100000000006 -3.5260954999999998 5.6921750000000007 -0.31452699999999995 -1.4738314999999997 1 -0.24665999999999996 5.5942350000000003 5.9884950000000012 -5.4239309999999987 -3.5773999999999995 2.8270635000000008 6.5630750000000004 1.2205150000000002 1.7406850000000003 87.930140000000009 2 2.5737935000000003 1.7096667132228986 0.78516500000000011
decision_type=2 2 2 1 2 2 10 2 2 10 2 2 2 10 2 1 2 2 2 8 8 2 2 2 2 2 1 2 2 2
left_child=4 -2 3 -3 19 11 7 8 -7 -10 12 -6 14 -14 -11 16 17 -8 -19 -1 21 22 24 -23 25 26 -21 -27 -26 -30
right_child=1 2 -4 -5 5 6 15 -9 9 10 -12 -13 13 -15 -16 -17 -18 18 -20 20 -22 23 -24 -25 28 27 -28 -29 29 -31
leaf_value=-0.027420158363605375 -0.030374636838740799 -0.020741067158395188 -0.00037824909067238626 -3.5945789999513047e-05 0.062172558513384782 -0.016876452060720557 0.24301570694966756 -0.023402570791006053 -0.0084549992992384079 0.03615427390090644 -0.024084089544262329 0.25996636831607695 0.15073292196744414 0.39808381693219441 0.25713744542889944 -0.02140745252515119 -0.020172932743925655 -0.014927329377954827 0.13721504879214833 0.29464381967855763 0.00017185541569969434 0.15707303267476738 -0.054278524869225069 -0.010277581709403209 -0.026256746066058524 -0.052026648421784998 0.071778302414427494 0.1935387964162891 0.086553038061635001 0.023627893193415354
leaf_weight=18.35323117300868 23.477593949995935 94.120067507494241 963.86973245954141 71.608373419381678 1.7322890637442472 2.7319865897297886 1.1798245282843707 4.9986065905541173 2.2538829511031491 1.1178124975413082 1.7604750366881488 1.2627392886206497 0.97741858847439322 1.3268736358731983 0.96700505726039443 21.959391550626606 7.5581617192365229 2.6262733782641594 1.3067538132891057 1.005454151891171 5304.1677837942261 0.94453891646116872 4.758925709873437 37.529890744015574 7.1019003158435217 2.0111328111961488 2.0047283521853387 0.6089289467781781 7.0332810506224623 37.778255524113774
leaf_count=317 892 1912 20167 1594 36 49 24 93 52 23 46 23 17 23 19 447 157 58 25 29 110981 26 81 724 125 69 61 19 102 611
internal_value=0 -0.00262986 -0.00205321 -0.0117947 0.000485879 0.0182346 0.0107224 0.0458694 0.076965 0.107473 0.149962 0.145565 0.219772 0.293164 0.138653 -0.00565243 0.0216517 0.0834796 0.0356222 0.000309941 0.000404103 0.0126279 0.0242359 -0.00616916 0.0307291 0.0805233 0.146219 0.00504525 0.0253287 0.0335041
internal_weight=0 1153.08 1129.6 165.728 5477.06 53.7595 50.7645 16.1341 11.1355 8.40347 6.14958 2.99503 4.38911 2.30429 2.08482 34.6304 12.671 5.11285 3.93303 5423.3 5404.94 100.777 62.3026 38.4744 57.5437 5.63024 3.01018 2.62006 51.9134 44.8115
internal_count=138802 24565 23673 3506 114237 1092 1033 322 229 180 128 59 82 40 42 711 264 107 83 113145 112828 1847 1097 750 1016 178 90 88 838 713
cat_boundaries=0 1 2 3
cat_threshold=2 4 1
is_linear=0
shrinkage=0.05


Tree=114
num_leaves=31
num_cat=2
split_feature=8 10 8 16 9 9 12 2 15 2 11 3 1 10 13 2 5 3 14 4 8 10 3 0 17 11 11 8 6 15
split_gain=3.65179 3.78798 3.57386 3.57784 7.31478 6.45548 7.01321 7.57611 13.7705 10.94 13.7556 8.5233 6.13385 13.816 8.26419 9.33849 10.2548 9.17979 11.4213 9.49218 6.28681 7.84236 6.034 5.98366 7.33349 8.48014 8.08274 6.93325 7.12295 6.73888
threshold=-1.4736199999999997 -2.5155879999999997 1.3887850000000002 0 3.3164450000000003 3.1965900000000005 -3.5773999999999995 9.6779149060382981 3.5000000000000004 12.518438862213157 2.7525090000000003 2247.6109970000002 15.682091619059962 -1.6559449999999998 0.44842300000000007 6.733020058237523 2.2552250000000007 2206.4600705000003 1.5000000000000002 5.8401850000000008 -0.50929499999999994 -2.0267739999999992 1353.2595635000002 92.94689000000001 1 4.1749215000000008 4.2384290000000009 -0.76659999999999984 5.8053350000000012 4.5000000000000009
decision_type=2 2 2 1 2 2 8 2 2 2 2 10 2 2 10 2 2 10 2 2 2 2 10 2 1 2 2 2 2 2
left_child=1 -1 3 4 5 6 7 -2 9 10 -9 -12 -7 20 15 -15 17 19 -19 -17 21 -14 -6 29 27 -26 -27 28 -25 -8
right_child=2 -3 -4 -5 22 12 23 8 -10 -11 11 -13 13 14 -16 16 -18 18 -20 -21 -22 -23 -24 24 25 26 -28 -29 -30 -31
leaf_value=0.14831330820587771 -0.0026038296249185997 -0.050575141892570924 -0.050452446472263102 0.00084303159796544024 0.07496314032805855 0.0020996770190045903 -0.0015495249569928589 -0.0062212290320230795 0.18624053669599039 -0.029957474245272571 0.046178501731894139 0.20231705573605738 0.16809267696224275 -0.0068975133000076698 -0.013453173276191152 -0.020101977902458823 0.002265190742944121 0.24713874875056649 0.075891421890399977 0.16208698742305838 -0.016512734908154605 -0.013452616571098797 -0.015023995929163453 -0.051552105479861901 -0.0090468351518686492 0.13919057598244253 0.01817344194398619 -0.038381762003133216 0.15429514210916176 0.012351169693514966
leaf_weight=0.25114935776218761 12.688055224716665 5.1185104255564502 3.5113339642994097 4351.9755353042856 1.8926608897745598 43.297138118185103 1751.4985632789321 3.043050170876084 1.661369374487548 4.3402957078069448 1.4846965996548536 2.1250201528891921 1.1276409327983858 2.1166124437004319 2.4939299477264276 1.4779708320274934 1.7648095078766344 2.6490941774100065 1.5394965000450609 1.3847718089818952 12.030991865321996 1.259046172723173 118.37969828676432 0.7408950943499828 165.19373694481328 1.55919007398188 11.98996666073799 28.588978893589228 0.97105765342712402 91.755045265424997
leaf_count=19 253 528 544 88419 21 827 38430 48 30 107 27 27 20 32 47 24 26 38 26 20 192 25 2434 33 3616 31 301 757 38 1862
internal_value=0 -0.0412727 -2.25782e-05 4.16634e-06 -0.00160141 -0.000936829 -0.00144395 0.024698 0.0520725 0.0317958 0.0720839 0.138096 0.0138734 0.0321812 0.0686781 0.0874135 0.110056 0.137034 0.184198 0.0680268 -0.00180708 0.0723223 -0.0136079 -0.00176676 -0.00978368 -0.00592783 0.0320997 -0.0325291 0.065209 -0.000857564
internal_weight=0 5.36966 6624.54 6621.03 2269.05 2148.78 2077.64 25.3425 12.6544 10.9931 6.65277 3.60972 71.1415 27.8444 13.4267 10.9328 8.81614 7.05133 4.18859 2.86274 14.4177 2.38669 120.272 2052.3 209.044 178.743 13.5492 30.3009 1.71195 1843.25
internal_count=138802 547 138255 137711 49292 46837 45560 492 239 209 102 54 1277 450 213 166 134 108 64 44 237 45 2455 45068 4776 3948 332 828 71 40292
cat_boundaries=0 1 2
cat_threshold=1 4
is_linear=0
shrinkage=0.05


end of trees

feature_importances:
plate_x_normalized=436
plate_z_normalized=321
induced_vertical_acceleration=311
release_speed=286
horizontal_acceleration_normalized=214
release_extension=214
release_spin_rate=212
hra_normalized_diff=211
vra_diff=209
release_pos_z=183
hra_normalized=165
hand_split=153
vra=144
release_pos_x_normalized=131
strikes=74
balls=65
times_seen_pitch_type=48
outs_when_up=33
p_throws=25
times_through_order=15

parameters:
[boosting: gbdt]
[objective: binary]
[metric: binary_logloss]
[tree_learner: serial]
[device_type: cpu]
[data_sample_strategy: bagging]
[data: ]
[valid: ]
[num_iterations: 115]
[learning_rate: 0.05]
[num_leaves: 31]
[num_threads: -1]
[seed: 42]
[deterministic: 1]
[force_col_wise: 0]
[force_row_wise: 1]
[histogram_pool_size: -1]
[max_depth: -1]
[min_data_in_leaf: 20]
[min_sum_hessian_in_leaf: 0.001]
[bagging_fraction: 1]
[pos_bagging_fraction: 1]
[neg_bagging_fraction: 1]
[bagging_freq: 0]
[bagging_seed: 400]
[feature_fraction: 1]
[feature_fraction_bynode: 1]
[feature_fraction_seed: 30056]
[extra_trees: 0]
[extra_seed: 12879]
[early_stopping_round: 0]
[early_stopping_min_delta: 0]
[first_metric_only: 0]
[max_delta_step: 0]
[lambda_l1: 0]
[lambda_l2: 0]
[linear_lambda: 0]
[min_gain_to_split: 0]
[drop_rate: 0.1]
[max_drop: 50]
[skip_drop: 0.5]
[xgboost_dart_mode: 0]
[uniform_drop: 0]
[drop_seed: 17869]
[top_rate: 0.2]
[other_rate: 0.1]
[min_data_per_group: 100]
[max_cat_threshold: 32]
[cat_l2: 10]
[cat_smooth: 10]
[max_cat_to_onehot: 4]
[top_k: 20]
[monotone_constraints: ]
[monotone_constraints_method: basic]
[monotone_penalty: 0]
[feature_contri: ]
[forcedsplits_filename: ]
[refit_decay_rate: 0.9]
[cegb_tradeoff: 1]
[cegb_penalty_split: 0]
[cegb_penalty_feature_lazy: ]
[cegb_penalty_feature_coupled: ]
[path_smooth: 0]
[interaction_constraints: ]
[verbosity: -1]
[saved_feature_importance_type: 0]
[use_quantized_grad: 0]
[num_grad_quant_bins: 4]
[quant_train_renew_leaf: 0]
[stochastic_rounding: 1]
[linear_tree: 0]
[max_bin: 255]
[max_bin_by_feature: ]
[min_data_in_bin: 3]
[bin_construct_sample_cnt: 200000]
[data_random_seed: 175]
[is_enable_sparse: 1]
[enable_bundle: 1]
[use_missing: 1]
[zero_as_missing: 0]
[feature_pre_filter: 1]
[pre_partition: 0]
[two_round: 0]
[header: 0]
[label_column: ]
[weight_column: ]
[group_column: ]
[ignore_column: ]
[categorical_feature: 7,16,17,18,19]
[forcedbins_filename: ]
[precise_float_parser: 0]
[parser_config_file: ]
[objective_seed: 16083]
[num_class: 1]
[is_unbalance: 0]
[scale_pos_weight: 1]
[sigmoid: 1]
[boost_from_average: 1]
[reg_sqrt: 0]
[alpha: 0.9]
[fair_c: 1]
[poisson_max_delta_step: 0.7]
[tweedie_variance_power: 1.5]
[lambdarank_truncation_level: 30]
[lambdarank_norm: 1]
[label_gain: ]
[lambdarank_position_bias_regularization: 0]
[eval_at: ]
[multi_error_top_k: 1]
[auc_mu_weights: ]
[num_machines: 1]
[local_listen_port: 12400]
[time_out: 120]
[machine_list_filename: ]
[machines: ]
[gpu_platform_id: -1]
[gpu_device_id: -1]
[gpu_use_dp: 0]
[num_gpu: 1]

end of parameters

pandas_categorical:[["SHH", "OHH"], [0, 1, 2, 3], [0, 1, 2], [0, 1, 2], ["R", "L"]]
