tree
version=v4
num_class=1
num_tree_per_iteration=1
label_index=0
max_feature_idx=8
objective=binary sigmoid:1
feature_names=release_speed induced_vertical_acceleration horizontal_acceleration_normalized release_spin_rate release_pos_z release_pos_x_normalized release_extension hand_split p_throws
feature_infos=[65.213120000000004:101.81155] [-17.29104418678428:28.873753357553486] [-21.551248114498211:26.145845509439742] [633.92693299999996:3576.9946519999999] [1.60426:7.9713599999999998] [-3.99404:3.99993] [4.0028800000000002:8.3906200000000002] -1:1:0 -1:0:1
tree_sizes=3316 3420 3401 3408 3390 3388 3421 3444 3435 3402 3410 3422 3388 3414 3367 3387 3410 3424 3435 3387 3405 3432 3397 3392 3404 3392 3390 3396 3383 3404 3398 3386 3381 3353 3399 3366 3406 3400 3405 3398 3392 3376 3363 3361 3409 3376 3386 3408 3390 3410 3353 3375 3362

Tree=0
num_leaves=31
num_cat=2
split_feature=1 0 0 1 5 3 1 2 7 4 3 2 0 4 5 4 5 3 2 2 4 0 3 4 4 1 0 1 4 8
split_gain=245.172 59.5771 41.8295 28.6019 27.218 40.4218 25.2973 26.8682 33.4486 25.0283 40.7828 43.9445 22.0273 21.857 20.3079 61.3365 96.0609 27.1405 46.0707 59.699 33.075 19.908 20.6317 18.5553 17.978 17.9253 23.7105 19.7843 37.4515 36.8953
threshold=12.764813060521513 91.120315000000019 90.20077000000002 16.785643515751826 2.7861100000000003 2063.6677810000006 2.7229375798280322 8.3886178061842376 0 5.5325700000000007 2253.2111845000004 12.318930657988805 92.483755000000016 4.4668950000000009 2.1432850000000001 6.6444250000000009 2.4027550000000004 2483.4807015000006 13.99945330344519 10.667694571264958 5.8356950000000003 82.037585000000021 2010.3639175000003 5.0645650000000009 5.6725350000000008 15.682091619059962 89.298300000000012 15.760770093077818 6.2865050000000009 1
decision_type=2 2 2 2 2 10 2 2 1 2 10 2 2 2 2 2 2 10 2 2 2 2 10 2 2 2 2 2 2 1
left_child=2 14 6 13 12 -6 7 8 -1 10 -7 -12 23 -3 25 17 -17 -16 19 -19 -21 -8 -23 -5 -24 26 -2 28 -27 -30
right_child=1 3 -4 4 5 9 21 -9 -10 -11 11 -13 -14 -15 15 16 -18 18 -20 20 -22 22 24 -25 -26 27 -28 -29 29 -31
leaf_value=-2.8707338343745827 -2.8544130446623459 -2.6929155756955603 -2.8911001589097052 -2.6896244294948168 -2.5802058865505288 -2.9017576822557603 -2.8651329613652829 -2.897375655155511 -2.8860658046069876 -2.8566552424940621 -2.4881751712616351 -2.8428481185607195 -2.8703944509389983 -2.8773210034066112 -2.8478951255752865 -2.8569263040546438 -2.3517853779352582 -2.827553922317529 -2.9263453944479756 -2.3849720735135946 -2.7060867996467253 -2.8855928300868676 -2.8673279462536154 -2.8540555175174376 -2.8804232749259597 -2.8434650003415891 -2.8777892378483991 -2.8528570314602013 -2.5219780902622544 -2.8519870092566282
leaf_weight=576.76487429440022 241.94892482087016 1.6110774166882027 789.47734917327762 1.7262598909437645 1.737757764756682 2.3491484150290516 435.94184980168939 267.91979833692312 928.24298179149628 19.62524114176631 2.1234522610902791 1.4834946878254411 521.49658202379942 616.67502028495073 273.56507855653763 2.2357742935419078 1.6253537908196447 3.8297896832227689 3.0644952170550823 1.7110658772289755 1.5091807544231413 499.77659327164292 578.09508226811886 280.28759157657623 479.46154298260808 9.0569306090474111 196.63647670298815 560.6838487200439 2.1523369699716559 1.3964684121310713
leaf_count=11530 4339 25 14578 27 28 46 9243 5365 19097 346 26 26 9173 11029 4916 37 22 73 58 23 21 10085 10936 4818 9503 169 3441 9769 34 19
internal_value=-2.87352 -2.86173 -2.88064 -2.8687 -2.86264 -2.81356 -2.87844 -2.88279 -2.88019 -2.82941 -2.73964 -2.63405 -2.86431 -2.87684 -2.85395 -2.84223 -2.64429 -2.84492 -2.76449 -2.69414 -2.53546 -2.87458 -2.87722 -2.85305 -2.87326 -2.85729 -2.86489 -2.85146 -2.78952 -2.65184
internal_weight=0 2748.53 4555.68 1449.12 830.83 27.3191 3766.2 1772.93 1505.01 25.5813 5.9561 3.60695 803.51 618.286 1299.42 287.541 3.86113 283.68 10.1145 7.05004 3.22025 1993.28 1557.33 282.014 1057.56 1011.87 438.585 573.29 12.6057 3.54881
internal_count=138802 48465 90337 25544 14490 472 75759 35992 30627 444 98 52 14018 11054 22921 5150 59 5091 175 117 44 39767 30524 4845 20439 17771 7780 9991 222 53
cat_boundaries=0 1 2
cat_threshold=2 1
is_linear=0
shrinkage=1


Tree=1
num_leaves=31
num_cat=1
split_feature=1 0 0 1 1 2 7 5 3 0 4 6 6 0 3 5 4 2 3 2 2 1 2 4 1 4 0 4 1 0
split_gain=219.884 51.8797 38.7894 25.4618 23.1556 25.1869 31.8845 22.3124 25.1097 19.2721 18.1604 32.1221 40.2055 17.9094 18.8874 17.0065 40.2818 57.7389 20.1127 32.993 34.8224 32.2322 32.9963 16.7855 16.6378 16.2327 15.4704 33.6027 15.4669 20.9411
threshold=12.764813060521513 91.120315000000019 90.20077000000002 16.785643515751826 2.7229375798280322 6.2865274438384553 0 2.7861100000000003 2063.6677810000006 92.483755000000016 5.5325700000000007 6.5147650000000015 5.8850400000000009 82.037585000000021 2010.3639175000003 2.1432850000000001 6.6444250000000009 6.2865274438384553 2483.4807015000006 13.99945330344519 13.043930343723483 16.008227146468339 9.9740436331430526 4.4668950000000009 9.4123272769128832 5.6725350000000008 81.675865000000002 4.2966650000000008 15.682091619059962 89.298300000000012
decision_type=2 2 2 2 2 2 1 2 10 2 2 2 2 2 10 2 2 2 10 2 2 2 2 2 2 2 2 2 2 2
left_child=2 15 4 23 5 6 -1 9 -9 -5 11 12 -10 26 -15 28 18 -18 -17 20 21 -20 -23 -3 -4 -16 -6 -28 29 -2
right_child=1 3 24 7 13 -7 -8 8 10 -11 -12 -13 -14 14 25 16 17 -19 19 -21 -22 22 -24 -25 -26 -27 27 -29 -30 -31
leaf_value=0.0031626353421739606 0.017837164405824137 0.145622138655047 -0.023887835060215062 0.019081763391634615 0.004907035928567751 -0.022373757856661181 -0.012004223668704107 0.21385580026452697 -0.0057691942858045893 0.0029611668252328503 0.015776352236433724 -0.028832326032591882 0.3139425850061473 -0.011596478349460045 0.0058495581377222142 0.023779618579432796 -0.053291248039143237 0.30507054603540507 -0.029642781114413194 -0.052679626751490287 0.3236117028750416 0.0656337106860128 0.39264659250874967 -0.0036231641297765718 -0.0092331372973678948 -0.0065993559528687703 0.37415248837335002 0.031136583759699962 0.020521433683819559 -0.0040712858396834825
leaf_weight=559.76719353348017 246.10832066461444 1.8897567931562651 410.42122403159738 287.22760660946369 398.48836986720562 288.98991184309125 909.60366869904101 2.2474153637886074 1.5625639799982334 522.95416936650872 19.92277180403471 2.570289695635438 2.6528154835104942 494.41370135359466 581.29974999837577 279.88828415796161 1.7864081263542164 3.0312285032123327 3.1176084205508214 2.9228781312704077 2.0140234511345625 1.935947932302952 1.282359207049012 614.58506543189287 366.74642676115036 476.51380875147879 0.72695531882345577 40.002568023279309 584.76609800569713 195.88809388875961
leaf_count=11140 4339 25 7789 4845 8385 5919 18933 28 21 9173 346 41 36 10085 10936 4916 28 31 46 58 19 34 18 11029 6789 9503 11 847 9991 3441
internal_value=0 0.0110627 -0.0068058 0.0045496 -0.00469875 -0.00888017 -0.0062263 0.0102176 0.0533447 0.00867628 0.0398383 0.110484 0.195431 -0.00100674 -0.00352899 0.0182301 0.0287896 0.172188 0.0264169 0.0918979 0.142507 0.0849384 0.195935 -0.00316566 -0.0169723 0.00024169 0.00790708 0.0372589 0.0151862 0.00812757
internal_weight=0 2778.35 4526.97 1455.61 3749.81 1758.36 1469.37 839.138 28.9559 810.182 26.7084 6.78567 4.21538 1991.45 1552.23 1322.74 295.979 4.81764 291.161 11.2728 8.34994 6.33592 3.21831 616.475 777.168 1057.81 439.218 40.7295 1026.76 441.996
internal_count=138802 48465 90337 25544 75759 35992 30073 14490 472 14018 444 98 57 39767 30524 22921 5150 59 5091 175 117 98 52 11054 14578 20439 9243 858 17771 7780
cat_boundaries=0 1
cat_threshold=2
is_linear=0
shrinkage=0.05


Tree=2
num_leaves=31
num_cat=1
split_feature=1 0 0 1 1 2 7 5 4 4 4 3 1 0 6 1 1 3 6 6 5 2 2 0 2 1 0 1 4 6
split_gain=197.454 45.3374 35.9361 22.6999 21.567 31.9051 31.8866 18.5644 17.8819 19.7591 18.2246 31.2492 29.7814 22.142 25.168 21.7547 17.5121 17.3854 16.9562 16.6003 23.3197 26.1884 21.346 39.4004 15.9184 19.9278 69.3656 23.1924 36.1886 26.1767
threshold=12.764813060521513 91.120315000000019 90.20077000000002 16.785643515751826 4.0445604117303287 4.58260678628129 0 2.7861100000000003 6.2772950000000014 6.3151150000000014 6.3049750000000007 2384.6675430000005 21.036653643173477 93.869720000000015 6.1939850000000005 18.600482468391743 -9.1072980394965111 2081.5805560000003 5.373425000000001 4.8196800000000009 1.7400850000000003 17.070851563088556 4.0424329471044791 82.958065000000019 0.79121552391919336 19.060540631152108 85.503245000000021 19.426532315784808 5.7560650000000004 5.8268950000000013
decision_type=2 2 2 2 2 2 1 2 2 2 2 8 2 2 2 2 2 10 2 2 2 2 2 2 2 2 2 2 2 2
left_child=2 24 4 -3 5 6 16 8 -5 10 11 18 -13 14 15 -12 -1 -9 -10 20 21 22 23 -6 -2 -26 -27 28 -28 -30
right_child=1 3 -4 7 19 -7 -8 17 9 -11 13 12 -14 -15 -16 -17 -18 -19 -20 -21 -22 -23 -24 -25 25 26 27 -29 29 -31
leaf_value=-0.029006985136802672 -0.015466050742299731 -0.0030176265392895 -0.016378026437149328 0.0042311338873603447 0.26196447837250697 -0.019847903786657243 -0.010120045104476326 0.16154005920688108 0.1480470916737098 0.015664774680277764 -0.027976088012829338 0.25563164866225302 -0.025799353027109673 -0.023096404302088622 0.38866753775495688 0.23059855167933635 0.0063383170842722814 0.035377741624342172 -0.020913386788636995 -0.0009465135612514706 -0.010643037017936721 0.3019890945776349 0.013001717248363163 0.017524150782537575 0.015705668746400083 0.38312046502748476 -0.015863024287415352 0.020905429429371805 0.029037023947098808 0.13637211218720693
leaf_weight=37.269310459494591 36.685125220566988 614.74162706546485 765.45753587037325 635.79242475517094 2.9872836433351102 438.77483187709004 1019.8409398198128 3.0330764483660486 1.7054737955331862 157.20453022420406 1.3873769342899316 2.7155359145253888 1.4377228915691374 1.5719386301934717 1.2221249025315044 1.9662754908204076 586.96681335568428 27.385772818699479 11.481632573530076 1617.2347535099834 15.642434157431124 1.1629697494208802 10.660371165722607 3.6784840766340494 1157.6113024493679 1.4179523475468148 9.4189566597342473 114.32526035048068 8.7025882005691546 16.356259658001363
leaf_count=741 630 11054 14578 10882 59 9075 21479 35 28 2722 23 56 27 32 18 34 11662 437 196 32128 305 12 223 75 19820 20 141 1911 152 247
internal_value=0 0.0103914 -0.00650877 0.00429598 -0.00448572 -0.00786916 -0.00467224 0.00960471 0.00817584 0.0220559 0.064831 0.0386068 0.158209 0.1388 0.194417 0.123628 0.00422807 0.0479574 0.000938084 -0.000218235 0.0342894 0.0723037 0.0568867 0.127071 0.0170178 0.017929 0.0350623 0.0317456 0.0676906 0.0990961
internal_weight=0 2806.16 4499.68 1461.65 3734.22 2082.85 1644.08 846.904 816.485 180.693 23.4881 17.3404 4.15326 6.14772 4.57578 3.35365 624.236 30.4188 13.1871 1651.37 34.1315 18.4891 17.3261 6.66577 1344.52 1307.83 150.221 148.803 34.4778 25.0588
internal_count=138802 48465 90337 25544 75759 42957 33882 14490 14018 3136 414 307 83 107 75 57 12403 472 224 32802 674 369 357 134 22921 22291 2471 2451 540 399
cat_boundaries=0 1
cat_threshold=2
is_linear=0
shrinkage=0.05


Tree=3
num_leaves=31
num_cat=2
split_feature=1 0 0 1 1 2 7 6 6 2 0 2 3 0 0 5 4 6 4 4 1 7 0 3 1 3 5 5 0 5
split_gain=177.398 39.8178 33.2502 22.5534 19.8958 22.2222 25.8795 17.384 21.1321 19.9624 17.2597 37.7619 19.5054 16.9792 70.2018 17.5545 36.0064 69.2112 17.9777 50.7794 49.3911 16.7615 16.1237 17.359 15.9598 15.0564 16.4715 43.0013 66.5454 14.8747
threshold=12.764813060521513 91.169675000000012 90.20077000000002 16.785643515751826 2.7229375798280322 8.3886178061842376 0 5.9173650000000011 6.1072750000000005 16.162002204282064 93.194275000000019 -11.906653372934185 2653.5490180000006 82.533690000000021 82.115290000000016 2.1432850000000001 6.5400800000000006 5.8795350000000015 5.2645950000000008 5.1763850000000007 14.803449588339449 1 82.037585000000021 2070.1037685000006 9.4123272769128832 2492.5667160000007 2.3466650000000002 2.3259650000000005 89.655780000000007 1.1911200000000002
decision_type=2 2 2 2 2 2 1 2 2 2 2 2 8 2 2 2 2 2 2 2 2 1 2 10 2 8 2 2 2 2
left_child=2 7 4 29 5 6 -1 9 -9 13 12 -12 -5 14 -2 -15 18 21 19 -17 -21 -18 -6 -24 -4 26 27 -20 -29 -3
right_child=1 3 24 10 22 -7 -8 8 -10 -11 11 -13 -14 15 -16 16 17 -19 25 20 -22 -23 23 -25 -26 -27 -28 28 -30 -31
leaf_value=0.0023675615954432349 0.0091186664894014214 -0.01980030791518101 -0.022716077911409911 0.015317179198574416 0.0075587682916589934 -0.021907014896066938 -0.011170823740601233 -0.0025730025662001922 0.015914112824559248 -0.023856331950487752 0.41365603899933046 0.0010378549640976187 0.18970544738380479 0.018911183326851547 0.41342511292412287 0.014238888243730114 0.14150702425946729 0.43899139406715781 0.033332814061173409 0.40663134628326081 0.065316351405724379 -0.053325015891476701 -0.0098796616519922324 0.00097862103729331996 -0.0081521104705674346 0.14612418023371995 0.009129360057879031 -0.027783749454200254 0.44087883253378685 0.00034653214579655298
leaf_weight=580.90007283166051 4.3235849924385539 112.67644952237606 395.86525894701481 447.97566069290042 441.60525601357222 252.51265680603683 899.70385317876935 211.60389046557248 573.56670531257987 22.604276234284043 0.55527532286941905 394.60890402831137 1.6092242281883944 461.77347708679736 1.42835889570415 7.5011320076882821 2.5800138916820288 1.6220229268074033 23.994484938681129 2.0558334179222584 2.1880081221461296 1.9294548351317633 605.15113328024745 939.56808951869607 358.42560484819114 2.5671162623912087 62.15851092338562 1.3654939346015447 1.7008750364184377 490.17928602918983
leaf_count=11530 81 2052 7789 7446 9243 5365 19097 3543 9499 404 7 6840 25 7891 25 125 34 6 414 36 33 34 12384 18140 6789 34 1078 25 21 8812
internal_value=0 0.00976713 -0.00622357 0.00396868 -0.0042824 -0.00819732 -0.00585917 0.0158279 0.0109318 0.0222371 0.0092409 0.00161766 0.0159414 0.0240422 0.109519 0.0231819 0.041165 0.158894 0.0341927 0.0924384 0.230659 0.0581447 -0.000866533 -0.00327516 -0.0157955 0.0267396 0.0233045 0.0558646 0.232177 -0.003419
internal_weight=0 2832.57 4473.73 1447.6 3719.44 1733.12 1480.6 1384.96 785.171 599.793 844.749 395.164 449.585 577.188 5.75194 571.436 109.663 6.13149 103.531 11.745 4.24384 4.50947 1986.32 1544.72 754.291 91.7865 89.2194 27.0609 3.06637 602.856
internal_count=138802 48465 90337 25182 75759 35992 30627 23283 13042 10241 14318 6847 7471 9837 106 9731 1840 74 1766 194 69 68 39767 30524 14578 1572 1538 460 46 10864
cat_boundaries=0 1 2
cat_threshold=2 2
is_linear=0
shrinkage=0.05


Tree=4
num_leaves=31
num_cat=2
split_feature=1 0 0 7 3 1 0 1 4 2 6 6 6 0 0 4 2 7 2 3 3 4 0 1 1 6 6 4 2 3
split_gain=159.308 34.8493 30.8303 18.708 32.4331 15.7665 31.6431 16.5465 24.4181 20.9137 19.9114 36.6744 22.0476 25.4772 20.0785 17.2101 15.7083 15.629 32.4452 21.1007 24.7411 25.253 30.0799 28.2519 19.0615 25.4794 32.7703 29.601 17.6056 14.7273
threshold=12.764813060521513 90.925695000000019 92.273730000000015 0 1998.8010430000002 19.060540631152108 85.503245000000021 19.426532315784808 5.7059650000000008 5.9075949558433658 5.8268950000000013 5.9065850000000006 6.1529950000000007 90.249675000000011 89.705535000000012 5.3516150000000007 8.8260195217878312 1 6.2865274438384553 2314.9495730000003 2501.6789735000007 5.5113350000000008 93.008200000000002 15.847422900316213 18.316648726922732 6.0009600000000001 5.9288200000000009 6.6143550000000007 0.17315790209922541 2370.0407995000005
decision_type=2 2 2 1 10 2 2 2 2 2 2 2 2 2 2 2 2 1 2 10 10 2 2 2 2 2 2 2 2 10
left_child=2 5 3 4 -1 29 -7 8 -8 -10 -11 -12 -13 14 16 -9 -14 18 -3 -20 -21 22 23 -22 -19 26 28 -28 -26 -2
right_child=1 17 -4 -5 -6 6 7 15 9 10 11 12 13 -15 -16 -17 -18 24 19 20 21 -23 -24 -25 25 -27 27 -29 -30 -31
leaf_value=-0.010293421195162106 0.011260712508168617 -0.010398488971794668 -0.020887980157377514 -0.0081943962790057973 0.0029335789933221568 0.21442226857559576 -0.025612600296746807 0.17791408727729943 0.0047892653058423723 0.036431188845758029 0.29500833490110873 -0.008570637734175433 0.23079939587045417 -0.011785306658875921 0.31048001364193639 0.015793169188246678 0.0096290036179744968 -0.0067491588235170348 0.022485440968067774 -0.0041170546758452168 0.068844358977763045 0.013978110217947093 0.048609338438306941 0.3531801200883633 0.16918554309813016 -0.0055758870839638331 0.069925771241509824 0.30214550342361163 0.013723375559941542 0.029449441070866784
leaf_weight=694.14562265202403 1023.9791297800839 165.04482399858534 320.44958330783993 2039.8026489261538 1394.5100107202306 2.3018368240445843 7.1015329323709002 1.6615634933114041 7.2601952739059952 7.3248737435787943 2.9427594915032378 3.4429149590432626 1.5709017068147662 1.9371454827487466 2.3332299180328846 110.66580063011497 1.641926063224673 497.79217034298927 352.81723847426474 201.54299741238356 1.6297532021999352 33.721907233819366 8.950974836945532 1.8830083701759575 1.8465839717537154 145.88228111155331 13.862658606842158 1.5230712220072735 132.1200551558286 124.86124021373689
leaf_count=14779 17106 2890 6293 42172 27093 24 106 20 113 119 20 58 21 25 25 1815 22 8834 6102 3439 27 580 155 30 28 2461 234 23 2135 2053
internal_value=0 0.00918102 -0.00594814 -0.00478851 -0.00146229 0.0152292 0.0304643 0.027601 0.0573282 0.0780285 0.103118 0.138338 0.0961418 0.144319 0.198843 0.0181913 0.11777 0.00414019 0.00923598 0.014632 0.0034471 0.0364553 0.0972695 0.221262 -0.000779301 0.00928642 0.0238034 0.0929138 0.0158663 0.0132375
internal_weight=0 2857.64 4448.91 4128.46 2088.66 1299.03 150.185 147.883 35.5555 28.4539 21.1938 13.8689 10.9261 7.4832 5.54606 112.327 3.21283 1558.62 765.591 600.546 247.729 46.1856 12.4637 3.51276 793.027 295.235 149.352 15.3857 133.967 1148.84
internal_count=138802 48465 90337 84044 41872 21527 2368 2344 509 403 290 171 151 93 68 1835 43 26938 13223 10333 4231 792 212 57 13715 4881 2420 257 2163 19159
cat_boundaries=0 1 2
cat_threshold=2 2
is_linear=0
shrinkage=0.05


Tree=5
num_leaves=31
num_cat=4
split_feature=1 0 0 4 1 2 7 1 3 2 6 4 6 5 8 2 0 3 0 7 7 1 0 4 2 5 6 0 5 1
split_gain=143.124 31.0116 29.5419 20.4913 18.5296 28.2631 23.9236 18.2507 16.9745 22.183 19.444 20.9011 18.0675 16.6574 21.2843 25.3413 16.3887 16.5872 48.1439 50.6718 17.1743 16.1703 15.6307 27.3459 21.2142 23.6748 24.9211 18.3336 20.2802 16.2889
threshold=12.764813060521513 92.223465000000019 90.20077000000002 4.4668950000000009 4.0445604117303287 6.5141475998716141 0 14.883977505420985 2483.4807015000006 14.369645013542938 6.9372650000000009 5.2645950000000008 5.2581350000000002 2.8033800000000002 1 6.8536739337917707 88.979395000000011 1935.4693305000003 88.541450000000012 2 3 14.6431563197791 83.460115000000016 5.9432050000000007 4.892066159732182 1.7684750000000002 4.8196800000000009 83.209965000000025 0.92414500000000011 8.9788520137216867
decision_type=2 2 2 2 2 2 1 2 10 2 2 2 2 2 1 2 2 10 2 1 1 2 2 2 2 2 2 2 2 2
left_child=2 7 4 -3 5 6 -1 16 -9 10 11 -10 -13 -5 15 -15 17 18 20 -20 -2 -22 24 29 25 26 -6 -26 -29 -24
right_child=1 3 -4 13 22 -7 -8 8 9 -11 -12 12 -14 14 -16 -17 -18 -19 19 -21 21 -23 23 -25 27 -27 -28 28 -30 -31
leaf_value=0.0033860035780676119 0.077554745094748218 0.17992215867222011 -0.014826522478651284 -0.00014479928938818996 0.16076808451003979 -0.018946051132283467 -0.0089642529956857637 0.01454953580919547 0.21881178476393651 -0.043987870522798164 0.19486580626671229 0.17915950541243905 0.032903001602273545 -0.029628640145743918 -0.0142875775124994 0.080574145473592484 -0.0021094357215425004 0.0099374467080761558 0.38724086573212624 0.011357427262047371 -0.01847402490119825 0.16937215129873151 -0.0044184808079984084 -0.016476718496773301 -0.0026231951664046609 0.0063592416448539609 0.037423882953523578 0.25258649730442134 0.036783658439502563 0.0092548709889669258
leaf_weight=643.96321545355022 10.244123408570886 1.6077803969383229 736.35071058757603 959.13001259788871 4.3871974255889645 400.37489032372832 1002.6301083574072 1265.3779927492142 1.737878531217574 6.1549480548128477 2.431767512112855 2.243565432727336 35.894986383616924 6.7319510560482767 17.009181512519717 23.173803072422743 335.69321144558489 193.44462092034519 2.0204036254435778 1.6119372937828296 15.529646512120971 1.2369009032845486 517.91703581809998 284.0716154742986 290.85083795525134 91.835051404312253 61.51714071072638 1.1782709416002024 14.317200150340794 375.89619618933648
leaf_count=12730 188 19 14578 16746 71 8567 21660 20595 24 114 28 37 578 117 308 368 5695 3269 33 33 292 21 10273 5775 6136 1930 1308 21 312 6976
internal_value=0 0.00863652 -0.00568272 0.00156316 -0.00385752 -0.00703132 -0.00413421 0.0124406 0.0156618 0.0447021 0.0576046 0.049234 0.0415068 0.00127812 0.0303684 0.0557669 0.00488047 0.0153517 0.0495308 0.220434 0.0265481 -0.00461625 9.91035e-05 -0.00296303 0.00787102 0.0227688 0.0456348 0.000200087 0.0531932 0.00133189
internal_weight=0 2881.27 4425.29 1007.65 3688.94 2046.97 1646.59 1873.62 1313.84 48.4631 42.3082 39.8764 38.1386 1006.04 46.9149 29.9058 559.781 224.088 30.643 3.63234 27.0107 16.7665 1641.97 1177.88 464.086 157.739 65.9043 306.346 15.4955 893.813
internal_count=138802 48465 90337 17558 75759 42957 34390 30907 21376 781 667 639 615 17539 793 485 9531 3836 567 66 501 313 32802 23024 9778 3309 1379 6469 333 17249
cat_boundaries=0 1 2 3 4
cat_threshold=2 1 2 1
is_linear=0
shrinkage=0.05


Tree=6
num_leaves=31
num_cat=2
split_feature=1 0 0 1 7 3 5 0 0 1 0 3 2 8 4 6 6 2 4 1 0 6 4 6 2 0 4 4 4 4
split_gain=128.735 28.0317 27.406 19.3184 16.3193 28.6037 14.8995 14.8337 14.561 24.3466 19.5934 16.1483 45.6905 14.7771 18.6506 14.5061 18.0024 17.2148 18.6702 30.1414 42.2147 40.0411 25.2792 16.7397 32.6771 39.7636 25.9469 17.1712 18.8172 25.0552
threshold=12.764813060521513 91.169675000000012 92.273730000000015 16.785643515751826 0 1998.8010430000002 2.7861100000000003 92.483755000000016 88.651415000000014 -0.8645329717755198 80.892025000000004 2440.7839635000005 18.913920057299624 1 6.0088700000000008 5.9173650000000011 6.1072750000000005 13.856736441900122 5.3212650000000012 13.744768957387253 88.420240000000021 5.6061100000000001 5.3055350000000008 5.9011100000000001 8.2987527065572255 90.531320000000008 6.5400800000000006 6.6444250000000009 6.3475650000000003 6.3592350000000009
decision_type=2 2 2 2 1 10 2 2 2 2 2 10 2 1 2 2 2 2 2 2 2 2 2 2 2 2 2 2 2 2
left_child=2 15 4 -3 5 -1 7 -5 9 10 -6 -10 -13 14 -11 17 -17 18 19 20 -2 -22 -21 27 25 26 -25 28 -20 -30
right_child=1 3 -4 6 8 -7 -8 -9 11 13 -12 12 -14 -15 -16 16 -18 -19 23 22 21 -23 -24 24 -26 -27 -28 -29 29 -31
leaf_value=-0.0096154902312488143 0.0051310033840293312 -0.0035850219859223267 -0.019756433679931261 0.015789912539243521 -0.006461656558259362 0.002865696389081164 0.041328118597824703 0.0018039776049704503 -0.019589252795768636 0.0061505897550928933 -0.026714418165298522 0.0023870378326555542 0.26156200967762316 -0.011356381866361504 -0.011107905998380539 -0.0036865049212714894 0.013159941233459652 -0.0020738561030872065 0.016409144330340686 0.01533654447979076 0.39173770500340838 0.10149361847342959 0.21274384895824361 0.01792935444871353 -0.011686767418161007 0.37190178706616545 0.20016809378659053 -0.014795734566930827 0.16409546502670522 0.037037865127179853
leaf_weight=683.91613687388599 3.2879733722656983 604.71962154377252 310.29968414828181 294.14009836502373 293.7124856011942 1396.0750696249306 32.421743109822273 533.36147001385689 353.58357953373343 637.06047712173313 201.24636263493448 38.358067432418466 1.7793986899778236 279.3372912639752 207.53710135631263 216.05586540699005 596.14263234008104 85.301909782923758 385.67735754139721 21.099805420264605 2.2432204205542803 2.5267561376094818 1.7567462678998698 5.1899739336222428 7.2686234042048445 1.4303234294056881 3.1318161748349667 36.664045048877597 4.1183197796344748 67.06037226319313
leaf_count=14779 55 10864 6293 4677 6419 27093 468 9173 6985 13480 4250 772 34 5822 4410 3543 9499 1458 6316 331 30 39 25 83 118 25 17 586 64 1094
internal_value=0 0.00813215 -0.0054302 0.00326265 -0.00434399 -0.00123821 0.0080781 0.00677536 -0.00755374 -0.00545639 -0.0146963 -0.0161776 0.0138769 -0.00138733 0.00190978 0.0130886 0.00867856 0.0188034 0.0220925 0.0598234 0.142974 0.237989 0.0305092 0.0198078 0.0685596 0.12837 0.0865129 0.0181264 0.0207685 0.0443893
internal_weight=0 2903.6 4402.91 1464.64 4092.61 2079.99 859.923 827.502 2012.61 1618.89 494.959 393.721 40.1375 1123.93 844.598 1438.96 812.198 626.757 541.455 30.9145 8.05795 4.76998 22.8566 510.541 17.0207 9.75211 8.32179 493.52 456.856 71.1787
internal_count=138802 48465 90337 25182 84044 41872 14318 13850 42172 34381 10669 7791 806 23712 17890 23283 13042 10241 8783 480 124 69 356 8303 243 125 100 8060 7474 1158
cat_boundaries=0 1 2
cat_threshold=2 1
is_linear=0
shrinkage=0.05


Tree=7
num_leaves=31
num_cat=2
split_feature=1 0 0 1 6 2 7 1 2 7 3 3 2 1 6 6 4 6 1 2 4 1 3 5 0 3 1 4 4 0
split_gain=115.793 25.5983 24.7264 16.9826 19.2715 18.2374 18.7248 15.5843 14.7337 16.1131 18.847 18.9422 18.1809 17.0562 18.972 29.3477 23.7201 40.7434 15.3594 26.2642 29.5739 14.967 14.3552 20.9873 14.3408 14.2603 14.1076 13.6988 13.6268 13.3486
threshold=12.764813060521513 90.20077000000002 90.925695000000019 2.7229375798280322 6.0952650000000004 9.3702507540640898 0 9.4123272769128832 2.8508680352595754 1 2323.5392295000006 2653.5490180000006 11.999661809849808 18.316648726922732 6.0009600000000001 5.9288200000000009 6.0801550000000004 5.9782600000000015 13.447610091758543 7.0631024417627506 4.8938200000000007 21.325980081761486 2488.1242030000003 2.3907950000000002 82.037585000000021 2070.1037685000006 -9.1072980394965111 5.8721650000000007 4.9407050000000003 92.76606000000001
decision_type=2 2 2 2 2 2 1 2 2 1 10 8 2 2 2 2 2 2 2 2 2 2 8 2 2 10 2 2 2 2
left_child=1 3 -2 4 5 6 26 28 -4 10 -10 -12 -13 18 15 29 -17 21 19 -11 -21 -18 -22 -24 -5 -26 -1 -9 -3 -15
right_child=2 7 8 24 -6 -7 -8 27 9 13 11 12 -14 14 -16 16 17 -19 -20 20 22 -23 23 -25 25 -27 -28 -29 -30 -31
leaf_value=-0.027052499272180904 0.01263469503468112 0.0030344264565804395 -0.016405371595723396 0.0076050683304250168 -0.020881366517729816 -0.020889918748652293 -0.0080467474906449881 0.00054636959989666012 0.016441805113664252 0.14361639903119222 -0.0017822013255898326 0.042883626004097473 0.2542393355917078 0.031699058409906881 -0.0041988413301057769 0.030629251076948152 0.016566396220058836 0.32393484960158681 -0.0090034998912146818 0.23062448647591383 -0.011440820288608083 0.21135833251789593 -0.011075507126426101 0.25054441002612043 -0.0087158885048581151 0.0012091672499295123 0.0062709344023951369 -0.021054801299762102 -0.024673025701146885 -0.00049668574026244527
leaf_weight=33.938203439116478 1347.1568495547399 51.435527325607836 88.534243729896843 441.25571373105049 222.38422561250627 162.51391547732055 782.09401519037783 237.53187203034759 438.52346538007259 4.1107452111318699 287.98250199854374 4.9468934508040538 1.2809518836438654 57.812039684504271 137.44483651220798 8.9548078924417513 3.5578676629811516 2.3412222787737846 434.62186067923903 1.4485240653157223 28.752756046131257 1.3642554916441438 1.7839298080652946 1.3441925998777149 590.16340100299567 935.75121386628598 495.05742349289358 106.21473440900445 323.28506996575743 72.653458088636398
leaf_count=688 21527 1090 1525 9243 4749 3621 17163 4645 7431 75 4865 88 16 865 2312 144 52 32 7705 23 537 19 33 17 12384 18140 9771 2144 6699 1199
internal_value=0 -0.00518734 0.00765978 -0.00349482 -0.00716134 -0.00509082 -0.00313247 -0.0138168 0.00341118 0.00458951 0.00987355 8.34991e-05 0.0863556 -0.000530624 0.00914855 0.0216553 0.085088 0.152229 -0.0063564 0.0243723 0.0096651 0.0705565 -0.000374303 0.101346 -0.000333748 -0.00262945 0.00413304 -0.00612821 -0.0208698 0.0137699
internal_weight=0 4381.63 2924.62 3663.16 1695.99 1473.6 1311.09 718.467 1577.46 1488.92 732.734 294.21 6.22785 756.19 284.128 146.684 16.2182 7.26335 472.062 37.4401 33.3294 4.92212 31.8809 3.12812 1967.17 1525.91 528.996 343.747 374.721 130.465
internal_count=138802 90337 48465 75759 35992 31243 27622 14578 26938 25413 12400 4969 104 13013 4623 2311 247 103 8390 685 610 71 587 50 39767 30524 10459 6789 7789 2064
cat_boundaries=0 1 2
cat_threshold=2 2
is_linear=0
shrinkage=0.05


Tree=8
num_leaves=31
num_cat=1
split_feature=1 0 0 1 1 2 7 0 0 4 4 6 1 6 3 2 4 1 0 5 1 5 2 2 6 4 5 0 3 5
split_gain=104.184 24.3515 21.9487 16.8331 15.4681 27.2198 23.4018 18.7504 21.9861 21.6281 25.8421 36.2415 17.4468 19.679 15.7058 13.7918 13.6921 13.6015 19.1439 13.2113 12.816 16.6061 41.8195 52.2488 20.7503 13.6562 14.7625 24.4595 15.0201 14.1582
threshold=12.764813060521513 92.273730000000015 91.169675000000012 16.785643515751826 9.0945557759263078 4.58260678628129 0 76.785680000000013 75.76121000000002 5.8267650000000009 5.8224350000000014 6.1665050000000008 -2.3257411342448493 5.8527950000000013 1295.0103760000002 0.79121552391919336 5.4011050000000003 -0.8645329717755198 80.135735000000011 1.1911200000000002 16.862407179838868 1.5145900000000003 10.87082611033461 11.940450048579136 6.1665050000000008 6.2253000000000016 0.24502500000000002 92.016045000000005 2304.9471415000003 1.810745
decision_type=2 2 2 2 2 2 1 2 2 2 2 2 2 2 10 2 2 2 2 2 2 2 2 2 2 2 2 2 10 2
left_child=1 4 15 19 5 6 12 8 -6 10 -9 -12 -1 16 -8 -2 -14 18 -16 -4 21 22 -5 -24 -23 29 27 -27 -29 -22
right_child=2 -3 3 20 7 -7 14 9 -10 -11 11 -13 13 -15 17 -17 -18 -19 -20 -21 25 24 23 -25 -26 26 -28 28 -30 -31
leaf_value=-0.0063277358627394772 -0.017814128903720763 -0.01867329681199021 -0.019126698493612107 0.0044646825392165102 0.0087845418238575636 -0.011156894962612912 0.065819333215958481 0.0072110650395330505 0.21263536774600975 -0.0091633095042724794 -0.039333796133462981 0.33184649641585356 0.0015497774717510959 -0.0048051858140249247 -0.0036545689805036947 0.012336752314898641 0.022060577420574459 -0.0024171414439907359 -0.024025144671099338 -6.2615326664511871e-06 -0.0023869979609796176 -0.044420656809325276 0.4842032950969089 0.04078683767943389 0.098742140652826466 0.21379745505886266 0.014562064943994951 -0.047823668565542564 0.12251710910509928 0.013894401009896119
leaf_weight=241.78119885362685 38.959687093272805 301.11237016133964 110.60152817238122 3.6257389672100571 3.1262938342988482 1275.6875903774053 7.52276287972927 492.38867836724967 2.2927430402487516 289.04488407727331 1.2024951446801417 1.4513216419145463 116.19924093037844 162.75107612647116 241.85489219240844 1432.3689380893484 271.43073230143636 732.95628178678453 220.47747482080013 493.20176692120731 429.91855152323842 6.3899452127516252 1.3473099153488877 1.3105713985860346 4.191214382648468 2.4913536328822365 221.25823571905494 3.0736562460660934 2.2352312132716179 193.67828544043005
leaf_count=4762 639 6293 2052 73 64 26918 166 9298 42 5740 33 24 2248 3230 5397 22644 5320 16044 4758 8812 7125 108 20 31 53 36 3618 42 39 3173
internal_value=0 -0.00495394 0.0072187 0.00290486 -0.00393647 -0.00545275 -0.00180522 0.00234493 0.0950319 0.00170435 0.00804974 0.163658 0.00486772 0.00978586 -0.00619997 0.0115384 0.0159121 -0.00665324 -0.0133689 -0.00350864 0.00735846 0.0505205 0.114904 0.26556 0.0122864 0.00650475 0.0169454 0.0845494 0.0238959 0.00266972
internal_weight=0 4361.28 2944.65 1473.32 4060.17 3270.66 1994.97 789.506 5.41904 784.087 495.042 2.65382 792.162 550.381 1202.81 1471.33 387.63 1195.29 462.332 603.803 869.52 16.8648 6.28362 2.65788 10.5812 852.655 229.058 7.80024 5.30889 623.597
internal_count=138802 90337 48465 25182 84044 68843 41925 15201 106 15095 9355 57 15560 10798 26365 23283 7568 26199 10155 10864 14318 285 124 51 161 14033 3735 117 81 10298
cat_boundaries=0 1
cat_threshold=2
is_linear=0
shrinkage=0.05


Tree=9
num_leaves=31
num_cat=2
split_feature=1 0 2 7 0 1 0 1 6 3 8 3 1 3 0 4 2 1 3 0 1 4 0 4 2 0 2 6 2 3
split_gain=94.5646 30.4191 23.8927 18.5248 21.6721 30.7629 21.4765 40.1852 45.6592 23.8748 22.0997 18.8801 17.6881 17.2391 17.8563 21.205 17.2209 16.7653 15.8266 15.4384 18.665 31.224 23.08 77.1569 21.3599 19.3902 21.8602 22.177 72.4911 19.2652
threshold=14.883977505420985 93.194275000000019 -11.906653372934185 0 88.420240000000021 2.7229375798280322 83.375080000000011 11.182149720274012 6.0831050000000007 1848.9225410000001 1 1823.8593345000002 10.175487867309222 2600.2096355000003 90.249675000000011 5.8447150000000008 8.0384277579220029 5.013000525483565 1462.1558820000002 91.467335000000006 9.4123272769128832 5.8356950000000003 91.418815000000009 5.653855000000001 1.4802778647000037 85.867025000000012 5.498671681251559 7.0545700000000009 14.517023468962332 1868.9659405000004
decision_type=2 2 2 1 2 2 2 2 2 10 1 10 2 10 2 2 2 2 8 2 2 2 2 2 2 2 2 2 2 10
left_child=3 13 -3 11 5 -5 7 17 9 16 -11 -1 18 -2 -15 -16 -9 -7 -6 20 24 22 25 -24 -13 -22 -27 -28 -29 -23
right_child=1 2 -4 4 12 6 -8 8 -10 10 -12 19 -14 14 15 -17 -18 -19 -20 -21 21 29 23 -25 -26 26 27 28 -30 -31
leaf_value=-0.010343031094399898 0.011454840478639551 0.27252262423685863 -0.0022079880519026087 -0.0097505506338180729 0.16844761678753917 -0.0014334299555421781 -0.0022337076550125157 0.17468101159388927 -0.0026240709732264817 0.00028991571545780061 0.24382946036486103 0.0051370437113873154 -0.0072546905027238559 0.24154412892232699 0.12857009675676284 -0.021238581949107604 0.40903814949332634 0.024803272266271572 -0.022648476551370787 -0.0087891319288805059 -0.011988263965579907 0.070129619960743517 -0.030389368536594644 0.47608047647981033 -0.0079766065934328678 -0.01496179670095359 0.025623017311535348 0.010971571644547465 0.4354771943917044 -0.0076537885352189212
leaf_weight=437.84400031622499 1672.6416181083769 0.7925606332719316 536.38650139607489 909.43077882472426 1.086865659803151 126.69552919827402 482.03687675110996 1.5813756193965658 5.6630081180483103 2.176686767488718 1.6283626053482296 717.6425781045109 477.45438964944333 1.3964647632092226 4.5051756417378765 4.9657737454399467 1.5543031543493269 117.22437607590109 348.69388133566827 337.53115846775472 46.037579881027341 8.279103674925862 2.0902529871091242 1.1745255161076782 547.36464217305183 34.007406055927277 266.01807806175202 3.5037840213626614 1.410535706207156 206.85894493851811
leaf_count=9748 26497 7 9267 20295 21 2668 9521 29 101 38 26 13999 8805 18 62 79 22 2414 7339 6629 869 170 41 14 11242 574 4502 57 18 3730
internal_value=0 0.00855706 -0.00180265 -0.00381026 -0.00690907 -0.00359433 0.00398617 0.015674 0.102733 0.188695 0.104512 -0.000871201 -0.0135126 0.0118627 0.0746335 0.050023 0.290848 0.0111755 -0.0220547 0.00103826 0.00284652 0.0103642 0.019489 0.151816 -0.000537191 0.018258 0.0228244 0.0275673 0.132816 -0.00466047
internal_weight=0 2220.69 537.179 5084.99 2475.23 1647.99 738.561 256.524 12.6037 6.94073 3.80505 2609.76 827.235 1683.51 10.8674 9.47095 3.13568 243.92 349.781 2171.92 1834.39 569.38 354.242 3.26478 1265.01 350.977 304.94 270.932 4.91432 215.138
internal_count=138802 35930 9274 102872 51279 35114 14819 5298 216 115 64 51593 16165 26656 159 141 51 5082 7360 41845 35216 9975 6075 55 25241 6020 5151 4577 75 3900
cat_boundaries=0 1 2
cat_threshold=2 1
is_linear=0
shrinkage=0.05


Tree=10
num_leaves=31
num_cat=0
split_feature=1 0 0 3 1 4 5 0 2 3 3 5 6 5 0 1 4 2 2 1 6 0 5 4 1 5 4 5 3 3
split_gain=85.2809 23.8096 19.9536 20.6948 18.7127 17.3258 15.6604 15.1407 16.8921 14.9996 28.7044 19.2734 21.4543 14.7885 13.9166 21.4221 25.6752 16.7756 23.3323 13.9038 28.5677 13.7267 15.6805 19.5501 13.3084 16.979 13.167 16.5666 16.3231 18.4794
threshold=12.052291399011919 92.273730000000015 89.903200000000012 2590.5873870000005 15.926645813097979 4.5331450000000011 1.5944550000000002 93.194275000000019 -11.906653372934185 2501.6789735000007 2511.6438830000002 1.3679100000000004 5.9897750000000007 0.24502500000000002 81.953270000000018 8.9788520137216867 5.8764150000000006 1.2542661674754687 -4.3616495172489262 21.325980081761486 6.4906700000000006 94.763080000000016 2.9777900000000002 5.6437950000000008 21.677123622972708 1.1810350000000003 5.0330100000000009 2.7056350000000005 1998.8010430000002 2014.7616455000002
decision_type=2 2 2 10 2 2 2 2 2 10 10 2 2 2 2 2 2 2 2 2 2 2 2 2 2 2 2 2 10 10
left_child=1 14 3 5 6 -2 -4 9 -9 -6 11 -11 -13 -3 -1 17 -17 18 -16 -7 24 -8 -23 -24 25 -21 27 28 -19 -30
right_child=2 13 4 -5 7 19 21 8 -10 10 -12 12 -14 -15 15 16 -18 26 -20 20 -22 22 23 -25 -26 -27 -28 -29 29 -31
leaf_value=0.00012810681870310424 0.142354216194778 0.11148496867247587 -0.011909891165047896 0.14360154557670105 0.0092407472392274856 0.010428500888761467 -8.1287332431673534e-05 0.20576029813491645 -0.00090588849969856474 0.013524226959876732 0.023537876645919414 0.31935332842393438 0.078783714438448504 -0.020741290631503078 -0.014301804528652096 0.0089456610823322822 -0.013374148439203419 -0.016358811490370037 0.0030303083010037105 0.2386936297877815 0.23956506382789647 0.020841807056336124 0.047680935383611005 0.31556773050898157 -0.0070835832501456343 -0.0019852442520863984 -0.016203022599869599 -0.01743873410878671 0.13563928489493648 0.016345615752669362
leaf_weight=1414.7094879597425 2.5182231310755006 2.1325208842754355 297.23411119170487 2.9668855853378764 851.94958782661706 1034.576856453903 423.574876149185 0.99085265025496383 464.81248909328133 1.8500829506665457 34.938592802733183 2.0538689950481062 1.688820159062743 251.69417935609818 310.6670935889706 418.62169715110213 186.13765745703131 43.842213067226112 517.84043146204203 1.4838666487485155 1.9543923772871483 43.559731374494731 2.0149928145110603 1.0287895556539295 6.9896168783307076 1.4477110169827936 781.43172096181661 108.88001434877515 3.369916668161749 88.520541297271848
leaf_count=30377 36 37 5377 36 13421 16428 7339 7 7997 30 535 29 22 5439 6319 7865 3722 977 10778 21 26 790 42 16 104 24 16811 2326 61 1810
internal_value=0 -0.0047951 0.00610189 0.0117342 0.00331466 0.0113612 -0.00292654 0.00684085 -0.00046627 0.0106546 0.0403727 0.145542 0.210801 -0.0196304 -0.00382309 -0.00609599 0.00207589 -0.0087608 -0.00346875 0.011046 0.0648396 0.00275249 0.0285084 0.138226 0.0304201 0.119838 -0.013034 -0.0029104 0.00874373 0.0207205
internal_weight=0 4127.85 3177.63 1051.94 2125.7 1048.97 767.413 1358.28 465.803 892.481 40.5314 5.59277 3.74269 253.827 3874.02 2459.31 604.759 1854.55 828.508 1046.45 11.8756 470.178 46.6035 3.04378 9.92119 2.93158 1026.04 244.613 135.733 91.8905
internal_count=138802 86522 52280 16675 35605 16639 13564 22041 8004 14037 616 81 51 5476 81046 50669 11587 39082 17097 16603 175 8187 848 58 149 45 21985 5174 2848 1871
is_linear=0
shrinkage=0.05


Tree=11
num_leaves=31
num_cat=1
split_feature=1 0 7 0 1 0 1 6 2 3 3 4 1 1 6 4 1 0 6 6 6 1 1 0 5 4 4 6 0 6
split_gain=77.4982 24.6984 17.1208 19.5631 27.7418 19.1031 30.9548 31.122 16.9335 16.6259 15.6384 25.6185 15.1576 14.71 14.1961 21.0969 28.1112 32.1282 24.7218 21.3 27.9284 14.3444 22.1381 15.9577 13.9096 13.946 18.5324 37.9423 13.4664 13.4406
threshold=14.883977505420985 93.194275000000019 0 88.420240000000021 2.7229375798280322 83.375080000000011 11.182149720274012 6.0831050000000007 13.99945330344519 1823.8593345000002 2590.5873870000005 5.7286850000000014 -3.045665261698995 5.013000525483565 5.8478600000000016 5.9191650000000005 14.281904484737757 93.400185000000008 5.7948000000000013 5.4824050000000009 5.2928650000000008 7.1830772236360279 7.4989377254196095 88.929765000000017 2.1432850000000001 6.7231400000000017 6.3475650000000003 6.9372650000000009 93.008200000000002 5.0439550000000013
decision_type=2 2 1 2 2 2 2 2 2 10 10 2 2 2 2 2 2 2 2 2 2 2 2 2 2 2 2 2 2 2
left_child=2 24 9 4 -4 6 13 -8 14 -1 12 -12 -10 -6 15 16 21 18 19 20 -18 23 -23 -5 25 26 -2 -28 -11 -3
right_child=1 29 3 8 5 -7 7 -9 10 28 11 -13 -14 -15 -16 -17 17 -19 -20 -21 -22 22 -24 -25 -26 -27 27 -29 -30 -31
leaf_value=-0.009635754839905513 0.0068524312037635737 0.043951177959157837 -0.0092457241881012085 0.046426275309921508 -0.0012644359136433764 -0.0020825722581699676 0.14919297455291838 -0.0028250974014207807 0.17373172596336212 0.0021935434359986036 -0.016153100871270813 0.29053797677248 -0.022258288698489549 0.023203607935171764 -0.014070931513690274 -0.017386470620375929 -0.0087603958041139931 0.33371990434364618 0.2675147781886052 -0.038417433750028415 0.26754298898222223 0.17713228192778893 0.014630741367219475 -0.048049544896896265 0.019798242584683198 -0.0182074726615323 0.020148342291146305 0.17236982636851286 -0.013281609318910129 -0.0030805372915808727
leaf_weight=431.08308187033981 1135.3659442737699 15.647321263328193 899.47509614750743 5.9195291064679649 126.30308558326215 480.65561117231846 8.2585860751569253 5.6840020287781945 0.98920380044728418 2017.6009188247845 1.902537266723811 1.0604403708130119 362.68849528767169 119.58510984946042 253.8985771080479 72.608095441944897 1.9325252687558516 1.2319583222270001 1.2782973386347283 4.7463513184338808 1.7362298602238295 2.1498531391844145 83.480360691435635 18.247909255325794 330.76501872204244 47.60568162985146 197.32740506995469 4.1803792789578429 151.10802678111941 520.55332903657109
leaf_count=9748 17670 253 20295 118 2668 9521 115 101 25 38782 38 15 7530 2414 4841 1423 34 24 19 88 34 39 1520 417 5118 743 3078 47 3063 9021
internal_value=0 0.00765834 -0.00349477 -0.00649033 -0.00334528 0.00382204 0.0147449 0.0872195 -0.0128277 -0.000667389 -0.0207931 0.0936107 -0.0217252 0.0106353 -0.00629754 0.00391113 0.0167204 0.0932085 0.0626413 0.03152 0.122 0.00910954 0.0187105 -0.0249088 0.0105864 0.00838556 0.00933253 0.0233063 0.00111529 -0.00170807
internal_weight=0 2251.45 5053.62 2453.83 1639.96 740.486 259.831 13.9426 813.87 2599.79 366.641 2.96298 363.678 245.888 447.23 193.331 120.723 10.9254 9.6934 8.41511 3.66876 109.798 85.6302 24.1674 1715.24 1384.48 1336.87 201.508 2168.71 536.201
internal_count=138802 35930 102872 51279 35114 14819 5298 216 16165 51593 7608 53 7555 5082 8557 3716 2293 199 175 156 68 2094 1559 535 26656 21538 20795 3125 41845 9274
cat_boundaries=0 1
cat_threshold=2
is_linear=0
shrinkage=0.05


Tree=12
num_leaves=31
num_cat=1
split_feature=1 0 2 7 0 1 2 0 6 1 0 2 4 0 3 4 4 4 3 3 1 3 2 6 6 3 5 3 1 6
split_gain=71.4978 32.6372 21.4399 17.7312 27.3609 45.1244 26.4544 21.6509 21.3911 21.0322 23.0112 37.7814 21.0186 23.0621 24.3614 18.18 18.1558 30.5245 17.9497 28.9759 17.5731 19.0305 20.6772 17.3253 52.0784 16.6147 16.4037 16.1258 16.0781 15.9954
threshold=10.175487867309222 88.651415000000014 2.8508680352595754 0 85.503245000000021 19.060540631152108 6.2865274438384553 85.867025000000012 5.8742200000000002 19.060540631152108 87.859375000000014 7.9555545802529544 5.5325700000000007 86.313835000000012 2257.8263015000007 5.6970550000000006 6.2772950000000014 6.3151150000000014 2182.4964685000004 2208.6195400000001 10.734991386958848 1848.9225410000001 7.8617131945700445 5.5330250000000012 5.658405000000001 2685.9545635000004 1.2009500000000002 2174.2307400000004 14.373209482465603 5.082720000000001
decision_type=2 2 2 1 2 2 2 2 2 2 2 2 2 2 10 2 2 2 10 10 2 8 2 2 2 8 2 10 2 2
left_child=1 -1 -2 6 5 8 -4 -8 20 -6 11 -11 25 14 -14 -12 -15 18 26 -20 -5 22 -22 -21 -25 -9 -18 -13 -19 -23
right_child=2 -3 3 4 9 -7 7 12 -10 10 15 27 13 16 -16 -17 17 28 19 23 21 29 -24 24 -26 -27 -28 -29 -30 -31
leaf_value=-0.002773604684340264 -0.0096379526122061764 -0.014949211865493091 -0.0047531216669280231 -0.047392291914326812 -0.0016746022580753465 0.28129251941913347 -0.012319427927305405 0.023255115661791198 0.0011552394571101628 0.0013995502060504057 -0.019578581608455433 0.33404417645148954 0.046064455295140513 0.0058998187599470396 0.23122925000074501 0.016041048607641353 0.10836550221719295 -0.018118963719770006 0.27889712739305078 -0.005789965587627381 0.045887237747327003 0.2307910865848537 0.25251384119668924 0.37243306513754781 0.065962458374831695 0.18332416761054199 -0.023067556830821904 0.12685408872013215 0.02223928420790304 0.037422503889039463
leaf_weight=2942.7146787187085 239.02603025361896 677.01791350077838 280.92910113371909 2.9281011847779181 1327.3146345438436 1.8318510521203268 86.444486707448959 352.96707818377763 29.65748166013509 5.0524428226053697 42.170066177845001 1.5426965504884722 12.797949597239493 848.56915055960417 2.0626282319426528 237.9840196352452 3.5652337009087223 30.300435161218047 2.0704353060573366 4.2687741275876752 2.0523380134254721 1.1690214760601509 2.95268864184618 1.6410986939445127 8.9239337444305402 1.6286106165498484 7.1046932432800531 2.4003581702709198 132.99529026448727 12.556927314959465
leaf_count=62857 4105 14399 4646 54 22792 9 1653 5625 523 79 657 22 213 14114 28 3670 57 548 30 62 30 16 29 22 133 24 115 31 2063 196
internal_value=0 -0.00505087 0.00484295 0.00584743 0.00214799 0.0374472 0.00932473 0.0119695 0.0287427 0.000987374 0.0132069 0.0919232 0.0134598 0.00991806 0.0717651 0.0106794 0.00903385 0.0229671 0.071626 0.103676 0.0665177 0.0843246 0.167785 0.0792196 0.113567 0.0239903 0.0208493 0.207916 0.0147506 0.0538915
internal_weight=0 3619.73 3684.91 3445.88 1669.61 53.1484 1776.27 1495.34 51.3166 1616.46 289.15 8.9955 1408.9 1054.3 14.8606 280.154 1039.44 190.87 27.5742 16.9042 21.6591 18.731 5.00503 14.8338 10.565 354.596 10.6699 3.94305 163.296 13.7259
internal_count=138802 77256 61546 57441 28108 857 29333 24687 848 27251 4459 132 23034 17385 241 4327 17144 3030 419 247 325 271 59 217 155 5649 172 53 2611 212
cat_boundaries=0 1
cat_threshold=2
is_linear=0
shrinkage=0.05


Tree=13
num_leaves=31
num_cat=3
split_feature=1 0 0 7 3 0 1 0 3 8 4 1 4 6 2 5 0 1 4 6 1 4 0 0 3 3 6 8 3 4
split_gain=64.4873 19.3075 15.8521 13.6825 18.6366 14.7707 18.3752 17.752 14.6323 13.9537 17.2906 12.8439 14.67 17.6696 15.6284 16.7259 58.3616 17.2825 17.1179 15.1148 14.5594 36.6532 20.6466 29.8826 16.4135 36.5329 13.9027 15.0706 22.434 26.3894
threshold=12.764813060521513 93.261140000000012 89.903200000000012 0 1998.8010430000002 88.651415000000014 -0.8645329717755198 80.892025000000004 1462.1558820000002 1 6.0088700000000008 15.926645813097979 5.8314200000000005 5.7197950000000004 11.075679247207214 1.7620450000000003 92.537385000000015 15.682091619059962 5.5271800000000004 4.9998450000000014 13.447610091758543 5.0493050000000013 91.120315000000019 90.972665000000021 2027.9893620000003 1979.1891695000002 6.0009600000000001 2 2121.5878550000002 6.0241000000000016
decision_type=2 2 2 1 10 2 2 2 10 1 2 2 2 2 2 2 2 2 2 2 2 2 2 2 10 10 2 1 10 2
left_child=1 3 -2 4 -1 6 7 -5 -7 10 -8 12 13 14 15 17 19 -4 -18 -17 21 -16 23 -23 25 -22 -13 28 29 -28
right_child=2 -3 11 5 -6 8 9 -9 -10 -11 -12 26 -14 -15 20 16 18 -19 -20 -21 24 22 -24 -25 -26 -27 27 -29 -30 -31
leaf_value=-0.007480103941733568 0.010796687132398227 -0.021054275011842746 0.005300749822996091 -0.0044819037452852777 0.0026216115621469204 0.16904704778343285 0.0067243262082147606 -0.024375533092825964 -0.015047917034817039 -0.010375960522365855 -0.010061023187983964 0.010633425653360718 -0.010506506849621344 -0.0030701262019206211 0.24722253016609336 0.20922339453988981 0.37475754098291197 0.18480188167793299 0.16685951450330055 0.0069040851211841954 -0.05287567093640666 0.025650159976904154 -0.019174009774978747 0.27797993530695092 -0.010783342171641083 0.27745278744742219 0.00029990818163243082 -0.013405065609126261 0.00063650400803858041 0.063424849539409953
leaf_weight=665.55377409886569 969.59974008612335 159.96452918369323 17.976938478648666 282.30691607203335 1454.1480222875252 1.0821200786158431 631.09956855792552 186.0394277414307 424.51940460316837 273.22834287770092 202.70017265342176 716.25478830654174 314.43819555081427 249.27316980436444 2.0344639196991947 1.0227666795253743 1.6216738317161787 1.4490323727950443 2.5424028029665351 9.4768827334046346 1.7720823604613536 4.0426673013716963 10.586032590828834 1.6531349737197159 53.832922367379069 1.5862548537552354 33.168360102921724 149.14624958205968 449.05847500730306 33.057735384441912
leaf_count=14969 14775 3601 295 6419 28319 19 13480 4250 9048 5822 4410 11465 5582 4241 25 15 26 24 43 149 34 66 181 13 927 28 559 2334 7177 506
internal_value=0 -0.0040111 0.00552736 -0.00334948 -0.000550172 -0.00631489 -0.00408204 -0.0123842 -0.0145798 -0.000569686 0.00264374 0.00303994 -0.00262192 0.00428646 0.0210186 0.0491189 0.0894298 0.0186902 0.247824 0.0266119 0.00833207 0.0471286 0.0221263 0.0988857 -0.00409307 0.103149 0.00580102 0.000591697 0.00464298 0.0318097
internal_weight=0 4280.64 3023.59 4120.68 2119.7 2000.98 1575.37 468.346 425.602 1107.03 833.8 2053.99 673.309 358.87 109.597 34.0897 14.6637 19.426 4.16408 10.4996 75.5076 18.3163 16.2818 5.6958 57.1913 3.35834 1380.69 664.431 515.285 66.2261
internal_count=138802 90337 48465 86736 43288 43448 34381 10669 9067 23712 17890 33690 11649 6067 1826 552 233 319 69 164 1274 285 260 79 989 62 22041 10576 8242 1065
cat_boundaries=0 1 2 3
cat_threshold=2 1 1
is_linear=0
shrinkage=0.05


Tree=14
num_leaves=31
num_cat=2
split_feature=1 0 2 0 1 0 2 2 3 7 5 5 0 0 4 1 5 8 5 4 2 2 3 6 3 1 6 2 5 5
split_gain=59.6028 28.975 19.1915 15.5574 15.14 18.4218 19.4581 26.6542 18.3793 17.0489 21.0042 50.8322 65.0259 16.0779 21.6824 25.9383 19.8285 15.456 19.4837 30.7041 22.4399 24.2347 19.7514 15.514 18.9163 17.4191 16.7138 24.636 40.7243 15.0855
threshold=10.175487867309222 88.651415000000014 2.8508680352595754 93.194275000000019 15.682091619059962 89.349505000000008 19.203395744886638 20.100212126767076 2600.2096355000003 0 1.7684750000000002 1.7818750000000001 91.418815000000009 89.087805000000017 5.5221650000000011 14.883977505420985 2.9777900000000002 1 2.7056350000000005 5.653855000000001 10.667694571264958 12.77264964489305 2063.6677810000006 5.0708850000000014 1782.8673760000004 17.669949965739445 4.8682800000000013 7.7634064188766896 1.0710200000000003 1.267155
decision_type=2 2 2 2 2 2 2 2 10 1 2 2 2 2 2 2 2 1 2 2 2 2 10 2 10 2 2 2 2 2
left_child=1 -1 -2 4 5 6 13 -8 17 10 -7 12 -12 -4 15 16 -15 18 -6 20 -20 -22 -21 25 -25 -19 -27 -28 -29 -30
right_child=2 -3 3 -5 8 9 7 -9 -10 -11 11 -13 -14 14 -16 -17 -18 23 19 22 21 -23 -24 24 -26 26 27 28 29 -31
leaf_value=-0.0025199611689329477 -0.0093686110111077907 -0.014096141087909875 0.0063389501049839515 -0.0015562706932346147 0.012699420927595215 -0.0072540455894086883 0.24283617900409313 -0.02876486793413667 0.080678860677532049 -0.0096074971443751399 -0.033995428606411283 0.011987484760045203 0.34151717583360486 0.034467518615905739 0.012619245778378094 0.20683780361476206 0.22533201523191512 0.00090374549927001483 0.056852091895918416 0.18076820716540876 0.35610731221483155 0.10544310918158246 0.011359672163048109 0.19552719955448938 0.00045365921505824511 0.0014672176671223418 0.010089371955073293 0.37123425170963875 -0.053349607883606237 0.17776152530127076
leaf_weight=2928.5738353459165 237.63634838722646 662.90391139034182 588.67284383624792 665.36070551443845 849.38152019772679 185.93541137967259 2.0699206274002786 1.6027895733714101 9.3193549755960685 370.31390497088432 2.0391213521361342 220.49993442557752 2.6525287423282862 15.556063879281288 42.161753868684173 3.1739377975463858 1.4911932032555331 12.149929109960796 4.2275633625686151 1.8617703411728168 1.8224667068570855 2.0476747583597898 22.682209482416511 1.2461287826299656 456.88570331968367 3.8130052238702756 2.7487209923565388 1.9895928315818308 1.252929672598839 1.6177922151982782
leaf_count=62857 4105 14399 10085 11769 12824 3261 37 23 115 6808 33 3726 26 238 694 37 26 198 52 23 17 29 337 18 6896 62 36 26 16 29
internal_value=0 -0.00465666 0.00437821 0.00531839 0.00694665 0.0033576 0.00954418 0.124308 0.0107007 -0.00182582 0.00518336 0.0154526 0.178309 0.00889678 0.0330336 0.075598 0.0511632 0.0102225 0.0141562 0.0520642 0.13649 0.223482 0.0242101 0.00301964 0.000984264 0.0425781 0.0869083 0.129724 0.197383 0.0768928
internal_weight=0 3591.48 3712.21 3474.58 2809.22 1436.17 654.729 3.67271 1373.05 781.441 411.127 225.192 4.69165 651.056 62.3829 20.2212 17.0473 1363.73 882.023 32.6417 8.0977 3.87014 24.544 481.704 458.132 23.572 11.422 7.60904 4.86031 2.87072
internal_count=138802 77256 61546 57441 45672 24994 11140 60 20678 13854 7046 3785 59 11080 995 301 264 20563 13282 458 98 46 360 7281 6914 367 169 107 71 45
cat_boundaries=0 1 2
cat_threshold=2 1
is_linear=0
shrinkage=0.05


Tree=15
num_leaves=31
num_cat=1
split_feature=1 0 2 7 0 1 2 0 2 6 4 0 3 4 4 4 2 0 5 6 0 5 6 6 6 5 5 1 3 0
split_gain=53.6917 26.6806 17.587 17.5221 21.5938 32.5501 20.2397 18.9303 17.7703 18.8195 17.5112 18.7414 17.3224 24.7349 15.4312 24.3693 15.3691 26.3515 22.078 18.5866 17.2469 25.597 18.9704 18.3043 15.2306 17.1825 34.4395 22.0474 23.4083 37.2388
threshold=10.175487867309222 88.651415000000014 1.2542661674754687 0 87.057190000000006 19.060540631152108 6.2865274438384553 85.867025000000012 9.1383467806211005 6.2827500000000009 5.5325700000000007 86.313835000000012 2112.5483500000005 5.8678250000000007 6.2772950000000014 6.3151150000000014 7.3709432388097724 90.482970000000009 0.87528000000000017 5.5640250000000009 95.095485000000011 1.7107350000000003 5.6178850000000002 6.8935400000000007 5.7734200000000007 1.0943250000000002 0.76329500000000017 15.60277881498585 2338.5406320000006 91.861950000000022
decision_type=2 2 2 1 2 2 2 2 2 2 2 2 8 2 2 2 2 2 2 2 2 2 2 2 2 2 2 2 10 2
left_child=1 -1 -2 6 5 -5 -4 -8 9 -7 -9 12 -12 -14 -13 -16 17 18 -17 -20 23 22 -22 24 25 26 -18 -28 29 -29
right_child=2 -3 3 4 -6 8 7 10 -10 -11 11 14 13 -15 15 16 20 -19 19 -21 21 -23 -24 -25 -26 -27 27 28 -30 -31
leaf_value=-0.0023995299682503177 -0.014529580260071454 -0.013568447568366613 -0.0028659432416190582 0.014083035186499691 -0.00052661610266662654 0.0041181066852842415 -0.012174798215376448 0.021393419737824618 0.2352614428286815 0.20658267100864861 0.017421713190136964 0.0050304017129977757 0.25506912353173922 0.054469481250382569 0.06228100990516016 -0.017010883170281578 -0.01253973724021183 0.0017095839847830901 0.28407569726252596 0.10491626114540653 0.30568598973059968 -0.01163997923461574 0.088161871797346955 0.17718206663058048 -0.017305305835683488 -0.00044539686019996207 0.013270823106136248 0.11711063768456774 -0.0072353796842148654 0.38467149005053747
leaf_weight=2921.9532809536904 122.10528155788779 654.47024998720735 342.03686311189085 136.53778341412544 1592.9401447987184 3.5561215318739405 86.152559801004827 366.29868653509766 2.3347759246826172 1.6947486940771339 9.1561693092808145 860.39744250290096 2.3257498852908602 4.5294782854616642 29.705298119224608 2.9861320145428207 9.7488566562533396 14.298213379457591 1.7889730110764483 7.5873522954061627 1.4254133626818637 4.6738763861358166 3.3766958005726337 1.4710406977683295 64.847838592715561 44.281705566681921 3.4023345168679935 3.5534938983619213 1.502106240019202 2.0510432813316584
leaf_count=62857 2162 14399 5661 2244 26713 48 1653 5649 19 12 148 14114 29 64 419 43 155 233 23 86 18 74 57 21 1033 710 60 44 23 31
internal_value=0 -0.00444339 0.0041327 0.00476487 0.00115024 0.0196838 0.00812686 0.0105915 0.120495 0.0694647 0.0119541 0.00873207 0.0624219 0.122526 0.00791885 0.0205534 0.0131308 0.0479316 0.101391 0.139099 0.00651938 0.071657 0.15273 0.0018025 -0.000191436 0.0170042 0.0551473 0.117939 0.168049 0.215028
internal_weight=0 3576.42 3726.77 3604.66 1737.06 144.123 1867.6 1525.56 7.58565 5.25087 1439.41 1073.11 16.0114 6.85523 1057.1 196.7 166.995 26.6607 12.3625 9.37633 140.334 9.47599 4.80211 130.858 129.387 64.5395 20.2578 10.509 7.10664 5.60454
internal_count=138802 77256 61546 59384 29036 2323 30348 24687 79 60 23034 17385 241 93 17144 3030 2611 385 152 109 2226 149 75 2077 2056 1023 313 158 98 75
cat_boundaries=0 1
cat_threshold=2
is_linear=0
shrinkage=0.05


Tree=16
num_leaves=31
num_cat=1
split_feature=1 0 7 0 1 0 1 1 3 2 1 6 2 5 3 4 3 6 4 1 6 0 5 1 1 2 2 3 0 1
split_gain=49.6344 19.3126 13.0064 14.7779 22.9306 17.3079 21.0087 19.587 57.2237 15.1583 14.8735 18.8452 13.989 32.3062 13.6888 19.1528 13.4651 12.922 19.0451 20.878 19.5 23.7248 19.1849 12.8389 12.4258 11.9347 13.3369 11.8909 11.8213 12.6806
threshold=14.883977505420985 93.194275000000019 0 88.420240000000021 2.7229375798280322 83.375080000000011 7.4989377254196095 7.9027776437144981 1521.3246060000004 13.99945330344519 11.182149720274012 6.0831050000000007 -5.5678447047524182 1.5870750000000002 2590.5873870000005 5.7331700000000003 1823.8593345000002 5.8478600000000016 5.9191650000000005 14.281904484737757 5.8053350000000012 93.400185000000008 1.2298850000000001 -3.045665261698995 6.1902078320998299 4.892066159732182 10.602339530647258 1967.1267725000002 91.467335000000006 -9.1072980394965111
decision_type=2 2 1 2 2 2 2 2 8 2 2 2 2 2 10 2 10 2 2 2 2 2 2 2 2 2 2 10 2 2
left_child=2 -2 16 4 -4 6 -6 8 -8 17 12 25 13 -9 23 -16 -1 18 19 24 21 22 -21 -11 -5 -12 -27 -26 29 -18
right_child=1 -3 3 9 5 -7 7 10 -10 14 11 -13 -14 -15 15 -17 28 -19 -20 20 -22 -23 -24 -25 27 26 -28 -29 -30 -31
leaf_value=-0.0085891435915766545 0.0085215112019948105 -0.0022689991487996708 -0.0082540742467893287 -0.02921649822439364 0.0061428988895498764 -0.0019710135005852991 0.38324730416900699 0.33453731959833066 0.048168337930916835 0.15066878957947755 0.20643612514619583 -0.0034929732938290986 0.0013503037858576469 0.0047654414531924389 -0.015752054192672154 0.23624119912427186 -0.02675306077779508 -0.012536728148570934 -0.015919548464566502 0.16001930874425602 0.26277420674380053 0.23024856587092335 -0.013994136111371356 -0.020436172079337296 -0.041247655544535383 0.022550264887443588 0.15529641555311832 0.022846887961840118 -0.0075546694773482737 0.0033266240615283564
leaf_weight=421.43888835981488 1768.3300472395495 541.6859167823568 880.48992674518377 17.05602035112679 200.54788732528687 479.60553126875311 1.5639074742794008 1.0745033491402858 6.8770712399855265 1.0998398885130871 2.4287837892770749 5.7547480976209036 34.042220183648169 2.4048720728605986 1.8872331846505397 1.2557889223098753 35.732603302225471 244.79732282273471 69.905883043073118 2.0463688662275654 1.293831756338476 1.6735068224370468 7.0090714665129781 343.56789321452379 7.9246475035324684 4.4203554149717093 3.3081884440034628 83.302268571220338 328.64238156657666 1801.346557459794
leaf_count=9748 26656 9274 20295 417 4201 9521 26 20 148 25 28 101 643 44 39 14 745 4841 1423 33 16 23 127 7530 150 60 27 1527 6629 34471
internal_value=0 0.0059912 -0.00287283 -0.00551958 -0.00279736 0.00367757 0.014001 0.0394706 0.11025 -0.0111618 0.0282894 0.0687979 0.0111106 0.106606 -0.0189429 0.0849314 -0.000412088 -0.00494045 0.00483576 0.016896 0.079406 0.0572931 0.0253298 -0.0198902 0.00995547 0.109755 0.079372 0.0172792 0.00117913 0.00274155
internal_weight=0 2310.02 4992.5 2405.34 1622.52 742.028 262.423 61.8747 8.44098 782.82 53.4337 15.9121 37.5216 3.47938 347.811 3.14302 2587.16 435.009 190.212 120.306 12.0228 10.7289 9.05544 344.668 108.283 10.1573 7.72854 91.2269 2165.72 1837.08
internal_count=138802 35930 102872 51279 35114 14819 5298 1097 174 16165 923 216 707 64 7608 53 51593 8557 3716 2293 199 183 160 7555 2094 115 87 1677 41845 35216
cat_boundaries=0 1
cat_threshold=2
is_linear=0
shrinkage=0.05


Tree=17
num_leaves=31
num_cat=1
split_feature=1 0 1 2 0 2 7 0 2 1 4 0 4 0 4 2 6 3 5 6 3 3 5 0 5 1 2 2 2 3
split_gain=44.9659 24.2593 17.3634 16.417 19.0728 15.9579 15.1916 18.2549 18.0576 18.0155 16.7652 16.7155 15.5283 14.7777 14.3665 20.2434 21.1276 17.5137 17.4728 15.3744 18.3351 14.3437 13.7306 25.7729 25.9163 23.5302 24.7736 19.5937 36.0091 18.5022
threshold=10.175487867309222 83.460115000000016 5.013000525483565 3.8650134780992147 83.293435000000017 1.2542661674754687 0 89.349505000000008 6.2865274438384553 18.316648726922732 5.6053050000000004 85.867025000000012 5.5848300000000011 86.313835000000012 6.2253000000000016 7.0631024417627506 6.2515350000000014 2179.6824765000006 1.9378300000000002 6.6850950000000013 2290.8679240000006 2437.1814925000003 1.4838700000000002 92.648620000000008 1.5291250000000003 18.40498539843335 8.4737066182496985 11.874900888482829 12.385527462857429 2483.4807015000006
decision_type=2 2 2 2 2 2 1 2 2 2 2 2 2 2 2 2 2 10 2 2 10 10 2 2 2 2 2 2 2 8
left_child=1 2 -1 21 -5 -2 8 -8 -7 -9 -11 -10 -13 -14 -15 16 17 18 -16 20 -18 -4 -12 24 -24 26 -26 29 -29 -27
right_child=5 -3 3 4 -6 6 7 9 11 10 22 12 13 14 15 -17 19 -19 -20 -21 -22 -23 23 -25 25 27 -28 28 -30 -31
leaf_value=-0.0022761343614136438 -0.014120517636763029 -0.0082774828065974183 0.041236210366636883 0.00064386328380324734 0.083017670864890689 -0.0029342445392185569 0.0093224215145380034 -0.0060798062759938919 -0.011752822459154353 -0.023004713336732464 0.0023218108308200205 0.018951667243063644 0.054833632369182476 0.0035514879935640686 0.034394312725654817 0.012471895471803539 0.09846100285826892 -0.0080876562217966838 0.17327707419336288 0.005341717517758548 0.31023387065578856 -0.0022889450641406356 0.15737292246107126 2.417611719054076e-05 0.34653706778796078 0.0012185742640629371 0.067350003636582459 0.20910256197204313 0.034495827774279952 0.10100999851451263
leaf_weight=1481.4243365479633 120.90397052373737 1757.1227855300531 64.70250559784472 215.03103148378432 7.2644951092079273 342.455012653023 476.18627844471484 884.25911586266011 85.332902005873621 41.683113552629948 202.50755781121552 433.24346940033138 16.338603336364031 767.67564575653523 6.3514101170003467 215.40515956934541 2.2512380164116612 10.867805246263741 3.5196435395628214 1.450437983497977 1.8719527674838898 26.756178332492709 4.6669406574219456 65.142447015270591 1.1911944914609187 42.134536135941744 2.3864519689232111 3.863141585141423 12.530113734304903 5.2204035874456158
leaf_count=32510 2162 38111 1327 4619 165 5661 7567 15673 1653 620 3100 6604 230 12516 108 3316 35 157 16 22 30 524 69 1066 20 625 37 40 168 51
internal_value=0 -0.00410103 -1.31163e-05 0.010672 0.00333579 0.00374928 0.00434471 0.000977507 0.00745315 -0.00216233 0.00692192 0.00975658 0.0110146 0.00766222 0.00689868 0.0175291 0.0589295 0.0357026 0.0839146 0.145354 0.194607 0.028503 0.0105947 0.0228113 0.0434301 0.0355318 0.160307 0.0285292 0.0756427 0.0122196
internal_weight=0 3552.3 1795.18 313.754 222.296 3749.44 3628.53 1741.77 1886.76 1265.59 381.326 1544.31 1458.98 1025.73 1009.39 241.718 26.3125 20.7389 9.87105 5.57363 4.12319 91.4587 339.643 137.135 71.9928 67.3258 3.57765 63.7482 16.3933 47.3549
internal_count=138802 77256 39145 6635 4784 61546 59384 29036 30348 21469 5796 24687 23034 16430 16200 3684 368 281 124 87 65 1851 5176 2076 1010 941 57 884 208 676
cat_boundaries=0 1
cat_threshold=2
is_linear=0
shrinkage=0.05


Tree=18
num_leaves=31
num_cat=1
split_feature=1 0 1 2 4 0 0 4 5 1 7 6 1 0 6 4 4 3 2 1 3 2 0 3 6 0 0 0 2 2
split_gain=41.8448 14.9733 16.222 26.9956 19.8435 21.7619 21.2203 78.8308 19.118 16.9647 19.0365 16.2852 33.696 15.2186 14.4587 14.0019 15.8807 35.096 34.8057 19.5762 13.9296 13.3984 16.8353 20.8554 16.1048 19.8414 19.8246 21.5244 38.3669 46.764
threshold=15.290535306980233 92.125180000000015 6.8756833683938083 4.892066159732182 5.6725350000000008 76.785680000000013 92.069755000000015 5.7784150000000007 0.76329500000000017 -2.3257411342448493 0 5.8478600000000016 6.7774613404259965 81.067305000000019 6.2907900000000003 5.4821900000000001 5.5271800000000004 2187.4842395000005 -2.2644560199521853 -0.12370773001438577 1548.4394695000003 14.754560483391344 91.913640000000001 2174.2307400000004 5.8903050000000006 83.723060000000018 91.317450000000022 91.568215000000023 9.6779149060382981 9.6035378442451904
decision_type=2 2 2 2 2 2 2 2 2 2 1 2 2 2 2 2 2 8 2 2 10 2 2 10 2 2 2 2 2 2
left_child=1 2 3 9 14 8 21 -8 -6 13 11 12 15 -1 -4 -11 17 18 -17 -19 -3 24 -23 -24 25 -7 -26 28 29 -28
right_child=-2 20 4 -5 5 6 7 -9 -10 10 -12 -13 -14 -15 -16 16 -18 19 -20 -21 -22 22 23 -25 26 -27 27 -29 -30 -31
leaf_value=-0.0027005668676744958 0.0057682235508081901 0.19635618118563858 0.010882542677207877 -0.011656814985929707 0.19437710155768939 0.030569828726541605 0.34736297529285787 -0.022642387703224978 0.033013227976563655 0.001017457795825612 -0.0025188008783477746 -0.0045728287265339928 0.25006168299814213 -0.02087718115026917 -0.00333183407653542 0.48347862149929655 0.018717550007417122 0.15397045045745675 0.09954703517059113 -0.012687082081566671 -0.010964905011223857 -0.021657177827619778 0.20566947250141521 -0.0089178619856205409 -0.011657100701013114 0.0004458656642749387 0.10024035932813835 -0.0010171556806262876 -0.017521001492382525 0.44901120128136979
leaf_weight=382.14446056168526 2160.3449329901487 0.81148381717502971 681.89173854142427 828.3622490298003 2.316277250647544 64.686977664008737 2.0118171479552975 5.0604896647855639 8.844463915564118 126.25604654476047 792.22955879475921 140.48641743510962 1.5241557992994774 164.8251162385568 242.53289504256099 0.94677216932177577 226.32853678334504 2.4190209805965415 1.5679031629115314 6.4880662020295867 511.40617749653757 138.42312752641737 1.8422665391117323 2.937975057400763 414.09777081478387 352.72893167287111 5.9366787979379279 24.548068165779114 5.7048493977636099 1.1467579603195188
leaf_count=8324 33205 15 12384 18835 40 1277 22 94 174 2457 18021 2818 25 3560 4290 21 4366 46 33 130 10759 2760 35 63 7775 6559 121 472 119 2
internal_value=0 -0.0025248 -0.00162708 -0.00415816 0.00183484 -0.0029371 -0.00369755 0.0826108 0.0665024 -0.000791833 0.00232004 0.00989583 0.0154566 -0.00817795 0.00715325 0.0144743 0.0216205 0.0791443 0.244097 0.0325744 -0.0106365 -0.00430068 -0.0184713 0.0737824 -0.00196508 0.00511418 -0.00851088 0.0263839 0.0789822 0.156704
internal_weight=0 5140.51 4628.29 2673.58 1954.71 1030.29 1019.13 7.07231 11.1607 1845.22 1298.25 506.017 365.531 546.97 924.425 364.006 237.75 11.4218 2.51468 8.90709 512.218 1012.05 143.203 4.78024 868.85 417.416 451.434 37.3364 12.7883 7.08344
internal_count=138802 105597 94823 58636 36187 19513 19299 116 214 39801 27917 9896 7078 11884 16674 7053 4596 230 54 176 10774 19183 2858 98 16325 7836 8489 714 242 123
cat_boundaries=0 1
cat_threshold=2
is_linear=0
shrinkage=0.05


Tree=19
num_leaves=31
num_cat=2
split_feature=1 0 2 6 7 4 6 2 4 6 3 0 3 1 2 0 1 4 4 7 0 1 0 1 2 3 6 4 1 3
split_gain=37.7613 16.4647 13.9936 11.3386 11.151 14.8535 23.124 12.2768 13.66 28.993 13.3682 28.8098 12.1807 10.9686 14.7716 13.1059 28.5184 11.575 10.997 10.8795 13.0838 19.5082 14.102 17.1245 13.8449 11.6312 11.5297 16.8955 16.6049 16.9348
threshold=14.883977505420985 93.194275000000019 -11.906653372934185 5.0580500000000006 0 6.9555650000000009 5.8584400000000008 6.8536739337917707 6.2410900000000007 5.2756600000000011 2151.8981570000005 93.869720000000015 2073.0988995000002 16.170893614634 11.474290462470725 94.489590000000007 18.316648726922732 5.8224350000000014 6.2253000000000016 1 88.420240000000021 2.7229375798280322 83.375080000000011 5.013000525483565 13.99945330344519 1823.8593345000002 5.8478600000000016 5.9191650000000005 14.281904484737757 2166.9044065000003
decision_type=2 2 2 2 1 2 2 2 2 2 10 2 10 2 2 2 2 2 2 1 2 2 2 2 2 10 2 2 2 10
left_child=19 -2 -3 13 7 -6 -7 -5 -9 -10 11 12 -11 17 15 18 -17 -4 -15 25 21 -21 23 -23 26 -1 27 28 -22 -30
right_child=1 2 3 4 5 6 -8 8 9 10 -12 -13 -14 14 -16 16 -18 -19 -20 20 24 22 -24 -25 -26 -27 -28 -29 29 -31
leaf_value=-0.0079548765407717846 0.0074692607617976546 0.17376689513534241 0.23207702118395021 -0.014927540573194627 -0.012585815431309533 0.23537580535397251 -0.053303234883848187 0.0029302718357491599 0.22129825541088041 0.1184466175747946 0.011771197786017942 0.0067502951999706519 0.33131376769452237 -0.028413677792013006 -0.04992952578619389 -0.053308558074648266 0.24549028950846449 0.036733719085054455 0.12355246990819571 -0.007517871464238688 0.0095957769972818338 -0.00076489664388008406 -0.0016341250745992718 0.02460596218806332 -0.017921712182072256 0.0011757772167040902 -0.01168771072324667 -0.015083582038436953 -0.036067158557625517 0.10047358009886923
leaf_weight=415.7548302654177 1796.5970097715035 1.1241315193474282 1.3484786394983559 68.596916003152728 262.50624696351588 1.5161285167559975 1.2788289077579973 151.58622388914227 2.0039122588932505 1.4659243728965514 30.326035028323531 4.1895117964595556 1.2409438379108904 4.5245851892977935 5.1349345277994862 1.2752403896301987 2.1363458409905434 1.7328334636986253 1.6155425906181333 866.87476591952145 108.85222456231713 125.15753715392202 476.59224760811776 141.93672960344702 338.11690419632941 2165.4015100235119 240.0309381345287 68.450296825729311 2.937321691773831 10.008962504565714
leaf_count=9748 26656 7 17 1206 4581 33 18 2562 27 25 457 65 21 67 81 18 33 27 29 20295 2094 2668 9521 2630 7608 41845 4841 1423 55 144
internal_value=0 0.00516232 -0.00246208 -0.00282726 -0.00415746 -0.011365 0.103291 0.00321383 0.00973563 0.0360343 0.0260604 0.0888953 0.216034 0.0364552 0.018461 0.0552273 0.1338 0.122222 0.0115705 -0.00254302 -0.00498219 -0.00242096 0.00352023 0.0127174 -0.0103505 -0.000294925 -0.00440102 0.00479236 0.0159626 0.0694945
internal_weight=0 2340.2 543.603 542.479 524.711 265.301 2.79496 259.409 190.813 39.2263 37.2224 6.89638 2.70687 17.768 14.6866 9.55171 3.41159 3.08131 6.14013 4960.11 2378.96 1610.56 743.687 267.094 768.397 2581.16 430.28 190.249 121.799 12.9463
internal_count=138802 35930 9274 9267 8995 4632 51 4363 3157 595 568 111 46 272 228 147 51 44 96 102872 51279 35114 14819 5298 16165 51593 8557 3716 2293 199
cat_boundaries=0 1 2
cat_threshold=2 2
is_linear=0
shrinkage=0.05


Tree=20
num_leaves=31
num_cat=2
split_feature=1 0 2 1 2 7 6 0 1 6 2 7 0 1 4 2 2 0 3 3 1 4 2 3 1 1 1 1 4 3
split_gain=34.9155 21.5849 14.433 12.4649 15.3753 18.487 15.8979 14.2354 12.6715 20.4168 26.7037 12.4568 16.3627 25.0508 15.694 14.186 20.9152 33.142 30.4516 34.0509 35.0286 16.571 41.1489 14.987 17.4633 13.3898 20.5491 22.8396 25.4296 24.5086
threshold=10.175487867309222 88.651415000000014 1.2542661674754687 -2.3257411342448493 4.892066159732182 0 5.7841050000000012 81.067305000000019 6.8756833683938083 4.8196800000000009 15.86760171923965 1 87.057190000000006 19.060540631152108 5.5694500000000007 10.667694571264958 11.27906800033338 94.912500000000009 2166.9044065000003 2075.8929270000003 12.96234188714987 5.5642850000000008 9.2951084882336676 1994.2347670000001 12.764813060521513 14.803449588339449 16.552977922585061 15.926645813097979 5.4995550000000009 2115.7281395000005
decision_type=2 2 2 2 2 1 2 2 2 2 2 1 2 2 2 2 2 2 10 10 2 2 2 10 2 2 2 2 2 10
left_child=1 3 -2 7 5 6 -5 -1 -6 10 -10 14 13 -13 15 21 17 18 19 23 -21 -4 -23 24 -17 -18 27 29 -29 -27
right_child=2 -3 11 4 8 -7 -8 -9 9 -11 -12 12 -14 -15 -16 16 25 -19 -20 20 -22 22 -24 -25 -26 26 -28 28 -30 -31
leaf_value=-0.003034801050985499 -0.013802350479013362 -0.012033921504030744 0.0011652227142511646 0.016370168791791897 -0.0094676786564261081 -0.0015216096090445972 -0.0016848712372915715 -0.019966606682963961 0.047442641526676731 0.00085139139900332241 0.32700230869030539 0.011546203141825787 -0.00070891699180587004 0.099769504613713478 0.0039226969989038718 -0.017142047435378508 0.0085605505940126465 0.28381335928355533 0.0046222150090757348 0.36576878256411188 0.096391689722996263 -0.0086430416371583978 0.32148992268568755 -0.053343339964853353 0.18262608893893595 0.11067983179173538 0.0070960596094022631 0.073330475427592398 0.23821780687892599 0.0102521821919356
leaf_weight=388.58280782960355 119.93450880795717 630.93201590608805 184.13869844935834 362.96375708468258 603.12550960108638 835.53388294298202 183.59295715857297 182.41074641700834 6.0936552807688704 326.98150253575295 0.99346924200654019 141.40828472841531 1597.3740634890273 8.5317328348755819 1412.4910452635959 1.9414722612127713 182.87195959128439 1.569715280085801 16.934832541272044 2.0757566262036562 2.8828847259283066 2.8431124072521916 1.4129891842603681 2.733329052105546 2.5061897523701191 7.7278475221246472 45.436606869101524 12.166724054142831 2.8946556821465483 28.405052779242396
leaf_count=8520 2162 14399 2828 6895 13758 18946 3672 4107 119 6830 10 2244 26713 79 22775 37 2917 22 252 26 40 43 15 39 25 106 625 172 37 389
internal_value=0 -0.0036552 0.00326521 -0.00182617 -0.000196937 0.00315543 0.0103053 -0.00844387 -0.00514071 0.00267117 0.0866312 0.00382475 0.00077349 0.0165662 0.00661461 0.0142415 0.020815 0.0600285 0.0479465 0.108384 0.209157 0.00341969 0.100958 0.0387983 0.0954243 0.0165157 0.0315707 0.0532927 0.10502 0.0317309
internal_weight=0 3521.21 3778.28 2890.28 2319.28 1382.09 546.557 570.994 937.194 334.069 7.08712 3658.35 1747.31 149.94 1911.03 498.542 310.147 30.6442 29.0745 12.1396 4.95864 188.395 4.2561 7.18099 4.44766 279.503 96.6309 51.1943 15.0614 36.1329
internal_count=138802 77256 61546 62857 50230 29513 10567 12627 20717 6959 129 59384 29036 2323 30348 7573 4687 441 419 167 66 2886 58 101 62 4246 1329 704 209 495
cat_boundaries=0 1 2
cat_threshold=2 2
is_linear=0
shrinkage=0.05


Tree=21
num_leaves=31
num_cat=1
split_feature=1 0 3 1 2 4 0 0 4 1 7 1 5 0 6 2 2 2 4 2 6 0 0 0 2 3 5 4 5 4
split_gain=32.1672 13.2787 14.5078 12.942 22.6983 17.451 18.1691 17.603 49.4445 13.3341 15.4293 14.5669 12.957 12.9399 12.722 13.3531 15.8891 12.147 18.0975 12.0129 14.6379 16.0324 15.2843 17.1185 31.4029 31.462 17.8329 17.5562 14.4317 25.847
threshold=15.290535306980233 92.125180000000015 1521.3246060000004 6.8756833683938083 3.473340066487514 5.6725350000000008 76.785680000000013 92.069755000000015 5.7784150000000007 -2.3257411342448493 0 6.7774613404259965 0.76329500000000017 81.067305000000019 6.2907900000000003 -3.6304827416592205 10.044176240110245 6.2865274438384553 6.0037300000000009 15.48945952452066 5.8903050000000006 85.228135000000023 91.317450000000022 91.568215000000023 9.6779149060382981 2217.5989075000002 1.7547300000000001 6.3151150000000014 1.0000000180025095e-35 6.2174150000000008
decision_type=2 2 10 2 2 2 2 2 2 2 1 2 2 2 2 2 2 2 2 2 2 2 2 2 2 10 2 2 2 2
left_child=1 3 -3 4 9 14 12 19 -9 13 11 -11 -7 -1 -5 -16 -17 18 -14 20 21 -8 28 24 25 -24 -27 -25 29 -22
right_child=-2 2 -4 5 -6 6 7 8 -10 10 -12 -13 17 -15 15 16 -18 -19 -20 -21 22 -23 23 27 -26 26 -28 -29 -30 -31
leaf_value=-0.0021397216141212602 0.0050008805608215299 0.2053234025266352 -0.010282358049100732 0.01009371225498706 -0.010477198305029529 0.15355713204847948 0.022086155826914176 0.24457917406518723 -0.021833334264406784 0.0084545347788430678 -0.0021704230626470324 0.12232890695539528 -0.053167752548424978 -0.019212211703216273 0.11927052709901594 -0.021002658924881512 0.0055944253545649018 -0.019786930683398332 0.17385166680989197 -0.020674953370789891 -0.018604927600857416 -0.00086082730405970221 0.010291422771551694 -0.017941454779165551 -0.016915571971757991 0.077522033086905126 0.28087202937730038 0.11472419184776028 -0.012112045967517811 0.25391275244641404
leaf_weight=378.07650266680866 2186.6214289162308 0.78143701981753011 503.50821894034743 689.84871192649007 839.34959272295237 2.7588528655469409 97.754854659549892 2.690588714554905 4.9378208359703422 497.35050036665052 773.82392601855099 2.8243302982300511 1.3303802106529459 157.10933688934892 2.2043126635253421 89.71769841760397 150.09380495920777 5.2445619609206915 2.5809930507093668 98.706455581821501 2.2319768723100419 343.89788467530161 3.2556975632905942 23.04623502865434 6.5849150428548446 1.6346889100968836 3.1666928771883249 2.7963394476100794 423.47879131510854 1.4259641626849768
leaf_count=8305 33205 11 10763 12384 19493 40 1917 22 94 9522 17740 42 23 3534 42 1598 2650 111 40 2013 42 6353 64 456 135 29 30 44 8081 19
internal_value=0 -0.00224535 -0.00994826 -0.00140234 -0.0036815 0.00167844 -0.00281522 -0.00353537 0.0721321 -0.000528723 0.00225341 0.00909755 0.0585696 -0.00715153 0.00663339 -0.00323 -0.00435601 0.0299481 0.0966353 -0.00410802 -0.0023096 0.00421823 -0.00847491 0.020887 0.0640813 0.130279 0.211639 -0.00358614 -0.0112579 0.0876298
internal_weight=0 5112.21 504.29 4607.92 2648.53 1959.39 1027.52 1015.61 7.62841 1809.18 1274 500.175 11.9148 535.186 931.865 242.016 239.812 9.15594 3.91137 1007.98 909.274 441.653 467.621 40.4846 14.642 8.05708 4.80138 25.8426 427.137 3.65794
internal_count=138802 105597 10774 94823 58636 36187 19513 19299 116 39143 27304 9564 214 11839 16674 4290 4248 174 63 19183 17170 8270 8900 758 258 123 59 500 8142 61
cat_boundaries=0 1
cat_threshold=2
is_linear=0
shrinkage=0.05


Tree=22
num_leaves=31
num_cat=1
split_feature=1 0 2 6 0 1 6 6 0 3 4 3 3 1 0 4 0 0 6 7 5 4 6 3 3 1 0 3 6 2
split_gain=29.4434 15.3367 12.0834 12.1287 11.9504 11.6759 11.2721 22.7255 36.0491 34.6988 28.097 20.2686 15.3076 13.0654 12.5496 12.0094 17.0818 13.3378 14.1924 15.599 21.3481 26.9098 20.253 13.1822 19.3731 12.4114 12.263 52.6688 15.4925 14.478
threshold=12.052291399011919 93.261140000000012 1.2542661674754687 5.1990100000000004 91.169675000000012 16.706734422987548 6.077465000000001 6.0356150000000008 91.317450000000022 2217.5989075000002 5.2378350000000014 2239.8397280000004 2507.0801040000006 2.6199824539663008 83.375080000000011 5.1417650000000004 87.651615000000007 86.488610000000008 6.7974650000000016 0 2.5098900000000004 4.9178800000000011 6.8583000000000007 2483.4807015000006 2492.5667160000007 11.61093329426553 86.976780000000005 2255.6812310000005 6.2146950000000007 13.718838038640341
decision_type=2 2 2 2 2 2 2 2 2 10 2 10 10 2 2 2 2 2 2 1 2 2 2 10 8 2 2 10 2 2
left_child=1 6 3 5 -4 -2 7 -1 14 -10 -11 -12 -13 -8 -9 17 23 -15 26 20 21 -20 -21 -17 -25 -18 27 28 -19 -28
right_child=2 -3 4 -5 -6 -7 13 8 9 10 11 12 -14 15 -16 16 25 18 19 22 -22 -23 -24 24 -26 -27 29 -29 -30 -31
leaf_value=-0.0016921999662023316 -0.0028028432105001739 -0.020040553358050453 0.006862594749780352 -0.016871617861420229 0.00076774092846432695 0.23345622837681348 -0.017799319702440249 0.033796937349503037 -0.007839009526044851 0.38491066346028202 0.24951171615009182 -0.017105183015151761 0.20303277537827849 -0.0091301459432878204 -0.0049644690878410018 -0.0020194545636393921 -0.021855666940244746 0.15370713346450349 0.38180599824505801 0.19131269668935341 0.032598571607455308 0.094714164701675041 -0.05249461143931549 0.23229898972812948 0.02904389698002488 0.017553194123197235 0.03474708932626918 0.33587637605777854 -0.048613858407545812 -0.010721955518844813
leaf_weight=2823.3907425291836 1.1528987986966961 127.41181388217956 1667.7445573005825 92.813102072104812 1553.341417837888 0.95704920589923848 221.35282189119607 37.052137986756861 4.1036928771063668 1.3009185064584015 2.1336450455710292 2.4141594860702758 1.1735785529017446 63.921301619149745 47.84878824558109 321.96566057298332 202.63482771627605 1.2548010600730766 1.3607112476602199 1.1051412858068923 3.4140661638230085 2.0397994816303253 3.7157416511327028 1.3242617901414604 10.219615391455591 22.164285382255912 28.928350915201008 1.52685802988708 3.8472277661785483 44.343791499733925
leaf_count=61203 31 3133 24876 1614 25745 14 5108 809 85 20 8 50 11 1261 1028 6971 4344 24 25 26 69 32 80 28 212 429 543 26 70 927
internal_value=0 -0.00297309 0.00340527 -0.0141768 0.0039234 0.104362 -0.00240892 -0.00087864 0.0230417 0.107668 0.175169 0.127478 0.0549037 -0.00718643 0.0119516 -0.00389516 -0.00731749 0.00839573 0.0206343 0.0722267 0.12092 0.209594 0.00339588 -0.000137186 0.0523604 -0.0179701 0.0131213 0.0782452 0.00114529 0.00722954
internal_weight=0 3981.95 3316.01 94.9231 3221.09 2.10995 3854.54 2919.42 96.0269 11.126 7.0223 5.72138 3.58774 935.119 84.9009 713.766 558.309 155.458 91.5365 11.6355 6.81458 3.40051 4.82088 333.51 11.5439 224.799 79.901 6.62889 5.10203 73.2721
internal_count=138802 86522 52280 1659 50621 45 83389 63214 2011 174 89 69 61 20175 1837 15067 11984 3083 1822 232 126 57 106 7211 240 4773 1590 120 94 1470
cat_boundaries=0 1
cat_threshold=2
is_linear=0
shrinkage=0.05


Tree=23
num_leaves=31
num_cat=1
split_feature=1 0 3 1 0 3 1 6 6 1 5 2 4 0 4 0 6 5 1 4 1 4 8 2 0 6 5 5 2 4
split_gain=27.1654 11.5333 11.8522 11.0327 15.497 12.9 10.942 10.9223 12.3329 28.844 41.0186 20.1229 22.3103 11.3964 26.4507 28.473 23.9097 17.1586 12.4883 12.3468 15.8926 13.2369 18.1973 23.8757 41.3429 30.6404 16.2316 28.9651 11.7704 14.1339
threshold=15.290535306980233 92.125180000000015 1462.1558820000002 -3.4499348845950304 80.892025000000004 2309.7712975000004 -9.9964899752286609 5.8326250000000011 5.816205000000001 12.867783317516116 1.6019150000000002 8.7368196634207802 5.8764150000000006 76.785680000000013 6.3475650000000003 76.049400000000006 6.7974650000000016 0.64039000000000013 2.6199824539663008 4.637385000000001 2.8212558480254848 4.4668950000000009 0 15.401482130363888 88.235495000000014 6.2515350000000014 2.2073800000000006 2.6596950000000006 -12.431479150467448 5.3135500000000002
decision_type=2 2 10 2 2 10 2 2 2 2 2 2 2 2 2 2 2 2 2 2 2 2 1 2 2 2 2 2 2 2
left_child=1 3 -3 4 5 -1 -7 8 -5 -10 -11 -12 -13 14 17 16 -16 -9 -15 20 -20 -22 23 24 26 -26 -23 -28 29 -21
right_child=-2 2 -4 7 -6 6 -8 13 9 10 11 12 -14 18 15 -17 -18 -19 19 28 21 22 -24 -25 25 -27 27 -29 -30 -31
leaf_value=-0.01755417354063139 0.0045650972447054128 0.17291600377700431 -0.0096417611857171036 0.0012711909455572525 -0.024024126083680986 -0.022408531231259785 0.0095261290632445341 0.18984075263111228 0.0092180086313564929 -0.037946203382269499 0.058465636072890938 0.13830507164786549 0.38550004846165525 -0.013171231056727663 -0.033739684693896987 0.27027134257887903 0.25516001330013854 0.0023854272369649848 0.18275303883640936 0.23225130157102389 -0.0056511020881364164 -0.052864568416783234 0.0025138130603452749 0.0037658542787888695 0.48142002386738442 0.14118567051612971 0.3234401090192654 -0.0016542966159215527 -0.0032216180567406273 -0.0033083185787028575
leaf_weight=100.03931842092425 2201.9347025863826 0.89066983573138614 496.36179454997182 2211.2070975508541 122.043147736229 31.910988537594676 168.23678807076067 1.2527093868702639 42.417960488237441 3.0400381125509721 1.8979054149240253 1.8669694466516378 1.7859412506222723 307.36606536153704 2.8502679960802193 2.0421534916386008 0.95651572383940209 47.848534400574863 1.4640605142340053 1.16887788940221 32.135777936317027 2.0171225853264332 13.980221969075501 5.2965646237134933 1.2473800815641882 1.409407580271363 1.1685776524245741 1.6562886675819752 1488.3334356844425 1.3989103659987447
leaf_count=2233 33205 9 10765 45861 2839 693 3671 20 878 44 27 34 16 7052 56 36 20 1052 28 17 575 40 257 94 20 21 21 30 29158 30
internal_value=0 -0.00208106 -0.00931477 -0.00129877 -0.00900106 -0.00289333 0.00443456 -0.000519968 0.00183191 0.0261387 0.109686 0.19054 0.259161 -0.00330031 0.0191407 0.119651 0.038851 0.00716793 -0.00396378 -0.00213943 0.020027 0.015983 0.041948 0.085034 0.142436 0.300928 0.0554711 0.132829 -0.00303709 0.10392
internal_weight=0 5095.29 497.252 4598.04 422.23 300.187 200.148 4175.81 2262.22 51.0088 8.59085 5.55082 3.65291 1913.59 54.9502 5.84894 3.80678 49.1012 1858.64 1551.28 60.3754 58.9113 26.7756 12.7953 7.49878 2.65679 4.84199 2.82487 1490.9 2.56779
internal_count=138802 105597 10774 94823 9436 6597 4364 85387 46860 999 121 77 50 38527 1184 112 76 1072 37343 30291 1086 1058 483 226 132 41 91 51 29205 47
cat_boundaries=0 1
cat_threshold=1
is_linear=0
shrinkage=0.05


Tree=24
num_leaves=31
num_cat=1
split_feature=1 0 2 1 2 0 1 6 1 4 3 6 4 3 4 5 5 1 2 6 6 5 1 0 2 4 0 8 0 1
split_gain=24.8965 19.6168 12.2148 12.2012 12.8337 18.2527 22.64 16.4015 16.5634 15.3922 19.4873 12.0373 11.8881 10.969 10.9609 11.0698 10.5825 10.6214 26.3611 16.9176 15.8178 15.136 13.2431 11.1116 19.9126 15.2011 10.3275 13.9921 22.5361 14.6743
threshold=10.175487867309222 83.460115000000016 2.8508680352595754 5.013000525483565 11.874900888482829 83.293435000000017 5.8941286867973544 6.5261950000000004 6.3800621423546771 5.6243450000000008 1928.5406095000001 5.318080000000001 5.8314200000000005 1353.2595635000002 5.3516150000000007 2.2459450000000003 0.6111700000000001 21.325980081761486 6.8536739337917707 6.2907900000000003 5.9675350000000007 0.42289500000000008 22.134183978175876 86.052215000000004 10.87082611033461 6.1719100000000013 90.633945000000026 0 76.785680000000013 15.60277881498585
decision_type=2 2 2 2 2 2 2 2 2 2 10 2 2 10 2 2 2 2 2 2 2 2 2 2 2 2 2 1 2 2
left_child=1 3 13 -1 14 7 -7 -6 9 10 -9 -3 -10 -2 15 -5 17 23 19 20 21 22 -19 24 -4 -26 27 28 -18 -30
right_child=2 11 16 4 5 6 -8 8 12 -11 -12 -13 -14 -15 -16 -17 26 18 -20 -21 -22 -23 -24 -25 25 -27 -28 -29 29 -31
leaf_value=-0.0013933934267137812 0.17159947708800083 0.0019194994289737485 -0.0042716327783469876 -0.029749168768727099 -0.022220775584526366 0.28856086746885884 0.019890759342051225 0.36930830783747021 -0.021690625918204795 0.0097164448031027972 0.065433919611658578 -0.008940817819690635 0.16203830447997331 -0.0090416964429780762 0.021175739245339192 0.015564072712315269 0.2276455093694606 0.26095734643444396 -0.035920381314304327 0.20479319808771029 -0.053376091976921086 -0.009416193401161994 0.066092212282018239 -0.015167181099174646 0.022588206023908181 0.21759124514979378 0.0015366451846013729 0.0017578671917992121 0.0056672217884028257 0.018895030974533333
leaf_weight=1456.9286248274148 0.84343082457780738 312.19290955457836 11.581760120578108 24.031088337302208 67.083346089348197 1.1192870093509548 2.6184776164591312 1.0601382087916125 6.9143170146271586 1.5281014777719972 1.0502967862412331 1396.2460236167535 1.0089074550196526 231.75307497940958 182.6307401554659 30.692186329513788 1.2019057925790537 1.679565731436016 8.8261018786579353 2.1965296957641831 2.6003069449216127 2.1258572284132242 1.8131010644137859 167.12223323900253 1.9023520434275258 2.1054901909083128 1814.3797038942575 689.50365518778563 521.21646622661501 350.75722310505807
leaf_count=32510 19 6867 158 468 1450 21 56 17 137 35 27 31244 26 4086 3782 616 12 23 129 28 37 31 30 2625 32 23 30139 10730 8688 4756
internal_value=0 -0.00313083 0.00271628 0.000547697 0.00939257 -0.00761058 0.100345 -0.0127414 0.0422597 0.130572 0.21808 -0.00695625 0.00170458 -0.00838666 0.0152942 -0.00433471 0.00343785 -0.00768013 0.0276545 0.0815286 0.0485854 0.0957742 0.1598 -0.0114012 0.0289702 0.125032 0.00410272 0.00708212 0.0112864 0.0109882
internal_weight=0 3485.1 3811.61 1776.67 319.737 82.3829 3.73776 78.6451 11.5618 3.63854 2.11043 1708.44 7.92322 232.597 237.354 54.7233 3579.01 201.953 19.2415 10.4154 8.21883 5.61852 3.49267 182.712 15.5896 4.00784 3377.06 1562.68 873.176 871.974
internal_count=138802 77256 61546 39145 6635 1769 77 1692 242 79 44 38111 163 4105 4866 1084 57441 3116 278 149 121 84 53 2838 213 55 54325 24186 13456 13444
cat_boundaries=0 1
cat_threshold=1
is_linear=0
shrinkage=0.05


Tree=25
num_leaves=31
num_cat=0
split_feature=1 4 1 2 1 3 4 0 5 6 2 6 2 0 1 2 6 1 4 0 2 1 0 3 3 1 2 5 5 1
split_gain=22.7009 10.6253 13.5431 24.6277 15.4922 11.473 18.9758 11.2838 12.7082 10.8997 21.9415 18.7609 17.4822 18.2766 22.0356 19.808 36.1081 17.7764 17.5104 17.1496 16.4534 14.2286 12.3737 16.7655 54.7348 19.0894 11.7424 28.6516 31.9801 26.2998
threshold=15.290535306980233 5.9527650000000003 7.3953666313126591 4.892066159732182 -2.4975848150716713 1353.2595635000002 5.8764150000000006 88.420240000000021 3.4208400000000005 5.8326250000000011 8.9822030548107907 5.816205000000001 11.602802101356962 93.782185000000013 14.463930772418912 11.474290462470725 5.6701500000000005 14.803449588339449 5.701315000000001 90.101750000000024 18.653305752532571 9.0945557759263078 90.828610000000012 1961.0194175000001 2075.8929270000003 13.649774059543885 14.441716071148555 0.93814000000000008 0.84195000000000009 14.092892988862578
decision_type=2 2 2 2 2 10 2 2 2 2 2 2 2 2 2 2 2 2 2 2 2 2 2 10 8 2 2 2 2 2
left_child=1 2 3 4 -1 6 -6 -3 -9 11 -11 12 13 15 18 -4 21 -16 -15 26 22 -17 23 -13 -25 -26 -12 28 -28 -29
right_child=-2 7 9 -5 5 -7 -8 8 -10 10 19 20 -14 14 17 16 -18 -19 -20 -21 -22 -23 -24 24 25 -27 27 29 -30 -31
leaf_value=-0.0083279619449402684 0.0041456006871195368 -0.0026257147605163785 0.011803699583714758 -0.0098384174189642577 0.027815868985829703 0.0036559119281985193 0.2103246152244129 -0.013104235312533522 0.13940021255234999 -0.012329224735675642 0.0053376493940612488 -0.05294563938581294 -0.00025160591552083521 -0.047423100859018824 0.31285073981517386 0.18541620973747441 0.25560849957859588 0.070444622343997343 0.15507823528506773 -0.0045096911643461223 0.24435593565463365 -0.033745164458563799 -0.018811688809954458 0.32029895665835012 -0.0071295098117361332 0.14812521971264819 0.029094714294374699 0.012203603996455448 0.29773142462420293 0.096579197216863963
leaf_weight=325.44220976252109 2216.7223768355325 888.42108269780874 236.50411584135145 843.46087351813912 10.54707132373005 967.54948938451707 1.6465452415868629 414.85180200915784 1.3705341331660736 279.80185789521784 253.08111058641225 2.309739448130137 396.07575595937669 3.0147214895114294 1.588065277785063 0.94412085041403671 2.3753361217677593 1.4439997654408214 1.652799538336694 304.18300741072744 1.0870204353705037 3.435292455367744 5.5178320724517098 2.1764464629814002 6.3228484708815813 2.8825148083269596 2.4985052905976763 106.91204960551113 1.9904740899801252 10.108698825351892
leaf_count=7329 33205 18774 4180 19923 228 20787 30 8409 24 5218 4448 43 7588 58 17 20 34 26 33 5925 25 59 113 32 105 37 41 1917 27 147
internal_value=0 -0.00191867 -0.00057418 -0.0031795 0.00112374 0.00426332 0.0524606 -0.00580849 -0.0126021 0.00286877 -0.00054699 0.00777529 0.00629047 0.0166155 0.0924589 0.0142149 0.0986398 0.197407 0.0242839 0.00430984 0.0551101 0.013502 0.0444011 0.0698765 0.0948011 0.0414861 0.0114717 0.0242476 0.148212 0.0194923
internal_weight=0 5079.2 3774.55 2148.65 1305.19 979.743 12.1936 1304.64 416.222 1625.91 958.576 667.331 647.034 250.958 7.69959 243.259 6.75475 3.03207 4.66752 678.774 20.2964 4.37941 19.2094 13.6915 11.3818 9.20536 374.591 121.51 4.48898 117.021
internal_count=138802 105597 78390 48297 28374 21045 258 27207 8433 30093 17723 12370 12015 4427 134 4293 113 43 91 12505 355 79 330 217 174 142 6580 2132 68 2064
is_linear=0
shrinkage=0.05


Tree=26
num_leaves=31
num_cat=0
split_feature=1 0 2 5 0 1 6 6 4 0 1 0 6 1 2 2 1 0 3 3 1 3 2 1 1 6 2 4 1 3
split_gain=20.7681 13.3684 10.1338 11.4537 10.0442 13.2493 14.0267 13.7921 15.7923 23.6984 13.7263 22.8289 29.3315 20.5911 11.6992 24.2893 25.7569 14.9623 53.9747 11.1626 10.9944 10.6474 17.3063 10.7788 10.5566 12.8918 18.5365 24.9871 40.9055 14.1488
threshold=12.052291399011919 93.261140000000012 1.2542661674754687 0.6111700000000001 81.953270000000018 -1.1323498174353703 5.8422950000000009 5.9897750000000007 5.1417650000000004 86.488610000000008 4.0445604117303287 86.901175000000009 6.2146950000000007 10.396123071130615 9.3702507540640898 8.2987527065572255 9.1951001826441381 92.42923500000002 2323.5392295000006 2464.9180995000002 10.734991386958848 1616.0996755000003 14.294892437424648 6.3800621423546771 11.61093329426553 5.9342650000000008 15.401482130363888 5.4937350000000009 11.182149720274012 2006.5238000000002
decision_type=2 2 2 2 2 2 2 2 2 2 2 2 2 2 2 2 2 2 10 10 2 10 2 2 2 2 2 2 2 10
left_child=1 4 3 -2 -1 -6 -7 20 9 21 -11 12 -12 -14 15 19 -17 -16 -19 -13 -8 22 23 -9 25 26 27 28 -22 -29
right_child=2 -3 -4 -5 5 6 7 8 -10 10 11 14 13 -15 17 16 -18 18 -20 -21 24 -23 -24 -25 -26 -27 -28 29 -30 -31
leaf_value=0.0013935973184603957 0.012699964865904967 -0.018769401229788416 0.0032857402544858301 -0.025183542917827786 -0.015826094405239195 0.00085855966798209439 -0.021868949254186029 -0.027235608763402676 -0.0077794287396039403 -0.012871734316079348 0.25743704257277589 0.004222923097880949 -0.046825142163734061 0.18607751872807377 0.010919055558790167 0.34492024156976053 0.056155948656485856 -0.030323311509509961 0.30694568179315523 0.16216013290272535 0.33949091807556192 -0.023749633500082579 0.24148236796025091 0.16919800046415576 -0.030264558695600175 -0.021552249793583951 -0.052752281722684362 0.14803339734140195 0.024286310559965402 -0.015078656370281624
leaf_weight=1382.4179638046771 28.924125240184367 122.84053299296647 3254.3236291920766 64.319542119279504 213.9110028622672 1204.5617583934218 206.64563926123083 3.8159757275134316 603.8201475199312 23.245581272989511 2.4386957772076121 7.6026926832273585 2.594585994258523 1.4963019602000711 74.897009992040694 1.4377990905195468 1.6682072980329392 3.0639252848923197 1.9356921967118976 1.3117865649983285 2.1137253874912876 53.598502933979034 0.96321188937872637 0.8547913348302244 11.096079372800885 7.8050933992490164 2.9251139191910616 1.8294456861913202 2.0062287738546729 4.8649806194007397
leaf_count=30377 479 3133 50621 1180 5027 25815 4607 99 13214 549 38 162 50 18 1447 21 33 79 39 26 27 1114 22 20 211 156 55 39 34 110
internal_value=0 -0.00253359 0.00282008 -0.0134321 -0.00201216 -0.00393976 -0.00279885 -0.00710105 -0.00389682 0.00906105 0.021686 0.0298459 0.120183 0.0383624 0.0234285 0.0694174 0.189828 0.0165094 0.100256 0.0274638 -0.0176094 -0.0168767 0.0485087 0.00871346 0.00935748 0.029764 0.0589155 0.0891199 0.186001 0.0294964
internal_weight=0 3947.76 3347.57 93.2437 3824.92 2442.5 2228.59 1024.03 784.745 180.925 121.692 98.4467 6.52958 4.09089 91.9171 12.0205 3.10601 79.8966 4.99962 8.91448 239.286 59.2325 5.63398 4.67077 32.6407 21.5446 13.7395 10.8144 4.11995 6.69443
internal_count=138802 86522 52280 1659 83389 53012 47985 22170 16931 3717 2462 1913 106 68 1807 242 54 1565 118 188 5239 1255 141 119 632 421 265 210 61 149
is_linear=0
shrinkage=0.05


Tree=27
num_leaves=31
num_cat=1
split_feature=1 7 0 1 6 2 5 5 2 2 2 1 2 6 4 6 4 4 4 1 0 3 0 0 1 1 3 4 0 0
split_gain=19.03 10.6896 13.0048 15.5486 12.1298 33.1177 12.5201 15.745 18.3409 13.6773 11.7269 11.6773 11.0497 10.9633 15.2961 19.2413 22.1619 21.5507 18.8421 16.7005 20.4075 14.9785 13.8737 30.5317 10.9341 25.9334 15.7708 33.6522 12.8134 10.765
threshold=15.290535306980233 0 88.420240000000021 2.7229375798280322 4.8196800000000009 16.371625668554092 1.5653350000000004 0.96756500000000012 4.0424329471044791 1.0000000180025095e-35 14.07061433932712 -3.045665261698995 -1.0061147237364159 5.8478600000000016 5.9191650000000005 5.778525000000001 5.8764150000000006 5.5325700000000007 5.5057200000000011 10.283876179072299 90.828610000000012 1998.8010430000002 95.746890000000022 96.02103000000001 7.2899229656412876 7.4989377254196095 2483.4807015000006 5.7513600000000009 88.821480000000022 89.247185000000016
decision_type=2 1 2 2 2 2 2 2 2 2 2 2 2 2 2 2 2 2 2 2 2 10 2 2 2 2 10 2 2 2
left_child=1 -1 3 12 5 6 7 -5 9 -9 13 -12 -3 14 15 21 17 18 19 -17 -21 -4 -15 -24 28 -26 -27 -28 -23 -19
right_child=-2 2 10 4 -6 -7 -8 8 -10 -11 11 -13 -14 22 -16 16 -18 29 -20 20 -22 24 23 -25 25 26 27 -29 -30 -31
leaf_value=0.00041791199008203261 0.0037708315214706406 -0.0036698818044248686 -0.045928721273946427 -0.027370937728016576 0.0025552832675622924 0.31126759496038098 -0.014210271384205079 0.11438060751470858 -0.0079000803117531739 0.31103021093390804 0.14305222286426947 -0.017115932195414973 -0.018950935428922438 -0.012925062907352245 -0.013727780332383791 -0.028562678561734636 0.22564996634585516 0.10978614019066597 0.28858652603679169 0.25250430826033399 0.0042477203568915588 0.058515886693681664 0.28999903270943866 0.0078389185165025285 0.24068225235936849 0.0097474316724971612 5.210932599202075e-05 0.20382143056914656 -0.046064816329226273 -0.034303105995077118
leaf_weight=2652.9600025741383 2230.2619818858802 701.9009747505188 12.050738703459499 3.1381545886397415 738.76777114532888 1.0770614342764009 9.6335288258269411 3.4387760609388351 2.2960490891709924 1.1902610920369623 1.1418902594596136 330.94832778722048 142.27921604178846 256.50294289272279 76.93073601834476 2.4206993170082596 1.8690186031162728 1.5795797575265149 1.2094459896907208 1.8883142750710251 1.4739675121381877 3.7349587688222554 1.1959615675732482 4.833487905561924 1.3108757343143214 79.573222327977419 5.0611486379057151 3.3788518132641912 13.571122069843112 7.2269552946090698
leaf_count=53002 33205 16770 251 60 14667 11 190 64 44 15 25 7715 3525 5273 1617 61 28 28 16 26 25 79 22 107 21 1357 93 42 335 128
internal_value=0 -0.00177221 -0.0041815 -0.00157546 0.00361484 0.0412953 0.0265327 0.0655359 0.107637 0.164945 -0.0093546 -0.0165652 -0.00624537 -0.00432201 0.00409854 0.0141565 0.0628374 0.0435766 0.109112 0.0715767 0.143673 0.0069094 -0.0111628 0.0638063 0.0128809 0.0199284 0.0166405 0.0816287 -0.0234944 -0.00845861
internal_weight=0 5064.58 2411.62 1603.72 759.542 20.7738 19.6968 10.0632 6.92509 4.62904 807.902 332.09 844.18 475.812 213.28 136.349 17.668 15.799 6.99243 5.78298 3.36228 118.681 262.532 6.02945 106.63 89.3241 88.0132 8.44 17.3061 8.80654
internal_count=138802 105597 52595 35346 15051 384 373 183 123 79 17249 7740 20295 9509 4107 2490 312 284 128 112 51 2178 5402 129 1927 1513 1492 135 414 156
cat_boundaries=0 1
cat_threshold=2
is_linear=0
shrinkage=0.05


Tree=28
num_leaves=31
num_cat=0
split_feature=1 0 2 2 4 5 3 5 6 3 6 6 2 4 2 0 4 5 3 3 0 3 3 5 1 1 1 1 4 6
split_gain=17.9262 18.3761 12.5456 17.0344 14.7123 13.0353 17.7994 23.4702 34.0406 18.2557 15.8843 15.1053 13.6348 48.2069 16.6588 11.5348 11.099 17.8733 10.8633 37.6771 15.3962 12.751 38.2444 26.553 40.1285 20.937 10.1473 10.0017 9.39365 22.6153
threshold=9.0945557759263078 82.284745000000015 1.2542661674754687 -4.3616495172489262 5.0645650000000009 2.1614950000000008 1998.8010430000002 2.1167650000000005 5.7249350000000012 2014.7616455000002 6.5261950000000004 5.800085000000001 9.1383467806211005 4.9813400000000003 16.062044780526367 92.273730000000015 6.7231400000000017 2.7540350000000005 2264.4499330000003 2280.5825920000002 86.659495000000007 2331.1329505000003 2343.7231905000003 1.8733750000000002 5.8941286867973544 -2.4975848150716713 5.2112625921343545 -9.9964899752286609 6.485145000000001 6.3493000000000004
decision_type=2 2 2 2 2 2 8 2 2 10 2 2 2 2 2 2 2 2 10 8 2 10 8 2 2 2 2 2 2 2
left_child=1 27 3 -3 5 6 -4 9 -9 11 -10 -8 13 -11 -14 16 28 -18 20 -20 -16 -21 -23 25 -25 -24 -6 -1 -2 -30
right_child=15 2 4 -5 26 -7 7 8 10 12 -12 -13 14 -15 18 -17 17 -19 19 21 -22 22 23 24 -26 -27 -28 -29 29 -31
leaf_value=-0.022003753354419217 0.0035757907043592629 -0.01152039290746304 -0.016594608745525742 0.0043689396698614472 -0.020687062747660901 -0.0074510269315301129 0.28821768189737929 0.35384634776703083 -0.032739538968568634 -0.052607629406915393 0.207868580321274 0.034529964718535852 -0.02206663858480944 0.38310915226214776 0.14168619938661089 -0.0020875260869411337 -0.020859517240623453 0.16039768252641029 0.37583569627340113 -0.031862500889910127 -0.019399415205351742 0.35458735802069469 0.25239607337084452 -0.021947094166443554 0.3709432217428687 -0.040226684224350419 -0.0088698383551681324 0.0021020522742821682 0.007922652355837223 0.060882999708148568
leaf_weight=44.416535248979926 2716.2098118551075 261.84017689619213 27.942161126993597 474.07189328037202 289.08959126286209 173.34527343139052 1.1549749802798026 1.3344736751168955 1.9773130742833021 1.5308020561933511 1.0502999499440191 1.192729217931628 21.591491452418268 1.0845596576109526 1.7138001937419201 1168.783600134775 62.099395337514579 1.3904976900666941 0.91516522224992236 3.9262219155207285 11.030498234555123 1.0867812894284696 0.67941974848508291 1.2829083288088443 1.3171674823388455 6.0946872364729696 488.83954390604049 1378.2470068624243 124.81338737718761 24.040251687169075
leaf_count=997 43320 5666 679 10192 7180 4029 17 27 49 36 20 23 466 19 38 20509 949 13 22 83 248 24 11 30 21 147 11366 30416 1862 343
internal_value=0 -0.00288385 -0.00627857 -0.00128454 -0.00981858 0.000472189 0.0162762 0.0318533 0.14346 0.022937 0.0507291 0.159334 0.0168089 0.128079 0.0109462 0.00211183 0.0037878 -0.0168898 0.0363609 0.0647589 0.00226271 0.0449714 0.0738088 0.0412571 0.177086 -0.0108776 -0.0132613 0.00134945 0.00424601 0.0164759
internal_weight=0 3196.76 1774.09 735.912 1038.18 260.251 86.9055 58.9633 4.36209 54.6012 3.02761 2.3477 52.2535 2.61536 49.6381 4097.34 2928.55 63.4899 28.0466 15.3024 12.7443 14.3872 10.461 9.37418 2.60008 6.77411 777.929 1422.66 2865.06 148.854
internal_count=138802 71806 40393 15858 24535 5989 1960 1281 96 1185 69 40 1145 55 1090 66996 46487 962 624 338 286 316 233 209 51 158 18546 31413 45525 2205
is_linear=0
shrinkage=0.05


Tree=29
num_leaves=31
num_cat=2
split_feature=1 7 0 1 0 8 4 5 1 2 0 5 1 2 0 6 2 6 2 6 6 5 3 3 5 2 5 6 6 4
split_gain=16.4182 9.87646 11.915 14.3694 14.0327 11.9263 15.74 17.2857 20.2004 10.6291 10.2869 16.1543 14.8393 18.7912 30.7292 44.5555 11.4098 17.3901 10.0971 19.4796 20.7359 15.2779 14.0918 17.5273 23.1997 10.6945 14.545 33.2079 9.97518 13.6661
threshold=15.290535306980233 0 88.420240000000021 -0.8645329717755198 80.135735000000011 1 6.0088700000000008 1.0000000180025095e-35 8.1148100641427394 14.07061433932712 87.21080000000002 3.2798800000000004 5.5052963146637746 16.062044780526367 86.137005000000016 6.1939850000000005 11.27906800033338 4.9826900000000007 8.212165974381092 6.0243600000000006 5.9288200000000009 0.42289500000000008 2075.8929270000003 1797.1167470000003 1.4223850000000002 4.7352822566938615 2.6596950000000006 6.2987850000000014 5.8478600000000016 5.9191650000000005
decision_type=2 1 2 2 2 1 2 2 2 2 2 2 2 2 2 2 2 2 2 2 2 2 8 10 2 2 2 2 2 2
left_child=1 -1 3 4 -3 6 -5 8 -8 28 12 -12 -7 16 15 -15 17 -14 21 20 22 -19 23 -20 -25 26 -23 -28 29 -4
right_child=-2 2 9 5 -6 10 7 -9 -10 -11 11 -13 13 14 -16 -17 -18 18 19 -21 -22 25 -24 24 -26 -27 27 -29 -30 -31
leaf_value=0.00044554915369310875 0.0034838641586094434 -0.00077436384262651991 0.013184303045266117 0.0082802375737288814 -0.018751789960316366 -0.01285046638894469 -0.022868597623805414 -0.0090107178567262296 0.25025084104918832 -0.015905439448813528 -0.033837657952409304 0.11111760791539887 0.16702723101607891 0.34460568839990074 -0.025026624298165517 -0.052768075995396929 -0.019366413678907554 0.14566930252229399 0.009042935444639388 -0.0085416054673134508 0.29320251116946616 -0.0024177715128301876 -0.023248166414813715 0.058718713107960278 0.30420616963848007 -0.037270203995737564 0.012084666740810513 0.32787858976565509 -0.010760096556556895 -0.013216521956087041
leaf_weight=2651.4105067290366 2240.6732544088736 230.58782745711505 138.0818285504356 648.73089175205678 205.10012471862137 153.37658898346126 1.3120381031185382 210.04728524480015 1.3987779840826986 326.39170989114791 47.481930901296437 2.0031102560460559 1.9034920502454031 2.0260624988004561 2.6698547620326281 1.0822012033313511 29.407110611908138 1.7277577137574542 2.7020741775631913 9.7611696450039727 1.1147327991202463 20.910867270082239 3.057855475693942 2.0304191475734119 1.8296875068917868 16.542133625596762 2.9845409886911503 1.1545095881447194 260.13487997092307 75.994059917517006
leaf_count=53002 33205 5495 2490 13717 5162 3597 27 4598 17 7740 898 39 39 32 54 23 525 25 48 178 21 396 48 29 30 264 66 18 5402 1617
internal_value=0 -0.00165825 -0.00398094 -0.00149041 -0.00923724 0.00140612 0.00440982 -0.00739166 0.118061 -0.00896118 -0.00711246 -0.02797 -0.00305342 0.0118383 0.0993869 0.206252 0.00652041 0.0181039 0.0136618 0.0425761 0.0890577 -1.84436e-05 0.0654021 0.106712 0.17508 -0.0060704 0.0145329 0.100169 -0.00418156 0.00381237
internal_weight=0 5052.96 2401.55 1600.94 435.688 1165.26 861.489 212.758 2.71082 800.602 303.766 49.485 254.281 100.904 5.77812 3.10826 95.1264 65.7192 63.8157 20.4959 10.7348 43.3198 9.62004 6.56218 3.86011 41.5921 25.0499 4.13905 474.211 214.076
internal_count=138802 105597 52595 35346 10657 24689 18359 4642 44 17249 6330 937 5393 1796 109 55 1687 1162 1123 354 176 769 155 107 59 744 480 84 9509 4107
cat_boundaries=0 1 2
cat_threshold=2 1
is_linear=0
shrinkage=0.05


Tree=30
num_leaves=31
num_cat=1
split_feature=1 2 4 7 0 3 6 1 4 0 4 5 5 5 3 3 4 6 3 5 4 0 1 0 1 1 5 3 3 2
split_gain=15.5099 17.2259 11.4035 10.9641 21.4451 13.4374 19.2066 12.1082 10.6498 10.4202 10.1316 14.622 10.1244 31.2794 29.0305 35.9966 34.5404 28.1558 12.9528 29.883 35.2915 27.8083 19.9255 13.1316 10.4136 10.4421 17.8719 20.741 10.3608 16.1483
threshold=9.0945557759263078 13.173862693878823 5.7104450000000009 0 77.191040000000015 2469.6578025000003 5.3417350000000008 4.6192189619436173 4.9986000000000006 92.273730000000015 6.7231400000000017 2.7540350000000005 2.1796950000000002 2.0809950000000002 2010.3639175000003 1935.4693305000003 4.9178800000000011 5.8105950000000011 2288.7974360000003 1.8237350000000003 5.3657700000000004 92.069755000000015 6.9744940496360615 79.166750000000022 7.3953666313126591 8.0110074784060767 1.2752950000000003 2010.3639175000003 2149.6882660000006 17.660970965854386
decision_type=2 2 2 1 2 10 2 2 2 2 2 2 2 2 8 10 2 2 10 2 2 2 2 2 2 2 2 10 10 2
left_child=1 -1 3 7 -5 -6 -7 8 -3 10 -2 -12 13 18 15 17 -16 -15 23 -20 21 22 -21 -9 -25 26 27 -26 -28 -30
right_child=9 2 -4 4 5 6 -8 12 -10 -11 11 -13 -14 14 16 -17 -18 -19 19 20 -22 -23 -24 24 25 -27 28 -29 29 -31
leaf_value=-0.00081132521438449779 0.0039716540308128868 0.004618804611483231 -0.02226050454149351 0.25711171072453581 -0.018819129096264979 0.24632790068572907 0.012427796812153865 0.15254427164116802 -0.023684449502327787 -0.0020441729974168192 -0.02023591437124523 0.13405913549854137 -0.0038999564233688274 0.37139088107672541 0.24256629891153378 0.47794249054596966 -0.0076025593855005517 -0.023285914495667887 -0.018827763823784611 0.21566096628922726 -0.025432590205232038 0.35166287215144232 -0.05291017031552403 -0.021535762627135378 0.029715291545799206 -0.0049237630595783859 -0.0094367347388442883 0.36558996403125493 0.20579879192289319 -0.052291904132097083
leaf_weight=2521.6136878905818 2877.6281767040491 56.772446568123996 145.01862098649144 0.71789584215730329 191.55313093680888 1.1169399172067631 4.0970234628766775 1.3641069587320078 80.168975959531963 1167.7786433082074 61.058331687003374 1.5750816669315089 93.10156253259629 0.68229022808372786 1.7799526285380132 0.99061785917729128 6.1366310669109225 1.3381265150383113 7.6067821532487851 1.6725667575374248 2.6036019390448928 1.9018408525735138 1.1763062523677943 36.74528777692467 0.90424242150038725 16.663482267409563 5.7188735110685212 0.93481302727013826 1.6473531378433111 0.95882995054125775
leaf_count=56027 45525 1348 3534 15 4682 24 98 27 2004 20509 949 13 2107 21 35 20 137 33 170 32 56 29 22 826 19 339 123 21 35 22
internal_value=0 -0.00269735 -0.0098665 -0.00639906 -0.0156682 -0.0166634 0.0625341 -0.000694192 -0.0119506 0.00195163 0.00353864 -0.0163558 0.0076867 0.0195637 0.0989051 0.231049 0.048645 0.109996 0.00871219 0.0506541 0.122521 0.203606 0.104767 -0.000950973 -0.00424458 0.0194389 0.05938 0.200444 0.028218 0.110846
internal_weight=0 3184.99 663.372 518.354 197.485 196.767 5.21396 320.869 136.941 4108.04 2940.26 62.6334 183.927 90.8257 10.9276 3.01103 7.91658 2.02042 79.8981 14.9611 7.35432 4.75071 2.84887 64.937 63.5729 26.8276 10.1641 1.83906 8.32506 2.60618
internal_count=138802 71806 15779 12245 4819 4804 122 7426 3352 66996 46487 962 4074 1967 246 74 172 54 1721 309 139 83 54 1412 1385 559 220 40 180 57
cat_boundaries=0 1
cat_threshold=2
is_linear=0
shrinkage=0.05


Tree=31
num_leaves=31
num_cat=1
split_feature=7 2 0 6 3 0 6 1 6 3 1 0 6 2 3 6 0 2 2 1 4 1 1 3 3 2 1 3 1 0
split_gain=14.3735 19.962 14.8825 15.6035 26.4782 16.2632 24.3209 13.4049 13.429 20.9789 13.524 22.9529 32.9836 20.3795 13.8374 14.8356 16.3405 14.1523 26.1482 43.2293 13.8178 31.2995 13.239 12.8235 12.9391 32.8196 38.0092 21.328 24.5432 16.4943
threshold=0 13.38257333770782 88.360135000000014 4.790890000000001 2099.9386055000004 88.300555000000017 6.0716600000000005 -0.74063113452005147 6.6304550000000004 2600.2096355000003 19.060540631152108 87.859375000000014 6.358245000000001 9.1383467806211005 2147.3867515000006 5.0439550000000013 91.81387500000001 11.874900888482829 12.189029605823139 19.838676284241107 6.2253000000000016 20.339764479274674 18.316648726922732 1998.8010430000002 2027.9893620000003 14.754560483391344 8.4362446054721136 2006.5238000000002 9.5218350173677315 90.482970000000009
decision_type=1 2 2 2 10 2 2 2 2 8 2 2 2 2 10 2 2 2 2 2 2 2 2 10 10 2 2 10 2 2
left_child=23 7 3 4 -3 22 -7 -2 10 -10 -9 12 13 -12 -13 16 -16 -17 19 -19 -20 -22 -5 -1 25 -25 -27 -28 -29 -30
right_child=1 2 -4 5 -6 6 -8 8 9 -11 11 14 -14 -15 15 17 -18 18 20 -21 21 -23 -24 24 -26 26 27 28 29 -31
leaf_value=-0.003712188626214385 -0.0085428816763542144 0.21463726842128417 -0.014142463857637441 -0.0033289156040286292 -0.052855096149945137 0.0061706785494577698 0.24525502334496033 0.00055914913530255366 -0.013903756433370919 0.11985119060269014 -0.010984011732237455 -0.016502843848158474 0.22981449055063918 0.13889295694270637 -0.053915888671532158 0.0070596978726425192 0.11912052012274406 0.29386917564604675 -0.0041361030923342309 0.024664163080327244 0.26461600927055912 -0.031865338224253095 0.1577301056428895 0.0074609630533055277 0.0028875459810878126 0.023485019836382029 0.050566895957058461 0.40391525859782224 0.057572052018892796 0.26849006028164463
leaf_weight=767.33840159792453 441.97580447606742 2.2262927517294879 521.40739779826254 144.43106759060174 1.5829158341512082 2.9034354388713828 1.6786963259801266 1927.957230865024 187.26713293604553 2.9782070443034163 7.2245214916765672 43.71406471170485 2.7757629863917819 3.3060114961117506 1.7467159889638413 184.69601504039019 6.2328464910387993 2.5576438941061523 14.565458131954076 3.576644403859973 1.6587335299700492 1.9212794695049522 1.2873004935681809 90.65779637452215 2904.7310180095956 12.371003186330201 2.6925131790339938 1.3877481911331413 1.9563464000821116 1.7615700615569947
leaf_count=17038 10872 31 11191 2918 30 56 28 37055 3227 38 93 618 19 25 21 2700 79 24 220 55 25 27 15 1578 50408 275 46 26 33 31
internal_value=0 -0.00238388 -0.0101077 0.00354327 0.103481 0.00101046 0.0937609 -0.000542915 0.000935149 -0.0118099 0.00203631 0.012431 0.0764855 0.0360692 0.00916128 0.0143323 0.0812431 0.0117774 0.0476647 0.136907 0.0174953 0.105504 -0.00190609 0.00205881 0.00352729 0.0202948 0.077981 0.164433 0.224482 0.157506
internal_weight=0 3509.67 675.517 154.11 3.80921 150.3 4.58213 2834.15 2392.18 190.245 2201.93 273.976 13.3063 10.5305 260.669 216.955 7.97956 208.976 24.2798 6.13429 18.1455 3.58001 145.718 3782.9 3015.56 110.827 20.1692 7.79818 5.10566 3.71792
internal_count=138802 69367 14269 3078 61 3017 84 55098 44226 3265 40961 3906 137 118 3769 3151 100 3051 351 79 272 52 2933 69435 52397 1989 411 136 90 64
cat_boundaries=0 1
cat_threshold=2
is_linear=0
shrinkage=0.05


Tree=32
num_leaves=31
num_cat=2
split_feature=1 2 7 2 0 0 2 4 2 4 8 1 1 2 5 1 1 3 3 6 2 4 5 2 4 6 0 6 4 2
split_gain=13.5593 18.3808 10.6687 23.4116 22.503 15.6003 15.4044 14.6889 17.1911 15.574 20.9724 15.5633 15.5176 20.4816 15.1846 28.2744 47.3795 21.5582 17.2135 22.3363 21.6408 22.5678 16.5141 14.417 14.3858 25.3961 30.0718 32.1684 21.0931 14.4685
threshold=7.4989377254196095 3.473340066487514 0 6.2865274438384553 82.533690000000021 88.707820000000012 -11.906653372934185 5.6291200000000012 10.667694571264958 5.6243450000000008 1 15.369094347493467 7.5983079574621462 17.827225764228263 1.8880650000000003 15.450505972866262 15.682091619059962 2171.8403465000006 2333.4986980000003 5.8268950000000013 9.5298957272997207 5.5642850000000008 2.8961350000000006 14.14694993603527 5.6725350000000008 6.0243600000000006 86.741430000000008 5.8478600000000016 5.2896800000000006 1.0000000180025095e-35
decision_type=2 2 1 2 2 2 2 2 2 2 1 2 2 2 2 2 2 10 10 2 2 2 2 2 2 2 2 2 2 2
left_child=1 -1 3 5 -4 24 -7 8 14 12 23 -9 13 -10 -5 -16 -17 -18 19 -19 21 -21 -20 -11 25 26 -2 28 -28 -30
right_child=2 -3 4 7 -6 6 -8 11 9 10 -12 -13 -14 -15 15 16 17 18 22 20 -22 -23 -24 -25 -26 -27 27 -29 29 -31
leaf_value=0.00015980253438554451 0.012685673575717267 -0.0083330903022405031 0.031102193902268611 -0.013389084051014639 -0.0018100385997641072 0.11574755791774105 -0.013312631110522844 -0.0030408312861921433 0.036850651432213929 0.27949483256379642 -0.018563736249495647 0.0083294442026969843 0.015287317514599781 0.24141191028130629 -0.0045399504426028008 0.25290894846491624 -0.036796730585881288 0.23323596362952481 -0.03021281935468615 0.063309216299287832 -0.02955915933897146 0.25999117559219803 0.14351040348202515 0.064149696210222984 -0.002646207764044744 -0.0056722451421276805 0.2172262971137125 0.28684998616229807 0.14336519058817362 -0.02269255210148757
leaf_weight=1822.1536373691633 11.206113800406458 979.56638010684401 53.286983768455684 104.42312073614448 2048.0995852909982 2.3290835050865999 316.48797394149005 562.55055154301226 4.1725051729008547 1.7615530202165239 2.1317220609635115 647.19003105163574 484.04236305877566 1.7314076470211146 69.163210745900869 2.6849101930856696 7.9838300738483694 2.3633105158805874 7.0257519017904979 5.652237653732298 4.0002629309892654 1.965704822912812 1.6987371910363434 1.3909171381965277 113.23679785709828 23.093505812808871 2.1076031755655986 2.5037758462131023 1.9720002114772794 3.9177084220573306
leaf_count=39924 217 23706 838 1559 35185 35 5355 10459 95 24 38 9316 7863 21 1186 38 113 34 87 76 59 18 16 26 1960 389 28 38 31 68
internal_value=0 -0.00280957 0.00162309 0.00390899 -0.00097545 -0.00600254 -0.0123698 0.00638102 0.0121334 0.0171909 0.10257 0.00304207 0.0162701 0.0968412 3.15006e-05 0.0136988 0.0514954 0.0338747 0.058724 0.0931136 0.0646107 0.11406 0.00361267 0.184481 0.00684246 0.0308257 0.0696546 0.130448 0.0814824 0.0329071
internal_weight=0 2801.72 4490.17 2388.79 2101.39 476.855 318.817 1911.93 702.192 495.23 5.28419 1209.74 489.946 5.90391 206.961 102.538 33.3747 30.6898 22.706 13.9815 11.6182 7.61794 8.72449 3.15247 158.038 44.8007 21.7072 10.5011 7.99731 5.88971
internal_count=138802 63630 75172 39149 36023 8121 5390 31028 11253 8067 88 19775 7979 116 3186 1627 441 403 290 187 153 94 103 50 2731 771 382 165 127 99
cat_boundaries=0 1 2
cat_threshold=2 1
is_linear=0
shrinkage=0.05


Tree=33
num_leaves=31
num_cat=3
split_feature=1 0 5 8 2 4 4 3 0 1 0 6 0 4 7 4 1 4 0 3 0 3 0 0 2 6 3 0 8 4
split_gain=12.8659 11.1658 10.3835 19.7304 20.4613 13.5674 20.6601 13.638 12.5699 22.5986 27.3428 15.9391 12.9181 10.9388 13.5123 19.1333 30.9193 16.7073 11.4256 34.7458 13.5999 20.3819 11.8917 26.5213 11.2477 10.7915 10.345 23.7012 23.2921 34.6002
threshold=12.764813060521513 93.261140000000012 2.6463000000000005 0 5.6502579537128179 6.2253000000000016 6.7231400000000017 1353.2595635000002 94.763080000000016 16.170893614634 95.095485000000011 6.3236050000000015 93.619715000000014 6.6791150000000004 1 5.3135500000000002 15.682091619059962 5.1296300000000006 92.069755000000015 2105.9456810000006 92.76606000000001 2356.3362515000003 88.420240000000021 87.436850000000007 6.5141475998716141 6.9372650000000009 2288.7974360000003 86.572320000000005 2 5.8048550000000008
decision_type=2 2 2 1 2 2 2 8 2 2 2 2 2 2 1 2 2 2 2 8 2 10 2 2 2 2 8 2 1 2
left_child=1 -1 5 4 -4 7 -7 -2 12 10 -10 -12 13 14 15 16 17 -6 22 -20 21 -21 23 -17 -16 26 -9 28 -28 -30
right_child=2 -3 3 -5 8 6 -8 25 9 -11 11 -13 -14 -15 24 18 -18 -19 19 20 -22 -23 -24 -25 -26 -27 27 -29 29 -31
leaf_value=-0.0014425475485603087 0.18520895017262637 -0.015888413652555642 -0.022074758011142021 -0.0009964345417689739 -0.028214754668328148 0.010760344777674834 -0.015872375565205359 0.0028103787388481481 0.34779258695098975 0.024398789083509651 0.019018776356438991 0.23769269568748763 -0.023153457419156951 0.1478133041154861 0.12408288788780808 -0.011204513964749826 0.27210970586778138 0.13699189271765946 0.2392913615942881 -0.0085719759917982832 -0.028190680590202927 0.20932790630251127 -0.0013617410323719459 0.22965265747390884 0.0038708083310560418 -0.021113322616761562 -0.0019663939309298578 -0.0051645760174979698 0.031231576208218065 0.31082191627522787
leaf_weight=3970.1896932693198 0.98848958685994048 138.42894305288792 18.8958983682096 144.88950826320797 2.8973793741315585 606.21592521946877 82.759436949156225 1314.8755206800997 1.4238460883498172 7.2272779401391745 2.5414530858397488 1.2398561201989649 10.870340550318359 2.0856906734406939 2.0549133233726016 2.8098651468753841 2.3559883330017328 3.2435375545173883 2.536202255636451 2.2713820226490498 4.7703506518155336 2.0343632772564888 19.958774847909808 1.926544416695833 36.66164368763566 62.036176602356136 4.7092433441430313 833.90353911183774 2.452260484918952 2.0164665300399065
leaf_count=86736 19 3601 305 2137 44 9069 1277 19998 19 93 48 18 167 18 31 36 19 36 23 28 72 31 269 28 544 963 77 13048 36 12
internal_value=0 -0.00192926 0.0023057 0.0116351 0.0259551 0.00143144 0.00756123 -0.0004701 0.0342883 0.0816075 0.161041 0.0907199 0.0281905 0.0347102 0.0318858 0.0505808 0.118123 0.0590448 0.0347742 0.0756776 0.0299577 0.0943806 0.0155404 0.0867646 0.0102512 -0.000552777 3.82907e-05 -0.00428508 0.0756256 0.157394
internal_weight=0 4108.62 3182.65 272.695 127.805 2909.96 688.975 2220.98 108.909 12.4324 5.20516 3.78131 96.477 85.6066 83.5209 44.8044 8.49691 6.14092 36.3075 11.6123 9.0761 4.30575 24.6952 4.73641 38.7166 2219.99 2157.96 843.082 9.17797 4.46873
internal_count=138802 90337 48465 3966 1829 44499 10346 34153 1524 178 85 66 1346 1179 1161 586 99 80 487 154 131 59 333 64 575 34134 33171 13173 125 48
cat_boundaries=0 1 2 3
cat_threshold=1 2 1
is_linear=0
shrinkage=0.05


Tree=34
num_leaves=31
num_cat=1
split_feature=7 2 0 6 3 0 3 1 0 6 3 1 0 6 2 3 6 0 2 1 2 4 4 4 2 3 1 6 3 1
split_gain=12.1092 17.4962 13.7136 12.7394 19.1843 13.3714 17.741 12.0716 13.3021 11.9736 17.4764 11.7815 18.0793 19.6947 17.5756 12.4756 12.2158 13.0301 11.9261 19.9763 28.9975 12.1424 24.9162 11.2545 11.298 10.5526 10.4442 11.2642 16.8344 22.943
threshold=0 13.38257333770782 88.360135000000014 4.790890000000001 2099.9386055000004 88.300555000000017 2171.8403465000006 -0.8645329717755198 80.892025000000004 6.6304550000000004 2600.2096355000003 19.060540631152108 87.859375000000014 6.358245000000001 7.7634064188766896 2147.3867515000006 5.0439550000000013 91.81387500000001 11.874900888482829 19.838676284241107 12.189029605823139 5.8721650000000007 5.8810000000000011 6.2253000000000016 12.907394671320292 1823.8593345000002 18.316648726922732 6.6646200000000002 2118.6438570000005 5.9925632871722678
decision_type=1 2 2 2 10 2 10 2 2 2 8 2 2 2 2 10 2 2 2 2 2 2 2 2 2 10 2 2 8 2
left_child=25 7 3 4 -3 26 -7 8 -2 11 -11 -9 13 14 -13 -14 17 -17 21 20 -20 -18 -23 24 -22 -1 27 -5 29 -29
right_child=1 2 -4 5 -6 6 -8 9 -10 10 -12 12 15 -15 -16 16 18 -19 19 -21 23 22 -24 -25 -26 -27 -28 28 -30 -31
leaf_value=-0.0057020856631516958 -0.0014641227759812421 0.17109922765755278 -0.013423610523664489 -0.0073095604208494661 -0.052693552489080975 0.0010028401441306146 0.19221198959765018 0.00053256547778376647 -0.019804376905247906 -0.013272555626380687 0.10318011531389314 -0.030961934077614779 -0.015988827839946974 0.17066540304882241 0.096673509942204167 -0.053697491553257162 -0.014687510897973356 0.10236200168397494 0.21949001949899871 0.0037809965986748055 -0.029961162410787653 0.17536792713890648 0.011481076846318619 0.16850091964491271 0.11324994763860299 0.002793515423250497 0.13133461765798482 -0.012855591394132346 -0.016694049440447747 0.17735474273787569
leaf_weight=409.78316859714687 266.41016534436494 2.6444005202502003 512.41551993973553 130.52706939354539 1.5012783976271746 2.8696897877380243 2.1014758311212063 1941.9692482147366 157.2077463651076 184.53144587390125 3.2790173608809701 5.3617829158902151 43.174816456623375 3.4380205683410159 5.4272693935781717 1.6602270193397979 49.052412263117731 6.8817753568291664 3.2319737114012259 14.142266072332857 4.5088074086233974 2.3598878215998402 134.43812917359173 1.4352330919355152 1.9828050751239059 3383.8423828883097 1.4633654132485379 2.718027752824125 6.26077983994037 3.8042019410058856
leaf_count=9883 6407 31 11191 2682 30 54 30 37394 4125 3228 38 77 618 19 41 21 714 79 24 214 64 31 1955 18 31 59552 15 55 111 70
internal_value=0 -0.00220306 -0.00949261 0.0035966 0.0900569 0.00120295 0.0818333 -0.000487082 -0.00827033 0.000882795 -0.0112394 0.00190876 0.0115535 0.0664517 0.0332431 0.00858229 0.0134111 0.0720302 0.0110397 0.0432456 0.0932614 0.00665527 0.0143083 0.0417949 0.0137814 0.00187583 -0.0015657 -0.00292277 0.0418707 0.0980878
internal_weight=0 3496.8 666.306 153.89 4.14568 149.745 4.97117 2830.49 423.618 2406.88 187.81 2219.06 277.095 14.2271 10.7891 262.868 219.694 8.542 211.152 25.3011 11.1588 185.85 136.798 7.92685 6.49161 3793.63 144.773 143.31 12.783 6.52223
internal_count=138802 69367 14269 3078 61 3017 84 55098 10532 44566 3266 41300 3906 137 118 3769 3151 100 3051 351 137 2700 1986 113 95 69435 2933 2918 236 125
cat_boundaries=0 1
cat_threshold=2
is_linear=0
shrinkage=0.05


Tree=35
num_leaves=31
num_cat=2
split_feature=1 0 3 8 1 6 1 2 0 6 7 2 1 3 4 4 6 3 5 0 4 6 2 2 4 5 2 6 2 6
split_gain=11.252 10.1056 14.0186 12.0179 12.3701 23.8872 22.7853 25.3993 35.3686 15.5463 16.515 24.0136 34.56 15.2712 16.9865 16.9134 12.0537 11.8378 16.4298 19.9218 13.8037 18.4974 22.4594 20.5898 13.1458 14.1943 13.0691 15.6882 17.8666 21.2759
threshold=15.682091619059962 93.194275000000019 2483.4807015000006 0 16.008227146468339 6.5819600000000014 15.926645813097979 9.0607679862631656 90.149250000000009 6.1665050000000008 1 7.1654473352593033 15.760770093077818 2102.8645695000005 5.9987050000000011 5.6872750000000005 5.8903050000000006 2323.5392295000006 2.4027550000000004 92.888185000000007 6.3845100000000015 6.2444150000000009 4.0424329471044791 6.4091011206101394 5.1040250000000009 1.2205150000000002 12.318930657988805 6.1198900000000007 11.537255308666088 5.8636050000000006
decision_type=2 2 10 1 2 2 2 2 2 2 1 2 2 10 2 2 2 10 2 2 2 2 2 2 2 2 2 2 2 2
left_child=-1 2 3 4 5 9 7 -7 -9 10 11 -2 -13 -14 15 -15 -5 18 24 26 -19 -22 -23 -24 25 -6 27 28 29 -20
right_child=1 -3 -4 16 17 6 -8 8 -10 -11 -12 12 13 14 -16 -17 -18 20 19 -21 21 22 23 -25 -26 -27 -28 -29 -30 -31
leaf_value=-0.0013232853986796819 -0.027995195515361566 -0.0031771751080368182 0.025590561033507226 0.006225467689583845 0.21062653634648643 -0.018781828257616186 0.29054153766237872 0.33656331262220185 0.0017595025401874586 -0.020299380250670119 0.0033496409983596442 0.22707910402593973 -0.048081896954753164 0.043290224846124298 -0.010224872529176369 0.20427187824591286 -0.0089863119855501453 -0.0088151169811013959 -0.0019682261441523814 0.15784531766946439 0.0015146712248736342 -0.053578557887318273 0.24504762466755597 0.064428151404209433 0.0062387864874451551 0.012940450708136554 -0.02058766183313129 0.0093843535339473792 0.22046245341386067 0.11731409630185673
leaf_weight=5204.3674758085981 5.3142635915428427 499.60480915941298 78.405112284235656 235.52885713241994 1.6386027280241244 3.7325914576649648 1.4035304691642521 1.6234393678605559 1.5343463011085985 19.644124364480376 22.736613707616925 3.7728842552751329 2.8139064069837323 3.0235089883208257 3.206740191206336 3.5442458875477314 291.2754268432036 201.5657722344622 7.2913636714220065 3.1997251547873011 19.786605654284362 2.1080291345715505 2.5577646270394325 4.1184344626963139 626.92163063213229 2.0366407688707113 10.32264502905309 16.715050008147955 1.9399773441255082 7.6715552005916834
leaf_count=108322 80 8300 1010 3317 19 58 25 16 27 289 360 48 36 37 42 48 4109 2890 97 32 270 32 31 55 8769 31 137 241 19 55
internal_value=0 0.00302372 0.00497776 0.00390535 0.00717865 0.0270756 0.106918 0.0695151 0.173884 0.0167377 0.0331198 0.0643472 0.0943407 0.0545575 0.0841056 0.130163 -0.00218528 0.00559302 0.00892004 0.0373932 -0.00420482 0.0283206 0.0887013 0.133627 0.00679153 0.101079 0.0286219 0.0437321 0.0776981 0.0591884
internal_weight=0 2085.04 1585.43 1507.03 980.224 72.3502 8.29391 6.89038 3.15779 64.0563 44.4122 21.6755 16.3613 12.5884 9.7745 6.56775 526.804 907.874 677.737 47.1403 230.137 28.5708 8.78423 6.6762 630.597 3.67524 43.9406 33.6179 16.9029 14.9629
internal_count=138802 30480 22180 21170 13744 1066 126 101 43 940 651 291 211 163 127 85 7426 12678 9400 581 3278 388 118 86 8819 50 549 412 171 152
cat_boundaries=0 1 2
cat_threshold=1 2
is_linear=0
shrinkage=0.05


Tree=36
num_leaves=31
num_cat=1
split_feature=7 2 0 1 0 6 3 6 0 0 1 1 0 0 5 3 6 2 1 4 0 4 6 4 4 3 1 4 3 6
split_gain=10.9233 15.809 12.5615 10.7692 12.3863 11.128 14.5234 10.5613 16.8861 11.1521 15.2271 10.2236 15.3475 15.0186 11.4752 11.224 10.1148 10.1502 16.3908 17.0023 16.0988 37.5259 35.7444 10.8291 18.6723 10.0799 12.0353 30.0696 23.5761 13.9616
threshold=0 13.38257333770782 88.360135000000014 -0.8645329717755198 81.067305000000019 6.6304550000000004 2600.2096355000003 4.790890000000001 87.651615000000007 88.300555000000017 12.160732567966184 19.060540631152108 87.859375000000014 87.651615000000007 1.2573100000000001 2147.3867515000006 5.0439550000000013 11.874900888482829 20.339764479274674 6.2174150000000008 91.966515000000015 5.8721650000000007 5.9230850000000013 5.8721650000000007 5.8810000000000011 2511.6438830000002 21.325980081761486 6.4529850000000009 2326.1299230000004 6.0716600000000005
decision_type=1 2 2 2 2 2 10 2 2 2 2 2 2 2 2 10 2 2 2 2 2 2 2 2 2 10 2 2 10 2
left_child=-1 3 7 4 -2 11 -7 8 -3 -9 -11 -5 13 14 -13 -14 -17 23 19 20 -19 22 -22 -18 -25 26 -26 -28 29 -29
right_child=1 2 -4 5 -6 6 -8 9 -10 10 -12 12 15 -15 -16 16 17 18 -20 -21 21 -23 -24 24 25 -27 27 28 -30 -31
leaf_value=0.0017749397718430618 -0.0015851565881271593 0.0030545507829621114 -0.012876789465486435 0.00051022681381652981 -0.019609314172305825 -0.012876931386142293 0.08865777241728047 -0.0014554058750866868 0.20356997325604304 -0.0017205809574177451 0.16872987971764297 0.066281783524579765 -0.015524495458743888 0.18367453577307047 -0.044989753140658957 0.064130375965675862 -0.014167698394962411 -0.02326474678378819 -0.013832359715691554 0.15942061353909945 0.36684954044921625 -0.010218117733102319 0.033291235620275118 0.14230238486402239 0.0049644632289855967 -0.038649750481010069 0.012113809332307171 -0.0077693849181778686 0.22220911912447622 0.15609726889159251
leaf_weight=3799.5985563555732 273.65134037192911 2.7619639635086051 505.79555862210691 1942.6258965618908 146.26358602382243 182.80979513935745 3.5910999570041886 144.43587128818035 1.6939038187265394 3.0232102721929541 2.3125179912894964 9.7051017321646196 42.695100063458085 2.1118593756109467 3.0436870250850907 9.0858357623219472 48.455662780441344 5.5598850473761612 9.3262367788702232 3.9584319815039626 1.7845651330426338 4.1521846503019333 1.460462446324527 2.7489867433905593 91.788440730422735 9.6227491777390224 25.681566026061773 3.4045941196382028 3.4019196294248104 2.1026110853999853
leaf_count=69435 6609 45 11191 37394 3923 3228 38 2933 16 61 23 78 618 17 42 100 714 66 138 38 19 65 25 31 1306 145 381 53 42 28
internal_value=0 -0.00209984 -0.00906784 -0.000474184 -0.00786328 0.000813753 -0.0109208 0.00342378 0.0792807 0.00116695 0.0721531 0.00179784 0.0107283 0.0601745 0.0397165 0.00795789 0.0124632 0.0102639 0.0393862 0.0687278 0.0410208 0.0893391 0.216728 0.00618165 0.0132882 0.0106805 0.0144366 0.0395713 0.118721 0.0547937
internal_weight=0 3489.05 660.023 2829.03 419.915 2409.12 186.401 154.227 4.45587 149.772 5.33573 2222.72 280.09 14.8606 12.7488 265.229 222.534 213.448 26.2418 16.9155 12.9571 7.39721 3.24503 187.207 138.751 136.002 126.379 34.5907 8.90912 5.50721
internal_count=138802 69367 14269 55098 10532 44566 3266 3078 61 3017 84 41300 3906 137 120 3769 3151 3051 351 213 175 109 44 2700 1986 1955 1810 504 123 81
cat_boundaries=0 1
cat_threshold=2
is_linear=0
shrinkage=0.05


Tree=37
num_leaves=31
num_cat=1
split_feature=2 1 0 6 1 8 3 3 6 3 4 4 0 0 5 3 2 1 5 1 0 6 6 2 3 6 0 2 3 0
split_gain=10.4873 10.1399 15.4731 13.2052 10.1211 9.71304 16.0492 15.8437 11.2311 18.3037 22.1078 22.7322 11.3777 15.5141 14.3285 12.1712 11.5334 11.5376 9.43303 8.67674 10.001 15.0354 19.2216 10.2501 10.3522 8.87587 9.31015 12.3156 11.4486 53.3975
threshold=20.100212126767076 8.9788520137216867 83.460115000000016 5.318080000000001 -9.9964899752286609 0 2817.8804175000005 2667.6063760000002 5.3014450000000011 2353.6718260000002 5.8493050000000011 4.8938200000000007 89.032920000000004 88.979395000000011 0.24502500000000002 2407.8517580000002 15.064768297554865 0.45015165297500376 1.2479050000000003 5.013000525483565 83.209965000000025 6.2987850000000014 6.5147650000000015 4.58260678628129 2437.1814925000003 4.6877100000000009 79.290585000000007 -9.3267637851934833 1493.9514835000002 80.711790000000022
decision_type=2 2 2 2 2 1 8 10 2 10 2 2 2 2 2 8 2 2 2 2 2 2 2 2 10 2 2 2 10 2
left_child=1 2 4 5 -1 7 -7 8 12 10 11 -10 13 14 -4 -14 -17 -18 -5 -6 23 -22 -23 24 25 -21 -27 -28 29 -29
right_child=-2 -3 3 18 19 6 -8 -9 9 -11 -12 -13 15 -15 -16 16 17 -19 -20 20 21 22 -24 -25 -26 26 27 28 -30 -31
leaf_value=-0.02231175481727796 -0.023732571686167946 0.0016936556766791321 0.16301156777362669 -0.020126272823689111 0.0001027897194508599 -0.018588409432868935 0.12965994804447054 -0.022471219171400422 0.2422021798281212 -0.036521908709406685 0.30966841861560723 -0.010414681670734442 -0.022567409845089717 0.21103769231028996 0.015588233218764749 -0.0037740088008870218 0.038643141785335774 0.27059031039451309 -0.0066209852582361688 0.14195504230691056 0.027670293982906186 0.31286882738736876 0.028604488015937936 0.00036664408446563138 -0.0062129578643113238 -0.0010404682492722954 0.15302078076148493 0.32669201236838985 0.026078077678769331 -0.032281394423052459
leaf_weight=44.993728570640087 46.562932558357716 4136.6545502441004 1.6692268671467889 149.29882791824639 1390.5024078711867 58.286321945488453 1.8846657797694195 34.097395739518106 1.302902447991072 2.5844206502661109 1.2493654219433663 2.8138286070898175 33.927699156105518 1.0430444795638312 130.76858379971236 2.9653780329972497 1.1339756678789856 1.0169484475627539 965.02708358038217 1.7665972039103497 12.39637200348079 1.1417355667799705 1.2411377700045703 173.37254653126001 25.271670579910278 19.016817003488541 2.3124247994273892 1.7316478742286552 39.118516546674073 2.578523114323616
leaf_count=1041 1088 67131 29 3367 31466 1302 36 757 24 57 32 67 862 19 2877 72 23 29 22744 18 265 17 32 3768 479 360 33 26 733 48
internal_value=0 7.27607e-05 -0.00208702 -0.00600976 0.00108938 0.00380823 -0.013945 0.00878664 0.0146922 0.0727955 0.125445 0.0695359 0.0120146 0.0189591 0.0174463 -0.0117266 0.0601617 0.148307 -0.00843044 0.00171969 0.00975086 0.0497811 0.164808 0.00751977 0.0210296 0.0313787 0.0283622 0.0405863 0.0345995 0.111939
internal_weight=0 7241.17 3104.51 1389.07 1715.44 274.744 60.171 214.573 180.475 7.95052 5.3661 4.11673 172.525 133.481 132.438 39.044 5.1163 2.15092 1114.33 1670.45 279.948 14.7792 2.38287 265.169 91.7962 66.5245 64.7579 45.7411 43.4287 4.31017
internal_count=138802 137714 70583 32297 38286 6186 1338 4848 4091 180 123 91 3911 2925 2906 986 124 52 26111 37245 5779 314 49 5465 1697 1218 1200 840 807 74
cat_boundaries=0 1
cat_threshold=1
is_linear=0
shrinkage=0.05


Tree=38
num_leaves=31
num_cat=2
split_feature=7 8 2 0 2 4 2 1 3 3 3 2 1 3 4 0 4 1 3 1 3 6 0 1 1 0 1 5 2 3
split_gain=9.90608 14.1586 13.1838 11.6012 16.1062 34.0538 9.55927 13.5317 13.1603 9.53059 11.1322 26.4019 25.8303 14.6293 21.8118 13.8938 20.3388 13.792 13.0705 15.3701 12.1048 11.4384 13.6755 30.722 9.29905 10.5183 13.7497 13.5971 10.9029 22.4803
threshold=0 1 12.189029605823139 86.488610000000008 16.062044780526367 5.1547500000000008 18.005503812395151 -2.4975848150716713 2590.5873870000005 1998.8010430000002 2027.9893620000003 14.754560483391344 8.4362446054721136 2014.7616455000002 4.9407050000000003 90.101750000000024 5.7513600000000009 3.2937090667248961 2006.5238000000002 11.182149720274012 2032.1058400000004 5.9342650000000008 83.121860000000012 1.6565264999713982 -0.99565363504595639 90.249675000000011 17.256765322393562 0.6111700000000001 16.594021578212324 2149.6882660000006
decision_type=1 1 2 2 2 2 2 2 10 10 10 2 2 10 2 2 2 2 10 2 10 2 2 2 2 2 2 2 2 10
left_child=9 6 -3 4 -4 -6 24 -8 -9 -1 11 17 13 14 -13 18 -17 21 -14 -20 -12 22 23 -11 -2 27 -27 -26 -29 -30
right_child=1 2 3 -5 5 -7 7 8 -10 10 20 12 15 -15 -16 16 -18 -19 19 -21 -22 -23 -24 -25 25 26 -28 28 29 -31
leaf_value=-0.0033187674777142291 -0.0077905545249817611 -0.0038730905849460209 -0.0068096223431936068 -0.022835577860823769 -0.020531963901736592 0.22319238205747061 0.17436883849095361 -0.023143425079816399 0.10364645047737085 0.071998608378458243 -0.040130691814010772 0.1925760323382944 -0.0532107648350496 -0.045884556295685608 0.0094493153440787184 0.28898229039945783 0.080736790553241164 -0.0009900266073771544 0.24287915188743275 0.014801088367230004 0.002583615616124925 -0.020801218735320551 -0.01943855885963227 0.3539207903092017 -0.016338915139914891 -0.0077607644835287334 0.0042805015757362321 0.0048729520787292764 0.076803858497006702 -0.006953575126407441
leaf_weight=761.34235527738929 311.17285513877869 612.2791455918923 28.175101399421692 190.60771276894957 3.3292601536959401 2.5165475476533175 0.90885760821401973 75.170811492949724 2.1038926793262354 5.2228733235970122 16.681258258409798 2.3222458818927425 1.4767661839723567 4.9221229543909431 5.4236080814152956 2.5071663511916995 2.2025530654937029 79.801191710866988 1.4788883775472643 1.4757926519960163 2913.5483867032453 3.4389427108690134 2.2366311643272638 1.1857248367741702 74.604853739961982 544.76621022261679 419.74541489966214 1184.4826006554067 15.834288941696284 16.214872918091714
leaf_count=17038 7965 11817 529 3749 64 36 15 1920 26 109 289 37 22 118 120 34 35 1325 25 20 50119 72 45 27 1302 11143 6391 23699 360 351
internal_value=0 -0.002006 -0.0076742 -0.018035 0.00886091 0.0843883 -0.00021252 -0.0174355 -0.0196914 0.00168462 0.00293606 0.0182867 0.067743 0.0215195 0.0643516 0.1318 0.191594 0.00654811 0.0682519 0.12896 0.00234045 0.0563283 0.0870093 0.12416 0.000312081 0.00142986 -0.00252053 0.00438091 0.00565157 0.0344278
internal_weight=0 3481.91 836.908 224.629 34.0209 5.84581 2645 78.1836 77.2747 3805.27 3043.92 113.695 21.8091 12.668 7.74585 9.14117 4.70972 91.8854 4.43145 2.95468 2930.23 12.0842 8.64523 6.4086 2566.82 2255.65 964.512 1291.14 1216.53 32.0492
internal_count=138802 69367 16195 4378 629 100 53172 1961 1946 69435 52397 1989 411 275 157 136 69 1578 67 45 50408 253 181 136 51211 43246 17534 25712 24410 711
cat_boundaries=0 1 2
cat_threshold=2 1
is_linear=0
shrinkage=0.05


Tree=39
num_leaves=31
num_cat=1
split_feature=2 1 0 8 6 1 5 4 3 3 2 5 2 2 2 4 2 6 1 6 3 6 5 6 2 2 5 0 6 6
split_gain=9.48014 9.27892 14.2751 12.249 13.6341 14.3616 10.0183 17.1578 28.6323 30.7323 11.8924 10.3813 17.683 20.7025 17.5419 19.9223 20.2387 16.3759 13.4695 20.6771 16.1509 11.8748 22.0697 11.6627 19.1772 35.0458 13.3895 24.9039 9.85333 9.60187
threshold=20.100212126767076 8.9788520137216867 82.284745000000015 0 5.6061100000000001 -3.4499348845950304 2.1614950000000008 5.0645650000000009 2081.5805560000003 2002.6625630000001 11.210904766598452 1.8444200000000002 -0.84863687972800783 -4.2380507944813708 -2.2644560199521853 5.4011050000000003 -2.5212569338200055 5.0956100000000006 2.8212558480254848 5.2928650000000008 2387.5605865000002 5.1324950000000014 1.8658750000000002 5.5640250000000009 -0.52447182968153883 -1.4655970834351439 1.6380150000000002 83.723060000000018 4.6877100000000009 4.8196800000000009
decision_type=2 2 2 1 2 2 2 2 10 10 2 2 2 2 2 2 2 2 2 2 10 2 2 2 2 2 2 2 2 2
left_child=1 2 -1 4 5 -4 7 8 9 10 -7 23 13 -13 15 -15 18 -16 19 -17 -21 22 -14 29 25 26 27 -25 -24 -9
right_child=-2 -3 3 -5 -6 6 -8 11 -10 -11 -12 12 21 14 17 16 -18 -19 -20 20 -22 -23 28 24 -26 -27 -28 -29 -30 -31
leaf_value=0.0017074261342259795 -0.022882893079364964 0.0016123049155334209 -0.026273023030142607 -0.012598468218595921 -0.0070708952715708307 0.19998446680019341 -0.004061523333658632 0.028907457805818573 0.019961623022786507 0.2804907928821741 -0.019877794469422352 0.0069172890533358627 0.31173093059661539 -0.052720040918060429 0.18557839004330934 0.077878449657825422 0.33061409943063341 -0.0042293815022981874 0.031339793326383557 0.41634625024351701 0.15518003370937458 -0.013642679330800468 0.17538061967271235 0.2155436349103427 -0.004873575485173442 0.36031075527276002 0.22626915319013358 -0.032405081798997933 0.0065688520577452591 -0.004292533176076121
leaf_weight=1410.7273367922753 45.290845051407814 4142.1184290293604 37.872771183028817 412.36009240802377 741.99998885486275 0.86544193979353012 172.52605121023953 24.596397186629474 15.807461478747426 2.5299640661105514 2.1257821591570973 14.444449280388652 0.75410830229520609 1.3143341550603498 1.3853624742478157 2.7634608196094606 1.3972938694059855 6.3223123913630843 2.6084707761183381 1.1262459270656111 1.2478810204192994 29.421618135645986 0.9921954097226261 1.3311628475785253 9.6020352095365507 1.1149487197399164 0.99247808475047339 4.2331546125933528 6.7114967657253146 190.06537468545139
leaf_count=31333 1088 67131 966 9495 17643 26 3941 502 346 38 49 322 18 30 32 58 26 138 58 21 28 720 26 31 222 22 22 93 151 4226
internal_value=0 6.41118e-05 -0.00200504 -0.00510675 -0.00268597 0.0034052 0.00567005 0.0108559 0.0541991 0.152223 0.0437343 0.00779914 0.024603 0.0515937 0.0871188 0.129301 0.155466 0.0298863 0.123872 0.170852 0.279073 0.00136718 0.053581 0.00269215 0.042217 0.101156 0.0570881 0.0269122 0.0283109 -0.000488408
internal_weight=0 7241.36 3099.24 1688.51 1276.15 534.152 496.279 323.753 21.3286 5.52119 2.99122 302.425 70.4892 32.6098 18.1654 10.4577 9.14335 7.70767 7.74606 5.13759 2.37413 37.8794 8.4578 231.936 17.2738 7.67174 6.5568 5.56432 7.70369 214.662
internal_count=138802 137714 70583 39250 29755 12112 11146 7205 459 113 75 6746 1628 713 391 221 191 170 165 107 49 915 195 5118 390 168 146 124 177 4728
cat_boundaries=0 1
cat_threshold=1
is_linear=0
shrinkage=0.05


Tree=40
num_leaves=31
num_cat=1
split_feature=7 2 0 1 4 6 1 3 0 3 1 0 6 2 3 5 1 6 0 0 6 4 6 6 6 6 0 1 5 1
split_gain=9.07246 13.1834 10.8854 9.26604 12.1423 9.15841 11.9615 15.0688 13.8582 11.5919 11.3366 13.2156 13.3475 13.9664 10.0117 14.1074 9.65252 19.312 18.1743 29.7145 48.8117 13.4262 23.8446 13.3231 11.9748 11.8842 11.384 10.1181 10.8143 27.5255
threshold=0 13.38257333770782 88.360135000000014 -9.1072980394965111 6.6791150000000004 6.6304550000000004 9.0945557759263078 2407.8517580000002 88.601180000000014 2600.2096355000003 19.060540631152108 87.859375000000014 6.358245000000001 7.7634064188766896 2247.6109970000002 2.7705000000000006 19.838676284241107 6.3152350000000004 91.966515000000015 92.483755000000016 5.7948000000000013 6.2174150000000008 6.1017050000000008 6.2220900000000006 5.1990100000000004 5.9838950000000013 95.746890000000022 20.339764479274674 0.31679000000000007 21.325980081761486
decision_type=1 2 2 2 2 2 2 10 2 8 2 2 2 2 8 2 2 2 2 2 2 2 2 2 2 2 2 2 2 2
left_child=3 5 -3 4 -1 10 -7 -8 -9 -10 -2 12 13 -12 15 -13 17 18 21 20 -20 -16 -23 24 -21 -22 -26 -18 29 -29
right_child=1 2 -4 -5 -6 6 7 8 9 -11 11 14 -14 -15 16 -17 27 -19 19 23 25 22 -24 -25 26 -27 -28 28 -30 -31
leaf_value=-0.029773994396082026 -0.00082736706856620086 0.0032342723744900985 -0.011966399829551968 0.0018382439422027525 0.15300837156029762 -0.037830049107321316 -0.011657748738239522 0.14957171817499881 0.0032722074071540874 0.10736295979714297 -0.031259751553308582 -0.0075846338293422064 0.1325740706944204 0.079352874646638774 -0.026543727431941638 0.13824740887889628 -0.021157766138504456 -0.031305407890761826 -0.039735744130486438 0.14638792171018347 0.32745807565416085 0.0060350218141686056 0.21797195181790832 0.17464175885443764 -0.0031054195121951482 0.17411221797397358 0.11572683243845228 -0.053405598292534197 0.0096846329774134179 0.16817019935238472
leaf_weight=32.383711950853467 2354.717549960129 154.55315941572189 494.95704561751336 3776.6007577525452 0.9348254194483151 34.249416296370327 131.35523170884699 2.2737175654619959 17.227677116170529 3.1662366054952136 5.4162644203752262 100.32791069708765 4.0561080425977698 6.0318492017686367 11.353941299021246 1.6862419173121441 25.905134405009449 9.9671020694076997 2.1949632707983282 1.8996534664183915 2.2698054797947407 5.0027231629937878 1.8063317053019998 1.6790385451167811 14.148361279629173 2.8497811462730169 2.3502053581178179 2.3258652053773394 79.002509775571525 3.527189826592803
leaf_count=734 47830 3078 11191 68681 20 817 2223 20 274 28 77 1423 19 41 135 22 392 148 22 23 14 58 11 32 219 29 38 27 1136 40
internal_value=0 -0.00192574 -0.00834935 0.00160664 -0.0246456 -0.000449792 -0.011104 -0.00516101 0.0324865 0.0194327 0.00031044 0.00975091 0.0546347 0.0270205 0.00715719 -0.0051741 0.0147224 0.0317372 0.0455306 0.0712473 0.157526 0.00674697 0.0622584 0.0398143 0.0275098 0.242099 0.0138221 0.00619326 0.0145431 0.0801212
internal_weight=0 3476.3 649.51 3809.92 33.3185 2826.79 188.272 154.023 22.6676 20.3939 2638.52 283.801 15.5042 11.4481 268.297 102.014 166.283 55.5219 45.5548 27.3918 7.31455 18.163 6.80905 20.0773 18.3982 5.11959 16.4986 110.761 84.8556 5.85306
internal_count=138802 69367 14269 69435 754 55098 3362 2545 322 302 51736 3906 137 118 3769 1445 2324 729 581 377 65 204 69 312 280 43 257 1595 1203 67
cat_boundaries=0 1
cat_threshold=2
is_linear=0
shrinkage=0.05


Tree=41
num_leaves=31
num_cat=0
split_feature=1 2 6 6 0 2 5 2 0 2 0 0 2 2 2 3 3 1 2 2 4 3 2 1 3 4 6 2 6 6
split_gain=8.71325 15.9625 9.87852 16.3643 13.3617 13.337 15.1276 13.1683 12.68 11.6069 12.3943 23.6665 14.6811 15.717 13.3508 12.1218 14.6933 14.8065 11.0198 14.2066 10.9976 10.8366 17.742 18.6978 21.6306 10.7037 13.7623 11.0722 15.7862 15.7838
threshold=7.2899229656412876 3.473340066487514 5.8374550000000012 5.816205000000001 91.712825000000024 8.3886178061842376 0.89235000000000009 8.8260195217878312 84.686195000000012 18.913920057299624 91.169675000000012 90.437315000000027 11.349423654001093 10.397740407629014 13.580693975940227 2276.0925270000002 2323.5392295000006 19.697683919821191 -11.430138977026347 1.0261118708245316 6.587295000000001 2590.5873870000005 13.580693975940227 13.159502965160298 2600.2096355000003 4.4668950000000009 5.6121550000000004 11.008374834191402 5.6061100000000001 5.6001600000000016
decision_type=2 2 2 2 2 2 2 2 2 2 2 2 2 2 2 10 8 2 2 2 2 10 2 2 10 2 2 2 2 2
left_child=1 -1 3 4 20 -5 -7 -8 -9 10 11 12 13 -10 -13 -12 -17 -18 -4 -20 -2 -21 -23 24 -24 26 -6 28 29 -27
right_child=2 -3 18 5 25 6 7 8 9 -11 15 14 -14 -15 -16 16 17 -19 19 21 -22 22 23 -25 -26 27 -28 -29 -30 -31
leaf_value=0.00041954437820319906 0.0073417928516407221 -0.0076742745832394004 0.088095345260506885 -0.0022368349511384714 -0.053278042922996142 -0.044840936999315836 0.17004499686578206 0.15386805690564828 0.016038772240053803 0.17966256483455612 -0.038380203065485612 0.20688507079119561 -0.0054133827051059524 0.17161639124193784 0.036712185695121934 0.15160381998299402 -0.026371357964559618 0.16760922347119359 -0.018777625205570584 -0.0004531920967038551 -0.014427130368372171 0.0093337160775817073 0.31727093340738055 0.030415006355068837 0.052072043153571015 0.010699384611149672 0.17468547897467265 -0.0099875435415218289 -0.010998714532429833 0.12479890315860481
leaf_weight=1801.9101778045297 1109.3192132255062 920.27516000717878 3.4916671961545935 26.921201323159039 1.030338206328451 4.6606116797775021 2.1644345186650744 2.473464091308414 3.4541273592040005 1.3878097776323546 9.2144094482064265 3.4999775532633057 11.083124191500245 3.0628143828362226 1.7184807527810333 2.3180025778710815 5.8252305844798693 1.1836109999567268 105.4560634214431 2554.49547008425 61.219864550046623 30.825296276248991 1.597377281635999 4.5971306255087256 1.4824751652777193 180.22432160843164 1.8522999407723544 310.13316252175719 115.23851678613573 3.0828419215977183
leaf_count=39710 18299 22830 51 433 22 75 34 32 57 28 146 35 170 32 28 35 111 19 2083 42351 959 490 10 69 32 2879 35 5813 1883 51
internal_value=0 -0.00231669 0.00125765 0.00406081 0.00307386 0.0263339 0.0411123 0.0495663 0.0437998 0.037431 0.0326584 0.0573312 0.029604 0.0891567 0.150846 0.00229391 0.0424777 0.00638692 -0.000673129 -0.000787991 0.00620327 -5.6361e-05 0.026272 0.0942843 0.189618 -0.00291589 0.0932047 -0.0033711 0.00350214 0.0126183
internal_weight=0 2722.19 4563.01 1861.07 1782.1 78.9673 52.0461 47.3855 45.2211 42.7476 41.3598 22.8185 17.6001 6.51694 5.21846 18.5413 9.32684 7.00884 2701.95 2698.45 1170.54 2593 38.5023 7.67698 3.07985 611.561 2.88264 608.679 298.546 183.307
internal_count=138802 62540 76262 31176 29941 1235 802 727 693 661 633 322 259 89 63 311 165 130 45086 45035 19258 42952 601 111 42 10683 57 10626 4813 2930
is_linear=0
shrinkage=0.05


Tree=42
num_leaves=31
num_cat=1
split_feature=2 1 0 3 1 4 3 6 6 6 1 6 1 4 6 0 0 6 3 4 2 0 6 7 5 2 5 6 2 4
split_gain=8.60491 8.47899 12.0248 12.2106 8.63458 9.96896 11.7588 11.9348 23.209 21.8992 9.21412 16.0534 11.4338 17.5263 26.0419 18.0706 12.5665 22.1525 21.432 17.5799 14.3074 12.9167 8.95368 13.9484 19.5968 7.9415 15.2747 36.6271 11.5405 7.72982
threshold=20.100212126767076 -3.4499348845950304 80.892025000000004 2309.7712975000004 -9.9964899752286609 6.1168450000000005 2533.8117910000005 5.6001600000000016 5.6472650000000009 5.6295350000000015 -5.077495404991299 4.6418000000000008 -6.1970106079792346 6.1719100000000013 5.0156600000000013 77.995870000000011 75.457695000000015 5.5942350000000003 2452.5087185000007 6.485145000000001 -5.7210166828944784 79.400150000000011 4.7608900000000007 0 1.3352850000000003 -5.869254987427615 1.4762150000000001 5.8478600000000016 -5.2626118851786829 5.6437950000000008
decision_type=2 2 2 10 2 2 10 2 2 2 2 2 2 2 2 2 2 2 10 2 2 2 2 1 2 2 2 2 2 2
left_child=1 2 3 -1 -5 6 7 22 9 -9 12 -12 16 -14 15 -15 19 -18 -19 20 -7 -20 23 24 -6 29 27 -27 -28 -10
right_child=-2 -3 -4 4 5 10 -8 8 25 -11 11 -13 13 14 -16 -17 17 18 21 -21 -22 -23 -24 -25 -26 26 28 -29 -30 -31
leaf_value=-0.016228982121580172 -0.022080700432374107 0.00047315407318634733 -0.020996073418358241 -0.019545049683713244 0.016415085245407499 0.27152822552656236 -0.011379357610656031 0.068784229142191664 0.041861980568476155 0.35025727925025718 0.16215727053675472 -0.030123058410927286 0.2810928119851307 0.035838011367802868 -0.02204429473864665 0.32632925390364964 -0.022840916204660111 -0.052529906630145354 0.082467467287171511 -0.052585075450039299 0.054421788072169998 0.31668545283737604 -0.0084041500114293583 -0.018130924328199998 0.282486137751985 -0.03837494317414919 0.16639377236845848 0.3454110905666179 -0.040727375329564788 -0.028381525096563873
leaf_weight=96.628648117184639 44.163255563937128 6835.9820728581399 110.99487832188606 29.336486825719476 1.498135954141617 1.6242346763610838 66.42602467443794 1.7708169892430334 8.4785248674452323 1.1332586780190466 1.2317494368180621 9.1439041867852193 1.1672995239496256 0.94065309129655394 3.2548696342855692 1.2425283249467609 12.305473963730035 1.2099466081708663 1.1138451369479301 1.2496451400220392 1.424281702376905 1.2483770083636043 33.361271424219012 2.8426000298932186 1.2861548289656637 1.1378723103553032 0.89433372952044043 1.3703873092308638 2.7117896769195795 7.2787758894264707
leaf_count=2233 1088 128275 2842 693 30 32 1448 37 180 24 25 195 25 20 72 27 269 22 27 26 30 26 756 78 23 28 20 29 65 157
internal_value=0 5.70334e-05 -0.0069787 -0.00167425 0.00547635 0.00986269 0.00334316 0.0186803 0.0458162 0.178624 0.0327058 -0.00729643 0.0482037 0.105301 0.0675671 0.201167 0.0295104 0.00897943 0.118595 0.105353 0.170095 0.206246 0.00143636 0.0597797 0.139322 0.0281823 0.0765488 0.171307 0.0106395 0.00941437
internal_weight=0 7240.29 404.307 293.312 196.683 167.347 130.19 63.7639 24.7758 2.90408 37.1568 10.3757 26.7812 6.60535 5.43805 2.18318 20.1758 15.8776 3.57217 4.29816 3.04852 2.36222 38.9882 5.62689 2.78429 21.8717 6.11438 2.50826 3.60612 15.7573
internal_count=138802 137714 9439 6597 4364 3671 2875 1427 540 61 796 220 576 144 119 47 432 344 75 88 62 53 887 131 53 479 142 57 85 337
cat_boundaries=0 1
cat_threshold=2
is_linear=0
shrinkage=0.05


Tree=43
num_leaves=31
num_cat=2
split_feature=7 8 2 0 2 1 6 1 4 5 4 3 5 4 2 1 3 1 5 6 0 5 3 0 0 2 0 5 6 3
split_gain=8.23296 12.8887 11.8101 10.6304 13.3959 26.2994 37.771 9.20177 9.16173 13.437 18.5871 24.8879 14.9437 13.1243 16.9392 12.3203 11.0118 9.522 15.7937 17.988 9.94118 12.7412 8.46139 11.7888 13.6648 17.2763 13.2573 21.745 8.66283 9.44315
threshold=0 1 12.189029605823139 86.488610000000008 16.062044780526367 7.4989377254196095 6.1529950000000007 17.669949965739445 6.5020700000000007 0.85824500000000004 5.2896800000000006 2335.9001835000004 0.84195000000000009 6.3365650000000011 8.212165974381092 19.985737074351004 2257.8263015000007 -9.1072980394965111 2.1432850000000001 5.7142700000000008 77.191040000000015 1.5291250000000003 1462.1558820000002 89.550845000000024 80.529690000000016 10.738266557420252 79.512290000000021 1.2573100000000001 6.1462850000000007 1295.0103760000002
decision_type=1 1 2 2 2 2 2 2 2 2 2 10 2 2 2 2 10 2 2 2 2 2 8 2 2 2 2 2 2 10
left_child=-1 22 8 4 7 -6 -7 -4 9 10 11 -3 13 15 -15 -12 -17 18 20 -20 21 -11 23 24 25 26 28 -28 -2 -30
right_child=1 2 3 -5 5 6 -8 -9 -10 17 12 -13 -14 14 -16 16 -18 -19 19 -21 -22 -23 -24 -25 -26 -27 27 -29 29 -31
leaf_value=0.00152603151128181 -0.024643964138092569 0.33071744873244319 -0.012143870905830117 -0.021940520003183452 -0.046804523420546862 0.29834215908354034 -0.026286786638090281 0.13807501329820118 -0.027832023157605454 0.18682631156354773 -0.015473115836043572 0.016515378389589441 0.10516051694006666 -0.0039267994124371165 0.13106142482981784 0.13927631358590162 -0.0026129976728632032 -0.0055694023353310062 0.059941992768667365 0.34204801896491244 -0.05220623385887966 -0.052227560788882035 -0.00047136338717892052 0.19635212365409366 -0.0017211318304720192 0.27298408947081171 0.31112542934518728 0.030756617251025076 0.17095033826469894 -0.035009807049192682
leaf_weight=3814.791045515798 5.2357455221936071 1.1093611400574439 26.882925670593981 185.47503092885017 2.6152800209820262 2.1133762821555142 1.5555606503039596 1.0596242770552624 36.933867001906037 1.2825703406706437 36.128900568000972 1.4592930274084208 4.2090859441086641 4.8474382450804097 4.4644018849357963 2.611094692721962 2.8708677999675274 506.89688671659678 1.7508579436689617 0.8343360787257551 3.4010856691747904 0.98580484278500069 2602.4224272705615 0.96049789525568385 25.133654235862195 0.91183702833950597 1.1076206220313909 1.8411524202674625 1.434005117043853 0.90951023064553727
leaf_count=69435 111 22 520 3749 48 24 28 9 607 33 630 27 54 93 47 26 38 10072 44 18 79 27 52350 15 565 15 21 44 32 19
internal_value=0 -0.00183966 -0.0072764 -0.0172159 0.0083869 0.0743468 0.160706 -0.00644734 -0.00369527 -0.00213908 0.0207421 0.152214 0.0146166 0.0071326 0.060791 -0.00487528 0.0649698 -0.00470193 0.0485674 0.150988 0.00186505 0.0829368 -0.000131412 0.0234391 0.018898 0.0641988 0.0461158 0.136069 0.0111188 0.0910179
internal_weight=0 3469.44 829.488 219.702 34.2268 6.28422 3.66894 27.9425 609.786 572.852 57.7004 2.56865 55.1318 50.9227 9.31184 41.6109 5.48196 515.152 8.25465 2.58519 5.66946 2.26838 2639.96 37.534 36.5735 11.4399 10.528 2.94877 7.57926 2.34352
internal_count=138802 69367 16195 4378 629 100 52 529 11817 11210 937 49 888 834 140 694 64 10273 201 62 139 60 53172 822 807 242 227 65 162 51
cat_boundaries=0 1 2
cat_threshold=2 1
is_linear=0
shrinkage=0.05


Tree=44
num_leaves=31
num_cat=1
split_feature=2 4 6 5 1 3 3 1 0 6 5 6 5 5 0 0 2 1 4 6 1 2 2 7 0 2 2 6 5 2
split_gain=8.11439 10.6226 17.9163 11.4677 11.5148 9.18849 9.0358 8.2818 8.93866 8.17484 13.8127 12.3708 13.6402 51.7518 10.5542 10.6255 38.6767 60.4885 18.6832 44.0369 17.9489 15.1716 19.8286 11.1546 11.8151 21.1839 16.6503 13.9104 14.5497 12.848
threshold=18.20518836907787 5.3295850000000007 7.0545700000000009 1.0213250000000003 14.281904484737757 2437.1814925000003 2295.2952765000005 -2.3257411342448493 81.067305000000019 5.8374550000000012 2.8759700000000001 5.816205000000001 2.6895250000000002 2.7362250000000006 91.712825000000024 91.568215000000023 16.704574400571435 14.281904484737757 5.8356950000000003 5.7629500000000009 19.697683919821191 11.349423654001093 12.576891903805867 0 90.101750000000024 6.4091011206101394 1.0261118708245316 5.4758950000000004 1.3099500000000004 6.8536739337917707
decision_type=2 2 2 2 2 10 10 2 2 2 2 2 2 2 2 2 2 2 2 2 2 2 2 1 2 2 2 2 2 2
left_child=7 2 3 -2 -5 6 -6 8 -1 10 11 14 -13 -14 15 23 18 -18 19 21 -20 -17 -23 24 26 -26 -9 28 29 -27
right_child=1 -3 -4 4 5 -7 -8 9 -10 -11 -12 12 13 -15 -16 16 17 -19 20 -21 -22 22 -24 -25 25 27 -28 -29 -30 -31
leaf_value=-0.0015246511791886974 0.16262326233211025 -0.021298426640545112 0.21930768852344085 -0.0059466939466739505 0.047833242010239557 -0.020142104051676178 0.23763470634855197 0.014409925186911208 -0.015529692645025503 -0.0010140196980873012 -0.0082124343395187979 0.016420160058374673 0.3066298506116143 -0.028282661947138188 -0.0030785828645998087 -0.035785804351562346 0.041648087640845675 0.54170249204899212 -0.0361807421220856 0.27962051093537482 0.1015818143918174 0.23608842110193901 0.033239770012434694 0.00033522164903588311 -0.022838859171444861 0.18836097057148324 0.00026516559527636237 0.039438697603475695 -0.0038766352640751661 0.033945488639758818
leaf_weight=377.50199609156698 1.0718807373195876 101.60105141904205 0.94214609544724126 81.952554727904499 1.3039349103346465 1.4166059773415325 1.2079634284600613 319.00561818294227 163.17962283361703 3399.5066003799438 273.7566782804206 100.17994028050452 1.8904667310416687 2.9587043486535549 582.64136005099863 5.8243906414136282 1.7552140317857259 0.92264833021908987 16.44829584192485 1.9474877202883352 2.7612893171608439 1.4708088580518941 6.6592262154445052 1048.2139702830464 26.193609087727964 1.4373110402375484 598.17538204696029 85.957962340675294 54.366884891875088 21.458055847324431
leaf_count=8519 16 2353 12 1908 20 23 20 5831 4219 61795 5656 1729 27 55 10231 90 46 10 267 28 36 23 133 21346 457 19 11375 1341 889 328
internal_value=0 -0.0102876 0.00244016 9.0371e-05 -0.0019382 0.081683 0.139108 0.000196253 -0.00575142 0.00068695 0.00252031 0.00354041 0.0203845 0.102284 0.00290294 0.00449242 0.030776 0.21394 0.0168066 0.0568937 -0.016378 0.0258098 0.0699372 0.00403148 0.00753273 0.0189015 0.00518487 0.0256001 0.0102039 0.0436393
internal_weight=0 189.496 87.8951 86.9529 85.8811 3.9285 2.5119 7094.21 540.682 6553.53 3154.03 2880.27 105.029 4.84917 2775.24 2192.6 37.7894 2.67786 35.1115 15.9019 19.2096 13.9544 8.13004 2154.81 1106.59 189.414 917.181 163.22 77.2623 22.8954
internal_count=138802 4352 1999 1987 1971 63 40 134450 12738 121712 59917 54261 1811 82 52450 42219 633 56 577 274 303 246 156 41586 20240 3034 17206 2577 1236 347
cat_boundaries=0 1
cat_threshold=2
is_linear=0
shrinkage=0.05


Tree=45
num_leaves=31
num_cat=4
split_feature=1 8 0 1 4 4 0 1 4 0 4 7 1 5 1 5 5 2 3 7 4 0 1 7 3 5 3 3 6 0
split_gain=7.81249 7.94001 11.7491 14.5994 13.5468 14.2672 15.9281 13.4368 15.978 12.1714 12.0787 11.3312 20.7034 23.6207 11.3903 19.5349 11.0414 18.6448 24.7216 20.9359 18.1789 15.5939 10.6545 10.5051 13.2502 32.1908 12.6817 17.3372 11.9032 9.79019
threshold=-9.9964899752286609 0 93.194275000000019 15.682091619059962 5.9527650000000003 6.2174150000000008 76.785680000000013 15.760770093077818 6.4092050000000009 91.120315000000019 5.2976100000000006 1 22.961413276816881 1.0823650000000002 -9.1072980394965111 2.1432850000000001 2.6315400000000007 8.648112179524686 2335.9001835000004 2 6.1168450000000005 92.888185000000007 5.5052963146637746 3 2483.4807015000006 1.3599150000000002 2197.1573970000004 2154.3778300000004 5.8850400000000009 91.022485000000017
decision_type=2 1 2 2 2 2 2 2 2 2 2 1 2 2 2 2 2 2 10 1 2 2 2 1 10 2 10 10 2 2
left_child=-1 2 3 4 9 -6 23 8 10 -2 -5 12 -3 -14 15 -13 -9 -18 21 20 -20 29 -4 24 26 -26 27 -7 -25 -19
right_child=1 11 22 7 5 6 -8 16 -10 -11 -12 14 13 -15 -16 -17 17 18 19 -21 -22 -23 -24 28 25 -27 -28 -29 -30 -31
leaf_value=-0.020795945856168615 0.0038436880326945633 -5.2821222601761393e-05 -0.047820728946406633 0.15897525516445019 -0.010160508351366436 0.048287497741996137 0.00026159338119435523 0.0052569369863624676 0.13612894933880987 -0.0069086890786594739 0.013056057172103376 -0.0049203789546899985 0.0057776353862888357 0.26101831258062219 -0.0075457958812881337 0.21229511027732129 -0.0055049130580449631 0.041594946866228021 0.24690260305519507 0.041932282694235559 0.058939853093657048 0.14612850319340287 -0.0040722466115558692 -0.017230759976113934 0.37168368965796517 -0.0044204643986896176 -0.019122887689505694 0.28635680617259668 0.12216657655790829 -0.038434901333098431
leaf_weight=45.215399630367756 2045.8864432200789 1458.1257951837033 14.221042297780512 1.5533619094640077 517.07450389582664 2.7963758222758774 354.24028245639056 983.59216074366122 4.0165069121867409 302.04708885215223 16.298412973061204 2.9230053117498747 2.0471571665257211 1.6266717938706277 812.75420481339097 1.6025508074089883 21.64680696837604 7.6754027754068428 3.711458794772625 5.0637431629002077 1.9687053039669988 2.1308990810066453 651.13183887209743 7.7545836046338081 1.1743672005832198 1.1035384628921745 3.4004450608044863 1.0525981150567529 1.9082781039178369 7.6106371637433767
leaf_count=1112 42854 26470 428 16 11102 57 7361 13612 39 6417 239 61 31 25 15952 31 281 86 39 60 21 13 12048 193 22 20 62 17 40 93
internal_value=0 5.25114e-05 0.00117517 0.00213321 0.000468891 -0.00478215 0.00266506 0.00724071 0.0460257 0.00246046 0.0257531 -0.00239028 0.000245861 0.118791 -0.00710533 0.0719981 0.00641996 0.0293871 0.0562081 0.115855 0.181756 0.0194138 -0.00500731 0.0470317 0.0842878 0.189479 0.0512348 0.113393 0.0102982 0.00174956
internal_weight=0 7238.14 4959.06 4293.71 3238.44 890.505 373.43 1055.27 21.8683 2347.93 17.8518 2279.08 1461.8 3.67383 817.28 4.52556 1033.4 49.8077 28.1608 10.7439 5.68016 17.4169 665.353 19.1902 9.52732 2.27791 7.24942 3.84897 9.66286 15.286
internal_count=138802 137690 95120 82644 68145 18874 7772 14499 294 49271 255 42570 26526 56 16044 92 14205 593 312 120 60 192 12476 411 178 42 136 74 233 179
cat_boundaries=0 1 2 3 4
cat_threshold=1 2 2 2
is_linear=0
shrinkage=0.05


Tree=46
num_leaves=31
num_cat=2
split_feature=1 2 4 0 5 6 1 6 0 3 3 7 3 3 6 3 6 5 1 4 6 6 5 2 5 5 0 4 0 7
split_gain=7.61309 14.3559 9.3378 11.1409 10.616 15.621 15.0695 25.4373 14.6866 11.0963 16.3597 11.2395 14.881 26.8132 14.7242 9.69213 9.86777 13.8118 10.9653 9.22748 8.37792 12.8746 11.4908 11.3185 12.6398 16.0613 10.6309 10.0117 13.6602 29.6147
threshold=7.2899229656412876 3.473340066487514 5.0330100000000009 81.859710000000021 2.7222150000000007 6.8242500000000001 6.9744940496360615 6.0243600000000006 89.856355000000022 2469.6578025000003 2492.5667160000007 0 2331.1329505000003 2346.0749155000003 6.2987850000000014 1462.1558820000002 5.9897750000000007 2.6744550000000005 2.326955786194866 4.8938200000000007 5.8374550000000012 5.816205000000001 0.89235000000000009 8.3886178061842376 1.3266600000000002 1.2390200000000002 91.712825000000024 5.6199550000000009 90.482970000000009 1
decision_type=2 2 2 2 2 2 2 2 2 8 10 1 8 10 2 10 2 2 2 2 2 2 2 2 2 2 2 2 2 1
left_child=1 -1 4 -4 5 9 -6 -8 -7 11 -11 12 15 -14 -15 19 17 -17 -19 -3 21 26 -23 24 25 -24 27 28 -2 -30
right_child=20 2 3 -5 6 8 7 -9 -10 10 -12 -13 13 14 -16 16 -18 18 -20 -21 -22 22 23 -25 -26 -27 -28 -29 29 -31
leaf_value=0.00041410916473107401 0.0070431751996072366 0.021305886171226647 -0.00025145029193603336 -0.01439206642418548 -0.014048507139593311 0.056562852138720247 -0.031882817684593792 0.25814267744509539 0.28986032061909206 0.21790055416460202 0.0029627509156682007 -0.014485427064819024 0.25502713273373318 -0.0044774392145682587 0.2043498451447209 0.013311718647270654 -0.019724972172124388 0.27423363780105892 0.037297178475029391 0.16558859433319995 -0.0006129821125858356 -0.023947078441831027 0.016330061450892896 0.043363302348694455 -0.025084248795594621 0.21407387066876585 -0.0025247691051683151 0.0024520989704978698 0.054935617462124477 -0.0030629922672041972
leaf_weight=1801.7217621654272 289.7637756979093 2.7352832797914735 196.40275185462087 479.0163115914911 100.80068132001907 2.9061372112482782 1.6793959224596613 1.375045054592192 0.87851771805435408 1.5343265784904354 2.0928725823760033 46.072277062572539 1.7458258001133788 4.8522412609308958 1.0218735188245771 40.044014696031809 25.608059907332063 0.92593442555516858 1.0331875113770363 1.8628208041191099 2698.2787143373862 11.19910702574998 4.432147471234205 50.204298004508018 14.827902594581245 1.3365227365866301 606.98904532194138 802.02516895998269 50.006422478705645 39.312396876513958
leaf_count=39710 4740 79 4571 12510 2511 64 36 32 19 23 54 1148 28 115 17 910 619 22 24 48 45086 170 71 727 245 22 10683 13081 739 698
internal_value=0 -0.0021738 -0.0072831 -0.0102802 0.00125209 0.0105889 -0.0107331 0.0986806 0.110717 0.00766328 0.0938827 0.00517932 0.0165285 0.0829832 0.0318506 0.00951586 0.00473877 0.0196536 0.14928 0.0797589 0.00116958 0.00374157 0.0231144 0.0305585 -0.000653262 0.0621446 0.00285315 0.00561695 0.0123128 0.0294084
internal_weight=0 2714.31 912.588 675.419 237.168 133.313 103.855 3.05444 3.78465 129.529 3.6272 125.902 79.8292 7.61994 5.87411 72.2093 67.6112 42.0031 1.95912 4.5981 4568.38 1870.1 82 70.8009 20.5966 5.76867 1788.1 1181.11 379.083 89.3188
internal_count=138802 62540 22830 17081 5749 3170 2579 68 83 3087 77 3010 1862 160 132 1702 1575 956 46 127 76262 31176 1235 1065 338 93 29941 19258 6177 1437
cat_boundaries=0 1 2
cat_threshold=2 2
is_linear=0
shrinkage=0.05


Tree=47
num_leaves=31
num_cat=0
split_feature=2 1 2 3 4 4 3 0 3 4 4 5 4 6 6 0 0 3 0 0 1 3 6 6 2 2 3 6 5 0
split_gain=7.42847 7.42291 11.4659 9.23934 13.6907 33.6945 7.89254 11.2254 8.76155 11.6542 7.67055 9.0071 8.61449 35.3678 9.93504 15.1435 30.0393 15.6423 15.9807 12.9747 11.4888 36.8099 10.6658 8.68186 11.5145 10.6459 10.4898 10.3494 8.79026 14.3708
threshold=20.100212126767076 -3.4499348845950304 -1.6007544188332656 1810.4273480000004 5.7380100000000009 5.9884950000000012 2176.7524090000006 80.892025000000004 2204.3218670000001 6.2174150000000008 6.7231400000000017 2.7362250000000006 6.6143550000000007 6.9372650000000009 5.7035850000000012 87.791335000000018 89.655780000000007 2078.6618795000009 89.247185000000016 90.731300000000019 2.6199824539663008 2244.7402245000007 6.2444150000000009 5.8374550000000012 13.313218183750957 -11.430138977026347 1998.8010430000002 4.5029400000000015 1.2843800000000003 76.785680000000013
decision_type=2 2 2 10 2 2 10 2 10 2 2 2 2 2 2 2 2 8 2 2 2 10 2 2 2 2 10 2 2 2
left_child=1 2 3 4 -1 -6 -5 8 9 -8 12 -12 23 14 20 -16 17 22 -19 -18 21 -14 -17 24 25 27 -26 -3 29 -25
right_child=-2 10 -4 6 5 -7 7 -9 -10 -11 11 -13 13 -15 15 16 19 18 -20 -21 -22 -23 -24 28 26 -27 -28 -29 -30 -31
leaf_value=-0.043568728929799669 -0.020902045557539661 0.11911000772194458 -0.030059519535799273 -0.023128521366036409 0.36739937457620381 0.015103079038451339 0.024852349406632779 -0.018313165998624193 0.0023207537293533525 0.1805689256343887 -0.01454985949836721 0.070031587384155686 0.27490731542794189 0.27014984803840347 -0.01635124309807532 0.28865230881952247 -0.047831872518170483 0.0003536710651842907 0.137592516055527 0.032336012114873573 -0.021149595763570395 -0.018825736102583653 0.10802838986537017 0.048152122418100768 -0.016908603995430128 0.0044695869574326811 -0.00059856647428898691 -0.017422887532758818 5.7641326174346192e-05 -0.0068753531585174542
leaf_weight=1.848268212750553 42.567273809574544 1.4151042737066735 45.981918292120099 48.834327159449458 0.99969162512570653 2.1137995049357414 5.4521164242178193 74.364614521153271 219.52345983684063 1.5412494735792277 114.40806727297604 3.236610420048236 1.4389952290803183 1.3472454417496909 15.706214496865867 1.6938595492392754 6.5987154534086612 4.013477741740644 4.4990322273224592 21.46348266210407 29.558459975756705 4.1214306727051735 1.5793622229248283 12.053476655855773 118.02789423801005 2433.2050178246573 598.33400338608772 72.395447420887649 2635.527676044032 758.2165679289028
leaf_count=48 1088 26 1194 1163 30 52 127 1913 4884 28 1997 32 31 19 293 24 96 64 26 347 485 99 19 213 2942 45753 11916 1433 49414 13046
internal_value=0 4.65509e-05 -0.00656809 -0.00352256 0.0642281 0.12822 -0.00448381 -0.00145769 0.0040759 0.0591703 0.000434076 -0.0122229 0.000655617 0.0158488 0.0120704 0.0252295 0.0416187 0.108606 0.0728872 0.0134848 -0.00874595 0.0571901 0.201499 0.000444718 0.00230467 0.0039021 -0.00328581 -0.0148053 -0.00131561 -0.00601426
internal_weight=0 7239.5 400.659 354.678 4.96176 3.11349 349.716 300.881 226.517 6.99337 6838.84 117.645 6721.2 92.0203 90.673 55.5541 39.8479 11.7857 8.51251 28.0622 35.1189 5.56043 3.27322 6629.18 3223.38 2507.02 716.362 73.8106 3405.8 770.27
internal_count=138802 137714 9439 8245 130 82 8115 6952 5039 155 128275 2029 126246 1503 1484 869 576 133 90 443 615 130 43 124743 62070 47212 14858 1459 62673 13259
is_linear=0
shrinkage=0.05


Tree=48
num_leaves=31
num_cat=3
split_feature=1 8 0 1 4 4 0 1 4 4 4 6 4 0 7 1 6 2 1 0 4 2 6 2 5 2 3 7 3 0
split_gain=7.10134 7.44824 10.3568 12.7785 12.3089 12.9864 13.1267 11.5029 12.961 11.7688 14.033 36.4565 16.6753 11.0168 10.1929 16.7199 15.4675 10.4832 9.99779 9.94727 11.9247 24.2504 12.3344 9.70467 9.38732 15.5211 18.9233 14.2132 13.7806 12.5695
threshold=-9.9964899752286609 0 93.194275000000019 15.682091619059962 5.9527650000000003 6.2174150000000008 76.785680000000013 15.760770093077818 6.2865050000000009 5.8538400000000008 5.6681700000000008 6.1017050000000008 5.2976100000000006 91.120315000000019 1 22.961413276816881 6.1665050000000008 12.189029605823139 5.5052963146637746 86.488610000000008 5.1296300000000006 16.062044780526367 6.8242500000000001 7.1654473352593033 2.6315400000000007 8.648112179524686 2335.9001835000004 2 2390.5727660000007 92.888185000000007
decision_type=2 1 2 2 2 2 2 2 2 2 2 2 2 2 1 2 2 2 2 2 2 2 2 2 2 2 10 1 10 2
left_child=-1 2 3 4 13 -6 -7 8 9 10 12 -12 -5 -2 15 -3 -17 -16 -4 20 -19 22 -22 -10 -9 -26 29 28 -28 -27
right_child=1 14 18 7 5 6 -8 24 23 -11 11 -13 -14 -15 17 16 -18 19 -20 -21 21 -23 -24 -25 25 26 27 -29 -30 -31
leaf_value=-0.020048230069406883 0.0036693253781261178 -0.00011088021156713414 -0.04747308307310396 0.13164377222710597 -0.0097266462815191398 0.041717428113658681 0.00028926070210575201 0.0049382175146384022 0.02697697396342932 -0.032258326688280978 0.2719029148998362 -0.044031993866352016 -0.053576994283035112 -0.0065887139770371833 -0.0034118387195841565 -0.023378472253045728 0.17738242459447617 -0.032953024957850741 -0.0038089571827037982 -0.020981740131510912 -0.0019964870666777132 0.15446592157165767 0.16691071501743618 0.15065328415941626 -0.0053288133224712467 0.0013349895326250267 0.23148375814137445 0.038197319999309885 0.085232251608896997 0.12553516882436994
leaf_weight=44.233218079432845 2051.6068193381652 1459.4336653528735 13.380524609237908 1.7723023109138063 512.1483643874526 20.212559414096177 353.98938229400665 988.2190306885168 2.65024085715413 6.7906382139772168 2.0338021535426383 1.6570634134113786 3.8655272033065557 300.01425058115274 597.99630016088486 1.5449357945471991 2.5313964057713747 11.507445883937178 647.81876717042178 180.2976161390543 18.111884957179434 3.3164505288004866 1.149435938335954 3.9505694229155779 21.573803452774882 15.378744348883634 2.8404483683407307 5.2547320369631034 3.7202029842883348 2.3481388967484227
leaf_count=1112 42854 26470 428 16 11102 411 7361 13612 31 111 21 28 58 6417 11666 26 30 223 12048 3749 359 36 11 29 281 179 22 60 38 13
internal_value=0 4.68246e-05 0.00113324 0.00202905 0.000468018 -0.00455336 0.00252701 0.0067883 0.0419825 0.0178163 0.0542672 0.13006 0.00464882 0.00236063 -0.00232145 0.000171563 0.101294 -0.00681265 -0.00469258 -0.0162988 0.0084719 0.0295854 0.0080832 0.100997 0.00601894 0.0269124 0.0504572 0.0994733 0.148552 0.0177868
internal_weight=0 7237.12 4961.23 4300.03 3237.97 886.35 374.202 1062.06 22.7201 16.1193 9.3287 3.69087 5.63783 2351.62 2275.89 1463.51 4.07633 812.379 661.199 214.383 34.0852 22.5778 19.2613 6.60081 1039.34 51.1161 29.5423 11.8154 6.56065 17.7269
internal_count=138802 137690 95120 82644 68145 18874 7772 14499 294 234 123 49 74 49271 42570 26526 56 16044 12476 4378 629 406 370 60 14205 593 312 120 60 192
cat_boundaries=0 1 2 3
cat_threshold=1 2 2
is_linear=0
shrinkage=0.05


Tree=49
num_leaves=31
num_cat=1
split_feature=1 6 6 5 1 4 3 0 2 3 5 3 4 2 0 8 4 1 0 5 3 4 4 4 1 3 3 1 0 3
split_gain=6.91739 12.9769 12.0018 19.7118 20.3109 33.2549 17.6507 18.731 19.6645 11.8729 8.6745 8.67007 12.4235 8.05375 7.52336 9.7649 18.5079 14.6873 15.9099 13.8719 17.258 20.0657 26.6333 13.8848 13.4152 14.9496 27.2796 13.7014 13.0916 15.3476
threshold=4.0445604117303287 6.0831050000000007 6.0356150000000008 1.6824100000000002 2.9141044539354808 5.8048550000000008 2343.7231905000003 81.33147000000001 -4.6037098133057173 1984.2239205000003 0.71966500000000011 1077.7533850000002 5.5166000000000013 -14.160800535687283 90.781115000000014 0 5.4073650000000013 13.543687238380608 83.723060000000018 2.1256400000000002 1984.2239205000003 6.0447450000000007 6.2772950000000014 6.6444250000000009 21.325980081761486 2233.1826110000006 2264.4499330000003 21.677123622972708 86.488610000000008 2019.3958085000002
decision_type=2 2 2 2 2 2 10 2 2 10 2 10 2 2 2 1 2 2 2 2 10 2 2 2 2 10 8 2 2 10
left_child=1 2 9 4 6 -6 10 8 -8 -1 -4 12 -3 -11 15 16 28 18 -18 24 21 -21 -23 -22 -19 -26 -27 -28 -2 -30
right_child=14 11 3 -5 5 -7 7 -9 -10 13 -12 -13 -14 -15 -16 -17 17 19 -20 20 23 22 -24 -25 25 26 27 -29 29 -31
leaf_value=-0.012245232391593306 0.0017177179317520727 0.23647901762155429 0.13635872826910853 0.0023254690157182511 -0.014487610263743006 0.38179221179885942 0.096594491199478036 -0.0067438458070264856 0.37560307689455619 -0.031151716429652927 -0.030347554106378967 -0.013465181033591839 0.012721658624177165 0.00059931137907285475 -0.0013971423200410558 -0.0010904836233345877 0.009112828161369612 0.0029275775389817223 -0.0063232613602685443 0.0031913384399163271 0.014093180880686569 0.30904532437528665 0.036813950500860324 0.087508373038481885 -0.001109569474369333 0.27637412173843112 0.16145363521185926 0.0020973909550429104 -0.013210772631944704 0.024623275561506022
leaf_weight=225.5002002203837 142.55802363995463 0.82034929562359993 0.91793572064488937 27.248618742451072 0.90686684940010254 1.2719401372596619 1.5536040468141434 1.6096172956749795 1.0640432965010407 20.270534481853247 5.2055880660191178 280.80941080581397 2.5443885624408722 1356.3467588545755 2196.7070059943944 1220.1962423846126 226.83551419060677 529.24330656323582 632.0874832868576 2.8366293832659712 106.11639141570777 1.909249469637871 1.6970031578093765 6.8564555449411264 7.4318218585103741 1.6813255399465532 1.9301766734570271 4.4787060599774122 30.14959626365453 241.63246356323361
leaf_count=5784 2834 24 18 660 21 25 34 39 16 430 130 6905 62 30406 38617 21289 4527 7417 13238 47 1400 28 25 41 90 20 22 61 618 3974
internal_value=0 -0.00264412 -0.000936711 0.0261929 0.0780985 0.216852 0.0488914 0.127475 0.210008 -0.0016103 -0.00535775 -0.0125092 0.0672754 0.000131781 0.000849934 0.00241318 0.00461978 0.0020709 -0.0022467 0.00765445 0.0230881 0.102682 0.180941 0.0185488 0.0042713 0.0500873 0.0971177 0.050091 0.0139894 0.0204262
internal_weight=0 1926.07 1641.9 39.7782 12.5296 2.17881 10.3508 4.22726 2.61765 1602.12 6.12352 284.174 3.36474 1376.62 5354.35 3157.64 1937.44 1523.1 858.923 664.181 119.416 6.44288 3.60625 112.973 544.765 15.522 8.09021 6.40888 414.34 271.782
internal_count=138802 44554 37563 943 283 46 237 89 50 36620 148 6991 86 30836 94248 55631 34342 26916 17765 9151 1541 100 53 1441 7610 193 103 83 7426 4592
cat_boundaries=0 1
cat_threshold=1
is_linear=0
shrinkage=0.05


Tree=50
num_leaves=31
num_cat=2
split_feature=2 4 4 6 2 5 5 3 2 1 5 5 1 2 8 2 1 6 1 0 7 5 1 0 5 2 6 0 6 5
split_gain=6.69972 6.7981 8.57196 17.6875 43.7214 9.24295 14.7692 18.6294 10.9252 9.21987 14.8203 8.86377 13.9999 8.81353 8.66713 8.60685 12.3107 11.3092 16.7238 11.0135 36.5448 11.7066 34.9095 30.4813 14.5984 8.92569 8.13293 18.8451 15.8246 10.7388
threshold=20.100212126767076 6.7231400000000017 6.485145000000001 6.4560800000000009 12.385527462857429 1.9168900000000002 1.4994500000000002 2397.5367515000003 6.4091011206101394 18.500024275913365 1.2843800000000003 0.37500500000000003 21.677123622972708 12.841229199307273 0 6.733020058237523 19.060540631152108 5.9954350000000014 21.325980081761486 94.625290000000021 1 0.84195000000000009 14.281904484737757 88.116075000000009 0.76329500000000017 6.8536739337917707 6.2220900000000006 87.21080000000002 6.2744650000000011 1.5870750000000002
decision_type=2 2 2 2 2 2 2 10 2 2 2 2 2 2 1 2 2 2 2 2 1 2 2 2 2 2 2 2 2 2
left_child=1 2 -1 11 5 6 8 -8 9 10 14 12 -4 15 -5 16 26 19 -19 21 -21 22 23 -17 -24 -23 -13 -28 -29 -30
right_child=-2 -3 3 4 -6 -7 7 -9 -10 -11 -12 13 -14 -15 -16 17 -18 18 -20 20 -22 25 24 -25 -26 -27 27 28 29 -31
leaf_value=-0.00011835572575115878 -0.020094056686430131 -0.011597312791658772 -0.036339700088299315 0.14948047699971939 0.29208295061677231 -0.048754821641357651 0.17181478415409113 -0.02197944485489289 -0.023508607110589365 -0.0036842652880732644 0.22084784342158539 0.0041480568479060516 0.11671143168509526 -0.023827237394164938 -0.0069851597458907497 0.085155719788222589 -0.032527001671452255 -0.020386524638651364 0.11560396109918883 0.26143168049285753 -0.01611378943708178 0.091566168339667686 -0.010957252432418293 0.43707962414910817 0.15035993755303523 0.011553126982422751 -0.032805197395665085 0.24663496592260414 0.11343989208694019 -0.036125253221392303
leaf_weight=6820.1696811290458 41.552358204033226 123.34303789120167 20.935865254141394 1.3099302984774133 1.6973168998956669 3.2410949021577826 3.9482793584465972 1.8079519933089612 8.2208026880398375 3.965047262609005 1.6700488012284038 96.083908748812973 1.6089651025831688 20.732195463962853 2.7288486603647573 1.4180103735998266 21.651388321071863 22.730090569704775 2.5104690473526707 2.1062988825142384 2.7145942803472272 3.7496203118935219 6.3780760597437602 1.0868975752964614 1.7977245692163704 49.474578620865941 4.2600914780050498 1.4694292815402148 3.4298549573868513 1.8461413718760011
leaf_count=130641 1088 2175 349 28 20 49 48 26 116 57 23 1872 13 360 39 27 336 361 33 28 43 14 80 17 23 754 79 19 54 30
internal_value=0 4.05732e-05 0.000242331 0.00859319 0.045964 0.0304299 0.0412813 0.110947 0.0188719 0.0548866 0.0955668 0.00457639 -0.0254168 0.00735405 0.0437626 0.0102568 0.00185921 0.021762 -0.00686068 0.0322742 0.105149 0.0267766 0.0745486 0.237858 0.0245138 0.01719 0.00881143 0.0495251 0.101521 0.0611051
internal_weight=0 7238.09 7114.74 294.574 28.5893 26.892 23.6509 5.75623 17.8947 9.67388 5.70883 265.984 22.5448 243.439 4.03878 222.707 128.741 93.9664 25.2406 68.7258 4.82089 63.9049 10.6807 2.50491 8.1758 53.2242 107.089 11.0055 6.74543 5.276
internal_count=138802 137714 135539 4898 406 386 337 74 263 147 90 4492 362 4130 67 3770 2390 1380 394 986 71 915 147 44 103 768 2054 182 103 84
cat_boundaries=0 1 2
cat_threshold=1 2
is_linear=0
shrinkage=0.05


Tree=51
num_leaves=31
num_cat=2
split_feature=1 2 4 6 5 1 7 5 1 6 5 5 6 4 6 0 0 4 1 4 4 1 5 4 1 4 2 6 6 8
split_gain=6.51653 6.48302 9.56253 13.452 8.71735 9.31069 7.93603 10.9539 24.3734 14.1307 29.753 25.7032 21.9974 11.6318 10.0654 7.58056 11.1353 6.40687 8.26831 8.22627 10.6443 10.1799 12.1242 27.798 34.0151 11.9786 15.8403 12.9182 10.9109 9.43097
threshold=-9.9964899752286609 18.20518836907787 5.3295850000000007 7.0545700000000009 1.0085550000000001 14.281904484737757 0 3.4208400000000005 6.8756833683938083 6.0356150000000008 2.2269850000000004 1.9023950000000003 6.1802900000000003 5.1547500000000008 6.5531800000000002 91.913640000000001 93.782185000000013 6.7231400000000017 -7.1070394078041748 6.2174150000000008 6.1506450000000008 18.316648726922732 0.24502500000000002 6.4230150000000004 20.546589693332898 6.6791150000000004 9.8295337222062837 6.1263950000000014 5.0439550000000013 1
decision_type=2 2 2 2 2 2 1 2 2 2 2 2 2 2 2 2 2 2 2 2 2 2 2 2 2 2 2 2 2 1
left_child=-1 17 3 4 -3 6 7 9 -9 -6 11 -11 -13 14 -14 -7 -17 19 -19 20 -2 -21 23 24 -23 28 27 -27 29 -24
right_child=1 2 -4 -5 5 15 -8 8 -10 10 -12 12 13 -15 -16 16 -18 18 -20 21 -22 22 25 -25 -26 26 -28 -29 -30 -31
leaf_value=-0.019390176746522617 0.00021965740989491581 0.13243277570028111 -0.019950155857649952 0.17550953446003748 -0.019558718015594365 -0.0069269516288880248 -0.024108129829851568 -0.026356246256003198 0.2784203405062064 0.0014366005686048567 -0.04086483089001558 0.2838687738763796 0.23740503947917768 -0.052386904631253374 0.024067953219817768 0.23573836859834263 0.022559177548010963 0.099414653262111255 -0.012680318263443222 0.0016540948904189138 -0.010107944761195982 0.046315631722502741 0.027456667953748605 -0.0194593469745237 0.27519384684322523 -0.024968216648597181 0.19221104037317141 0.10306056293443676 0.0064908694279245801 0.14420177811058746
leaf_weight=43.403089220635593 5637.4707899345085 1.2359451223164786 97.628098875284195 1.113494113087653 28.294895421713591 1.8083092626184214 32.712845829315484 1.5073325121775263 1.1614345218986271 4.2649675793945807 6.9692064784467211 2.2820711676031351 1.3041521627455956 1.081211009994149 0.95978855900466431 1.2124228570610287 1.2381112892180679 1.6681079454720009 119.12117235828191 762.88316011149436 261.04583781491965 4.6291380170732719 5.1322809588164082 6.0020069628953934 2.4999963603913784 4.3391143847256881 1.9495434537529943 3.6090667843818665 237.9973595412448 2.6094278581440449
leaf_count=1112 108727 15 2353 12 609 20 893 46 20 76 169 21 29 23 23 17 26 33 2113 14024 4807 68 62 82 25 68 23 39 3237 30
internal_value=0 4.17729e-05 -0.00920352 0.00283571 0.000600846 -0.00132066 -0.00513058 0.00785026 0.106281 0.00203293 0.0382656 0.0940143 0.16418 0.0825287 0.146962 0.070728 0.128031 0.000284051 -0.0111323 0.000483032 -0.000237403 0.00460215 0.0129701 0.0598265 0.126577 0.0105632 0.0644932 0.0331664 0.00839105 0.0668069
internal_weight=0 7235.73 184.774 87.1462 86.0327 84.7967 80.5379 47.8251 2.66877 45.1563 16.8614 9.89219 5.62722 3.34515 2.26394 4.25884 2.45053 7050.96 120.789 6930.17 5898.52 1031.65 268.768 13.1311 7.12913 255.637 9.89772 7.94818 245.739 7.74171
internal_count=138802 137690 4352 1999 1987 1972 1909 1016 66 950 341 172 96 75 52 63 43 133338 2146 131192 113534 17658 3634 175 93 3459 130 107 3329 92
cat_boundaries=0 1 2
cat_threshold=2 1
is_linear=0
shrinkage=0.05


Tree=52
num_leaves=31
num_cat=2
split_feature=1 4 5 4 1 6 5 8 1 6 2 5 5 3 2 2 4 4 3 3 2 4 5 0 0 6 7 4 0 0
split_gain=6.21218 6.97932 7.68671 7.32854 20.8398 15.9701 13.7659 22.328 13.1553 17.1095 17.0673 12.1314 11.4444 9.59623 7.88708 9.1678 7.38825 7.34538 12.0715 24.9714 26.4408 28.9848 16.6103 13.0375 24.1434 27.9529 10.9994 15.5506 11.9679 27.3535
threshold=-6.1970106079792346 6.7231400000000017 2.7362250000000006 6.485145000000001 -5.4623707918674365 6.3953800000000003 1.2843800000000003 0 14.553493260710836 6.5979350000000005 9.2191618459547353 1.6019150000000002 1.44513 2084.6113405000001 5.6502579537128179 2.8508680352595754 6.4383300000000014 6.2772950000000014 2260.1157165000004 2262.3289030000001 15.48945952452066 6.3365650000000011 0.24502500000000002 95.746890000000022 96.02103000000001 6.6141550000000011 1 6.2951850000000009 89.856355000000022 82.200140000000019
decision_type=2 2 2 2 2 2 2 1 2 2 2 2 2 10 2 2 2 2 10 10 2 2 2 2 2 2 1 2 2 2
left_child=-1 3 -3 16 -5 -6 14 12 -9 11 -11 -10 -8 -13 15 -7 17 -2 22 -20 23 -22 -19 26 -25 -26 27 28 29 -21
right_child=1 2 -4 4 5 6 7 8 9 10 -12 13 -14 -15 -16 -17 -18 18 19 20 21 -23 -24 24 25 -27 -28 -29 -30 -31
leaf_value=-0.0090140634990376819 -0.00020914768108102052 -0.014175299162069799 0.061500301188857742 0.1535509854647511 0.0023487157516571561 -0.035937052734002752 0.2736021070101316 -0.05280304558913488 0.19064459979799864 -0.047390384572434691 0.14103023480745142 0.16443627389356791 0.087858927404910692 0.015165173052648759 -0.025473292070498678 0.083987019565100116 -0.013975726396010319 0.061994225575254892 0.2048862408139086 -0.041392717989273915 0.26114065511556889 -0.0066299601318622232 -0.0034764573631094749 0.26922777841539186 -0.033623204077967504 0.21049134542073122 -0.0030221182529164619 0.012840838963231028 0.038128495406191426 0.22823527874999971
leaf_weight=189.23725224751979 6166.0298667647876 113.63479908369482 3.4576954348012796 2.4438762878999105 249.30281683802605 2.3988929977640536 1.7104088682681324 3.0212462851777735 2.9817935936152917 4.7082042777910829 1.6137848421931265 1.5838364344090221 1.6098130103200672 3.3625068515539169 9.7119278125464898 4.747608901001513 92.835358576849103 10.110865751281379 1.7386398222297419 1.3887851033359755 2.2395508429035536 1.8416884653270242 231.51944660115987 1.3367099240422238 4.2478371243923903 1.6198702603578565 91.190420868806541 65.815669201314449 8.1352309258654696 2.9149950575083494
leaf_count=4448 118722 2065 34 43 4137 42 18 55 33 61 15 16 22 46 142 66 1562 143 28 25 30 31 4009 22 78 23 1691 1041 112 42
internal_value=0 0.000165226 -0.0119406 0.000368535 0.00816115 0.00692205 0.0373665 0.0647955 0.0419674 0.0620601 0.000706873 0.110984 0.183544 0.0629623 0.00386356 0.0437317 3.13202e-05 0.000228638 0.00659365 0.0163009 0.0144867 0.140307 -0.000736879 0.0115798 0.0774556 0.0337683 0.00877891 0.0225307 0.0738003 0.141229
internal_weight=0 7089.25 117.092 6972.16 289.197 286.753 37.45 20.5916 17.2714 14.2501 6.32199 7.92814 3.32022 4.94634 16.8584 7.1465 6682.96 6590.13 424.1 182.469 180.731 4.08124 241.63 176.65 7.20442 5.86771 169.445 78.2547 12.439 4.30378
internal_count=138802 134354 2099 132255 4696 4653 516 266 226 171 76 95 40 62 250 108 127559 125997 7275 3123 3095 61 4152 3034 123 101 2911 1220 179 67
cat_boundaries=0 1 2
cat_threshold=2 2
is_linear=0
shrinkage=0.05


end of trees

feature_importances:
induced_vertical_acceleration=277
release_speed=272
horizontal_acceleration_normalized=225
release_pos_z=207
release_extension=203
release_spin_rate=193
release_pos_x_normalized=136
hand_split=53
p_throws=24

parameters:
[boosting: gbdt]
[objective: binary]
[metric: binary_logloss]
[tree_learner: serial]
[device_type: cpu]
[data_sample_strategy: bagging]
[data: ]
[valid: ]
[num_iterations: 53]
[learning_rate: 0.05]
[num_leaves: 31]
[num_threads: -1]
[seed: 42]
[deterministic: 1]
[force_col_wise: 0]
[force_row_wise: 1]
[histogram_pool_size: -1]
[max_depth: -1]
[min_data_in_leaf: 20]
[min_sum_hessian_in_leaf: 0.001]
[bagging_fraction: 1]
[pos_bagging_fraction: 1]
[neg_bagging_fraction: 1]
[bagging_freq: 0]
[bagging_seed: 400]
[feature_fraction: 1]
[feature_fraction_bynode: 1]
[feature_fraction_seed: 30056]
[extra_trees: 0]
[extra_seed: 12879]
[early_stopping_round: 0]
[early_stopping_min_delta: 0]
[first_metric_only: 0]
[max_delta_step: 0]
[lambda_l1: 0]
[lambda_l2: 0]
[linear_lambda: 0]
[min_gain_to_split: 0]
[drop_rate: 0.1]
[max_drop: 50]
[skip_drop: 0.5]
[xgboost_dart_mode: 0]
[uniform_drop: 0]
[drop_seed: 17869]
[top_rate: 0.2]
[other_rate: 0.1]
[min_data_per_group: 100]
[max_cat_threshold: 32]
[cat_l2: 10]
[cat_smooth: 10]
[max_cat_to_onehot: 4]
[top_k: 20]
[monotone_constraints: ]
[monotone_constraints_method: basic]
[monotone_penalty: 0]
[feature_contri: ]
[forcedsplits_filename: ]
[refit_decay_rate: 0.9]
[cegb_tradeoff: 1]
[cegb_penalty_split: 0]
[cegb_penalty_feature_lazy: ]
[cegb_penalty_feature_coupled: ]
[path_smooth: 0]
[interaction_constraints: ]
[verbosity: -1]
[saved_feature_importance_type: 0]
[use_quantized_grad: 0]
[num_grad_quant_bins: 4]
[quant_train_renew_leaf: 0]
[stochastic_rounding: 1]
[linear_tree: 0]
[max_bin: 255]
[max_bin_by_feature: ]
[min_data_in_bin: 3]
[bin_construct_sample_cnt: 200000]
[data_random_seed: 175]
[is_enable_sparse: 1]
[enable_bundle: 1]
[use_missing: 1]
[zero_as_missing: 0]
[feature_pre_filter: 1]
[pre_partition: 0]
[two_round: 0]
[header: 0]
[label_column: ]
[weight_column: ]
[group_column: ]
[ignore_column: ]
[categorical_feature: 7,8]
[forcedbins_filename: ]
[precise_float_parser: 0]
[parser_config_file: ]
[objective_seed: 16083]
[num_class: 1]
[is_unbalance: 0]
[scale_pos_weight: 1]
[sigmoid: 1]
[boost_from_average: 1]
[reg_sqrt: 0]
[alpha: 0.9]
[fair_c: 1]
[poisson_max_delta_step: 0.7]
[tweedie_variance_power: 1.5]
[lambdarank_truncation_level: 30]
[lambdarank_norm: 1]
[label_gain: ]
[lambdarank_position_bias_regularization: 0]
[eval_at: ]
[multi_error_top_k: 1]
[auc_mu_weights: ]
[num_machines: 1]
[local_listen_port: 12400]
[time_out: 120]
[machine_list_filename: ]
[machines: ]
[gpu_platform_id: -1]
[gpu_device_id: -1]
[gpu_use_dp: 0]
[num_gpu: 1]

end of parameters

pandas_categorical:[["SHH", "OHH"], ["R", "L"]]
