Name,Ht
Cody Airington,"6' 2"""
Kaleb Applebey,"6' 7"""
Nathan Barksdale,"6' 0"""
John Bay,"6' 1"""
Gavin Braunecker,"6' 2"""
Trevor Conley,"5' 11"""
Keaton Cottam,"6' 2"""
Chance Cox,"6' 2"""
Kade Foulke,"6' 0"""
Gus Freeman,"5' 11"""
Lyndon Glidewell,"6' 4"""
Mateo Hernandez,"5' 4"""
Campbell Holt,"6' 0"""
Austen Jaslove,"6' 2"""
Cole Johnson,"6' 5"""
Brody Lanham,"6' 6"""
Aaron Lewis,"6' 2"""
Andres Matias,"6' 2"""
DJ Merriweather,"5' 11"""
Derrick Mitchell,"6' 3"""
Cameron Nickens,"6' 3"""
Deaton Oak,"6' 3"""
Mason Pangborn,"6' 1"""
Davin Pollard,"6' 3"""
Paris Pridgen,"6' 0"""
Kyler Proctor,"5' 10"""
Cannon Rice,"5' 10"""
Shawn Scott,"6' 2"""
Kade Shatwell,"6' 4"""
Landon Slemp,"6' 2"""
Brody Szako,"5' 10"""
Ray Velazquez,"6' 1"""
Adam Walker,"6' 1"""
Solomon Washington,"6' 0"""
Jacob Weaver,"6' 3"""
Mason Acton,"6' 1"""
Landon Akers,"6' 0"""
Grant Borden,"6' 2"""
Carson Brower,"5' 10"""
Chase Carver,"6' 1"""
Jackson Case,"6' 3"""
Chase Chamberlain,"5' 10"""
Hudson Cornett,"6' 3"""
Blake Donnan,"6' 6"""
Nick Gnardellis,"5' 10"""
Holden Groher,"6' 0"""
Arren Hash,"6' 0"""
Logan Haslam,"6' 5"""
Cooper Hellman,"6' 4"""
Nathaniel Helton,"6' 0"""
Zach Horwith,"6' 1"""
Zac Jones,"6' 1"""
Clay Kennedy,"6' 3"""
Christian Kiper,"6' 1"""
Sam Matherly,"6' 2"""
Cole McMichael,"6' 7"""
Joey Milto,"6' 1"""
Brady Morse,"6' 2"""
Kevin O'Connor,"6' 1"""
Connor Pawlowski,"6' 3"""
Aaron Ragat,"5' 10"""
Charlie Rife,"6' 0"""
Jacob Rowold,"5' 10"""
Garrett Rusch,"5' 11"""
Luke Scales,"6' 1"""
Mike Sokol,"6' 5"""
Casey Sorg,"6' 5"""
Seth Sweet-Chick,"6' 2"""
Oliver Ward,"6' 5"""
Eli Watson,"6' 1"""
McKay Whitaker,"6' 3"""
Carter Alexander,"6' 0"""
Hunter Alexander,"6' 0"""
Zeb Allen,"5' 11"""
Gavin Alveti,"6' 0"""
Luke Carner,"6' 1"""
Bryce Cermenelli,"5' 9"""
Charlie Christensen,"6' 4"""
Clayton Coats,"6' 2"""
Tate Collins,"6' 3"""
Preston Curtis,"6' 1"""
Jameson Ferraro,"6' 3"""
Blaine French,"6' 2"""
Noah Goodshield,"5' 11"""
Lucas Greer,"6' 2"""
Jaxson Ingle,"5' 9"""
Connor Johnson,"6' 0"""
Austin Jones,"5' 11"""
Jakes Jones,"5' 11"""
Cooper King,"6' 2"""
Tanner Leonard,"5' 9"""
Luke Lorence,"6' 0"""
Coleman MacRae,"6' 2"""
Keon Moseni,"6' 0"""
Nathan Negre,"5' 11"""
Jacob Pannell,"6' 2"""
Bryce Parlin,"6' 3"""
Sam Reynolds,"6' 4"""
Jagger Schattle,"6' 1"""
Jackson Schwank,"6' 6"""
Casey Shipley,"6' 4"""
Rex Tedder,"6' 3"""
Perry Titlow,"6' 1"""
Jake Trabbie,"6' 2"""
Owen Tracy,"6' 4"""
Aden Velasquez,"6' 3"""
Ehinger Adrianza,"5' 8"""
Diego Alana,"5' 11"""
Owen Barger,"6' 0"""
Mauri Bejarano,"6' 0"""
Kobe Benson,"5' 9"""
Mitchell Berger,"6' 0"""
Burkley Bounds,"6' 2"""
Greg Caban,"5' 9"""
Hayden Collins,"6' 2"""
Jay Douglas,"6' 0"""
Hayden Duffield,"6' 1"""
Josiah Erd,"6' 2"""
Gavin Faulkner,"6' 2"""
Wyatt Foley,"6' 1"""
Bradley Gagen,"6' 2"""
Jackson Ginther,"5' 9"""
AJ Groeneveld,"6' 1"""
Christian Howe,"6' 4"""
Brady Hutchins,"6' 1"""
Nate Lawson,"6' 1"""
Hamilton Martinez,"6' 3"""
Nazir Mendez,"6' 2"""
Tait Nunnally,"6' 1"""
Colby Ott,"5' 11"""
Will Price,"6' 5"""
Ryan Radcliff,"5' 11"""
Aidan Rath,"6' 6"""
Dylan Rogers,"5'11"""
Julius Scearce,"6' 1"""
Cade Schneider,"6' 1"""
Silas Shaffer,"6' 3"""
Boone Shevey,"5' 10"""
Addison Stockham,"6' 3"""
Kam Taylor,"6' 2"""
Chardy Tierney,"6' 1"""
Niall Todd,"6' 2"""
Elijah Underhill,"6' 1"""
Carson van Haaren,"6' 0"""
Ryker Walton,"6' 4"""
Logan Baisley,"6' 4"""
Ryland Bozenhard,"5' 11"""
Lucas Chantres,"6' 0"""
Dylan Cheeley,"6' 6"""
Aidan Corn,"6' 1"""
Evan Dempsey,"6' 2"""
Chris Diaz,"5'11"""
Levent Eldem,"6' 7"""
Jon Embury,"6' 0"""
Ben Fiedler,"6' 2"""
Connor Fosnow,"6' 3"""
Nathan Gagnon,"6' 1"""
Leo Giannoni,"6' 2"""
Javier Gorostola,"6' 0"""
Justin Henschel,"6' 3"""
Tyler Herb,"6' 3"""
Cayden Hessemyer,"6' 0"""
Keaton Kangas,"6' 2"""
Chase Kriebel,"6' 1"""
Ethan Mattison,"6' 0"""
Jake McKee,"5' 10"""
Mattox Meeks,"6' 4"""
Mac Moise,"6' 0"""
Robert Moya,"6' 0"""
Jake Mummau,"6' 0"""
Jaret Nelson,"6' 4"""
Ashton Pocol,"6' 2"""
Hunter Possehl,"6' 7"""
Harrison Povey,"6' 4"""
Jason Roberts,"6' 0"""
Preston Rogers,"6' 1"""
Vincent Samuel,"6' 0"""
Anthony Ursitti,"6' 4"""
Jordan Vera,"6' 2"""
Nick Anello,"6' 4"""
Blake Barquin,"6' 6"""
Jaden Bastian,"5' 10"""
Luke Blas,"5' 6"""
Grant Brooks,"6' 5"""
Garrett Corbett,"5' 11"""
Anthony Cordero,"6' 2"""
Blake DeLamielleure,"6' 1"""
Abdriel Delgado,"5' 11"""
Nick DeLisi,"5' 11"""
Blake Edmonds,"5' 10"""
Josh Fernald,"6' 2"""
Caleb Freeman,"5'11"""
Logan Hartman,"6' 2"""
Cade Hentz,"6' 0"""
Clayton Hodges,"5' 11"""
Chandler Howard,"6' 0"""
Trent Kelly,"6' 2"""
Richard Long,"6' 0"""
Chris Lotito,"6' 1"""
Aidan Masters,"6' 2"""
Jacob Miller,"6' 0"""
Sammy Mummau,"6' 0"""
Layton Perry,"6' 2"""
Kyle Powers,"6' 2"""
Collin Rothermel,"6' 0"""
Jonah Shields,"5' 8"""
Conner Spelman,"6' 4"""
Josh Steidl,"6' 0"""
Carson Stevens,"5' 11"""
Alex Walsh,"6' 4"""
Jackson Westmoreland,"5' 9"""
Aaron Zenus,"6' 1"""
KC Anchors,"6' 1"""
Ryan Austin,"6' 1"""
Jake Berg,"5' 11"""
Collin Bosley-Smith,"6' 4"""
Parks Bouck,"6' 0"""
Corey Boyette,"6' 0"""
Blake Carter,"6' 3"""
Evan Cooke,"6' 4"""
David Coppedge,"6' 1"""
Will Dugan,"6' 4"""
Collin Goda,"6' 0"""
Cameron Guise,"6' 1"""
Kevin Hammond,"5' 11"""
Kai Holm,"5' 10"""
Bryce Houghton,"5' 11"""
Kaleb Kantola,"6' 7"""
Damion Kenealy,"6' 3"""
Ryan Kutz,"6' 1"""
Alejandro Ludeiro,"6' 1"""
Jake Lynch,"6' 1"""
Tanner Lyne,"5' 10"""
Keaton Mahan,"6' 2"""
Brady Miller,"5'11"""
Joey Mitchell,"5' 11"""
Cole O'Brien,"6' 3"""
Caleb Pica,"6' 7"""
Jake Poindexter,"6' 0"""
Brock Puckett,"6' 4"""
Rigo Ramos,"6' 5"""
Davis Rokose,"5' 11"""
Aaron Stelogeannis,"6' 1"""
Casey Sunseri,"5' 11"""
Adam Switalski,"6' 0"""
Lawson Tea,"6' 4"""
Jacob Tobias,"5'11"""
Jace Trautner,"6' 3"""
Justus Agosto,"6' 1"""
Justin Battle,"6' 0"""
Hunter Bell,"5'11"""
Ryker Billingsley,"5' 10"""
Josh Bowerman,"6' 3"""
Jackson Cheek,"6' 3"""
Charlie Cochran,"6' 2"""
Petey Craska,"6' 1"""
Luke Davenport,NA
Matthew Delgado,"6' 1"""
Jackson Ferrigno,"6' 0"""
Kevin Henrich,"6' 2"""
Carson Howard,"5' 10"""
Leighton Jenkins,"6' 0"""
Jonathan Lane,"6' 0"""
Kyle Lewis,"5'11"""
Bryant Loving,"6' 1"""
Zak Majer,"6' 2"""
Caleb Menina,"6' 0"""
Dylan Morrill,"5' 10"""
Gavin Oswald,"6' 6"""
Brycen Parrish,"6' 5"""
Tripp Patterson,NA
Quinn Petty,"6' 1"""
Anthony Pingeton,"6' 3"""
Nash Rippen,"6' 2"""
Landon Scruggs,NA
RJ Sherwood,NA
Jayden Sloan,"5' 6"""
John Allen Stogner,"6' 2"""
Alex Wade,NA
Ethan Walker,"5'11"""
Wes Walker,NA
Ryan West,"5' 10"""
Alex Wilson,"5'11"""
Reese Young,NA
Brandon Adams,"6' 2"""
Seth Alford,"6' 1"""
Brennan Baker,"6' 1"""
Jabin Bates,"5' 9"""
Jackson Bellhorn,"6' 0"""
Sean Benjamin,"5' 11"""
Clayton Boroski,"5' 11"""
Brady Browning,"5' 10"""
Cade Bush,"6' 1"""
Mitchell Collins,"5' 11"""
Josh Cone,"6' 1"""
John Costa,"6' 0"""
Kai Etwaru,"5' 11"""
Dylan Fatovich,"5' 8"""
Eric Fouraker,"6' 1"""
Ryan Furey,"6' 4"""
Tyler Gerteisen,"5' 9"""
Tommy Groom,"6' 3"""
Clay Hendry,"6' 0"""
Finn Howell,"5' 11"""
Kaden Humphrey,"6' 1"""
Drew Leinenbach,"6' 1"""
Cal Leonard,"5'11"""
Nick Monile,"5' 8"""
Connor Moore,"5' 11"""
Trevor Nikolis,"6' 2"""
James Oman,"5' 11"""
Santiago Ordonez,"5' 7"""
Aaron Potter,"6' 3"""
Will Ross,"6' 5"""
Zane Starling,"6' 0"""
Jacob Thomas,"5'11"""
Bryson Treichel,"6' 2"""
Ty Velardo,"5' 10"""
Carter White,"5'11"""
Jordan Wimpelberg,"6' 2"""
Connor Witherington,"5' 11"""
Nick Alderfer,"6' 0"""
Jake Barbour,"5' 9"""
Jack Brooker,"6' 0"""
Ryan Brown,"5'11"""
Will Budnick,"6' 1"""
Matthew Eagen,"6' 2"""
Blake Efird,"6' 4"""
Chase Fogg,"6' 0"""
Kensen Green,"5' 10"""
Jacob Grimes,"6' 2"""
Justin Hudson,"6' 4"""
Johnny Joseph,"6' 1"""
Landry Jurecka,"6' 2"""
Lenox Lively,"6' 2"""
Charlie Marcantel,"5' 9"""
Brodie McFadden,NA
Ty Peters,"6' 2"""
Marshall Pile,"6' 5"""
Jay Polite,"6' 0"""
Adrian Quezada,"6' 1"""
Jack Renaud,"6' 5"""
Anibal Rivera,"6' 0"""
Joey Ruller,"6' 2"""
Logan Schmitt,"6' 0"""
Caleb Stewart,"5' 9"""
Matthew Suppa,"5' 10"""
Derek Westfall,"5' 9"""
Andrew White,"5'11"""
Karter Wong,"6' 1"""
Salvador Alvarez,"5' 9"""
Jack Angus,"6' 3"""
Foster Apple,"6' 1"""
Isaiah Barkett,"5' 11"""
Zane Coppersmith,"6' 0"""
Mason Davenport,"6' 10"""
Juan De La Cruz,"5' 8"""
Yohann Dessureault,"6' 2"""
Sam Downey,"6' 0"""
Bryce Gluckman,"6' 1"""
Anthony Gonzalez,"5'11"""
Jonathan Gonzalez,"5'11"""
Jake Gorelick,"6' 0"""
Evan Griffis,"6' 2"""
James Hays,"6' 2"""
Matthew Heyl,"6' 0"""
Jayden Hylton,"6' 5"""
Dylan Jacobs,"6' 1"""
Max LeBlanc,"6' 6"""
Andrew Lepine,"6' 1"""
Nelphie Lopez,"6' 2"""
TJ Melani,"6' 0"""
Lorenzo Meola,"5' 11"""
Landon Moran,"6' 0"""
Paul Napolitano,"6' 1"""
Danny Perez,"6' 0"""
Ethan Phillips,"6' 1"""
Landon Russell,"6' 1"""
Ethan Salak,"6' 0"""
Cooper Smith,"5'11"""
Justin Solimine,"6' 1"""
Turner Spoljaric,"6' 2"""
Jordan Taylor,"6' 1"""
Ty Van Dyke,"6' 2"""
Jack Waddingham,"6' 2"""
Brendan Walker,"6' 0"""
Jacob Bowman,"6' 1"""
Blake Bradford,"6' 3"""
Beau Brand,"5' 7"""
Sam Cole,"6' 5"""
Mason Cooper,"5' 10"""
Noah Darden,"5' 10"""
Will Dean,"5'11"""
Camden Diamond,"6' 1"""
Carter Dierdorf,"6' 1"""
Dosie Drakeford,"6' 1"""
Seth Dudley,"6' 3"""
Bryan Gomez,"6' 3"""
Mason Hutsell,"6' 2"""
Luke Johnson,"5'11"""
Gavin Mask,"6' 2"""
Walt McConnell,"6' 3"""
Patrick McCullough,"6' 0"""
Brady McDevitt,"5' 11"""
Garrett Moody,"6' 3"""
Ian Moore,"5' 11"""
Carson Mynatt,"6' 3"""
Brendan Parks,"6' 4"""
Lane Pearson,"6' 7"""
Mason Phillips,"6' 3"""
Tyler Presnell,"6' 0"""
Cooper Prince,"5' 7"""
Evimael Quiles,"6' 1"""
Drew Rothschild,"6' 1"""
Hank Smith,"5' 10"""
Cannon Stafford,"6' 0"""
Maverick Torres,"6' 2"""
Landon Weidner,"6' 4"""
Davis Williams,"6' 0"""
Jack Witmer,"6' 1"""
Mark Abell,"5' 9"""
Addison Ainsworth,"6' 0"""
Paul Andrzejewski,"6' 1"""
Trey Ates,"6' 0"""
Chris Barr,"5' 11"""
Andrew Berg,"6' 0"""
Bryce Brownlee,"6' 0"""
John Calloway,"5' 11"""
Walker Calvo,"6' 3"""
JT Craig,"6' 1"""
Michael Delph,"6' 2"""
Ethan Ellis,"6' 1"""
Zac Farrell,"5' 9"""
Carter Hewitt,"6' 2"""
Harrison Kliethermes,"6' 2"""
Justin Lehman,"6' 2"""
Kevin Luke,"6' 2"""
Parker Massey,"6' 2"""
Max McGlone,"6' 0"""
John McKillop,"6' 3"""
William Parker,"6' 2"""
Robbie Penswick,"6' 1"""
Jack Quinlan,"5' 11"""
Kevin Reavey,"6' 2"""
Thomas Schreck,"5' 9"""
Ian Standlee,"6' 2"""
Coleson Titus,"5' 10"""
Dom Trippi,"6' 3"""
Joe Valchar,"6' 2"""
Kaden Youmans,"5' 9"""
Jonathan Adelmann,"6' 7"""
Matt Alexander,"5' 8"""
Jaxon Beiswenger,"6' 4"""
Frankie Bilecki,"6' 2"""
Deacon Bowne,"5' 11"""
Garrison Bullock,"6' 2"""
John Calabrese,"5' 10"""
Michael Chiaravallo,"6' 0"""
Ryan DeLaney,"6' 1"""
Tyler Dunn,"6' 0"""
Ryan Facinelli,"5' 11"""
Ethan Firestein,"6' 0"""
Billy Fluharty,"5' 11"""
Everett Garber,"6' 3"""
Tyler Hawkins,"6' 4"""
Samuel Janik,"5' 11"""
Kobe Julks,"6' 4"""
Brady Karp,"5' 11"""
Billy Kender,"6' 0"""
Ben Magovern,"6' 2"""
Hadley Maxwell,"6' 3"""
Bryce Mitchell,"6' 0"""
Chris Morabito,"6' 0"""
Nick Mulvey,"5' 11"""
AJ Murray,"6' 1"""
Mikey Myro,"6' 0"""
Luke Nascimento,"6' 0"""
Jack O'Malley,"6' 8"""
Tyler O'Neill,"6' 0"""
Dante Pavone,"6' 4"""
Dylan Radtke,"5' 11"""
Jake Schultz,"6' 1"""
Andrew Swenson,"5' 9"""
Brady Swenson,"6' 2"""
Michael Trommer,"6' 2"""
Chris Baillargeon,"6' 0"""
Colin Brown,"5' 11"""
Marco Citro,"6' 0"""
Braden Connors,"6' 0"""
Connor Cooney,"6' 0"""
Van Coughlin,"5' 9"""
Alex Deutsch,"6' 0"""
Colin Dowdle,"6' 2"""
CJ Egrie,"5' 8"""
Brock Graf,"6' 2"""
Ryan Grundy,"6' 1"""
Nick Harnisch,"6' 0"""
Devin Hunt,"6' 3"""
Brendan Jones,"5' 10"""
Jimmy King,"6' 1"""
John LaFleur,"5' 10"""
Simon Landry,"5' 9"""
Luke LeMond,"6' 2"""
Jake Lenahan,"5' 11"""
Pedro Leon,"6' 2"""
Danny Macchiarola,"6' 2"""
Dan Mateffy,"6' 4"""
Jake Needham,"6' 3"""
Andrew Nesson,"6' 0"""
Connor Peek,"5' 9"""
Gianni Royer,"5' 10"""
Will Russotti,"5' 11"""
Alex Sandell,"5' 10"""
Sean Scanlon,"6' 3"""
Thomas Skrobe,"5' 10"""
Nick Spaner,"6' 3"""
Derek Volz,"6' 0"""
Augie Walters,"6' 3"""
Jaden Wywoda,"6' 3"""
Alex Barrist,"5' 8"""
Owen Basso,"6' 0"""
Easton Brenner,"5' 10"""
Dalton Brown,"6' 8"""
Teddy Cashman,"5' 11"""
Luke Caucci,"5' 9"""
Matt Colella,"5' 10"""
Antonio Correa,"6' 1"""
Aidan Crochier,"6' 4"""
Jonathan Decker,"6' 3"""
Rob Dorn,"6' 2"""
Trevor Dutra,"6' 1"""
Liam Ebbs,"6' 2"""
Boden Fernsler,"6' 2"""
Trace Florio,"6' 0"""
Ryan Grace,"6' 1"""
Bode Grieve,"6' 3"""
Tristan Helmick,"6' 6"""
Jeremiah Holder,"5' 11"""
Jack Mislan,"6' 0"""
Kellen Moore,"6' 5"""
Ben Petrone,"6' 0"""
James Reese,"6' 0"""
Chase Rodgers,"6' 0"""
Mike Romano,"5' 10"""
Corey Savedoff,"6' 1"""
Joe Skapinetz,"6' 5"""
Ethan Swidler,"6' 1"""
Ryan Ulisse,"6' 0"""
Pat Walega,"6' 1"""
Ben Waterman,"6' 2"""
Kaleb Willis,"5' 8"""
Trey Zaffiro,"6' 3"""
Michael Zarrillo,"6' 1"""
Jasper Adelman,"6' 3"""
Cadeyrn Ahearn,"6' 4"""
David Andolina,"6' 0"""
Edwin Betances,"5' 11"""
Justin Butler,"6' 1"""
Robbie Carvelli,"5' 10"""
Ryan Cochran,"6' 0"""
Trystan Crawford,"6' 0"""
Marcus Danchision,"6' 3"""
Ryan Davis,"5'11"""
Julio Ermigiotti,"5' 8"""
Joey Esposito,"5' 10"""
Jack Frankovic,"6' 0"""
Ralph Gariano,"6' 1"""
Grady Golier,"6' 3"""
Noah Gyauch-Quirk,"6' 4"""
Jack Hamilton,"5'11"""
Sam Holtz,"5' 10"""
Jack Ingino,"6' 2"""
Bobby Kleckner,"5' 11"""
Cole Kochanowicz,"6' 1"""
Andrew Kohl,"6' 0"""
Tommy Lamar,"6' 0"""
Cole Leaman,"6' 0"""
Ryan Mullock,"6' 0"""
Jake Mulvehill,"6' 0"""
Liam O'Hearen,"6' 3"""
Dom Patrizi,"5' 10"""
Aidan Quinn,"6' 0"""
Raffaele Rogers,"5' 11"""
Val Taddei,"6' 1"""
Max Treonze,"5' 11"""
Matt Tsiaras,"5' 11"""
Reid Uccello,"6' 0"""
Owen Walewander,"6' 0"""
Jake Whitlinger,"5' 9"""
Ian Wirtz,"6' 0"""
Ivan Aguirre,"5' 10"""
Matt Archibald,"6' 4"""
Jackson Beattie,"6' 0"""
Owen Beisty,"6' 3"""
Brady Bendik,"6' 4"""
Ryan Bibb,"6' 2"""
Tyler Bouchard,"6' 0"""
Evan Brown,"5' 10"""
Ian Brown,"5' 11"""
John Carroll,"5' 9"""
Mason Ceccarelli,"5' 8"""
Kody Clancy,"6' 0"""
Ty DePerno,"5' 11"""
Noah Ditas,"5' 9"""
Rayne Fry,"6' 2"""
Owen Geiger,"6' 4"""
Liam Golden,"5'11"""
Tyler Grenn,"6' 2"""
Victor Izquierdo,"6' 2"""
Jack Killelea,"5' 10"""
Chris Klug,"6' 0"""
Landon Kruer,"6' 0"""
Adyn Lucero,"6' 1"""
Leo Mangiamele,"6' 4"""
Andrew Manning,"6' 0"""
Kevin Maurer,"5' 9"""
Mac McCommons,"6' 1"""
Henry Mitchell,"5' 10"""
Brendan Munnelly,"6' 0"""
Brock Murtha,"6' 0"""
Owen Peterson,"5' 9"""
Mikey Plummer,"6' 0"""
Tristan Rucker,"6' 0"""
Spencer Stephens,"6' 3"""
Eric Sun,"5' 8"""
Timmy Virtudes,"5' 11"""
Conner Barozzino,"6' 1"""
Jake Beaty,"6' 2"""
Liam Best,"6' 2"""
Carter Boyd,"5'11"""
Braxton Church,"5' 9"""
Cal Clark,"6' 4"""
Bret Clements,"5' 11"""
Luke Coll,"6' 1"""
Juan Correa,"6' 5"""
Caleb Cross,"6' 2"""
Charlie Evans,"5' 9"""
Tyler Figueroa,"5' 9"""
Jordan Fisher,"6' 4"""
Everette Harris,"6' 2"""
John Kramer,"6' 1"""
Zach Lewis,"6' 1"""
Tyler Lichtenberger,"6' 0"""
Cody Little,"5' 11"""
Xavier Lopez,"5' 11"""
Riley Luft,"5' 11"""
Caleb Marks,"6' 1"""
Tanner McCammon,"6' 3"""
Kameron Miller,"6' 1"""
Dillon Moquin,"6' 0"""
Luke Oblen,"6' 3"""
Graham Smiley,"6' 0"""
Max Tramontana,"6' 2"""
Tommy Walker,"6' 0"""
Reyn Watson,"6' 3"""
Collin Welch,"6' 0"""
Bradley Wilson,"5'11"""
Jonathan Xuereb,"6' 1"""
Joseph Zamora,"5' 9"""
Jack Zang,"6' 4"""
Andrew Allen,"6' 2"""
Nick Alonso,"6' 1"""
Kaden Amundson,"5' 10"""
Drake Anderson,"5'11"""
Chase Armstrong,"6' 3"""
Zac Butler,"6' 0"""
Jeremiah Cabuyaban,"6' 0"""
Daedrick Cail,"6' 1"""
Cason Campbell,"6' 0"""
Patrick Engskov,"6' 0"""
Brett Foss,"6' 4"""
Wil French,"5' 10"""
Gavin Galy,"6' 2"""
Cooper Garrison,"5' 11"""
Dawson Hargrove,"6' 3"""
Jack Hibbard,"6' 0"""
Cross Jumper,"6' 2"""
Carson Keithley,"6' 0"""
Kohle Kerin,"6' 6"""
Joey Lopez,"6' 2"""
Collin Maloney,"6' 3"""
Jack Nelson,"6' 4"""
Sam Peterson,"5'11"""
Ashton Quiller,"5' 9"""
Chase Richter,"6' 1"""
Hunter Ryan,"5' 10"""
Isaac Sewell,"6' 2"""
Garrett Thiele,"6' 3"""
Cason Tollett,"6' 1"""
Raul Torres,"5' 11"""
Kole Turner,"6' 2"""
Jelle van der Lelie,"6' 3"""
Tyler Weimer,"6' 2"""
Jake Henry Williams,"6' 1"""
Sebastian Alexander,"6' 1"""
Jaxon Appelman,"6' 1"""
Ty Barrango,"6' 1"""
Blake Barthol,"5' 9"""
Tadan Bell,"6' 2"""
Caden Bodine,"5' 10"""
Jake Books,"6' 1"""
Chad Born,"6' 1"""
Andrew Bowers,"6' 2"""
Dominick Carbone,"5' 10"""
Ty Dooley,"5' 10"""
Scott Doran,"6' 4"""
Riley Eikhoff,"5' 10"""
Oliver Ellison,"6' 1"""
Brice Estep,"5' 10"""
Cameron Flukey,"6' 6"""
Dylan Hansen,"6' 0"""
Darin Horn,"6' 4"""
Kaleb Huffman,"5' 11"""
Hayden Johnson,"6' 5"""
Luke Jones,"5' 10"""
Matt Joyce,"5' 11"""
Hudson Lance,"5' 10"""
Ryan Lynch,"5'11"""
Chance Mako,"6' 5"""
Cullen McKay,"6' 1"""
Dean Mihos,"5' 9"""
Walker Mitchell,"5' 11"""
Jacob Morrison,"6' 8"""
Dawson Newman,"6' 2"""
Blagen Pado,"5' 10"""
Ryan Perez,"5' 10"""
Matt Potok,"6' 4"""
Freddy Rodriguez,"5'11"""
Wells Sykes,"5' 8"""
Colby Thorndyke,"6' 0"""
Domenico Tozzi,"5' 10"""
Carson Bryant,"6' 1"""
Thomas Burke,"6' 6"""
Carter DeGondea,"6' 2"""
Cam Foster,"6' 4"""
Kade Grundy,"6' 1"""
Daniel Haab,"6' 0"""
Rhett Hammontree,"6' 1"""
JP Herrholz,"6' 2"""
Jonathan Jaime,"6' 2"""
JD Kaiser,"6' 1"""
Sammy Leis,"6' 2"""
Jax Lewis,"6' 1"""
Jett Lovett,"5' 10"""
Garrett Mackowiak,"5' 9"""
Jevarra Martin,"6' 6"""
Alex Mason,"6' 4"""
Landry Mead,"6' 0"""
Jack Myers,"6' 0"""
Luke Odden,"6' 0"""
Sawyer Osborne,"6' 1"""
Brady Owens,"6' 0"""
Cade Parker,"6' 0"""
J.C. Peacher,"6' 1"""
Brady Pendley,"6' 1"""
Jacob Phillips,"6' 0"""
Will Robbins,"5'11"""
Nico Senese,"6' 3"""
Davis Smith,"6' 6"""
Sean Smith,"5'11"""
Juju Stevens,"6' 0"""
Josh Tate,"5' 11"""
Bryson Trammell,"6' 4"""
Evan Vandenbosch,"6' 4"""
Joey White,"5' 10"""
Sean White,"6' 1"""
Carter Bailey,"6' 0"""
Tysen Benford,"6' 3"""
John Beverley,"5' 11"""
CJ Blackwell,"6' 1"""
Carlos Carmona,"6' 1"""
Jacob Crews,"6' 6"""
Brian Crooms,"6' 0"""
Jesse Donohoe,"6' 4"""
Kaleb Freeman,"6' 0"""
Nick Garagozzo,"5' 8"""
Brooks Gorman,"6' 2"""
Cole Griffith,"6' 2"""
Virgil Heath,"6' 2"""
Jake Hembree,"6' 2"""
Nick Holbrook,"6' 5"""
John Holley,"6' 2"""
Colin Hynek,"6' 1"""
Austin Killingsworth,"5' 9"""
Ryan Lamar,"6' 1"""
Andon Lewis,"6' 2"""
Michael Maginnis,"6' 1"""
William Maginnis,"6' 3"""
Dylan Matela,"6' 3"""
Quin McManmon,"6' 7"""
Cooper Milford,"5' 11"""
Ross Norman,"6' 7"""
William Richards,"6' 3"""
Cole Roberts,"5' 9"""
Sam Schofield,"6' 2"""
Austin Sellers,"5' 11"""
Brantley Upshaw,"6' 8"""
Caleb White,"6' 8"""
Jae Williams,"6' 0"""
Jack Anderson,"6' 3"""
Jayden Barroqueiro,"6' 1"""
Drew Beard,"6' 0"""
Alex Bingler,"6' 3"""
TJ Brooks,"5' 10"""
Coleman Calabrese,"6' 3"""
Jack Cannizzaro,"6' 0"""
Corey Costello,"6' 0"""
Ryan Dooley,"5' 10"""
Corey Dowdell,"6' 3"""
Lane Duff,"6' 3"""
Creed Erdos,"5' 11"""
Ethan Espiricueta,"5' 9"""
Maddux Fleck,"5' 11"""
Jack Guerrero,"6' 3"""
Adam Horvath,"6' 4"""
Jaden Kinsler,"6' 5"""
Max Kuhle,"6' 1"""
Kyle Langley,"5' 11"""
Jackson Logar,"6' 0"""
Griffin Madden,"6' 2"""
Luke McGrath,"6' 1"""
Holden McKinney,"5' 11"""
Reese Moody,"5' 10"""
Todd Mozoki,"6' 1"""
Tyler Muscar,"6' 5"""
Wyatt Peifer,"6' 2"""
Griffin Polley,"6' 2"""
Nic Poole,"6' 2"""
Colin Richter,"5' 10"""
Ike Schmidly,"6' 2"""
Casey Smith,"5'11"""
Eli Steadman,"5' 9"""
Brodee Susce,"6' 4"""
Jackson Tone,"6' 1"""
Tim Tyler,"6' 3"""
J.P. Williams,"6' 3"""
Lee Amedee,"6' 0"""
Sam Ardoin,"6' 2"""
Casey Artigues,"5' 8"""
Kasen Bellard,"6' 0"""
Mark Collins,"6' 0"""
Connor Cuff,"6' 4"""
Parker Dillhoff,"6' 4"""
Trip Dobson,"6' 1"""
Matt Gaither,"6' 5"""
Owen Galt,"5' 10"""
Aidan Grab,"6' 5"""
Griffin Hebert,"5' 11"""
Carson Hepworth,"6' 2"""
Andrew Herrmann,"6' 3"""
Tate Hess,"6' 2"""
Conor Higgs,"6' 2"""
Matt Holzhammer,"6' 4"""
Drew Kirby,"6' 6"""
Blaine Lucas,"6' 0"""
Maddox Mandino,"5' 9"""
Riley Marcotte,"6' 2"""
Drew Markle,"6' 4"""
Blake McGehee,"6' 0"""
Chase Morgan,"6' 3"""
Matt Osteen,"5' 11"""
Clayton Pourciau,"6' 0"""
Alex Rosario,"6' 2"""
Parker Smith,"6' 2"""
Caleb Stelly,"6' 1"""
Will Taylor,"5'11"""
Dylan Theut,"5' 11"""
JR Tollett,"6' 2"""
Jose Torres,"5' 8"""
James Trimble,"6' 0"""
Brooks Wright,"6' 3"""
Luke Yuhasz,"6' 4"""
Austin Ackel,NA
Angelo Aleman,"6' 2"""
Marcus Aranda,"6' 0"""
Michelle Artzberger,"6' 0"""
Ashton Bassett,"6' 0"""
Jacob Billings,"6' 2"""
Bryce Blaser,"5' 10"""
Brandon Brewer,"6' 5"""
Major Brignon,"6' 1"""
Joey Cirelli,"6' 5"""
Jack Clark,"5'11"""
Ben Coke,"6' 4"""
Jackson Conn,"6' 7"""
Jace Duhon,"6' 3"""
Kade Dupont,"5' 9"""
Brennan Eager,"6' 2"""
Henry Garcia,"6' 2"""
Daniel Gonzalez,"6' 4"""
Josh Gregoire,"6' 2"""
Landon Grigg,"6' 1"""
Jake Haggard,"6' 3"""
Aidan Haynes,"6' 5"""
Holden Hess,"6' 4"""
Hollis Huff,"6' 3"""
Hasani Johnson,"5' 10"""
Jackson Landry,"6' 6"""
Tony Lindwedel,"6' 0"""
Colby Lunsford,"5' 11"""
Justin Robinson,"6' 2"""
Zach Shaw,"6' 3"""
Seaver Sheets,"5' 10"""
Aidan Sowers,"6' 5"""
Adam Tubbs,"5' 11"""
Isaiah Walker,"6' 2"""
Barham White,"6' 1"""
Zach White,"5'11"""
Blaine Albright,"6' 3"""
Tim Baird,"6' 2"""
Brady Baxter,"6' 3"""
Bryce Blevins,"5' 11"""
Brandon Brunette,"6' 7"""
Bauer Burkart,"6' 0"""
Kenyon Collins,"6' 1"""
Fenix DiGiacomo,"6' 5"""
Joel Gardner,"6' 0"""
Matty Go,"5' 9"""
Jackson Golden,"6' 2"""
Jackson Halter,"6' 0"""
Cam Harthan,"6' 0"""
AJ Havrilla,"5' 11"""
Cooper Hinson,"6' 1"""
Peyton Jackson,"6' 4"""
Tyler Kamerer,"5' 10"""
Charlie Krebs,"6' 2"""
Will Lafferty,"6' 0"""
Eddie Leon,"6' 1"""
Patrick Mazur,"6' 2"""
A.J. McAninch,"6' 2"""
Alex McKay,"6' 0"""
Griffin Miller,"6' 2"""
Clint Moak,"6' 0"""
Ethan Murdoch,"6' 2"""
Maika Niu,"6' 1"""
Luke Prohel,"6' 3"""
Jack Smith,"5'11"""
Elijah Vogelsong-Lewis,"5' 10"""
Nick Weyrich,"6' 4"""
Nolan Wilson,"6' 1"""
TJ Aiken,"6' 2"""
Hunter Baynes,"6' 3"""
Dylan Brown,"5'11"""
Brody Connors,"6' 0"""
Kellen Davis,"6' 0"""
Kyle Edwards,"5' 10"""
Kyle Finn,"6' 1"""
Tahraun Hammond,"5' 9"""
Evan Holman,"5' 11"""
Ethan Hubbell,"6' 3"""
Alex Hunt,"6' 0"""
Bryce Jones,"5'11"""
Kainen Jorge,"6' 2"""
Cole Lanford,"6' 4"""
Zach Leite,"6' 2"""
Marco Levari,"6' 0"""
Bailey Matela,"6' 5"""
Ben Moore,"6' 4"""
Efrain Morales,"5' 9"""
Blake Morgan,"6' 1"""
Will Orberson,"6' 2"""
Jayce Park,"5' 11"""
Luke Ridley,"6' 1"""
Tanner Schaedel,"6' 2"""
Connor Schumann,"6' 0"""
Jack Slater,"6' 1"""
Maverick Stallings,"6' 0"""
Tyler Stott,"6' 4"""
Nick Sulpizio,"6' 2"""
Ryan Thomas,"6' 1"""
Dylan Tostrup,"6' 1"""
Luke Waters,"6' 1"""
Frankie Wright,"6' 0"""
Scotty Young,"6' 6"""
Tyler Zedalis,"6' 2"""
Mason Beno,"5' 11"""
Sam Boardwine,"5' 10"""
Dalton Brooks,"6' 2"""
Ty Brooks,"5'11"""
Seth Carter,"5' 11"""
Cooper Cooksey,"6' 3"""
Chase Davis,"6' 3"""
Andrew Elkhill,"6' 2"""
Andrew Floyd,"5' 9"""
Brian Garmon,"6' 2"""
John Gillis,"6' 4"""
Jacob Haley,"6' 3"""
Mitchell Heer,"5' 11"""
Brennan Holt,"5' 9"""
Lucas Ismaili,"6' 0"""
Garfield Johns,"6' 1"""
Rett Johnson,"5' 9"""
Garret Kangas,"6' 1"""
Cole Ketzner,"6' 0"""
Hector Mangual,"6' 4"""
Jarrett Maresco,"6' 0"""
Duncan Mathews,"5' 9"""
Ethan Melton,"5' 10"""
Robert Miranda,"5' 10"""
Kyle Morrison,"6' 0"""
Greg Pettay,"5' 8"""
Jaxon Shineflew,"6' 2"""
John Smith,"5'11"""
Tyler Smith,"5'11"""
Zach Stevens,"6' 0"""
Josh Stevenson,"6' 1"""
Ryan Storey,"5' 10"""
Zach Willingham,"6' 2"""
Nate Wood,"6' 2"""
Mike Young,"6' 3"""
Mason Zambo,"6' 2"""
Eli Zielinski,"6' 0"""
Matt Adams,"5' 11"""
Colby Allen,"5' 11"""
JW Armistead,"6' 5"""
Drey Barrett,"6' 3"""
Chandler Best,"6' 0"""
Jake Cook,"6' 1"""
Cal Culpepper,"6' 3"""
McCarty English,"6' 1"""
Ben Flowers,"6' 2"""
Michael Fowler,"6' 3"""
Davis Gillespie,"6' 1"""
Grayden Harris,"6' 1"""
Ben Higdon,"6' 2"""
Ty Long,"6' 0"""
Braden Luke,"5' 10"""
JB Middleton,"6' 0"""
Nick Monistere,"6' 0"""
Jace Norton,"6' 3"""
Josh Och,"5' 11"""
Lawson Odom,"5' 10"""
Carson Paetow,"6' 3"""
Landen Payne,"6' 2"""
Ozzie Pratt,"5' 11"""
Cole Richardson,"6' 5"""
Matthew Russo,"6' 2"""
Kros Sivley,"5' 11"""
Seth Smith,"6' 3"""
Tucker Stockman,"6' 4"""
Camden Sunstrom,"6' 2"""
Joey Urban,"6' 1"""
Micah Wascom,"6' 0"""
Brooks Willoughby,"6' 5"""
Johnny Alkire,"6' 2"""
Caden Baker,"5' 7"""
Travis Bragg,"5' 11"""
Ian Collier,"6' 1"""
Shane Connell,"6' 3"""
Coy DeFury,"6' 2"""
Colby Diaz,"6' 1"""
Conner Doucet,"6' 1"""
Bryson Dudley,"6' 3"""
Austin Eaton,"6' 1"""
Ryne Farber,"5' 11"""
Ethan Farris,"6' 5"""
Rashawn Galloway,"6' 0"""
Rocco Garza-Gongora,"6' 2"""
Zachary Gingrich,"6' 0"""
Josh Glaser,"6' 1"""
Sam Hall,"6' 3"""
Dylan Kerbow,"6' 0"""
Hayde Key,"6' 0"""
Theo Kummer,"5' 10"""
Carson Laws,"6' 1"""
Ryan Lawton,"5' 11"""
Jackson Mayo,"5'11"""
Chase Mora,"6' 2"""
Austin Munguia,"5' 10"""
Cameron O'Banan,"6' 3"""
Dawson Park,"5' 11"""
Samson Pugh,"5' 11"""
Trent Rucker,"6' 3"""
Taylor Seay,"6' 2"""
Alan Shibley,"6' 2"""
Cole Tabor,"5' 9"""
Jackson Teer,"6' 2"""
Cameron Thompson,"6' 3"""
Braylen Timmins,"6' 1"""
Matthew Tippie,"6' 3"""
Jesus Tovar,"6' 1"""
Alex Valentin,"6' 0"""
Justin Vossos,"6' 0"""
Mike Bello,"6' 2"""
Peryn Bland,"6' 1"""
Harrison Bowman,"6' 1"""
Brooks Bryan,"6' 2"""
Chase Cartron,"6' 6"""
Blake Cavill,"6' 1"""
Kelly Crumpton,"6' 3"""
Sean Darnell,"6' 1"""
Jay Dill,"6' 6"""
Noah Edders,"6' 4"""
Cason Eubanks,"5' 9"""
Adam Falinski,"6' 3"""
Colby Frieda,"6' 3"""
Garrett Gainous,"6' 4"""
Grady Gorgen,"6' 3"""
Jason Hawkins,"6' 2"""
Jimmy Janicki,"6' 3"""
Dylan King,"5'11"""
Dillon Kuehl,"6' 0"""
Tyler LeJeune,"5' 10"""
Shane Lewis,"6' 2"""
Luke Lyon,"6' 2"""
Houston Markham,"5' 11"""
Steven Meier,"6' 1"""
Chase Nelson,"5'11"""
Drew Nelson,"5'11"""
Jacob Roettgen,"6' 2"""
Gavin Schrader,"6' 4"""
Grayson Stewart,"5' 11"""
Zak Szabo,"6' 3"""
Brock Tapper,"6' 2"""
Noah Thigpen,"6' 2"""
Colton Walls,"6' 4"""
Peyton Watts,"6' 1"""
Jakob Wax,"6' 1"""
George Welch,"6' 3"""
Jaden Alba,"6' 3"""
Max Arlich,"6' 3"""
Bradyn Barnes,"6' 2"""
Easton Barrett,"6' 0"""
Camden Bates,"5' 10"""
Alec Belardes,"6' 2"""
Brody Briggs,"6' 1"""
Josh Butler,"6' 7"""
Eli Buxton,"6' 5"""
Cole Carlon,"6' 5"""
Brandon Compton,"6' 1"""
Nu'u Contrades,"5' 10"""
Josiah Cromwick,"6' 2"""
Chance Daquila,"6' 3"""
Sean Fitzpatrick,"6' 0"""
Manny Garza,"5' 10"""
Jonah Giblin,"6' 4"""
Landon Hairston,"5' 11"""
Wyatt Halvorson,"6' 3"""
Jonathon Hernandez,"5' 9"""
Isaiah Jackson,"6' 3"""
Ben Jacobs,"6' 1"""
Lucas Kelly,"6' 4"""
Matt King,"6' 1"""
Will Koger,"6' 3"""
Rohan Lettow,"6' 3"""
Jack Martinez,"6' 4"""
Ky McGary,"5' 11"""
Tyler Meyer,"6' 3"""
Jake Neely,"6' 4"""
Jax Ryan,"6' 1"""
Derek Schaefer,"6' 2"""
Kien Vu,"5' 11"""
Kyle Walker,"5' 9"""
Beckett Zavorek,"5' 9"""
T.J. Adams,"6' 1"""
Hunter Alberini,"6' 2"""
Smith Bailey,"6' 4"""
Jack Berg,"6' 4"""
Easton Breyfogle,"6' 2"""
Andrew Cain,"6' 2"""
Garen Caulfield,"5' 11"""
Christian Coppola,"6' 5"""
Kenan Elarton,"6' 4"""
Raul Garayzar,"6' 4"""
Gunner Geile,"6' 0"""
Ethan Guerra,"5' 10"""
Adonys Guzman,"5' 11"""
Garrett Hicks,"6' 1"""
Michael Hilker,"6' 2"""
Casey Hintz,"6' 0"""
Carson Johnson,"5'11"""
Owen Kramkowski,"6' 3"""
Matthew Martinez,"5'11"""
Collin McKinney,"6' 5"""
Bryce McKnight,"6' 0"""
Mathis Meurant,"6' 3"""
Maddox Mihalakis,"6' 2"""
Richie Morales,"5' 10"""
Karter Muck,"6' 2"""
Eric Orloff,"6' 3"""
Tony Pluta,"5' 9"""
Dom Rodriguez,"6' 1"""
Mason Russell,"6' 0"""
Tyler Russell,"5' 11"""
Tommy Splaine,"6' 5"""
Brendan Summerhill,"6' 3"""
Julian Tonghini,"6' 3"""
Aaron Walton,"6' 3"""
Mason White,"5' 11"""
Enzo Apodaca,"5' 9"""
Carson Bailey,"6' 3"""
Bryson Bales,"6' 3"""
Brayden Bergman,"6' 1"""
Caleb Bergman,"5' 9"""
Gavin Brzozowski,"6' 1"""
Caleb Bunch,"6' 6"""
Ethan Calder,"5' 11"""
Cortlan Castle,"5' 11"""
Camden Clewett,"5' 11"""
Gabe Craig,"6' 5"""
Lucas Davenport,"6' 6"""
Will Glatch,"6' 2"""
Mason Green,"6' 2"""
Patrick Hail,"6' 6"""
Caleb Jameson,"6' 0"""
Ty Johnson,"6' 0"""
Wesley Jordan,"6' 3"""
Tyriq Kemp,"5' 7"""
JJ Kennett,"5' 10"""
Drew Leach,"6' 3"""
Jack Little,"6' 1"""
Grayson Murry,"6' 5"""
Will Pendergrass,"6' 2"""
Andrew Petrowski,"6' 1"""
Pearson Riebock,"6' 0"""
RJ Ruais,"6' 2"""
Travis Sanders,"6' 1"""
Hunter Simmons,"5' 11"""
Stefan Stahl,"6' 2"""
Cole Stasio,"6' 5"""
Hunter Teplanszky,"6' 3"""
John Youens,"6' 3"""
Luke Anderson,"5' 10"""
Chipper Beck,"6' 1"""
Cayson Bell,"6' 1"""
Easton Bryant,"6' 4"""
Hayden Coon,"6' 2"""
Stone Cushing,"5' 10"""
Ridge Erickson,"5' 11"""
Ziegen Farley,"6' 1"""
Nolan Ficklin,"5' 11"""
Carter Foss,"6' 3"""
Tate Gambill,"5' 10"""
Parker Goff,"5' 11"""
Payton Gubler,"5' 10"""
Brett Hansen,"6' 4"""
Matt Hansen,"6' 0"""
Jaden Harris,"6' 2"""
Bryker Hurdsman,"6' 4"""
Ashton Johnson,"5' 11"""
Easton Jones,"5'11"""
Rockwell Lybbert,"6' 4"""
Brayden Marx,"6' 0"""
Crew McChesney,"6' 0"""
Ezra McNaughton,"5' 11"""
Owen Miller,"6' 3"""
Keoni Painter,"5' 11"""
Maddax Peck,"6' 2"""
Jake Porter,"5'11"""
Justis Reiser,"6' 1"""
Ryan Reynolds,"6' 3"""
Ryder Robinson,"6' 2"""
Ryker Schow,"6' 0"""
Luke Sterner,"6' 2"""
Garrison Sumner,"6' 3"""
Cooper Vest,"5' 11"""
Brock Watkins,"6' 0"""
Tu'alau Wolfgramm,"5' 10"""
Erick Almonte,"5' 11"""
Spencer Bauer,"6' 2"""
Drew Bellis,"6' 0"""
Lex Boedicker,"6' 0"""
Braden Calise,"6' 0"""
Dominic Castellano,"5' 11"""
Robbie Demetree,"6' 0"""
Edian Espinal,"5' 8"""
Alex Galvan,"5'11"""
Mateo Gray,"6' 2"""
Wiley Hartley,"6' 3"""
Antonio Jimenez,"6' 1"""
Chase Krewson,"6' 2"""
James Lordi,"6' 0"""
Kendrey Maduro,"6' 2"""
Matt Prevesk,"6' 3"""
Aris Rivera,"6' 4"""
Alex Rodriguez,"5'11"""
DeAmez Ross,"5' 11"""
Russell Sandefer,"6' 1"""
Matt Sauser,"6' 3"""
Kevin Schoneboom,"6' 3"""
Grant Siegel,"6' 1"""
Angelo Smith,"6' 0"""
Kris Sosnowski,"6' 0"""
Dom Stagliano,"6' 1"""
Carter Stanford,"6' 4"""
Dakota Stone,"5' 10"""
Andrew Sundean,"6' 6"""
Camden Wicker,"6' 7"""
Isaac Williams,"5'11"""
Andrew Williamson,"6' 0"""
Keegan Allen,"5' 11"""
Ty Barnett,"5' 11"""
Max Bergmann,"6' 3"""
Lauden Brooks,"5' 11"""
Adam Buczkowski,"6' 2"""
Quinton Coats,"6' 3"""
Michael Conte,"6' 3"""
Kerrington Cross,"6' 0"""
Donovan Ford,"5' 8"""
Dawson Hokuf,"6' 4"""
Chase Horst,"5' 10"""
Hudson Johnson,"6' 1"""
Kory Klingenbeck,"5' 10"""
Carson Marsh,"5' 10"""
Parker McDaniels,"6' 1"""
Christian Mitchelle,"5' 11"""
Adam Mrakitsch,"6' 0"""
Jack Natili,"6' 3"""
Charlie Niehaus,"5' 10"""
Kellen O'Connor,"5' 10"""
Tommy O'Connor,"6' 5"""
Brendin Oliver,"6' 3"""
Louis Perona,"6' 3"""
Joel Pineiro,"6' 1"""
Derrick Pitts,"6' 2"""
Maxton Polad,"6' 2"""
Brandon Scheurer,"6' 1"""
Cal Sefcik,"6' 0"""
Luke Sefcik,"5' 10"""
Rodney Shultz,"6' 1"""
Nathan Taylor,"6' 5"""
Josh Ulery,"5' 10"""
Landyn Vidourek,"6' 1"""
Anthony Avalos,"5' 10"""
Michael Benzor,"6' 4"""
Brandon Bishop,"5' 10"""
Harry Boushele,"6' 2"""
Tre Broussard,"6' 0"""
Cole Carbone,"6' 2"""
Cade Climie,"6' 2"""
Jack Cooper,"6' 1"""
Tyler Cox,"5'11"""
Coby DeJesus,"5' 10"""
Ryan Dollar,"6' 3"""
Graysen Drezek,"6' 3"""
Brady Fuller,"6' 4"""
Evan Haeger,"6' 1"""
Kendall Hoffman,"6' 6"""
Riley Jackson,"6' 1"""
Antoine Jean,"6' 2"""
Kenneth Jimenez,"5' 9"""
Jackson LaLima,"6' 1"""
Malachi Lott,"5' 9"""
Aaron Lugo,"5' 8"""
Diego Luzardo,"6' 0"""
Connor McGinnis,"6' 1"""
Nick Moten,"6' 1"""
Connor Osier,"6' 5"""
Andres Perez,"5'11"""
Chris Perez,"5'11"""
Xavier Perez,"6' 1"""
Richie Roman,"6' 4"""
Carsten Sabathia,"6' 4"""
Paul Schmitz,"6' 8"""
Chris Scinta,"6' 0"""
Pip Smalley,"6' 3"""
Alex Solis,"5'11"""
David Stich,"6' 5"""
Jake Tatom,"6' 1"""
Eric Van Valkenburg,"6' 2"""
Irvin Weems,"6' 0"""
Kaiden Ashton,"5' 7"""
Brady Ballinger,"6' 2"""
Tommy Barth,"6' 0"""
Brady Blake,"6' 2"""
Gavin Brasosky,"6' 0"""
Alex Breckheimer,"6' 5"""
Michael Brooks,"5' 11"""
Kannon Carr,"6' 0"""
Derek Cerda,"6' 1"""
Brady Counsell,"6' 3"""
Kasey Crawford,"6' 4"""
Jake Cubbler,"6' 1"""
Chase Diggins,"6' 0"""
Ian Francis,"6' 1"""
Naun Haro,"6' 2"""
Jackson Hauge,"6' 1"""
Robbie Knowles,"6' 1"""
Mike Koszewski,"5' 11"""
Eric Lin,"6' 0"""
Connor Maggi,"5' 9"""
Cooper Moore,"5'11"""
Dariel Osoria,"6' 0"""
Brigden Parker,"6' 3"""
Dalton Smith,"6' 0"""
Sawyer Smith,"6' 3"""
Max Soliz,"6' 5"""
Patrick Steitz,"6' 8"""
Thaniel Trumper,"6' 3"""
Malakai Vetock,"6' 2"""
Dominic Voegele,"6' 2"""
Manning West,"6' 6"""
TJ Williams,"5' 5"""
Ty Wisdom,"6' 0"""
Adam Arther,"6' 3"""
David Bishop,"6' 3"""
Mason Buss,"6' 0"""
Taz Butler,"5' 11"""
Seth Dardar,"6' 2"""
Blake Dean,"6' 0"""
Micah Dean,"6' 0"""
Tanner Duke,"6' 2"""
Nick English,"5' 11"""
AJ Evasco,"6' 6"""
Sam Flores,"6' 3"""
Jacob Frost,"6' 3"""
James Guyette,"6' 3"""
Micah Henson,"6' 4"""
Shintaro Inoue,"5' 7"""
Cadyn Karl,"6' 3"""
Dee Kennedy,"5' 10"""
Donte Lewis,"5' 11"""
Kyan Lodice,"6' 2"""
Bear Madliak,"5' 9"""
Maximus Martin,"6' 0"""
Keegan O'Connor,"5' 11"""
Cayden Phillips,"6' 3"""
Rohan Putz,"5' 9"""
Michael Quevedo,"5' 10"""
Brody Roe,"6' 2"""
Ben Rosin,"6' 4"""
Ty Ruhl,"6' 3"""
Lincoln Sheffield,"6' 0"""
JJ Slack,"5' 10"""
Miles Smith,"5' 11"""
Ty Smolinski,"6' 0"""
Elijah Alexander,"6' 2"""
Tommy Allman,"6' 2"""
Kyle Bade,"5' 10"""
Drew Blake,"6' 2"""
Harrison Bodendorf,"6' 5"""
Braylon Brooks,"5' 9"""
Matthew Brown,"6' 5"""
Colin Brueggemann,"6' 6"""
Charlie Carter,"6' 3"""
Alex Conover,"6' 2"""
Drew Culbertson,"6' 0"""
Ian Daugherty,"6' 2"""
Gabe Davis,"6' 9"""
Kash Ferris,"6' 2"""
Jett Hope,"6' 4"""
Jayson Jones,"6' 2"""
Jake Kennedy,"6' 2"""
Donovan LaSalle,"6' 2"""
Ethan Lund,"6' 5"""
Aidan Meola,"6' 2"""
Avery Ortiz,"5' 11"""
Mario Pesca,"6' 8"""
Brennan Phillips,"5'11"""
Stormy Rhodes,"6' 4"""
Kollin Ritchie,"6' 2"""
Nolan Schubart,"6' 5"""
Garrett Shull,"6' 2"""
Brayden Smith,"6' 0"""
Beau Sylvester,"6' 0"""
Brock Thompson,"6' 0"""
Ryan Ure,"6' 8"""
Hunter Watkins,"6' 9"""
Noah Wech,"6' 1"""
Sean Youngerman,"6' 3"""
Jack Arthur,"6' 1"""
Trever Baumler,"6' 3"""
Jack Bell,"5'11"""
Mason Bixby,"6' 7"""
Karson Bowen,"5' 11"""
Mason Brassfield,"6' 4"""
Chase Brunson,"6' 3"""
Isaac Cadena,"5' 10"""
Carson Cormier,"6' 6"""
Cole Cramer,"6' 1"""
Cole Eaton,"6' 0"""
Kade Eudy,"6' 1"""
Cohen Feser,"6' 2"""
Noah Franco,"6' 3"""
Preston Gamster,"6' 3"""
Brody Green,"6' 4"""
Colton Griffin,"5' 10"""
Zack James,"6' 4"""
Kole Klecker,"6' 2"""
Tommy LaPour,"6' 4"""
Sam Myers,"5' 9"""
Trey Newmann,"6' 6"""
Caedmon Parker,"6' 4"""
Tyler Phenow,"6' 6"""
Louis Rodriguez,"6' 1"""
Blake Rogers,"6' 5"""
Luca Shinn,"6' 2"""
Anthony Silva,"6' 2"""
Jacob Silva,"5' 10"""
Braeden Sloan,"6' 4"""
Kaden Smith,"5'11"""
Camden Sos,"6' 3"""
Nate Stern,"6' 4"""
Sawyer Strosnider,"6' 2"""
Jax Traeger,"6' 1"""
Nolan Traeger,"6' 0"""
Logan Addison,"6' 1"""
Daniel Bass,"6' 4"""
Carson Baugh,"6' 1"""
Logan Bevis,"6' 7"""
Garet Boehm,"6' 3"""
Ty Boudreau,"6' 1"""
Damian Bravo,"6' 2"""
Jackson Burns,"6' 4"""
Jack Cebert,"6' 3"""
Zach Crotchfelt,"6' 3"""
J.T. Drake,"6' 3"""
Zach Erdman,"6' 2"""
Jorden Espinoza,"6' 2"""
Zachary Fetchel,"6' 3"""
Mac Heuer,"6' 5"""
Logan Hughes,"5' 11"""
Parker Hutyra,"6' 4"""
Kendyl Johnson,"5' 8"""
Will Jordan,"6' 5"""
Tracer Lopez,"5' 10"""
Jonny Lowe,"6' 2"""
Dylan Maxcey,"5' 9"""
Connor Mohan,"6' 3"""
Trendan Parish,"6' 0"""
Hudson Parker,"6' 0"""
Zane Petty,"6' 1"""
Lukas Pirko,"6' 1"""
TJ Pompey,"6' 4"""
Davis Rivers,"5'11"""
Jacob Rogers,"5'11"""
Coleman Ryan,"6' 0"""
Antonelli Savattere,"5' 8"""
Peyton Schulze,"6' 1"""
Jace Souza,"6' 2"""
Kyeler Thompson,"6' 0"""
Brady Trombello,"6' 2"""
Robin Villeneuve,"6' 2"""
Lucas Boesen,"6' 0"""
Kaden Carpenter,"6' 4"""
Colby Chambers,"6' 3"""
Mateus Conaway,"6' 1"""
Ian Culver,"6' 0"""
Demitri Diamant,"5' 11"""
Drake Digiorno,"6' 2"""
Jackson Elder,"6' 1"""
Dillon Fine,"6' 3"""
Matt Flaharty,"6' 0"""
Dylan Gazaway,"6' 4"""
Cam Gurney,"6' 0"""
Zakye Hawkins,"6' 0"""
Core Jackson,"6' 2"""
Merit Jones,"6' 4"""
Brady Joyner,"6' 5"""
Cal Kilgore,"6' 1"""
Rohne Klein,"6' 4"""
Jack Kleveno,"5' 6"""
Jake Long,"6' 3"""
Colter McAnelly,"6' 4"""
Cameron Nielson,"6' 1"""
Santino Panaro,"5' 10"""
Tyler Quinn,"5' 10"""
Payton Riske,"5' 10"""
Austen Roellig,"5' 11"""
Derek Smith,"6' 3"""
Sam Stockman,"5' 11"""
Ethan Thomas,"5'11"""
Brian Trujillo,"5' 10"""
Carter Wall,"6' 2"""
Spencer Barnett,"6' 2"""
Reese Bassinger,"6' 1"""
Tucker DeLisle,"6' 2"""
Carson Estridge,"6' 7"""
Cole Fehrman,"6' 4"""
Joe Fredericks,"5' 9"""
Ellis Garcia,"6' 0"""
JJ Glasscock,"6' 0"""
Armani Guzman,"5' 10"""
David Hagen,"6' 2"""
Bryson Hoff,"6' 2"""
Benjamin Hudson,"6' 2"""
Grant Hussey,"6' 3"""
Tyler Hutson,"6' 4"""
Jack Kartsonas,"6' 4"""
Gavin Kelly,"6' 0"""
Skylar King,"6' 1"""
Griffin Kirn,"6' 3"""
Brodie Kresser,"6' 1"""
Ben Lumsden,"6' 3"""
Luke Lyman,"6' 5"""
Alex Marot,"6' 2"""
Ben McDougal,"6' 5"""
Chase Meyer,"6' 2"""
Michael Perazza,"6' 3"""
Robby Porco,"6' 6"""
Jace Rinehart,"6' 0"""
Logan Sauve,"5' 10"""
Aidan Smith,"6' 3"""
Mac Stiffler,"6' 7"""
Chase Swain,"6' 0"""
Jorge Valdes,"5' 9"""
Gavin Van Kempen,"6' 6"""
Kyle West,"6' 4"""
Sam White,"5' 11"""
Bryant Yoak,"6' 2"""
Marques Abulhosn,"5' 10"""
Mikey Bell,"6' 2"""
Gabe Brabec,"6' 2"""
Ethan Buckley,"6' 0"""
Max Coupe,"6' 1"""
Michael Cunneely,"6' 5"""
Luca DiPaolo,"6' 0"""
Tommy Eisenstat,"6' 2"""
Justin Feld,"6' 0"""
Kai Francis,"6' 4"""
Jared Glenn,"6' 4"""
Garrett Gores,"6' 1"""
Miles Gosztola,"6' 3"""
Payton Graham,"6' 2"""
Kale Hammer,"6' 3"""
Josh Hankins,"6' 0"""
Ryan Hernandez,"5' 8"""
Erik Hoffberg,"6' 3"""
Payton Knowles,"6' 0"""
Mickey McClaskey,"6' 3"""
Gage Mestas,"5' 10"""
Peyton Miller,"5' 9"""
Finbar O'Brien,"6' 3"""
Jace Phelan,"6' 3"""
Rece Schuerman,"6' 0"""
Hudson Shupe,"6' 0"""
Sam Stem,"6' 2"""
Karsten Sweum,"6' 3"""
Vincent Temesvary,"5' 11"""
Jacob Wrubleski,"6' 0"""
Ty Yukumoto,"5' 8"""
Beau Ankeney,"6' 4"""
Robbie Ayers,"6' 1"""
Adam Behrens,"6' 3"""
Zach Bender,"6' 4"""
James Bose,"6' 0"""
Sam Brady,"6' 0"""
Johnny Casale,"5' 11"""
Colin Caycedo,"6' 2"""
Alex Chavez,"6' 3"""
Willie Cornejo-Farmer,"6' 2"""
Luca Danos,"6' 0"""
JD Dunn,"6' 0"""
Kolton Freeman,"6' 3"""
Jacob Fried,"6' 6"""
Jake Geis,"6' 3"""
DJ Ghiorso,"5' 10"""
Cam Hassert,"6' 2"""
Jacob Hughes,"6' 3"""
Gavin Jacobsen,"6' 0"""
Jonah Johnson,"6' 3"""
Avery Laine,"6' 5"""
Jake Lyall,"6' 0"""
Zack Mack,"6' 5"""
Noah Malone,"6' 1"""
Gabe Maya,"6' 2"""
Matt Moreno,"6' 2"""
Michael Nunez,"6' 3"""
Devan Ornelas,"5' 10"""
Kenji Pallares,"6' 2"""
Joe Reid,"6' 0"""
Nate Savoie,"6' 0"""
Austin Schroeder,"6' 2"""
Luke Skinner,"6' 1"""
Cole Stucky,"6' 1"""
Nolan Tillitt,"6' 3"""
Colby Wallace,"5'11"""
Tanner Warady,"6' 1"""
Zion Williams,"6' 3"""
Ashten Wong,"6' 1"""
David Andrus,"6' 9"""
Drake Bicknell,"5' 11"""
John-Howard Bobo,"6' 1"""
Kordell Brown,"5' 9"""
Regan Carter,"6' 2"""
Bryce Cruz,"6' 0"""
Diego Davis,"6' 3"""
Logan Drummond,"6' 2"""
Rylan Evans,"5' 11"""
Alec Gomez,"6' 0"""
Jakob Guardado,"6' 1"""
Justin Iglesias,"6' 3"""
Jackson Lux,"6' 3"""
Brett Mallett,"6' 2"""
Brian McClellin,"6' 0"""
Austin McKinney,"6' 2"""
Joe Metcalf,"6' 3"""
Evan Moll,"6' 4"""
Nathen Nino,"6' 1"""
Robert Orr,"6' 3"""
Adan Perez,"6' 4"""
Kaden Petersen,"6' 0"""
Carson Revay,"6' 4"""
Park Romney,"6' 0"""
Mike Santos-LaPlaca,"6' 0"""
Braeden Schnabel,"6' 7"""
DJ Scott,"6' 2"""
Ethan Shaver,"6' 2"""
Andrew Sloan,"6' 0"""
Cade Sonoqui,"6' 1"""
Josh Souza,"6' 3"""
Jake Tandy,"6' 1"""
Adrian Vidal,"6' 0"""
Andre Vidal,"5' 11"""
J.T. Waldon,"6' 4"""
Jarryd Wood,"6' 0"""
Max Aude,"6' 4"""
Cade Barry,"5' 9"""
Max Bernal,"6' 0"""
Brodey Bitove,"6' 2"""
Matt Boyer,"6' 2"""
Finley Buckner,"6' 2"""
John Callis,"5' 11"""
Joe Cardinale,"6' 0"""
Jordan Cole,"6' 2"""
Cam Conley,"5' 11"""
Danny Cook,"6' 0"""
Kam Croghan,"6' 4"""
Joey Damelio,"6' 0"""
Braden Guentz,"6' 4"""
RJ Jimerson,"5' 9"""
MJ Liyeos,"6' 1"""
Wyatt Nichol,"6' 1"""
Julian Nunez,"5' 10"""
Jackson Pace,"6' 5"""
Luke Pemberton,"6' 1"""
Winston Peterson,"6' 8"""
Austin Plisinski,"6' 2"""
Matt Queen,"5' 11"""
Jacob Rebrook,"6' 2"""
Ryan Rios,"6' 4"""
Justin Rubin,"6' 1"""
Andrew Savage,"6' 1"""
Tommy Scavone,"6' 5"""
Esteban Sepulveda,"5' 11"""
Cole Sheehan,"6' 1"""
Dylan Stewart,"6' 5"""
Nate Tichy,"6' 1"""
Adam Troy,"6' 3"""
Nick Upstill,"5' 11"""
Collin Valentine,"6' 3"""
Devon Walczykowski,"6' 2"""
Lucien Wechsberg,"6' 5"""
Cal Wipf,"6' 1"""
Zach Woodson,"6' 4"""
Logan Anderson,"5'11"""
Brady Bean,"5' 10"""
Gage Bruce,"5' 10"""
Morgan Codron,"6' 3"""
Connor Cox,"5'11"""
Carter Gaston,"5'11"""
Curtis Hebert,"6' 2"""
Peter Herrick,"6' 3"""
Coleman Hollabaugh,"6' 1"""
Tyler Howard,"5'11"""
Doyle Kane,"6' 2"""
Cole Katayama-Stall,"6' 1"""
JT Landwehr,"6' 1"""
Aaron Louis,"5' 9"""
Riley McCarthy,"6' 1"""
Jace Miller,"6' 0"""
Nolan Miller,"5'11"""
Henry Muench,"5' 10"""
Cody Nitowitz,"5' 11"""
Ryan Rembisz,"6' 2"""
Frankie Rutigliano,"6' 0"""
Jonas Salk,"5' 10"""
Spencer Scott,"6' 0"""
Kaden Segel,"6' 0"""
Kaden Starr,"6' 1"""
Trey Swygart,"6' 2"""
Zach Toglia,"6' 4"""
Justin Tsukada,"5' 8"""
Nolan Umlandt,"6' 2"""
Cal Young,"6' 2"""
Ian Armstrong,"6' 1"""
Sean Cannon,"5' 10"""
Diego Castellanos,"6' 1"""
Finn Chapman,"6' 3"""
Donovan Chriss,"6' 0"""
Blake Conrad,"5' 11"""
John Damozonio,"6' 2"""
Dylan Delvecchio,"6' 0"""
Hayden Driggs,"5' 11"""
Brian Duroff,"6' 1"""
Derik Eaquinto,"6' 3"""
Diego Emerling,"6' 4"""
Adam Enyart,"6' 3"""
Chris Esquivel,"5' 10"""
Talin Gardini,"6' 1"""
Tanner Griffith,"5' 9"""
Daniel Guevara,"6' 1"""
Justin Heffler,"5' 11"""
Elliot Joslin,"6' 6"""
Cody Kashimoto,"5' 7"""
Rees Kent,"6' 2"""
Sam Kretsch,"6' 4"""
Colin Linteo,"6' 0"""
Eddie Madrigal,"6' 1"""
Joe McGee,"6' 0"""
Jaden McNeely,"6' 0"""
Jared Mettam,"5' 11"""
Micah Nicholson,"5' 11"""
Brady Petit,"6' 2"""
Ryan Pierce,"6' 4"""
Garret Plata,"5' 11"""
Barrett Ronson,"6' 1"""
Justin Santiago,"6' 2"""
Lukas Sarantos,"6' 3"""
Makoa Sniffen,"6' 1"""
Aiden Taurek,"5' 11"""
Noah Waldeck,"6' 5"""
Brett Williams,"5' 11"""
AJ Anzai,"6' 0"""
AJ Beltre,"5' 11"""
Hayden Cody,"6' 2"""
Gabe D'Arcy,"6' 3"""
Jonathan Fitz,"6' 0"""
AJ Frausto,"5' 11"""
Hunter Friedberg,"5' 10"""
Jack Giordano,"6' 2"""
Aídan Gonzalez,"5' 10"""
Jack Gurevitch,"6' 0"""
Brian Harbour,"6' 4"""
Dallin Harrison,"6' 1"""
David Horn,"6' 4"""
Aden Howard,"6' 2"""
Tristan LaMaison,"6' 0"""
Isaiah Lane,"6' 2"""
Nico Libed,"5' 9"""
Jayden Lobliner,"5' 10"""
Cade Martinez,"6' 0"""
Jack McWilliams,"6' 3"""
Connor Meidroth,"5' 9"""
Andrew Mosiello,"6' 2"""
Fernando Palencia,"5' 10"""
Logan Reddemann,"6' 2"""
Jamie Robertson,"6' 2"""
Porter Rovin,"5' 11"""
Cal Scolari,"6' 4"""
Austin Smith,"5'11"""
Nick Suspenzi,"5' 11"""
Vincent Venverloh,"5' 9"""
Bryant Viskovich,"6' 0"""
Ryan Ward,"6' 2"""
Rex Watson,"5' 11"""
JT Amaral,"6' 0"""
Cal Amborn,"6' 4"""
Gabe Barrett,"6' 0"""
Matteo Bellisimo,"6' 3"""
Brendan Burke,"5'11"""
AC Cabrera,"5' 10"""
Kolby Calia,"6' 2"""
Austin Cupic,"6' 2"""
Kenny DeCelle,"6' 2"""
Miles Durvasula,"6' 0"""
Eddison Esquivel,"6' 0"""
Matty Fung,"5' 9"""
Trevor Harmon,"6' 2"""
Tyler Harries,"6' 0"""
Wesley Harwell,"6' 3"""
Hunter Holzemer,"5' 11"""
Myles Kallinger,"5' 8"""
Patrick Keighran,"6' 2"""
Jordan Lewis,"5'11"""
Tyvon Moore,"6' 1"""
Gavin Pacheco,"6' 2"""
Charles-Etienne Pelletier,"5' 11"""
Quentin Pohorski,"6' 5"""
Tyler Prystajko,"6' 1"""
Zack Ramppen,"5' 9"""
Aidan Risse,"6' 3"""
T.J. Rogers,"6' 2"""
Lance Santerre,"6' 1"""
Logan Schweizer,"5' 10"""
Kevin Shea,"5' 10"""
Adam Shew,"6' 2"""
Joe Soberon,"6' 1"""
Nick Walsh,"6' 0"""
Kody Watanabe,"5' 9"""
Kai Yovanovich,"6' 2"""
Tyler Alleman,"6' 0"""
Max Bayles,"6' 3"""
Vincent Braga,"6' 3"""
Koen Carston,"5' 9"""
Ben Cleary,"6' 0"""
Kai Cunningham,"5' 10"""
Luke Devine,"6' 4"""
Thomas Ferroggiaro,"5' 10"""
Russ Filter,"5' 11"""
Nick Fontaine,"6' 4"""
Davis Franklin,"6' 2"""
Mateo Garcia,"6' 0"""
Jace Gillmore,"6' 3"""
Brandon Gomez,"5'11"""
Thomas Gould,"6' 0"""
Andrew Habermann,"6' 6"""
Josh Johnson,"5'11"""
Dylan Joyce,"6' 4"""
Hayden Jung-Goldberg,"6' 1"""
Payton Lambert,"6' 0"""
Cooper Lanz,"6' 0"""
Jack Lazark,"6' 1"""
Johnny Luetzow,"6' 0"""
Victor Martinez,"6' 3"""
Tate Medicoff,"6' 3"""
RJ Meyn,"6' 0"""
Niko Olson,"6' 0"""
Bryce Padilla,"5' 10"""
Andrew Rayment,"6' 5"""
Max Ross,"6' 2"""
Sebastian Schreiber,"6' 3"""
Conner Smith,"6' 4"""
Henry Stewart,"5'11"""
Caden Thompson,"5' 9"""
Malcolm Williams,"6' 2"""
Caden Wooster,"6' 8"""
Blake Altschuler,"6' 4"""
Brandon Arthur,"5' 11"""
Ian Asken,"6' 10"""
Eastyn Barnes,"6' 2"""
Jacob Bates,"6' 3"""
Jacob Cabaniss,"6' 2"""
A.J. Campbell,"6' 2"""
Ashur Caraher,"6' 1"""
Anthony Crudo,"6' 0"""
Yariel Diaz,"6' 0"""
Brady Dunlop,"6' 4"""
Layton Dupree,"6' 5"""
Gavin Gilmore,"6' 3"""
Ryan Gordon,"6' 1"""
Jerry Guzman,"5'11"""
Evan Harding,"5' 9"""
Connor Hillier,"5' 8"""
Caleb Holland,"6' 5"""
Sal Laimo,"5' 10"""
Michael Lotharp,"5' 9"""
Jackson Marvel,"5' 8"""
Ian Murphy,"6' 1"""
Nick Napolitano,"6' 2"""
Sam Odum,"6' 5"""
Dante Onorato,"5' 10"""
Joe Rauscher,"6' 1"""
Braden Riley,NA
Matt Rivers,"6' 2"""
Aramis Salmeron,"6' 1"""
Luis Sauri,"5' 10"""
Mason Staz,"6' 0"""
Terel Tillman,"6' 1"""
Chase Waddell,"6' 2"""
Jordan Winslow,"5' 10"""
Brandon Baker,"5' 10"""
Frankie Barrett,"6' 0"""
Carter Bass,"5' 9"""
Quinn Benner,"6' 2"""
Jake Bidoglio,"6' 3"""
Jack Boyles,"6' 1"""
Patrick Burns,"5' 11"""
Caleb Burr,"6' 1"""
Spencer Cipro,"6' 5"""
Ryan Conover,"6' 0"""
Carson Dahle,NA
Layton Dickerson,"5' 10"""
Carter DuHaime,"6' 0"""
Seth Edgerton,"6' 4"""
Brady Emerson,"5' 9"""
Matthew Fattore,NA
Michael Fattore,"6' 4"""
Russell Golembe,"6' 3"""
Zach Gonsiorowski,"6' 0"""
Michael Gracer,"6' 0"""
Andrew Grande,"6' 5"""
Joe Hackmann,"6' 1"""
Landon Hahn,"5' 10"""
Blake Hanly,"6' 4"""
Justin Herrera,"5' 10"""
Hunter Hill,"5' 11"""
Jacob Larkins,"6' 5"""
Brady Lencz,"6' 0"""
Evan Long,"6' 1"""
Ethan McLain,"6' 4"""
Thomas Paxton,"6' 3"""
Ashton Plyler,"6' 2"""
Connor Powell,"5'11"""
Jackson Risk,"6' 1"""
Brady Roberts,"6' 1"""
Drew Stegura,"6' 4"""
Jacob Steinberg,"6' 2"""
Connor Tucker,"6' 0"""
Todd Velotta,"5' 10"""
Christian Walker,NA
Ryan Weller,"6' 3"""
Joe Whitaker,"5' 10"""
Ethan Wilson,"5'11"""
Josh Wilson,"5'11"""
Ethan Yarbrough,NA
Warren Bailey,"6' 1"""
Ben Bausas,"5' 10"""
Ryan Bellamy,"6' 2"""
Alex Brown,"5'11"""
Marcus Byrd,"6' 0"""
Nicolas Cataldo,"6' 7"""
Teray Cherry,"6' 2"""
Peyton Clay,"6' 0"""
Nick Cleghorn,"5' 10"""
Angel Diaz,"5' 9"""
Jackson Dunlap,"6' 2"""
Gabriel Espiritu,"6' 3"""
Carson Everette,"6' 0"""
Rowan Hudson,"6' 2"""
Cody Ives,"6' 2"""
Joshua James,"6' 2"""
Caleb Karie,"6' 1"""
Gabe King,"5' 11"""
John Leary,"5' 8"""
Matthew Lovitt,"6' 1"""
Nicholas Mason,"6' 0"""
Kevin Miranda,"6' 2"""
Dylan Nickle,"6' 0"""
Trevon Person,"5' 10"""
Caden Rector,"6' 0"""
Nick Reiss,"6' 3"""
Ethan Robinson,"5'11"""
Samari Robinson,"5' 10"""
Christopher Rumaldo,"5' 10"""
Elvis Rumaldo,"6' 0"""
Geomar Santana,"5' 8"""
TyShawn Sellers,"6' 2"""
Noah Simpson,"5' 10"""
Konnor Tomczak,"6' 3"""
Josh Tripp,"6' 1"""
Landon Tyndall,"6' 4"""
Jacob Walker,"6' 0"""
Dawson Wiggins,"6' 0"""
Zachary Wilson,"6' 1"""
Josh Wise,"6' 3"""
Nicky Wohleking,"6' 1"""
John Yancey,"5' 10"""
Cole Babich,"6' 3"""
Barrett Barkley,"6' 2"""
Hayden Beall,"6' 3"""
Kyle Belich,"5' 9"""
Zachary Bergstrom,"6' 0"""
Austin Bourrie,"5' 8"""
Dobbs Bowden,"5' 11"""
Tyler Bradford,"6' 0"""
Noah Cantleberry,"6' 1"""
Kody Collins,"6' 1"""
Jesus Cruz,"5' 6"""
Zach Evans,"6' 2"""
Andrew Ferguson,"5' 9"""
William Fife,"6' 0"""
Nick Finkbiner,"5' 10"""
Zakk Gibbons,"5' 10"""
Cameron Hancock,"5' 9"""
Jackson Harvill,"5' 10"""
Reece Kingeter,"6' 1"""
Drew Knight,"6' 3"""
Bubba Luke,"6' 3"""
Chase Lupton,"6' 4"""
Hunter Maddox,"6' 0"""
Nick Madrigal,"6' 0"""
Aidan Malish,"6' 1"""
Nick McKoy,"5' 10"""
Lucas Meehan,"6' 2"""
Landon Mokris,"6' 2"""
Ryan Muniz,"5' 8"""
JJ Neal,"6' 2"""
Dee Oliver,"5' 10"""
Noah Olson,"6' 6"""
Hunter Parks,"6' 0"""
Hunter Pirkle,"6' 1"""
Connor Poitevint,"5' 9"""
Brayden Pooler,"6' 1"""
Ethan Pooler,"6' 1"""
Joshua Priest,"6' 3"""
Jake Renuart,NA
Gavin Richardson,"6' 0"""
Davis Roesler,"5' 10"""
Will Sherman,"5' 11"""
Jamin Smith,"6' 2"""
Bailey Stroud,"5' 9"""
Parker Westbrook,"6' 0"""
Brock Wollin,"6' 3"""
Joe Alegre,"6' 5"""
Quinn Allen,"6' 1"""
Gene Blackmon,"5' 10"""
Eli Botelle,"6' 3"""
Jessy Camiré,"6' 5"""
Andrew Chandler,NA
Jackson Edwards,"5'11"""
Roman Edwards,"6' 0"""
Nick Fraginals,"6' 2"""
Chris Giordano,"6' 0"""
Jackson Grant,"6' 0"""
Nick Groover,"6' 3"""
Jared Guell,"6' 2"""
Alex Heintz,"6' 5"""
Noah Hill,"6' 2"""
Blake Holshouser,"6' 2"""
Drew Hopkinson,"5' 9"""
Josh Hungler,"5' 10"""
Kyle Knoll,"6' 7"""
Matt Layton,"5' 9"""
Jude Littrell,"5' 10"""
Christian Maige,"6' 0"""
Kort McLean,NA
Mason McManus,"6' 3"""
Larson McMaster,"6' 4"""
Jorge Pascual,"6' 4"""
Jacob Platt,"5' 11"""
Wilder Puertas,"6' 0"""
Pierce Radke,"6' 0"""
Josean Sánchez,"5' 7"""
Elliott Sanders,"5' 8"""
Dustin Scoggins,"6' 1"""
Jake Short,"6' 0"""
Dylan Wanat,"5' 11"""
Ethan Wilford,"6' 2"""
Rob Willis,"6' 2"""
Jayson Yaccarino,"6' 0"""
Josh Adams,"5' 11"""
Daniel Barcena,"6' 4"""
Nick Boswell,"6' 0"""
Austin Bunn,"5' 11"""
Charlie Bussey,"6' 0"""
Jackson Campbell,"5'11"""
Will Dorrell,"6' 2"""
Sam Duvall,"6' 2"""
Braxton Elms,"6' 2"""
Rijnaldo Euson,"6' 3"""
Tyson Hall,"5' 11"""
Jake Hardee,"5' 9"""
Parker Henderson,"6' 3"""
Danny Hussey,"6' 0"""
Robbie Jordan,"6' 1"""
Jimmy Koza,"5' 10"""
Danny Leo,"6' 0"""
Hunter Looper,"6' 0"""
Jackson Madden,"6' 2"""
Reed McLain,"5' 10"""
Mike Monduy,"6' 0"""
Tristan Neely,NA
Adrian Nina,"6' 1"""
Caleb Oakley,"5' 11"""
Rayth Petersen,"5' 11"""
Tyler Reynolds,"6' 2"""
Clayton Stewart,"6' 3"""
Noah Stout,"6' 0"""
Owen Taylor,"6' 0"""
Tripp Triplett,"5' 10"""
Dariel Villaran,"5' 11"""
Daemon Woodruff,"6' 3"""
Seed Allred,"5' 9"""
Owen Ambrose,"6' 0"""
Joey Armunategui,NA
Jonathan Beach,"6' 0"""
Nathan Borchardt,"6' 0"""
Patrick Corley,"6' 0"""
Corbin Dickenson,"6' 3"""
Jacob Eargle,"6' 0"""
Austin Goldie,"5' 9"""
Jared Graham,"6' 2"""
Caleb Green,"5' 10"""
Ben Hale,"6' 5"""
Connor Haynes,"6' 0"""
Daniel Hicks,"6' 0"""
Tanner Hunley,"6' 1"""
Conner Hyatt,"6' 0"""
Jack Judd,"6' 4"""
Rohde Kirkland,"6' 2"""
Scott LaMountain,"6' 0"""
Levi Medford,"5' 11"""
Bhraedon Meredith,NA
Josh Nuno,"5' 11"""
Royal Philo,"6' 0"""
Cole Pletcher,"6' 1"""
Ethan Pribramsky,"6' 2"""
Jacob Raguini,"6' 1"""
Danny Revellese,NA
Kale Richardson,"6' 3"""
Truman Roper,"5' 9"""
Jose Ruiz,"5' 4"""
Spencer Skidmore,"6' 0"""
Michael Starrs,"6' 0"""
Turner Stout,"6' 1"""
Ryan Theobald,"5' 8"""
Joe Uribe,"6' 1"""
Jonathan Webster,"5' 10"""
Carson Whaley,"6' 2"""
Jake Witcher,"5' 7"""
Jaylon Woodley,"5' 8"""
Dawson Ables,"5' 10"""
Colin Athey,"6' 2"""
Carter Aycock,"5' 10"""
Witt Branham,"6' 3"""
Kayden Crawford,"5' 11"""
Trey Deutsch,"6' 5"""
J.J. DeVos,"6' 1"""
Carson Gipson,"6' 2"""
Carter Gipson,"6' 2"""
Lucas Glover,"6' 5"""
Mason Haarr,"6' 1"""
Ryder Hancock,"5' 10"""
Pete Honse,"6' 7"""
Kole Hopkins,"6' 4"""
John Horton,"6' 2"""
Jakhari Howard,"5' 9"""
Jon Howard,"6' 3"""
Colbie Howell,"6' 3"""
Mac James,"6' 4"""
Wade Kelly,"6' 2"""
Mike Kenney,"5' 10"""
John Nelson McLamb,"6' 4"""
Lane McLean,"5' 11"""
Aiken Minton,"6' 1"""
Anthony Mitta,"6' 0"""
Garrett Moffett,"6' 2"""
Hayden Myrick,"6' 0"""
Noah Overton,"6' 3"""
Matt Poole,"6' 3"""
Tristan Purser,"5' 11"""
Lane Roberson,"6' 3"""
Tariq Talley,"6' 0"""
Connor Tepatti,"6' 0"""
Raleigh Walker,"6' 5"""
Rowan Watt,"6' 1"""
Gavin Wilson,"6' 2"""
Oliver Adams,"6' 2"""
Matthew Albritton,"6' 4"""
Gideon Antle,"5' 9"""
Brett Blomquist,"6' 1"""
Connor Brinson,"6' 1"""
Matty Brown,"6' 0"""
Joe Cash,"5' 11"""
Caleb Cox,"6' 2"""
Marion Creech,"6' 2"""
Tyler Dean,"5'11"""
Dylan Denton,"6' 3"""
Josh Foulks,"6' 5"""
Brody Fowler,"6' 7"""
Alton Gyselman,"6' 6"""
Payton Howard,"6' 0"""
Ben Leikam,"6' 3"""
Evan Loeser,"5' 9"""
CJ Martin,"5' 9"""
Lane McGaha,"6' 5"""
Jake Monroe,"6' 1"""
Cole Munhall,"5' 10"""
Landon Peavy,"6' 1"""
Thomas Powell,"5' 11"""
Brady Price,"6' 4"""
Brayden Renfrow,"5' 10"""
Kadan Roach,"6' 0"""
Bryce Roddey,"5' 11"""
Bennett Roemer,"6' 2"""
Tristan Salinas,"6' 2"""
Andrew Sands,"6' 0"""
Jake Sears,"5' 10"""
Landon Shaw,"5' 10"""
Thomas Skipper,"5' 9"""
Jordan Spearman,"5' 10"""
Ian Squires,"6' 3"""
Brent Stukes,"5' 11"""
Matt Taubensee,"6' 5"""
Darrien Whitaker,"6' 2"""
Josh Williams,"5'11"""
Simon Aluko,"6' 3"""
Derek Atkinson,"6' 1"""
David Baillio,"5' 9"""
Michael Barron,"6' 0"""
Alex Brodie,"6' 3"""
Jalen Buckner,"6' 1"""
Tyler Camp,"6' 3"""
Griffin Clark,"5' 10"""
Seth Crowe,"5' 10"""
Coron Davis,"6' 0"""
Will Fincher,"6' 3"""
Tanner Folds,"6' 2"""
Wyatt Getz,"6' 6"""
Grayson Goss,"6' 6"""
Isaac Harkins,"5' 7"""
Malachi Jefferies,"5' 8"""
Ajay Jones,"5' 8"""
LaDorian Jordan,"5' 10"""
Coy Martin,"6' 2"""
Sebastian Martinez,"5'11"""
Cole McDaniel,"6' 5"""
Cade McGuire,"6' 2"""
Jacob Ramirez,"5' 9"""
Connor Saccullo,"6' 1"""
Julian Sauger,"5' 10"""
Tommy Schroeder,"5' 11"""
Ryan Seymour,"5' 10"""
Carter Shall,"6' 2"""
Micah Shipman,"5' 11"""
Cole Taylor,"6' 0"""
Divine Valle,"6' 0"""
Tyler Zawacki,"6' 7"""
Adrian Abad,"6' 1"""
Vincent Angle,"6' 0"""
Lukas Arvantides,"6' 3"""
Logan Brazell,"6' 1"""
Mason Clark,"6' 2"""
Jason Culley,"5' 11"""
Aidan Cunningham,"6' 1"""
Landon Deese,"6' 2"""
Jack Dennison,"5' 10"""
Kyle Dixon,"6' 4"""
Nolan Evatt,"6' 1"""
Ryan Folts,"6' 2"""
Harrison Garrett,"5' 11"""
Nick Gonsalves,"5' 11"""
Marty Grisso,"6' 1"""
Ethan Jarvis,"5' 9"""
Zach Kim,"6' 0"""
Niko Laing,"5' 8"""
Caide Linker,"5' 11"""
Josh Long,"5' 10"""
Bryce Metts,"6' 1"""
Gavin Mitchell,"6' 2"""
Cam Mitchem,"6' 1"""
Kamden Mongan,"5' 11"""
Jaylen Morgan,"5' 11"""
Jonathan Overton,"6' 3"""
Griffin Pickhardt,"5' 10"""
Ryan Postnieks,"5' 10"""
Cotes Reid,"6' 2"""
Gehrig Schreiber,"6' 1"""
Sam Scolamiero,"6' 0"""
Gage Shaver,"6' 2"""
Samuel Simonds,"6' 3"""
Josiah Sizemore,"5' 9"""
Alex Sweeney,"6' 1"""
Garrett Swink,"6' 2"""
Luke Taylor,"5'11"""
Tristan Tillman,"6' 0"""
Cayden Towell,"6' 3"""
Wade Turner,"6' 1"""
Matthew White,"6' 2"""
Jarrett Whitley,"6' 0"""
Coleman Wylie,"6' 3"""
CW Bayer,"6' 0"""
Jake Bradley,"6' 0"""
Zane Brockman,"6' 1"""
Moses Brown,"6' 2"""
Rhett Burley,"6' 1"""
Ramses Cordova,"5' 11"""
Hayden Davis,"6' 3"""
Ashton Donathan,"5' 10"""
Taylor Harris,"6' 1"""
Will Harris,"6' 1"""
Blake Hinson,"5' 11"""
Harrison Holbrook,"6' 7"""
Will Hood,"6' 2"""
Jonathon Jacobs,"6' 3"""
Rhett James,"6' 3"""
Spencer Ledford,"6' 3"""
Braylon Lepley,"6' 2"""
Jarred Lindholm,"6' 1"""
Landon Lucas,"6' 2"""
Kasen McCawley,"5' 9"""
Seth Moore,"6' 2"""
Morgan Padgett,"6' 4"""
Luis Ramirez,"6' 0"""
Cam Revels,"6' 4"""
Deven Shepard,"6' 1"""
HL Smith,"6' 5"""
Jacob Smith,"5'11"""
Tyler Strickland,"6' 7"""
Isaias Villarreal,"5' 10"""
Seth Willis,"6' 3"""
Kaden Alford,"6' 0"""
Jacob Autry,"6' 4"""
Jeremy Begora,"6' 8"""
Drew Bray,"6' 2"""
Brady Caloway,"6' 2"""
Jayden Carbonell-Smith,"5' 10"""
Mark Castle,"6' 1"""
Craig Chace,"6' 1"""
Kyle Chatham,"6' 0"""
Marco Colina,"6' 5"""
Ryan Cross,"6' 5"""
Dallas Deas,"5' 8"""
Graham Edwards,"6' 4"""
Jack Enrico,"6' 1"""
Trey Griffin,"6' 2"""
Tyson Harmon,"6' 2"""
Zach Hart,"6' 3"""
Luke Hatcher,"6' 0"""
Ryan Heishman,"6' 2"""
Dawson Hensley,"6' 2"""
Jeo Hernandez,"6' 2"""
Drew Howard,"5'11"""
Chase Jackson,"5'11"""
Carlos Martans,"6' 2"""
Connor McAllister,"5' 10"""
Jack McDermott,"6' 1"""
Duncan McLamb,"6' 1"""
Jackson Morgan,"6' 1"""
Sam Neal,"6' 0"""
Sage O'Berry,"6' 3"""
Matthew Pearce,"6' 2"""
Austin Ritchie,"6' 0"""
Austin Robinson,"6' 5"""
Kade Smallwood,"6' 1"""
Jonny Smith,"6' 0"""
Jace Wilson,"6' 3"""
Ethan Abegg,"5' 7"""
Ty Addington,"6' 2"""
Christian Altamirano,"5' 11"""
Cory Apker,"6' 6"""
Justin Arellano,"6' 0"""
Payton Brown,"6' 1"""
Macs Carrillo,"5' 9"""
Phil Carter,"6' 4"""
Will Cohen,"6' 5"""
Caleb Eiguren,"6' 3"""
Chris Gracia,"5' 10"""
Josiah Hall,"6' 2"""
Alex Hernandez,"5'11"""
Cesar Loma,"5' 8"""
Wilhelm Lorenz,"6' 2"""
Joseph Marek,"6' 1"""
Luke Mariscal,"6' 4"""
Nolan Marthaler,"6' 4"""
Logan Martin,"6' 1"""
Gunner Martinez,"5' 10"""
Connor Murray,"5' 7"""
Josh Parks,"5' 11"""
CJ Pino,"5' 8"""
Isaiah Pruitt,"6' 3"""
Seth Reker,"6' 1"""
Jorden Rico,"5' 10"""
Ricardo Santiago,"6' 1"""
Ayden Tauscher,"6' 1"""
Braden Thomson,"6' 1"""
Brian Walters,"5'11"""
Braden Watkins,"5' 11"""
Austin Yi,"5' 11"""
Gavin Acosta,"5' 9"""
Luis Acuña,"6' 0"""
Will Brassil,"6' 5"""
Jack Cazin,"6' 0"""
Dillon Dahlgren,"6' 0"""
Austin DeMello,"6' 0"""
Seth Gustafson,"5' 7"""
Mason Hagel-Pitt,"5' 11"""
Landry Hamm,"6' 1"""
Zachary Hill,"6' 5"""
Lukas Hinze,"5' 10"""
Ethan Kang,"5'11"""
Connor Laeng,"6' 0"""
Bennett Manley,"6' 4"""
Trevor Mathis,"5' 11"""
Major Maydon,"6' 1"""
Taylor McLeod,"5' 10"""
Nathan Mensen,"5' 10"""
Matthew Morben,"6' 3"""
Chad Naf,"5' 11"""
Nathan Owens,"5' 10"""
Ross Panlasigui,"5' 9"""
Tanner Rae,"5' 9"""
Gregory Rangel,"5' 11"""
Brady Ritzmann,"6' 2"""
Brandon Schramm,"6' 2"""
Sawyer Shepherd,"6' 5"""
Jaxon Simmons,"6' 1"""
Saxton Sorenson,"6' 3"""
Jackson Stahl,"5' 8"""
Zach Valentine,"6' 4"""
Aidan Welsh,"6' 1"""
JJ Almeda,"5' 11"""
Max Berni,"6' 3"""
Aidan Biaggi,"6' 0"""
Joey Blank,"6' 0"""
Evan Bunevich,"6' 3"""
Cameron Cartwright,"5' 11"""
Cayden Clark,"6' 0"""
David Craig,"6' 5"""
Rocco DiFrancesco,"6' 1"""
Jordan Ellison,"6' 4"""
Ethan Ezor,"5' 11"""
Kolby Felix,"5' 10"""
Sage Ferguson,"6' 3"""
Emilio Flores,"6' 2"""
Tyler Glowacki,"5'11"""
Logan Gross,"6' 6"""
Kennedy Hara,"5' 9"""
Jackson Helberg,"5' 10"""
Liam Hohenstein,"5' 11"""
Alex Jennings,"6' 2"""
Keegan Landis,"6' 2"""
Gauge Lockhart,"6' 4"""
Joey Mazzetti,"6' 4"""
Brenden Morris,"6' 5"""
Noah Neufeld,"6' 1"""
Ethan Nunez,"6' 4"""
Jordan Pace,"5' 11"""
Andrew Pogue,"6' 5"""
Brent Renteria,"6' 3"""
Stevenson Reynolds,"6' 5"""
TJ Rheem,"6' 3"""
Jack Rogers,"6' 3"""
Josh Romans,"6' 1"""
Caleb Ruter,"6' 7"""
Paul Schoenfeld,"5' 11"""
Justin Schramm,"6' 6"""
Christos Stefanos,"6' 0"""
Spye Turnbeaugh,"6' 8"""
Max Valdez,"6' 5"""
Ethan Voss,"6' 4"""
Jett Walker,"6' 0"""
Declan Wiesner,"6' 0"""
Preston Winget,"6' 0"""
Tristan Wolf,"6' 4"""
CJ Zwahlen,"6' 4"""
Mason Andrews,"6' 1"""
Jackson Babcock,"5' 10"""
Evan Bilter,"6' 1"""
Grady Booth,"6' 4"""
Cade Burghardt,"6' 3"""
Matthew Dobberthien,"6' 3"""
Alex Dunagan,"5' 10"""
Tyler Easter,"6' 1"""
Carter Gorling,"6' 4"""
Alex Honeyman,"6' 1"""
Tyler Hummel,"6' 2"""
Canon Humphreys,"5' 11"""
Grant Johnson,"6' 2"""
Jackson Kay,"6' 2"""
Colin Kim,"5' 9"""
Nick Lacson,"6' 1"""
Ben Leiphart,"6' 2"""
Peter Lynch,"6' 1"""
Wayne Moeck,"6' 2"""
Sam Monk,"6' 1"""
Seaver Newby,"6' 7"""
Trent Nielsen,"6' 4"""
Will Niles,"6' 3"""
Luke Parker,"6' 0"""
Tyler Pina,"6' 0"""
Grant Reising,"6' 5"""
Joe Reitz,"5' 7"""
Ryan Semin,"6' 0"""
Nicholas Spidel,"6' 0"""
Gray St. Amant,"6' 2"""
Casey Thibault,"6' 4"""
Ryan Vermeer,"6' 1"""
Jackson Woolwine,"5' 9"""
Cruz Zamudio,"5' 10"""
Devean Alvarez,"5' 9"""
George Andrews,"6' 6"""
Jason Arriola,"5' 10"""
Cole Bloomer,"6' 5"""
Elijah Borjas,"6' 1"""
Christian Castaneda,"6' 1"""
Tyler Clementz,"6' 1"""
Luke Clinton,"6' 3"""
Dom Corgiat,"6' 3"""
Roman Cruz,"6' 1"""
Kade Douglas,"6' 2"""
Travis Farrell,"6' 7"""
Frank Flores,"6' 0"""
Dax Howard,"6' 2"""
Kysen Howard,"6' 1"""
Brady Ingalls,"6' 3"""
Logan Kelly,"6' 3"""
Eddie King,"5'11"""
Cooper Latino,"5' 10"""
Cody Macias,"5' 8"""
Rob Mansour,"6' 0"""
Kolton Miller,"5' 10"""
Jack Novak,"6' 1"""
Jake Olguin-Pacheco,"5' 10"""
Alex Oliver,"6' 2"""
Nick Perry,"6' 5"""
Jacob Petersheim,"6' 3"""
Cael Porter,"6' 1"""
Joseph Quintana,"5' 9"""
Wyatt Reginato,"6' 1"""
Danny Retzlaff,"6' 0"""
Luke Ruby,"5' 10"""
Jeremiah Sanchez,"5' 5"""
Cameron Saso,"6' 2"""
Luke Schmedding,"6' 0"""
Kade Snodgrass,"6' 0"""
Brad Stone,"6' 0"""
Coleson Syring,"6' 1"""
Noah Williams,"5'11"""
Joey Adge,"6' 0"""
Easton Amundson,"6' 3"""
Michael Banderas,"6' 0"""
Haydn Benoit,"6' 2"""
Andrew Biddle,"5' 10"""
Brody Brown,"5' 11"""
Andre Chacon,"6' 2"""
Tyler Child,"6' 6"""
Zane Covey,"6' 2"""
Hayes Edens,"5' 11"""
Andrew Graham,"5' 9"""
Nathan Gutierrez,"6' 1"""
Brad Helton,"6' 2"""
Noah Imboden,"6' 1"""
Kai Inouye,"5' 9"""
River Jackson,"5' 8"""
Gavin Kaiser,"6' 2"""
Kobe Krenz,"5' 11"""
Nolan Livsey,"6' 2"""
James Macrae,"6' 3"""
Noah Marks,"6' 0"""
Alek Martinez,"5' 10"""
Scott Mitchell,"5' 8"""
Mason Oakley,"6' 2"""
Erubiel Ortiz,"5' 9"""
Marcos Palacios,"6' 3"""
Andrew Paolini,"6' 3"""
Drew Peters,"5' 11"""
Brooks Rasmussen,"6' 0"""
Adrian Rodriguez,"5'11"""
Gabe Rodriguez,"5' 11"""
Julian Rodriguez,"6' 1"""
Riley Roskopf,"6' 4"""
Gavin Schmeh,"5' 10"""
Carter Swan,"6' 2"""
Tyler Tobey,"6' 1"""
Royce Vandine,"5' 10"""
Jesse Velders,"6' 1"""
Nick Vilims,"6' 8"""
Cal Walsh,"6' 0"""
Dylan Webber,"6' 1"""
Cam Yuran,"6' 3"""
RJ Abernathy,"6' 2"""
Richie Amavizca,"5' 11"""
Gael Bernal,"5' 9"""
Matt Board,"5' 10"""
Roman Branaugh,"6' 2"""
Ramon Brion,"5' 10"""
Ryan Callanan,"5' 10"""
Anthony Carrillo,"5' 10"""
Brandon Casini,"6' 2"""
Dominick Castillo,"5' 11"""
Carlos Chavez,"6' 1"""
Nate Corugedo,"6' 2"""
Braylen Elzy,"6' 2"""
Sammy Estrada,"5' 8"""
Seth Galfano,"6' 1"""
Sinhue Gonzalez,"6' 0"""
Justin Huffman,"6' 1"""
Aidan Joyce,"6' 3"""
Estevan Lara,"5' 10"""
Tony Leger,"6' 1"""
Lubby Marrujo,"5' 10"""
Benny Martinez,"5' 8"""
Austin Nadeau,"6' 0"""
Bryant O'Neill,"6' 3"""
Drew Perez,"5' 11"""
Anthony Reyes,"6' 2"""
Roman Robles,"6' 0"""
Andrew Rodriguez,"6' 4"""
Forrest Simpson,"6' 4"""
Chase Stewart,"6' 0"""
Tyler Sunstrom,"6' 0"""
Jimi Welsher,"5' 10"""
Matthew Wilson,"6' 2"""
Matt Anderson,"6' 2"""
Nicholai Arnold,"5' 10"""
Mason Ashcraft,"6' 5"""
Caleb Ayers,NA
Zach Barnao,"6' 1"""
Tommy Blomdahl,"6' 0"""
Carson Borges,"5' 10"""
Aidan Brainard,"6' 3"""
Cam Bushnell,"6' 3"""
Clayton Conn,"5' 8"""
Logan Deskin,"5' 11"""
CJ Difiglia,"5' 10"""
Luke Douthitt,"6' 2"""
Maxim Fullerton,"6' 2"""
Matt Gahan,"6' 0"""
Ryan Garcia,"6' 3"""
Peter Goldy,"6' 3"""
Matt Graf,"5' 9"""
Zach Gregory,"6' 1"""
Ayden Harrison,"6' 1"""
Grayson Headrick,"6' 2"""
Dylan Hearn,"6' 1"""
Nick Jacobs,"6' 3"""
Nolan Johnson,"5'11"""
Aaron Kidd,"6' 0"""
Roman Magana,"6' 3"""
Noah McCandless,"5' 10"""
Wes Miller,"5' 8"""
Trevor Moeck,"6' 2"""
Stephen Moraski,"6' 0"""
Jack Moulin,"6' 0"""
Owen Mounier,"6' 3"""
Adam Paniagua,"6' 2"""
Jack Plummer,"6' 4"""
Garrett Rede,"6' 1"""
Tanner Rice,"5' 7"""
Wyatt Sargent,"6' 0"""
Mattias Sessing,"6' 3"""
George Smith,"6' 1"""
Pierce Stone,"5' 9"""
Daniel Strohm,"6' 1"""
Brendan Thome,"6' 6"""
Tyler Tiedeman,"5' 10"""
Lucas Watson,"6' 2"""
Colter Wilson,"6' 0"""
Ethan Wood,"6' 2"""
Wyatt Zsidisin,"6' 2"""
Nolan Ackerman,"6' 0"""
Mikey Brinton,"5' 10"""
Jacob Brown,"6' 6"""
Jordan Brown,"5'11"""
Tyler Buchman,"6' 0"""
Kasey Campbell,"6' 1"""
Caleb Chance,"5' 10"""
Trevor Dale,"6' 1"""
Gerrit Erickson,"6' 3"""
Jason Fink,"6' 6"""
Tyler Genrich,"6' 2"""
James Harbison,"5' 8"""
Ronan Hella,"6' 4"""
Vander Hodges,"6' 2"""
Hayden Iverson,"6' 3"""
Aaron Jenkins,"6' 0"""
Ryder Mancuso,"6' 2"""
Joe McDermott,"6' 0"""
Quinn Medin,"5' 9"""
Nick Miszuk,"6' 1"""
Nolan Oliver,"6' 0"""
Bryce Peterson,"6' 0"""
Joe Plise,"5' 9"""
Benjamin Ruckman,"6' 0"""
Evan Steinberger,"6' 2"""
Caleb Stubbings,"6' 2"""
Colton Trudeau,"6' 0"""
Dillon Vroman,"6' 4"""
Kit Wigington,"6' 1"""
Brett Woytek,"6' 4"""
Joshua Zotto,"6' 4"""
Cody Bahl,"6' 0"""
Connor Bain,"5' 10"""
Corbin Bassham,"6' 2"""
Kade Biellier,"5' 11"""
Max Brown,"5' 11"""
Kaden Byrne,"6' 1"""
Kyle Byrne,"6' 0"""
Brady Childs,"6' 4"""
Pierce Collins,"5' 10"""
Jackson Crider,"6' 1"""
Markell Dixon,"6' 0"""
Zach Ericsson,"5' 11"""
Conner Flieg,"5' 8"""
Luc Fuller,"6' 1"""
Joey Funk,"6' 0"""
Nick Gales,"5' 10"""
Jared Gay,"6' 1"""
Dylan Gidney,"6' 2"""
Hesston Gray,"6' 3"""
Gage Hayes,"6' 2"""
Jacob House,"6' 0"""
Klayton Kiser,"6' 3"""
Wesley Laaker,"6' 0"""
Ethan Lindemann,"6' 4"""
Luke Matschiner,"5' 10"""
Zach McKinnis,"6' 2"""
Dane Moberly,"6' 2"""
Wyatt Morgan,"5' 11"""
Caiden Otte,"5' 11"""
Nick Panagos,"5' 11"""
Paul Pratte,"5' 10"""
Logan Reidelberger,"6' 3"""
Cameron Robertson,"6' 3"""
Gabe Russell,"6' 3"""
Porter Slattery,"6' 0"""
Cannon Stuckey,"6' 0"""
Carter Wambach,"6' 2"""
Landon Willbrand,"5' 9"""
Dominic Wuertz,"5' 10"""
Nic Besecker,"6' 0"""
Austin Bestul,"5' 9"""
Austin Bode,"6' 0"""
Brayton Bowen,"5' 11"""
Dom Brown,"5' 10"""
Eli Burkhart,"5' 10"""
Diego Cardenas,"5'11"""
Ryan Degroot,"6' 3"""
Andrew DeWitt,"6' 0"""
Drake Downing,"5' 10"""
Jake Estes,"5' 10"""
Jacob Flaherty,"6' 3"""
Dawson Gabe,"6' 2"""
Easton Good,"6' 0"""
Cole Hampton,"6' 3"""
Tre Hondras,"6' 0"""
Joey Humphrey,"6' 0"""
Steven Jones,"6' 2"""
Dylan Kaminski,"6' 2"""
Grant Kelly,"6' 4"""
Ian Kennedy,"6' 4"""
Frankie Klemm,"5' 9"""
Brady Linkel,"6' 3"""
Nick Lukac,"6' 3"""
Chase Mason,"6' 0"""
Will Melby,"6' 5"""
Carter Nowak,"6' 0"""
Ryan O'Born,"6' 0"""
Bret Perry,"6' 0"""
Payton Plym,"6' 2"""
Parker Redden,"5' 10"""
Brian Robertson,"6' 1"""
Emmanuel Rodriguez,"6' 0"""
Bennett Rogers,"6' 8"""
Max Shelburn,"6' 3"""
Luke Smock,"6' 1"""
Brandon Stidham,"6' 0"""
Armen Torosian,"6' 2"""
Colin Amsden,"6' 2"""
Zach Beecham,"6' 0"""
George Bilecki,"6' 2"""
Luke Brown,"5'11"""
Jackson Bruno,"5' 11"""
Will Bruno,"6' 0"""
Sam Brzezinski,"5' 7"""
Anthony Cantelo,"6' 3"""
Ray Cantelo,"5' 10"""
Luke Carlson,"6' 7"""
Dominic Coda,"5' 11"""
Chris Daugherty,"5' 9"""
Carter Endisch,"6' 3"""
Cain Headrick,"6' 0"""
Jackson Hunley,"6' 3"""
Tanner Johnson,"6' 4"""
Mike Kocen,"5' 9"""
Jackson Kottmeyer,"6' 6"""
Jason Krol,"6' 0"""
Brendan Lawry,"6' 3"""
Chris McDevitt,"6' 4"""
Seth Nanna,"6' 0"""
Cole Nelson,"5'11"""
Ian Nguyen,"5' 8"""
Daniel O'Brien,"5' 8"""
Kyle Peterson,"5'11"""
Mario Prieto,"6' 4"""
Daniel Rosado,"6' 3"""
Trever Roy,"6' 0"""
John Henry Russell,"5' 11"""
Abraham Sanchez,"6' 0"""
Kaleb Schulist,"6' 6"""
Logan Schwarting,"6' 3"""
Chris Seropian,"6' 0"""
Anthony Sorrentino,"6' 1"""
Brian Twomey,"6' 3"""
Dylan Wolff,"6' 3"""
Mac Biggs,"6' 4"""
Blythe Blakey,"6' 1"""
Aiden Boeckmann,"6' 0"""
Jacob Claborn,"6' 4"""
Drake Davidson,"5' 10"""
Canon Feist,"6' 4"""
Isaiah Figueroa,"5'11"""
Jared Fulghem,NA
Christian Harris,NA
Quentin Jenkins,"5'11"""
Brody Johns,"6' 0"""
Ryan Lepper,"6' 2"""
Jayden Little,"6' 3"""
Felix Marquez,"5' 9"""
Chase Morris,"5'11"""
Ed Noy,"5' 11"""
Ty Ollison,"6' 0"""
Carter Otto,"6' 1"""
Miguel Padron,"6' 2"""
Jacob Schulte,"5' 11"""
Diego Silva,"5' 7"""
Andy Srebroski,"6' 2"""
Easton Stuckenschneider,"6' 4"""
Dave Watkins,"6' 1"""
Clayton Winkler,"6' 0"""
Jacob Zahner,"6' 0"""
Matt Arnold,"6' 0"""
Nathan Beaton,"6' 4"""
Alex Bryan,"6' 0"""
Jace Burton,"6' 2"""
Sam Cardwell,"6' 2"""
Cole Christman,"5' 10"""
Nick Daugherty,"5' 11"""
Andrew Gould,"5' 10"""
Ben Gregory,"6' 3"""
Noah Harbin,"5' 10"""
Jeffrey Henry,"5' 7"""
Josh Herget,"6' 0"""
Ryan Hoshaw,"6' 4"""
Patrick Kappler,"5' 11"""
Brady Kindhart,"6' 2"""
Griffin King,"6' 0"""
Noah Leingang,"6' 0"""
Zach Liggett,"6' 1"""
Mike Long,"6' 0"""
Cameron Macon,"6' 0"""
Lukas McGill,"6' 0"""
Victor Quinn,"6' 1"""
Ty Rauser,"6' 3"""
Philip Reinhardt,"6' 0"""
Brayden Rubel,"6' 1"""
Camden Ruby,"6' 1"""
Ambrose Russo,"6' 0"""
Gavyn Schacher,"6' 0"""
Steven Schneider,"6' 0"""
Dominic Sharp,"5' 10"""
Baker Shelhamer,"6' 5"""
Blake Sivak,"6' 2"""
Braden Smith,"5'11"""
Aaris Stolte,"6' 1"""
Braeden Sunken,"6' 3"""
Mitch Alba,"6' 3"""
Peyton Apps,"6' 4"""
Luke Aubuchon,"6' 0"""
JD Barnes,"6' 1"""
Mason Barnes,"6' 0"""
Henry Biffar,"6' 3"""
Peyton Bittle,"5' 8"""
Cody Bledsoe,"6' 1"""
Tyler Butash,"5' 10"""
Trey Cole,"6' 1"""
Jason Cousineau,"6' 1"""
Chyran Cruse,"5' 10"""
Jorden Eaton,"6' 0"""
Alex Elsing,"6' 2"""
Derek Galdoni,"6' 1"""
Javy Garcia,"6' 2"""
Garin Geitz,"6' 2"""
Isaiah Hoelscher,"6' 5"""
Bryce Humphrey,"5' 11"""
Joe Jarecki,"6' 3"""
Adam Keeney,"5' 10"""
Michael Knezevic,"6' 1"""
Elijah Matheson,"5' 11"""
Sage McMinn,"6' 6"""
Max Meuli,"6' 0"""
Kaid Muth,"6' 0"""
Shane Noel,"6' 0"""
Gavin Noreus,"6' 0"""
Nolan Pomatto,"5' 9"""
Jordan Pope,"6' 2"""
Andrew Rhorer,"6' 3"""
Carson Richardson,"6' 4"""
Elisha Sergeant,"5' 11"""
Hunter Sherman,"5' 8"""
Noah Shuman,"6' 3"""
Ethan Strong,"6' 3"""
Jack Taulman,"6' 0"""
Harrison Toone,"5' 8"""
Ben Vaughn,"5' 10"""
Dylan Bates,"6' 0"""
Drew Baugus,"5' 11"""
Will Beckham,"5'11"""
Tyler Bizzle,"6' 2"""
Juan C Wu,"6' 0"""
Wyatt Chandler,"6' 1"""
Aiden Cizek,"5' 10"""
Jacob Cook,"6' 6"""
Nick Currie,"6' 1"""
Denton Damgaard,"6' 0"""
Alexander DiGiacinto,NA
Jackson Evans,"5' 8"""
Bode Gebbink,"5' 10"""
Cody Hazzard,"6' 2"""
Andrew Hedgecorth,"5' 10"""
Nick Hooper,NA
Brandon Hull,"6' 2"""
Jaden Jones,"5'11"""
Trey Kaberline,"6' 0"""
Nick Krodinger,"5' 11"""
Gage Lewis,"6' 0"""
Estin McBroom,"6' 1"""
Garrett Meyer,"6' 0"""
Bryce Morgan,"6' 2"""
Ethan Morrow,"5' 10"""
Kaelan Natyshok,"6' 3"""
Tyler Prince,"6' 1"""
Lucas Riebeling,NA
Landen Roberts,NA
Kaden Ruhl,"6' 4"""
Jake Schisler,"5' 10"""
Keaton Scott,"5' 7"""
Bricen Smith,NA
Michael Streb,"5' 11"""
Zander Street,NA
Dylan Wipf,"6' 1"""
Nate Wodka,"5' 11"""
Michael Alvarez,"6' 3"""
Byron Blaise,"6' 1"""
David Broughton,"6' 2"""
Adyn Collins,"5' 8"""
Tom Conzemius,"5' 9"""
Ben Dahlof,"5' 10"""
Evan Davis,"6' 0"""
Ben Draeger,"5' 11"""
Eli Dyer,"6' 2"""
Cole Erickson,"6' 2"""
Kobe Essien,"6' 3"""
Harry Fandre,"6' 2"""
Isaiah Fudge,"6' 1"""
Chase Golden,"5' 10"""
Dylan Graw,"6' 0"""
Jack Haggard,"5' 10"""
Roman Harrison,"6' 3"""
Josh Hempleman,NA
Joe Huffman,"5' 10"""
David Kelliher,"6' 1"""
Kyle Manship,"6' 2"""
Matt Mateo,"6' 0"""
Carson Moreno,"6' 1"""
Logan Mueller,"6' 1"""
John Nisbet,"5' 10"""
JD Ortiz,"5' 9"""
Brett Panick,"6' 5"""
Leyton Parmer,"6' 0"""
Alex Pickus,"6' 2"""
Brandon Pickus,"6' 1"""
Tim Reinholz,"6' 3"""
Kade Ruffner,"6' 5"""
Quinn Schultz,"6' 0"""
Jake Vitale,"5'11"""
Seth West,"6' 0"""
Braeden Barbee,"5' 8"""
Hoyt Bennett,"6' 1"""
Zach Boland,"6' 3"""
Matt Brimacombe,"6' 1"""
Jake Canent,"5' 10"""
Landon Carr,"5'11"""
Trent Clemons,"6' 0"""
Peyton Clerk,"5' 7"""
Drew Cornelison,"6' 4"""
Jackson Dearing,"6' 4"""
Gavyn Dockery,"6' 4"""
Luke Feucht,"6' 3"""
Adonis Forte,"6' 0"""
Avery Garmon,"5' 11"""
Ryan Hamann,"6' 5"""
Dakota Hanna,"5' 10"""
Brandon Hebrank,"5' 10"""
Kaden Jeffries,"6' 2"""
Ryan Joyner,"6' 5"""
Afton Koch,"6' 1"""
Michael Laudando,"6' 2"""
Jackson Lecluyse,"6' 0"""
Andrew Loeffelman,"6' 2"""
Cade Luetkemayer,"5' 11"""
Garrison Mertz,"6' 4"""
Jack Miller,"6' 5"""
Austin Murray,"5' 11"""
Archer Nolen,"6' 2"""
Michael Novak,"5' 10"""
Sam Owens,"6' 1"""
Cal Ramthun,"6' 2"""
Brendan Rodis,"5' 11"""
Luke Scalf,"5' 10"""
Auggie Viles,"5' 11"""
Cole Wagner,"5'11"""
Patrick Wind,"6' 1"""
Ethan Woodfine,"6' 0"""
Nick Brown,"5'11"""
Ethan Clark,"5'11"""
Nash Crosby,NA
Xie Ferguson,NA
Marcos Franjul,NA
Cannon Frazier,NA
Jake Fuller,"5' 11"""
Roberto Garcia,NA
Cody Gibson,NA
Hayden Hable,NA
Conner Hammonds,NA
Jack Harris,NA
Kelden Hastings,NA
Justice Hinsley,NA
Aidan Hoffman,NA
Sterling Jackson,NA
Aiden Jones,NA
Cade Langford,"6' 1"""
Raydley Legito,"5' 7"""
Ryan McClish,NA
Jaylon McGee,NA
Mel Mulholland,NA
Tre Mungin,"5' 10"""
Caden Norman,NA
Jason Pesold,NA
Hayden Prewitt,NA
Jared Pugrad,NA
Cole Reece,NA
Reese Ruderman,"6' 0"""
Trey Runge,NA
Sam Scmidt,NA
Cayden Shaver,"6' 2"""
Zeke Skinner,NA
Lane Snow,"6' 1"""
Matthew St. Pe,NA
Dominic Tellez,"5' 8"""
Jaden Thacker,NA
Khalil Torres,NA
Colin Whited,NA
Bryce Balistreri,"5' 9"""
Quinten Bauman,"6' 0"""
Charlie Berry,"5' 10"""
Rawlins Brant,"5' 9"""
Owen Browning,"6' 3"""
Caden Carroll,"6' 2"""
Oliver Degenhardt,"6' 0"""
Reed Drabant,"5' 10"""
Cole Eggerding,"6' 4"""
Isaac Epp,"6' 0"""
Noah Frailey,"6' 5"""
Dakota Joggerst,"6' 2"""
Tommy Krock,"5' 11"""
Warner Lenahan,"6' 2"""
Danny Lindsey,"6' 1"""
Jackson Mitchell,"5'11"""
Colin Mueth,"5' 11"""
Jack Pearson,"6' 4"""
Nick Phillips,"6' 3"""
Evan Pierce,"5' 9"""
Luke Roussel,"5' 10"""
Gavin Schieffer,"6' 0"""
Kyle Stratman,"5' 9"""
Ian Thornton,"6' 0"""
Tyler Tieman,"5' 11"""
Danny Tovar,"5' 10"""
Alex Wittenauer,"6' 1"""
Ben Benoit,"6' 5"""
Nate Bingman,"6' 1"""
Jackson Blemler,"5' 9"""
Ethan Bowers,"5' 11"""
Parker Bradford,"6' 4"""
Noah Caceres,"5' 10"""
Mack Clark,"5' 10"""
Nic Crowe,"6' 4"""
Matt Cruise,"6' 0"""
Ivan Dahlberg,"5' 10"""
Mark Decicco,"6' 3"""
Luke Erickson,"6' 2"""
Drew Ezard,"6' 2"""
A.J. Golembiewski,"6' 5"""
Jacob Goss,"6' 1"""
Esteban Hernandez-Gutierrez,"6' 0"""
Quinn Hoftender,"6' 0"""
Ty Hollandsworth,"6' 1"""
Clayton Johnson,"6' 8"""
Mark Kattula,"6' 0"""
Lucas Kresin,"5' 9"""
Adam Lindsey,"6' 3"""
Austin Loberger,"6' 2"""
Seth Masters,"6' 3"""
Brayden Mayer,"6' 2"""
Nick Melvin,"5' 11"""
Kody Morton,"5' 10"""
Michael Paule,"6' 0"""
Anthony Ribes,"6' 0"""
Dillon Smail,"5' 10"""
Chris Suchoski,"6' 0"""
Jack Tobin,"6' 5"""
Kyle Tyler,"6' 0"""
Jake Uber,"6' 3"""
Kannon Walker,"5' 10"""
Johnny Wendling,"5' 11"""
Adam Wibbenmeyer,"6' 3"""
Jack Winterbauer,"6' 0"""
Jacob Arndt,"6' 3"""
Ryan Berry,"6' 3"""
Cooper Blythe,"5' 9"""
Mitch Bonczkowski,"6' 0"""
Cody Brooks,"6' 3"""
Garrett Brunstetter,"6' 2"""
Andrew Buescher,"6' 2"""
Ayden Cline,"6' 2"""
RJ Elmore,"6' 5"""
Cade Grevengoed,"6' 0"""
Dustin Hagens,"6' 1"""
Zach Haygood,"6' 0"""
Jake Isaacs,"5' 9"""
Will Johnson,"6' 5"""
Shane Kearbey,"6' 1"""
Nate Kemp,"5' 11"""
Logan McIntyre,"6' 1"""
Will Newberry,"6' 0"""
Bryce Nicolay,"6' 2"""
Owen Polly,"5' 8"""
LJ Randle,"5' 10"""
Brady Robertson,"5' 8"""
Barrett Rose,"5' 11"""
Luke Saxton,"6' 0"""
Trey Schneider,"6' 3"""
Cole Schrank,"6' 6"""
Justin Simard,"5' 8"""
Bryce Stenzel,"6' 4"""
Dane Stevenson,"6' 0"""
Braedon Stoakes,"6' 1"""
Garrett Strenger,"5' 10"""
Noah Tomaras,"5' 11"""
Cale Willson,"6' 4"""
Nate Zyzda,"6' 2"""
Mason Adkins,"6' 3"""
Justin Baehler,"6' 0"""
Ethan Bombardier,"6' 2"""
Gabe Bombardier,"6' 3"""
Marcus Champagne,"6' 2"""
Chase Chappel,"5' 10"""
Dalton Dibert,"6' 2"""
Jared Grams,"6' 0"""
Bryce Hall,"5' 8"""
Braden Herr,"6' 5"""
Dylan Hesch,"6' 2"""
Jared Hoodjer,"6' 3"""
Kyle Hrncir,"6' 5"""
Evan Hubatch,"6' 0"""
Matt Hughes,"6' 2"""
Hunter Irons,"5' 10"""
William Kiburis,"6' 4"""
Isaiah Maes,"6' 0"""
Steve Marhefke,"6' 2"""
Dylan McVeigh,"5' 9"""
Thane Meiners,"5' 11"""
Gabe Olson,"6' 3"""
Cameron Powell,"5' 9"""
Paul Safranski,"6' 1"""
Ethan Sawyer,"5' 10"""
Will Smith,"5'11"""
Sage Stellmacher,"6' 2"""
Brady Stevens,"6' 3"""
Jacob Topp,"6' 3"""
JJ Vargas,"5' 10"""
Ero Wallin,"6' 1"""
Gunnar Wicklund,"6' 3"""
Ryne Woods,"5' 9"""
Brock Zimmer,"5'11"""
Justin Agnor,"5' 9"""
Chandler Ashby,"6' 3"""
Luke Bies,"5' 8"""
Cale Blasi,"5' 11"""
Braden Blundell,"6' 3"""
Luke Burns,"6' 1"""
Drew Caudle,"6' 2"""
Ben Click,"5' 11"""
Ross Crawford,"6' 1"""
Owen Curley,"6' 4"""
Camden Dayton,"6' 0"""
Nick Fitzanko,"6' 1"""
Kyle Fitzgerald,"5' 9"""
Ryan Foley,"6' 4"""
Justin George,"6' 3"""
Brody Grawe,"6' 3"""
Ryan Hunt,"6' 2"""
Evan Jilbert,"6' 0"""
Santiago Jimenez,"6' 2"""
Cam Lawson,"6' 0"""
Luke Linder,"5' 10"""
Will McCombs,"6' 3"""
Maddox Meier,"6' 0"""
Cameron Naber,"6' 2"""
Teagan O'Guinn,"6' 3"""
Jordan Phillips,"6' 0"""
Charlie Rambo,"5' 10"""
AJ Rios,"6' 0"""
Jonah Sanford,"6' 2"""
Jake Sawyer,"6' 2"""
Jake Schulte,"6' 0"""
Jacob Sullivan,"6' 2"""
Nick Taylor,"6' 0"""
Blake Tigges,"5' 11"""
Ilyas van den Bos,"6' 2"""
Jack Wells,"6' 4"""
Mike Wunderlich,"6' 0"""
Rui Yoshida,"5' 9"""
Griffin Ailes,"5' 11"""
Hunter Allen,"5'11"""
Brendan Beaver,"6' 3"""
Jeremiah Cangelosi,"6' 3"""
Max Caron,"5' 11"""
Chase Carter,"6' 0"""
Owen Cavey,"6' 0"""
Cam Darrington,"6' 1"""
Gavin Dobbels,"5' 11"""
John Essig,"6' 0"""
Chris Franks,"5' 10"""
Noah Goddard,"5' 9"""
Matt Hall,"5' 10"""
Billy Howard,"6' 2"""
Colton Hunt,"6' 3"""
Mason Koons,"5' 10"""
Sean Krueckeberg,"6' 0"""
Marshall Leishman,"5' 8"""
Kaiden Mastri,"6' 2"""
Carter McFarland,"6' 5"""
Cam Miller,"6' 0"""
Collin Overholt,"5' 11"""
Ben Peltz,"6' 1"""
Jack Rozmus,"6' 0"""
Cam Scott,"6' 1"""
Ryan Shimek,"5' 9"""
David Smith,"6' 6"""
Josh Stalnaker,"5' 9"""
Ethan Stevens,"6' 2"""
Carter Weaver,"6' 4"""
Gage Weaver,"6' 2"""
Sam Witt,"5' 11"""
Seth Witt,"6' 3"""
Nathaniel Adkins,"6' 1"""
Spencer Allen,"5' 11"""
Coen Ball,"6' 3"""
Landon Case,"6' 0"""
Brendan Colley,"6' 1"""
Levi Coriell,"6' 5"""
Danny DeMoss,"5' 11"""
Ford Duesing,"6' 0"""
Riley Finkelston,"5' 9"""
Wyatt Fisher,"6' 1"""
Sam Formus,"6' 1"""
Jordan Geiger,"5' 9"""
Micah George,"6' 0"""
Caden Hargis,"6' 2"""
Walker Harris,"6' 0"""
Luke Hartel,"5' 9"""
Eli Henderson,"5' 8"""
Jackson Leaman,"6' 1"""
Connor Legere,"6' 2"""
Ben Leslie,"5' 11"""
Tate Marland,"6' 0"""
Cooper Martin,"6' 2"""
Caleb McKinion,"6' 1"""
Chris Montes de Oca,"5' 10"""
Kade Odom,"6' 0"""
Grant Poindexter,"6' 1"""
Tobias Rupp,"6' 2"""
Kaden Shook,"5' 10"""
Jensen Wagoner,"6' 2"""
Kyle Watson,"6' 2"""
Grayson Weikel,"6' 0"""
Kaden Wilde,"5' 10"""
Grayson Wright,"6' 3"""
Austin Adelman,"6' 2"""
Caden Ammon,"6' 0"""
Colin Becker,"6' 1"""
Tyler Blair,"6' 3"""
Aiden Booth,"5' 10"""
Logan Bragg,"5' 10"""
Keelan Daniel,"5' 10"""
Connor Evanich,"6' 2"""
Garrett Given,"6' 1"""
JJ Hartman,"6' 1"""
Kaden Holman,"6' 2"""
Jacob Howard,"5' 9"""
Joe Kroeger,"5' 10"""
Casey Maruniak,"6' 3"""
Kole Maxwell,"6' 0"""
Carson Mellott,"5' 10"""
Ethan Mohr,"6' 7"""
Spencer Mueller,"6' 1"""
Mason Myers,"6' 0"""
Max O'Rourke,"6' 0"""
Nick Palm,"5' 10"""
Isaac Ramos,"6' 0"""
Tyler Ray,"5'11"""
Dylan Rouse,"6' 4"""
Will Rouse,"6' 5"""
Michael Russ,"6' 1"""
Mike Sciortino,"5' 10"""
Luke Senften,"5' 11"""
Gavyn Smith,"6' 3"""
Sebastian Stevens,"5' 11"""
Ryan Thompson,"5'11"""
Camdon Tuttle,"6' 3"""
Aiden Weiland,"6' 4"""
Theo Winings,"6' 0"""
Gibson Cary,"6' 0"""
Winston Delp,"6' 2"""
Drew Erdei,"6' 2"""
Jake Figman,"5' 11"""
Max French,"5'11"""
Andrew George,"5' 10"""
Daniel Higdon,"6' 1"""
Hayden Hoffpauir,"6' 4"""
John Hunter,"6' 0"""
Augie Hutchison,"6' 4"""
Aaron Jasiak,"6' 2"""
Zak Kent,"6' 5"""
Collin Lange,"6' 5"""
Will Lehman,"6' 0"""
Patrick MacLean,"6' 4"""
Logan McLaughlin,"5' 11"""
Niko Michaelides,"5' 8"""
Will Millard,"5' 11"""
Kaden Nowak,"6' 0"""
Jacob Pallo,"6' 3"""
Billy Porotsky,"5' 11"""
Brandon Scott,"6' 1"""
Brenden Smith,"6' 1"""
Tyler Sowers,"5' 10"""
Gaard Swenson,"6' 3"""
Rocco Tenuta,"5' 10"""
Carson Tucker,"6' 0"""
Tyler Turner,"5'11"""
Dylan Whitfield,"5' 10"""
Kaiden Bard,"5' 10"""
Ben Brombaugh,"5' 11"""
Bryant Byrd,"6' 0"""
David Castleberry,"6' 5"""
Michael Chaney,"6' 1"""
Noah Cook,"5' 9"""
Reece Davis,"6' 2"""
Jacob Dilday,"6' 0"""
Rhett Dysholm,"6' 1"""
Ethan Ell,"6' 2"""
Braxton French,"5' 10"""
Grant Godwin,"6' 3"""
Cade Gudalis,"6' 1"""
Chase Harlan,"5' 11"""
Liam Hutson,"6' 0"""
Sam McFarland,"6' 1"""
Jase Mizell,"6' 1"""
Logan Molnar,"6' 1"""
Evan Oakley,"6' 1"""
Cole Peaslee,"6' 5"""
Colson Perry,"5' 7"""
Kaysen Roberts,NA
Isaac Rose,"6' 0"""
Parker Schweitzer,"5' 9"""
Gavin Simpkins,"6' 5"""
Owen Stevenson,"5' 9"""
Elijah Stockton,"5' 10"""
Zach Taylor,"6' 2"""
Anthony Thomas,"5' 11"""
Ryan Trokey,"6' 0"""
Josh Tucker,"5' 10"""
Tate VanHooser,"6' 1"""
Braden Vinyard,"6' 2"""
Davin Yates,"5' 9"""
Hunter Bays,"6' 3"""
Ryne Buckley,"6' 2"""
Mannuk Cadiz,NA
Zimba Cadiz,"6' 2"""
Alex Caudill,"6' 0"""
Jaxson Christ,"6' 3"""
AJ Dallmayer,"6' 2"""
Lucas Davids,NA
Israel Espinosa,"5' 8"""
Garrett Esposito,"6' 0"""
Micah Geise,"6' 1"""
Bobby Helt,"6' 9"""
Ethan Hendrickson,"6' 0"""
Zach Hoskins,"5' 10"""
Alex Jones,NA
Nicolas Kandel,"6' 1"""
Gregory Kennedy,NA
Jackson Lee,"6' 6"""
Floyd McKenna,"5' 11"""
Brandon Metivier,"5' 9"""
Gage Miller,"5'11"""
Colin Neimeister,"6' 3"""
Nick Oyster,"6' 0"""
Dominic Poltrone,"6' 5"""
Dominic Roberts,"5' 9"""
Cole Schwochow,"5' 11"""
Connor Shimek,"6' 2"""
Aidan Shoop,NA
Sebastian Silva,"6' 0"""
Graham Solak,"6' 1"""
Ty Sowers,"6' 3"""
Will Stott,"6' 0"""
Mitchel Szymczak,"5' 10"""
Teagan Williams,"6' 4"""
Seth Yacobucci,"5' 10"""
Travis Yankovich,"6' 1"""
Jake Barker,"6' 4"""
Anthony Bartiromo,"6' 0"""
Eric Baum,"5' 11"""
Rafe Bonifay,"5' 11"""
Mark Bunch,"6' 3"""
TJ Curry,"6' 1"""
Cooper Davies,"6' 6"""
Allen Diaz,"6' 2"""
Kai Duda,"6' 3"""
Gage Faraguna,"5' 9"""
Zach Flohr,"6' 0"""
Ben France,"6' 0"""
Robert Gumino,"5' 8"""
Ayden Hall,"6' 3"""
Tyler Jackson,"6' 0"""
Cavan Kalpac,"5' 10"""
Allen Laytart,"6' 3"""
Gino Lazzari,"5' 10"""
Cole Miller,"6' 2"""
Zach Misko,"6' 2"""
Chris Munoz,"6' 2"""
Devin Norton,"6' 1"""
Brady Parks,"5' 10"""
Ethan Petak,"6' 2"""
Jackson Phelps,"6' 2"""
Nate Plack,"6' 3"""
Charlie Roberts,"5' 11"""
Jacob Rollyson,"6' 4"""
Zach Root,"5'11"""
Anthony Ryan,"5' 11"""
Finn Schmitt,"6' 7"""
Jackson Schwalbach,"6' 2"""
Gavin Shrum,"5' 7"""
Cadyn Smith,"6' 4"""
Jordan Stevens,"6' 0"""
Caesen Sutton,"6' 4"""
Jeff Todaro,"6' 3"""
Reilly Tyna,"6' 6"""
Parker Varney,"6' 2"""
Braxton Wheeler,"5' 8"""
Myles Beale,"6' 1"""
Mason Brunworth,"6' 0"""
Will Case,"6' 4"""
Drew Charters,"6' 0"""
Trevor Crawford,"6' 2"""
Ben DeVries,"6' 4"""
Caden Duryea,"6' 3"""
Connor Foley,"5' 10"""
Spencer Fortier,"5' 10"""
Owen Franklin,"6' 2"""
Josh Getz,"5' 10"""
Mason Glennie,"6' 0"""
Payton Guilbeaux,"5' 8"""
Brendan Hammer,"5' 11"""
Jake Ickes,"5' 9"""
Alex Jarboe,"5' 11"""
Connor Kelly,"6' 2"""
Landon Kempainen,"5' 11"""
Grant LaMarche,"6' 6"""
Evan Larson,"5' 10"""
Anthony Mangaello,NA
Cody Matuz,"6' 5"""
Dominic Mauro,"6' 1"""
Connor McCartan,"5' 10"""
Lucas McKinney,"5' 10"""
Matthew Meyer,"6' 0"""
Ben Narr,"6' 0"""
Griffin Phillips,"5' 10"""
Joey Randazzo,"6' 1"""
Aidan Robinson,"5' 10"""
Tyler Sager,"6' 2"""
Blake Stockford,"5' 11"""
Isaac Toole,"6' 2"""
Logan Voth,"5' 11"""
Adam Wandzel,"6' 0"""
Danny Witbeck,"5' 10"""
Jacob Adams,"6' 2"""
Matthew Bame,"6' 1"""
Chris Bartholomew,"6' 2"""
Sam Battles,"5' 10"""
Logan Brockman,"6' 0"""
Steven Chapman,"6' 2"""
Jordan Daniels,"5' 7"""
CJ Dean,"6' 0"""
Carsten Deibel,"5' 9"""
Drew Emerson,"6' 0"""
Tyler Flint,"6' 1"""
Eric Geddes,"6' 1"""
Sawyer Hamsher,"5' 10"""
Jonah Hane,"5' 6"""
Mason Hess,"6' 0"""
Jared Hoersten,"6' 0"""
Chase Hunt,"6' 2"""
Peter Jelenic,"5' 10"""
Mason Kurtz,"6' 0"""
Jack Lion,"6' 0"""
Gavin Mangus,"6' 1"""
Will Marrero,"6' 4"""
Trayce Mercer,"6' 3"""
Sammy Miller,"6' 0"""
Andrew Mouch,"5' 11"""
Gianni Passarelli,"6' 0"""
Jeremy Ramirez,"6' 1"""
Braden Reed,"5' 9"""
Landon Ringhiser,"5' 11"""
Garrett Roach,"6' 0"""
Mitch Santino,"5' 10"""
Noah Schacht,"5' 8"""
Jake Scherette,"5' 11"""
Jaxson Stried,"6' 1"""
Tyler Von Bargen,NA
Chad Atchley,"6' 0"""
Drew Barth,"6' 2"""
Ian Bierbaum,"5' 11"""
Logan Cones,"6' 1"""
Miguel Correa,"5' 11"""
Ty Cunningham,"5'11"""
Austin Dennis,"6' 2"""
George Donohoe,"6' 1"""
Ben Duncan,"5' 10"""
Drew Edrich,"5' 10"""
AJ Enginger,"5' 8"""
Tanner Gray,"5' 10"""
Tucker Gray,"5' 11"""
Jackson Grimmelsman,"6' 2"""
Andruw Hess,NA
Gunner Kalkhoff,"6' 2"""
Nolan Krekeler,"6' 1"""
Jeff Levin,"6' 0"""
Derek Marinucci,"6' 0"""
Noah McCarty,"5' 11"""
Nolan McLane,"5' 10"""
Jack Perdue,"6' 0"""
Riley Poston,"5' 10"""
Matt Resing,"6' 4"""
Jack Rutz,"6' 0"""
Brady Schnierer,"5' 11"""
Cameron Snider,"6' 1"""
Tony Spangler,"6' 6"""
Ethan Stone,"6' 2"""
Garrett Taulbee,NA
Dylan Thompson,"5'11"""
Gavin Vogelgesang,"5' 11"""
Cody Watkins,"6' 0"""
Aaron Wichmann,"5' 9"""
Nate Adelman,"5' 10"""
Scotty Adelman,"6' 2"""
Andrew Baileys,"6' 0"""
Jonny Baileys,"6' 0"""
Cal Brazier,"6' 2"""
Mason Brunecz,"5' 8"""
Griff Cady,"6' 2"""
Matt Campina,NA
Jack Clancy,"5' 10"""
Brayden Clark,"6' 3"""
Chavis Conceicao,"6' 1"""
Colin Crisenberry,"5' 11"""
Adam Deitschel,"5' 10"""
Hilario DeLaPaz,"6' 0"""
Alex Diehl,"6' 0"""
Patrick Dinnen,"6' 1"""
Andrew Fairbrother,"6' 3"""
Nick Feasel,"6' 3"""
Cameron Foy,"6' 4"""
Aidan Grabowski,"5' 11"""
Austin Guerra,"5' 8"""
Ty Hatfield,"6' 0"""
Nick Hayes,NA
Trent Hedges,"5' 11"""
Julian Hernandez,"5'11"""
Zach Johnson,"6' 2"""
Dylan Kaiser,"6' 2"""
Brett Madison,"5' 7"""
Brett Nicodemus,"5' 10"""
Caden Otterbacher,NA
Michael Patellis,"6' 0"""
Bret Petrigac,"6' 2"""
Keegan Phillips,"5' 11"""
Johnathon Ray,"6' 3"""
David Ruhe,NA
Steven Sexton,"5' 10"""
Jacob Soha,"6' 4"""
Logan Swonger,"5' 11"""
Brandon Swope,"6' 1"""
Cadence Varner,NA
Luke Westerman,"5' 10"""
Ryan Yingst,"6' 1"""
Brodey Acres,"5' 10"""
Beau Alazaus,"6' 5"""
Josh Algarin,"5' 9"""
Jake Becks,"5' 10"""
Eric Bennett,"5' 10"""
Kyle Benson,"5' 11"""
Alex Beyerle,"6' 2"""
Grant Blomeke,"6' 0"""
Matt Bottger,NA
Ryan Bruni,"5' 10"""
Brandon Cahill,"6' 0"""
Ryan Chambers,"6' 4"""
Patrick Ciccantelli,"5' 10"""
Chad Harper,"6' 0"""
Brandon Hire,"6' 0"""
Hunter Hoffman,"5' 10"""
Cam Hollobaugh,"6' 1"""
Zach Hryb,"5' 9"""
Luke Jansen,"6' 5"""
Drew Kirila,"6' 4"""
Chris Kramer,"6' 2"""
Hunter Langenfeld,NA
Rico Levak,"5' 11"""
Matt Majewski,"6' 4"""
Justin Malloy,"6' 2"""
JP McNerney,"6' 1"""
Andrew Morse,"6' 1"""
Michael Niro,"5' 10"""
Nick Petro,"6' 4"""
Martin Polonkay,"5' 11"""
Brady Rice,"5' 10"""
Marshall Shepherd,"6' 2"""
Mike Steingass,"6' 2"""
Mason Stoldt,"6' 3"""
Eli Sutton,"5' 10"""
Matt Tierno,"5' 11"""
Riley Akins,"5' 11"""
Luke Barch,NA
Caleb Bohn,"6' 4"""
Rushton Bowles,"6' 0"""
Brandon Byler,"5' 10"""
Dawson Campbell,"5' 10"""
Aidan Cannaday,"6' 3"""
Aedan Cates,"6' 2"""
Roland Chance,"6' 4"""
Sam Choate,"6' 3"""
Brody Cleveland,NA
Ty Cobb,"5'11"""
Jackson Cofield,"6' 3"""
Chandler Deblois,"5' 10"""
Kyle Duckwall,"6' 0"""
Eli Durnell,"6' 3"""
Josh Green,"6' 2"""
Landon Griswell,NA
J.Ben Haynes,"6' 1"""
Grayson Hopkins,"6' 0"""
Robert Hunt,"6' 5"""
Parker Ingram,"6' 2"""
Jagger Iovinelli,"6' 3"""
Caleb Jatko,"6' 0"""
Jake Johnson,"5'11"""
Dawson Jones,"5'11"""
Blythe Keisler,"6' 0"""
Zach Kwiatkowski,"6' 2"""
Grant Lester,"6' 5"""
Ty McClintock,"5' 9"""
Mike Morrison,"6' 1"""
Eli Overstreet,"5' 11"""
Ryan Patrick,"5' 10"""
Hunter Potzner,"6' 1"""
Owen Primm,"6' 0"""
Landon Skeen,"5' 11"""
Griffin Stewart,"5'11"""
Cameron Strader,"6' 1"""
Wyatt Talik,"5' 10"""
Matthew Thigpen,"5' 11"""
Jackson Thomas,"5'11"""
Nolan Turner,"6' 2"""
Jake Vachon,"6' 0"""
Austin Williamson,"5'11"""
Garrett Wright,"5'11"""
Gavin Wright,"6' 2"""
Gavin Zoeller,"5' 11"""
Jashawn Benbow,"6' 3"""
Elijah Bonner,"6' 0"""
Tanner Brewer,"5' 10"""
Daniel Brown,"6' 1"""
Torian Bunkley,"6' 0"""
Xavier Campbell,"6' 2"""
Tyson Carter,"6' 0"""
Michael Coit,"5' 9"""
Nehemiah Drew,"5' 11"""
Olin Evans,"5' 11"""
Tyler Gilbert,"5' 11"""
Anthony Hardy,"5' 10"""
Kyle Hawkins,"5' 8"""
Duane Henderson,"5' 9"""
Christian Hill,"5' 10"""
Jordan Jackson,"6' 0"""
Jarin Johnson,"6' 3"""
Anthony Mack,"5' 10"""
Aiden McDaniel,"6' 0"""
Isaiah Mitchell,"5' 9"""
Rashid Muhammad,"5' 5"""
D.J. Mungenast,"5' 9"""
Connor Polk,"6' 0"""
Kimon Quarles,"5' 8"""
Albert Rutledge,"6' 0"""
Jemal Scarborough,"5' 6"""
Devin Tallington,"6' 0"""
Trayvon Taylor,"5' 11"""
Adrian Wiggins,"5' 9"""
Thomas Williams,"5'11"""
Nathan Young,"6' 3"""
Trenton Burnett,"6' 4"""
Peyton Burton,"6' 3"""
Jackson Chizek,"5' 10"""
Sebastian Collender,"6' 0"""
Ethan Crawley,"6' 0"""
Michael Cruz,"5'11"""
Nick Davidson,"5' 9"""
Cole Eison,"5' 10"""
Cayden Evans,"6' 3"""
Cody Ferguson,"5' 10"""
Connor Folds,"6' 0"""
Joey Gill,"6' 0"""
Trace Goforth,"6' 1"""
Christian Harmon,"5' 11"""
Danny Hershberger,"6' 0"""
Landen Jensen,"5' 10"""
Victor Junco,"5' 10"""
Ian King,"5' 10"""
Tyson Kirkland,"6' 1"""
Bryce Knox,"6' 2"""
Coates Massey,"6' 2"""
Kole McGlumphy,"6' 1"""
Mathew McMahan,"6' 0"""
Luke Meszar,"5' 9"""
Luke Miller,"6' 0"""
Eric Moore,"6' 2"""
Maddox Mueller,"5' 11"""
Andrew Rubin,"5' 10"""
Tucker Starling,"6' 1"""
Avery Stephens,"6' 4"""
Ryan Suppa,"6' 1"""
Garrett Telaga,"6' 6"""
Bailey Thorne,"6' 0"""
Warrick Wilmot,"6' 3"""
Sawyer Wilson,"6' 1"""
Parker Adams,"6' 5"""
Bryceton Berry,"6' 1"""
Ethan Bobo,"6' 1"""
Broc Bronson,"5' 11"""
Clay Callan,"6' 1"""
Luke Daddona,"5' 11"""
Tripp Davis,"6' 0"""
Daniel Fischer,"5' 11"""
Bryce Fitzgerald,"6' 3"""
George Gilson,"6' 3"""
Mason Gray,"5' 10"""
Justin Haskins,"6' 1"""
Jake Hill,"6' 4"""
AJ Hunerberg,"6' 1"""
Caden Kresak,"5' 7"""
Keegan Leckband,"6' 3"""
Eli Maddox,"6' 3"""
Tyler McClanahan,"6' 4"""
Carson Page,"5' 6"""
Payton Palladino,"5' 10"""
Blake Pesante,"5' 9"""
Jacob Reeves,"6' 0"""
Steven Reiss,"5' 8"""
Kevin RisCassi,"5' 10"""
Eli Roberts,"6' 3"""
Drew Rosenberg,"6' 4"""
Jaden Ross,"6' 1"""
Taylor Shultz,"5' 8"""
Ben Stubbs,"5' 11"""
Jesse Sullivan,"5' 11"""
JJ Taylor,"5' 11"""
Isaiah Wellman,"6' 2"""
Charlie Banks,"6' 0"""
Gavin Barnell,"6' 2"""
Carter Barnes,"6' 0"""
Keagan Baxter,"6' 2"""
Jake Beaver,"5' 11"""
Rand Bestermann,"6' 3"""
Mason Brown,"6' 4"""
JD Coleman,"6' 0"""
Evan Cowan,"6' 2"""
Mitch Cowan,"6' 1"""
Griffin Davis,"6' 2"""
Christian Donaldson,"6' 0"""
John Luke Glanton,"5' 11"""
Ben Hamacher,"5' 9"""
William Joyner,"6' 4"""
Lex Kenny,"6' 0"""
TJ Kloiber,"6' 2"""
Brian Lowry,"6' 2"""
Matthew Mebane,"6' 3"""
Caleb Miele,"5' 11"""
Tams Mullins,"6' 4"""
Hank Noonan,"5' 11"""
Aiden Payne,"5' 9"""
Carson Phillips,"5'11"""
John Raines,"6' 3"""
Trent Ringer,"6' 0"""
Gavyn Seitz,"6' 0"""
Will Sims,"6' 4"""
Braeden Smith,"6' 0"""
Owen Thomas,"6' 5"""
Caden Tillman,"6' 2"""
Bryson Whited,"6' 1"""
Gabe Wuerth,"5' 9"""
Jonathan Bautista,"6' 3"""
Matthew Bourdon,NA
Justin Clark,NA
Trey Clinton,"5' 10"""
Braeden Cochran,"6' 0"""
George Davis,"6' 1"""
Brant Deerman,"6' 0"""
Danny DiNorcia,"5' 11"""
Jonathan Fernandez-Andrew,NA
James Fordham,"6' 0"""
Andrew Geiger,"6' 4"""
Paul Hegeman,"6' 3"""
Kaleb Henry,"6' 0"""
Daniel Hernandez,"5' 11"""
David Hernandez,"5' 11"""
Jarrett Jenkins,"5' 11"""
Kelsen Johnson,"5' 9"""
Cory Lee,"5' 11"""
Tristan Legg,"6' 0"""
Matthew Manuel,"5' 10"""
Rem Maxwell,NA
Jonathan Medina,NA
Josh Newton,"6' 2"""
Bryan Pina,"6' 4"""
Nicholas Plaisted,"5' 10"""
Carsen Plumadore,"6' 3"""
Jackson Raper,"6' 0"""
Noah Roberts,"6' 1"""
Cooper Sain,"6' 1"""
Evan Wainman,"6' 2"""
Jordan Walden,"6' 0"""
Nolan Alexander,"6' 2"""
Cooper Backman,"6' 0"""
Ethan Barbee,"6' 3"""
Tyler Bowen,"6' 0"""
Jackson Bryant,"5'11"""
Garrett Chun,"5' 8"""
Richie Cortese,"6' 6"""
Zach Cowart,"5' 11"""
Cade Crews,"5' 9"""
Evan Demurias,"6' 0"""
Connor Droze,"6' 1"""
Ryan Hansen,"5' 9"""
Jackson Hoshour,"6' 2"""
Jagger Jefferis,"5' 11"""
Jake Larson,"5'11"""
Mario Lopez,"5' 11"""
Adam Love,"6' 1"""
Will McClellan,"6' 0"""
Caleb McKittrick,NA
Anson Merrick,"6' 0"""
Jarren Metcalf,"5' 8"""
Kyle Murphy,"6' 0"""
Taichi Nakao,"5' 8"""
Michael Nastro,"6' 0"""
Dominic Puccetti,"6' 5"""
Kurt Rogers,"6' 2"""
Derek Ruiz,"5' 11"""
Joshua Sanchez,"6' 0"""
Grant Sherrod,"6' 4"""
Matthew Slaton,"6' 2"""
Bennett Sloper,"6' 0"""
Kael Snethen,"5' 8"""
Lowndes Still,"5' 10"""
Dalton Stroud,"6' 1"""
Collin Sweeney,"6' 1"""
Evan Wickeri,"6' 0"""
Brody Winter,"6' 2"""
Nate Winterhalter,"5' 11"""
Nathan Alexander,"6' 2"""
Phillip Ard,"6' 3"""
Jorge Arispuro,"6' 0"""
Jace Bowen,"6' 0"""
Edwin Bowman,"6' 4"""
Avery Brown,"6' 6"""
Daniel Courtney,"5' 9"""
Luke Earnhardt,"6' 0"""
Dominic Elam,"5' 10"""
Caleb Farr,"5' 10"""
Riley Frost,"6' 1"""
Zach Green,"6' 0"""
Connor Harris,"5'11"""
Ben Hays,"5' 10"""
Matthew Heard,"6' 2"""
Banks Hickman,"6' 1"""
Bryce Hubbard,"5'11"""
Dylan Noce,"6' 3"""
Andrews Opata,"6' 2"""
Jake Prince,"6' 0"""
Kyle Robitzsch,"5' 10"""
Brady Skipper,"5' 9"""
Shawn Sower,"6' 2"""
Nicholas Stinson,"6' 3"""
Bryson Stripling,"6' 2"""
Ryan Taylor,"5'11"""
Chandler Thiel,"5' 11"""
Tyler Triche,"6' 0"""
Pierce Williams,"6' 1"""
Davis Wright,"5'11"""
Damien Ashley,"6' 1"""
JB Bell,"5' 10"""
Kellen Blankenship,"5' 10"""
Jacob Bodkin,"6' 0"""
Cade Bouknight,"6' 0"""
Jacob Butler,"6' 2"""
Tyler Casciato,"5' 9"""
Kevin Cox,"6' 3"""
Doom Dennis,"6' 0"""
Cole Evilsizor,"6' 0"""
Cannon Frost,"6' 0"""
Donovan Glisson,"5' 9"""
Dalton Graves,"6' 0"""
Trevor Gruszka,"6' 2"""
Ethan Hall,"6' 0"""
Charles Herring,"6' 1"""
Lucas Highberger,"6' 3"""
Jack Hobson,"6' 0"""
Jared Huse,"6' 2"""
Logan Jamrosz,"6' 0"""
Cannon Jones,"5' 6"""
Gage Kirkland,"5' 8"""
Wyatt McPherson,"6' 2"""
Capers Molinaroli,"6' 2"""
Blayne Newman,"6' 2"""
Luke Norman,"6' 1"""
Brandon Osypczuk,"6' 1"""
Eliud Poventud,"5' 9"""
Griffin Rowe,"5' 8"""
Connor Sampers,"5' 9"""
Josh Sharp,"5' 10"""
Tyler Simmons,"6' 0"""
Nick Taddei,"6' 2"""
Hunter Thompson,"5'11"""
Kaden Usry,"5' 9"""
Logan Wise,"5' 11"""
Brody Yoemans,NA
Nikko Andre,"5' 10"""
Ian Barnes,"5' 10"""
Aaron Benton,"5' 11"""
Sebastian Biggs,"6' 3"""
Jeremy Brown,"6' 5"""
Noah Campbell,"5' 10"""
Matthew Davidson,"6' 1"""
Jon Davis,"5' 7"""
Terry Dean,"6' 2"""
Luke Doty,"6' 1"""
Brayden Fowler,"6' 2"""
Garrett Helm,"6' 1"""
Andrew Kleppinger,"5' 10"""
PJ Luebbers,"6' 0"""
Matthew Mapes,"5' 10"""
Devin Marlow,"6' 2"""
Cooper McDaniel,"6' 0"""
Zack McQuiston,NA
Sean Mitchell,"6' 2"""
Brock Moody,"5' 10"""
Hudson Morgan,"5' 9"""
Matt Navarro,"5' 11"""
Brayden Parton,"6' 2"""
Colby Reynolds,"5' 9"""
Tripp Richards,"6' 3"""
Alex Robbins,"6' 1"""
Andrew Shanks,"6' 6"""
Cade Sikoski,"5' 11"""
Ty Siksta,"6' 2"""
Alex Simmons,"6' 2"""
Mitchell Singletary,"6' 1"""
Ryan Stansell,"6' 1"""
Anthony Storzieri,"6' 2"""
Jake Tanner,"6' 2"""
Ryan Tayman,"5'11"""
Cole Thomas,"6' 3"""
Carson Tillotson,"6' 2"""
Joe Turner,"6' 4"""
Nick Underwood,"6' 3"""
Tanner Wagnon,"6' 3"""
Jacques Walker,"5' 10"""
Andrew Walters,"5'11"""
Carson Weathers,"6' 1"""
Braden Welch,"6' 4"""
Asher Western,"6' 2"""
Brayton Wilmes,"6' 2"""
Nick Arias,"6' 0"""
Chandler Benson,"5' 11"""
Reese Borho,"6' 0"""
Louis Bussard,"5' 9"""
Stetson Callaway,"6' 4"""
Iain Campa,"6' 3"""
Joseph Carbone,"6' 0"""
Brady Coe,"5' 9"""
Henry Cone,"6' 1"""
Nolan Foster,"6' 2"""
Chandler Freeman,"5' 11"""
Noah Galvan,"5' 11"""
Cruz Garcia,"5' 9"""
O.J. Gonzalez,"6' 0"""
Brady Gray,"6' 0"""
Caden Greanead,"6' 3"""
Benjamin Greer,"6' 1"""
Andrew Guardino,"6' 4"""
Sam Hardcastle,"6' 3"""
Cooper Hrbacek,"6' 0"""
Colin Huspen,"6' 2"""
David Jeon,"6' 0"""
Brett Lanman,"6' 5"""
Cade McGarrh,"6' 3"""
Maddox Miesse,"6' 0"""
Jack Nielsen,"6' 3"""
Blaine Palmer,"5' 11"""
Zandt Payne,"5' 10"""
Ranse Radtke,"6' 2"""
Braden Regala,"5' 8"""
Dominick Reid,"6' 3"""
Holden Rook,"5' 10"""
Christian Smith,"5'11"""
Zion Stephens,"6' 0"""
Grant Watkins,"6' 0"""
Julian Alvarez,"5' 9"""
Luis Becerra,"6' 4"""
Jake Brown,"5'11"""
Sam Burgess,"6' 1"""
Alfredo Capacete,"6' 3"""
Ben Castelli,"5' 11"""
Matt Chavez,"5' 11"""
Nick Dumesnil,"6' 2"""
Carter Eberhard,"6' 2"""
Kade Finazzo,"6' 4"""
Austin Gamell,"6' 1"""
Cole Howarth,"6' 6"""
Riley Hunsaker,"6' 1"""
Ryan Kim,"6' 3"""
Ryan Kittredge,"6' 2"""
Michael Malki,"6' 0"""
Cody New,"6' 3"""
Carson Olsen,"6' 5"""
Julian Orozco,"5' 11"""
Ryne Palmer,"6' 4"""
Chris Ramirez,"5' 9"""
Bubba Rocha,"6' 0"""
Connor Ross,"6' 0"""
Andrew Rudd,"6' 5"""
Noah Smith,"5'11"""
Trevor Spainhoward,"5' 11"""
Cameron Teper,"6' 1"""
Niko Urquidi,"6' 1"""
David Vizcaino,"6' 4"""
Jacob Wilson,"6' 3"""
Kenny Winters,"6' 0"""
Brock Wirthgen,"6' 1"""
Lucas Zack,"6' 4"""
Garrett Ahern,"6' 5"""
Max Andeel,"6' 0"""
Gray Bailey,"6' 1"""
Emilio Barreras,"6' 0"""
Cael Boever,"6' 0"""
Ross Clark,"6' 5"""
Cayden Collins,"6' 2"""
Cam Cunnings,"6' 1"""
Michael Diaz,"6' 2"""
Marcus Galvan,"5' 9"""
Billy Gregory,"6' 3"""
Justin Hanson,"6' 7"""
Elijah Higginbottom,"6' 0"""
Kade Huff,"6' 0"""
Chance Key,"6' 2"""
Devon Laguinto,"6' 0"""
Isaac Lyon,"6' 3"""
Austin Matranga,"5' 7"""
Connor Mattison,"6' 2"""
Luke Moeller,"6' 2"""
Carson Ohland,"5' 11"""
Eli Paton,"6' 3"""
Cannon Peery,"6' 3"""
Eddy Pelc,"5' 11"""
Gunnar Penzkover,"5' 11"""
Walter Quinn,"6' 4"""
Troy Sanders,"6' 0"""
Jake Sanko,"5' 10"""
Billy Scaldeferri,"6' 0"""
Brody Sexton,"5' 10"""
Barrett Skaugrud,"6' 1"""
Ben Smith,"5'11"""
Jace Smith,"6' 2"""
Scuba Smolinski,"6' 0"""
Josh Wakefield,"6' 1"""
Zach Yorke,"6' 2"""
Nikhil Beasley,"6' 4"""
Kade Brown,"6' 6"""
Peter Caldera,"6' 1"""
Sean Carey,"6' 2"""
Brady Chavez,"6' 1"""
Ryan Christiansen,"6' 4"""
Orlando Cobarrubias,"6' 1"""
Jacob Cortez,"6' 0"""
Evan Gibbons,"6' 0"""
Jackson Halverson,"6' 4"""
Colin Hunter,"6' 2"""
Elie Kligman,"6' 0"""
Carson Latimer,"6' 3"""
Ethan Lay,"6' 3"""
Noah Lucchesi,"6' 3"""
Matt Masciangelo,"5' 11"""
Andrew Monson,"6' 2"""
Jameson Mullin,"6' 4"""
Andrew Overland,"6' 5"""
Luke Oyler,"6' 2"""
Michael Perazzo,"5' 9"""
Christian Perez,"5'11"""
Luis Pimentel-Guerrero,"5' 9"""
Jakob Poturnak,"6' 1"""
Baylor Sandberg,"6' 2"""
Cameron Sewell,"6' 0"""
JP Smith,"6' 1"""
Chase Sorlie,"6' 1"""
Tyler Stewart,"6' 1"""
Bryce Stockton,"6' 3"""
Dylan Torres,"6' 1"""
Myles Walton,"6' 1"""
Tyler White,"6' 1"""
Jaisen Abner,"5' 9"""
Kaden Alberghini,"6' 6"""
Luke Alwood,"6' 4"""
Josh Cunnigan,"6' 0"""
Colin Curry,"6' 1"""
Brett Ellingson,"6' 3"""
Rafael Espinoza,"6' 4"""
Vicente Feliciano,"6' 1"""
Patrick Galvin,"6' 5"""
Micah Hagler,"6' 4"""
Royce Hale,"6' 4"""
Isaac Hallam,"6' 3"""
Reese Harmon,"5' 11"""
Rowan Haynes,"6' 0"""
Kenny Ishikawa,"5' 11"""
Tervell Johnson,"6' 0"""
Sam Kane,"6' 0"""
Hunter Komine,"5' 8"""
Brady Liddle,"6' 2"""
Jackson Lind,"5' 9"""
Sebastian Lopez,"6' 0"""
Reid Madariaga,"5' 8"""
Ryan Morrison,"6' 8"""
Tyler Peterson,"5' 10"""
Jackson Reed,"5'11"""
Blake Smith,"6' 1"""
Jared Stevenson,"6' 0"""
Brandon Stinnett,"5' 9"""
Mike Tsoukalas,"6' 4"""
Jake Wagoner,"5'11"""
Parrish Beagle,"6' 0"""
Ryan Beaird,"5' 10"""
Ben Bosse,"6' 1"""
Lane Brewster,"5' 10"""
Jake Burcham,"6' 3"""
Brendon Carter,"6' 2"""
Damian Castorena,"5' 11"""
Carter Coffin,"6' 2"""
Karsen Davis,"6' 0"""
Tyson Drake,"5' 11"""
Peyton Fiene,"6' 1"""
Nile Foss,"5' 11"""
Holt Gibson,"6' 3"""
Braden Gostisha,"6' 3"""
Sergio Guerra,"6' 0"""
Matt Guthmiller,"6' 0"""
Andrew Hardin,"6' 1"""
Spencer Hatch,"6' 0"""
Rayner Heinrich,"5' 8"""
Ethan Jaques,"6' 3"""
RJ Johnston,"5' 10"""
Mason Kirk,"6' 1"""
Carson Lorch,"5' 9"""
Cort Lowry,"6' 3"""
Aden Lucas,"5' 11"""
Slade McCloud,"6' 0"""
Trace Morrison,"6' 1"""
Tyler Olson,"5' 11"""
Brian Panneton,"6' 1"""
Jaime Perez,"5' 11"""
Ike Shirey,"5' 10"""
Hunter Smith,"5'11"""
Jared White,"6' 3"""
Blake Wilson,"5'11"""
Raef Wright,"6' 3"""
Daren Barrera,"6' 3"""
Milo Behrens,"6' 1"""
Robert Bonilla,"6' 0"""
Angelo Cabral,"6' 3"""
Cameron Carter,"6' 2"""
Kike Cienfuegos,"5' 11"""
Rene Galván,"5' 11"""
Rudy Gonzalez,"5' 7"""
Rex Henderson,"6' 4"""
Francisco Hernandez,"6' 3"""
Evan Janner,"6' 1"""
Mason Kosowick,"6' 7"""
Steven Lancia,"6' 2"""
Jacob Limas,"6' 3"""
Víctor Loa,"5' 8"""
Isaac Lopez,"5' 10"""
Jack Lopez,"5' 11"""
Evan Maldonado,"6' 0"""
Erick Martinez,"5' 10"""
EJ Miramontes,"6' 1"""
Easton Moomau,"6' 0"""
Nick Nolan,"5' 10"""
Steven Oliva,"5' 11"""
Armani Raygoza,"6' 1"""
Jacob Sanchez,"6' 1"""
Anthony Tejada,"6' 1"""
Harrison Thayer,"6' 3"""
Caden Wanless,"5' 10"""
Hank Warren,"6' 0"""
Damien Whitfield,"6' 1"""
Wyatt Wiatrek,"6' 3"""
Parker Airhart,"6' 0"""
Tyce Armstrong,"6' 4"""
Tate Bethel,"6' 1"""
Aaron Calhoun,"5' 10"""
Caden Cline,"6' 4"""
Zac Colletti,"6' 2"""
Cade Dodson,"5' 10"""
Caylon Dygert,"6' 1"""
Anthony Garcia,"6' 0"""
Jack Hagan,"6' 3"""
Larry Haskins,"5' 8"""
Jackson Hill,"5'11"""
Dylan Krause,"6' 4"""
Jacob Lang,"6' 1"""
Geoff Marlow,"6' 3"""
Jake Martinez,"6' 0"""
Xander McAfee,"6' 4"""
Cade McGlade,"6' 3"""
JoJo Medellin,"6' 1"""
Xavier Melendez,"5' 9"""
Hayes Melville,"6' 0"""
Max Mims,"5' 10"""
Caden Noah,"5' 10"""
Austin Phillips,"6' 1"""
Nicholas Robb,"6' 3"""
Justin Rumfield,"6' 2"""
Merek Sears,"6' 3"""
Joe Steeber,"6' 4"""
Rhys Stevens,"5' 9"""
Kyle Winkler,"6' 1"""
Ty Zahradnik,"6' 7"""
Jackson Bell,"5'11"""
Easton Brooks,"6' 4"""
Aden Dance,"5' 10"""
Grady Daniels,"6' 4"""
Will Dart,"6' 1"""
Ethan Gardner,"5'11"""
Gavin Glasgow,"5' 10"""
Dakota Gray,"5' 10"""
Dylan Hawkes,"6' 2"""
Ethan He,"5' 10"""
Ty Johnsen,"6' 3"""
Eliot Jones,"5' 9"""
Hunter Katschke,"6' 3"""
Talan Kelly,"5' 11"""
Ryan Kroepel,"5' 11"""
Gavin Long,"5' 10"""
Jonah Marshall,"6' 2"""
Ryan Martinez,"5'11"""
Kyle McDaniel,"5' 10"""
Max Miller,"6' 2"""
Cade Montgomery,"5' 10"""
Aaron Morris,"5' 10"""
Kace Naone,"6' 0"""
Dax Newman,"6' 2"""
Aaron Perez,"6' 2"""
Andrew Pyle,"6' 1"""
Levi Randall,"5' 9"""
Brock Roundy,"5' 10"""
Ethan Royal,"5' 11"""
Petey Soto,"5' 10"""
Finnegan Stewart,"6' 1"""
Jacob Taggart,"6' 0"""
Dakoda West,"6' 3"""
George Albrecht,"6' 4"""
Blake Avila,"5' 11"""
Nate Bach,"6' 2"""
Joseph Barnhardt,"6' 2"""
Mario Bejarano,"5' 11"""
Jacob Beltran,"6' 0"""
Brody Block,"5' 9"""
Colby Carter,"6' 4"""
CJ Colyer,"6' 2"""
Cougar Cooke,"6' 3"""
Wayland Crane,"6' 0"""
Jimmy De Anda,"5' 9"""
Landon Frei,"5' 10"""
Joey Harmon,"6' 1"""
Jacob Heppner,"5' 11"""
Carston Herman,"6' 0"""
Ray Hernandez,"5' 11"""
Derek Houston,"6' 2"""
Alan Huerta,"6' 1"""
Luke Iverson,"6' 0"""
Colton Kennedy,"6' 0"""
Luke Kimmel,"6' 0"""
Corbin Kirk,"6' 2"""
Carter Krosky,"6' 6"""
Cooper Littledike,"6' 3"""
Dominic Longo,"6' 3"""
Franky Lopez,"6' 3"""
DJ Massey,"5' 8"""
Joe McBride,"6' 3"""
Garrett Miller,"6' 0"""
Kevin Parker,"5' 11"""
Aaron Rice,"6' 3"""
Jayden Smith,"5'11"""
Mason Strong,"6' 1"""
Sawyer Wickstrom,"5' 10"""
Landon Zaborowski,"6' 3"""
Luke Bard,"6' 3"""
Walker Bazile,"5' 9"""
Reuben Bennevendo,NA
Luke Campbell,"6' 3"""
Josh Caravalho,"6' 7"""
Louis Castano,"5' 10"""
Jacob Cyr,"5' 11"""
Kenny Dutka,"5' 11"""
Parker Edwards,"6' 5"""
Jett Feltman,"6' 3"""
Nick Ferazzi,"6' 2"""
Katcher Halligan,"6' 0"""
Harrison Helton,"6' 0"""
Rhett Hendricks,"6' 1"""
Graham Laxton,"5' 11"""
Matt Leiterman,"6' 1"""
Alejandro Marquez,"6' 2"""
Remy Marsh,"5' 9"""
Caleb Matthews,NA
Tyler McCloskey,"6' 2"""
Kyler Mentzel,"6' 2"""
Adin Morehouse,"5' 10"""
Ben Norton,"5' 10"""
Robert Oropeza,"6' 0"""
Tevis Payne,"5' 10"""
Ryan Porche,"6' 4"""
Jeremy Rader,"6' 0"""
Trevor Roper,"6' 0"""
Ayden Slott,"5' 10"""
Jackson Walker,"6' 2"""
Gray Bane,"6' 0"""
Jose Bludau,"5' 11"""
Brandon Burckel,"5' 10"""
Jordan Bush,"6' 2"""
Adam Byrd,"6' 0"""
Daniel Calabrese,"5' 11"""
Tyler Cowan,"5' 11"""
Cameron Crotte,NA
Tony DeJesus,"6' 0"""
Jackson Elizondo,"5' 11"""
Trevor Esparza,"5' 11"""
EJ Garcia,"5' 10"""
JD Gregson,"6' 4"""
Hunter Hargett,"6' 2"""
Ryder Hernandez,"6' 0"""
AJ Herrera,"5' 10"""
Soloman James,"6' 0"""
Rob Liddington,"6' 3"""
Thomas Lyssy,"6' 3"""
Kegan Magee,"6' 2"""
Gus McKay,"5' 11"""
Edward Mendoza,"6' 0"""
Rey Mendoza,"6' 5"""
Braelin Pillot,"6' 5"""
Carter Poole,"6' 3"""
Jonah Posey,"6' 3"""
Bruno Robles,"6' 0"""
Josh Salinas,"5' 10"""
Ryan Schlotzhauer,"6' 3"""
Ryan Scott,"5'11"""
Luke Smith,"5'11"""
Jake Weaver,"5'11"""
Coleson Abel,"5' 8"""
Trent Baker,"6' 0"""
Aiden Baumann,"5' 11"""
Baylor Baumann,"5' 10"""
Reese Beheler,"6' 1"""
Caleb Castle,"6' 3"""
Easton Culp,"6' 0"""
Brayden Evans,"6' 1"""
Bryce Grizzaffi,"5' 11"""
Logan Hamm,"6' 0"""
Peyton Havard,"6' 0"""
Kameryn Henderson,"6' 0"""
Riely Hunsaker,NA
Connor Kaiser,"6' 1"""
Will Kiesel,NA
Luke Krkovski,"6' 5"""
Mark Lopez,"5' 10"""
Heladio Moreno,"5' 10"""
Kyle Moseley,"5' 10"""
Austin Neal,"6' 1"""
Ethan Oceguera,"6' 1"""
Chris Olivier,NA
Travis Phelps,"6' 4"""
Fabian Ramirez,NA
Julio Ramos,NA
Hunter Rebando,"5' 10"""
Thomas Reinholt,"6' 4"""
Hector Rodriguez,"6' 1"""
Damian Ruiz,"6' 1"""
Matt Ryan,"5'11"""
Jayden Shertel,"5' 10"""
Josh Shimmin,"5' 10"""
Zak Skinner,"5' 10"""
Zane Spinn,"6' 4"""
Hayden Stallings,"6' 1"""
Carter Sutton,"6' 4"""
Kole Tauzin,"6' 0"""
Tab Tracy,"6' 3"""
Reagan Weiblinger,"6' 3"""
Jake Blackwell,"6' 3"""
Mack Brousseau,"6' 4"""
Paul Coppinger,"6' 7"""
Brady Corcoran,"5' 11"""
Diego Corrales,"5' 9"""
Braedyn Cunningham,"6' 3"""
Cooper Devall,"5' 10"""
Easton Dowell,"5' 11"""
Larry Edwards,"6' 1"""
Bryce Fontenot,"5' 9"""
Seth Fontenot,"6' 2"""
Blayne Fritcher,"6' 5"""
Cooper Golden,"6' 4"""
Alexis Gravel,"6' 1"""
Marcus Heusohn,"6' 1"""
Braley Hollins,"6' 1"""
Simon Larranaga,"6' 4"""
Sergio Lopez,"6' 0"""
Grant Mangrum,"6' 2"""
Davis Meche,"5' 10"""
Parker Morgan,"6' 1"""
Marcus Mott,"5' 10"""
Eric Nachtsheim,"6' 4"""
Cole Plowman,"6' 2"""
Parker Primeaux,"5' 9"""
Connor Schneider,"6' 0"""
Matt Stancliff,"5' 10"""
Caleb Strmiska,"6' 10"""
Max Swenson,"6' 3"""
Jordan Thompson,"6' 2"""
Gage Trahan,"5' 9"""
Conner Westenburg,"6' 0"""
Ira Austin,"6' 2"""
Justin Best,"6' 4"""
Matthew Bienvenu,"6' 4"""
Payton Chace Boines,"6' 0"""
Brooks Byers,"6' 1"""
Bryce Calloway,"6' 5"""
Canaan Clayton,"6' 5"""
Jake D'Altrui,"6' 0"""
Cortez Dennis,"6' 7"""
Adrian Dominguez,"5'11"""
Grant Edwards,"5'11"""
Karson Evans,"6' 1"""
Matt Gonzalez,"5' 11"""
Myles Green,"6' 0"""
Dalton Hurst,"5' 9"""
Collin Husser,"6' 6"""
Skylar Jones,"6' 3"""
Carson Kimball,"6' 0"""
Zach Longshore,"6' 1"""
Jayden Lopez,"5'11"""
Bryan Loriga,"6' 0"""
Collin Loupe,"5' 9"""
Cade Mitchell,"6' 3"""
Tristan Moore,"6' 2"""
Marco Mueses,"5' 11"""
Hayden O'Dell,"6' 0"""
Xavier Rivera,"5' 9"""
Lucas Rodriguez,"5' 11"""
Gus Rogers,"6' 3"""
Jahlani Rogers,"6' 0"""
Anthony Ruiz,"6' 2"""
Alexander Saunier,"6' 0"""
Cole Syversen,"6' 0"""
Sawyer Toney,"6' 4"""
Aiden Torrez,"6' 6"""
Trey Usey,"6' 1"""
Tyler Velino,"6' 3"""
Diego Villescas,"5' 10"""
Jantzen Anderson,"6' 0"""
Aaron Biediger,"6' 2"""
Narvin Booker,"5' 7"""
Joseph Bordelon,"6' 2"""
Woody Brennan,"6' 5"""
AJ Cappell,"5' 9"""
Kaden Cloward,"6' 3"""
Jaden Collura,"5' 9"""
Noah Detillier,"6' 0"""
Luke Dickerson,"6' 7"""
Nick Fields,"6' 0"""
Dalton Hill,"6' 2"""
Fisher Ingersoll,"6' 3"""
Karson Irvin,"5' 9"""
Chase Jans,"6' 0"""
Carter Jenkins,"6' 0"""
Tyler Johnson,"5' 10"""
Harper Jordan,"6' 3"""
Michael Lindsey,"6' 7"""
Logan Mallard,"5' 10"""
Luke McGibboney,"6' 1"""
Lex Melancon,"5' 7"""
Matt Melancon,"6' 2"""
Noah Melancon,"6' 0"""
Andy Miller,"6' 3"""
Logan Mock,"5' 10"""
Nuno Parache,"6' 1"""
Cole Poirrier,"6' 3"""
Alex Roux,NA
Cole Simoneaux,"6' 2"""
Alec Sparks,"6' 4"""
Koen van 't Klooster,"6' 5"""
Christian Westcott,"6' 1"""
Adam Alexis,"6' 4"""
Austin Anderson,"6' 1"""
Braden Benton,"5' 10"""
Conner Bivins,"6' 1"""
Hudson Brignac,"5' 7"""
Tyler Bryan,"6' 2"""
Daniel Burroway,"6' 6"""
Lathen Buzard,"6' 3"""
Brandon Carter,"6' 0"""
Bennett Clement,"6' 2"""
JD DiPrima,"5' 10"""
Austin Ellis,"5' 10"""
Caden Fiveash,"6' 0"""
Rocco Gump,"6' 3"""
Trent Hillen,"6' 4"""
Sebastian Huerta,"5' 11"""
Bryce Johnson,"5'11"""
Clay Jung,"6' 0"""
Hayden Knotts,"6' 0"""
Jacob LeBlanc,"5' 9"""
Brooks Leonard,"6' 1"""
Bryce Leonard,"5' 11"""
Reese Lipoma,"5' 10"""
Lane Lusk,"5' 11"""
Wesley Marien,"6' 3"""
Dylan Marionneaux,"6' 4"""
Kaden McCoy,"5' 9"""
Aidan Newton,"6' 3"""
Cade Pregeant,"5' 8"""
Cort Pryor,"5' 10"""
Colin Rains,"6' 2"""
Kevin Robinson,"6' 1"""
Sam Stephenson,"5' 9"""
Corbin Talley,"6' 4"""
Balin Valentine,"5' 10"""
Connor Wilson,"5'11"""
Mason Wray,"6' 0"""
Chase Ambrose,"6' 0"""
Luke Barbier,"5' 10"""
Ryan Brome,"6' 1"""
Parker Coley,"6' 1"""
Michael Curry,"5' 11"""
Larson Fabre,"6' 0"""
Nick Gisclair,"6' 2"""
Jude Hall,"5' 11"""
Kaleb Howell,"6' 6"""
Jimmie Johnson,"6' 1"""
Dom Letort,"6' 1"""
Giovanni Licciardi,"6' 0"""
Luke Lirette,"6' 0"""
Mo Little,"5' 10"""
Blake Lobell,"6' 2"""
Brady McGee,"5' 10"""
Brant Melancon,"5' 9"""
Conner O'Neal,"6' 3"""
Lakin Polk,"6' 4"""
Ben Robichaux,"5' 7"""
Gray Rowlett,"6' 5"""
TJ Salvaggio,"6' 2"""
Bailyn Sorensen,"6' 2"""
Brady St. Pierre,"6' 0"""
Cole Stromboe,"5' 10"""
Brennan Stuprich,"5' 10"""
Triston Todorowski,"6' 0"""
Tony Torres,"6' 2"""
Nik Toups,"6' 5"""
Chance Vaught,"6' 1"""
Patrick Vienne,"6' 2"""
Aiden Vosburg,"6' 2"""
Logan Walters,"6' 4"""
Dane Watts,"5' 8"""
Truitt Webb,"6' 0"""
Peyton Woods,"6' 1"""
Ethan Adkisson,"6' 0"""
Elian Balmaceda,"5' 9"""
Jackson Benattar,"5' 10"""
Cemodrick Bland,"5' 10"""
Reid Bowyer,"5' 10"""
Reid Boyett,"6' 3"""
Austin Cadroy,"5' 10"""
River Curs,"5' 11"""
Kevin Duran,"5' 7"""
Seanan Farney,"6' 2"""
Isaiah Garnica,"5' 11"""
Mark Henning,"6' 4"""
Owen Hooper,"5' 11"""
Ben Hoshizaki,"5' 11"""
Dylan Hummel,"6' 1"""
Josh Ibe,"6' 3"""
David Irons,"6' 0"""
John Jackson,"5' 10"""
Jack James,"6' 2"""
Garrett Landry,"6' 3"""
Dylan Mulcahy,"6' 3"""
Dalton Mullins,"6' 3"""
Kadin Munson,"6' 0"""
Trent Nickerson,"6' 2"""
Mason Poppen,"5' 10"""
Matthew Reinholtz,"5' 9"""
Cooper Schneider,"5' 11"""
Julian Swift,"5' 10"""
Cody Templeton,"6' 0"""
Hayden Tronson,"6' 2"""
Dante Turgeon,"6' 3"""
Jonathan Valdez,"5' 11"""
Blake Wolf,"6' 0"""
Blane Zeplin,"6' 4"""
Josh Blount,"5' 11"""
Gage Burdick,"5' 11"""
JJ Bush,"6' 0"""
Dante Cano,"6' 3"""
Tristan Crane,"5' 11"""
Trey Cruz,"6' 3"""
Nathan Darden,"6' 0"""
David Dean,"6' 4"""
Peyton Firgens,"6' 2"""
Jarrett Flaggert,"6' 5"""
Zach Garcia,"6' 2"""
Dylan Hill,"6' 3"""
Stephen Hom,"5' 10"""
Cole Hubka,"5' 11"""
Michael Infranca,"5' 9"""
Drake Kerr,"5' 11"""
Karson Krowka,"6' 0"""
Braden LaRusso,"6' 0"""
Mario Mendoza,"5' 11"""
Matt Molina,"6' 0"""
Adam Muirhead,"6' 3"""
Chad Pantuso,"5' 8"""
Mason Persons,"5' 10"""
Chance Reisdorph,"6' 2"""
Luke Robertson,"6' 4"""
Austin Russell,"6' 0"""
Cade Sanchez,"5' 9"""
Tito Santos,"6' 2"""
Bryson Shea,"6' 2"""
Luke Singleton,"6' 3"""
Easten Smith,"5' 11"""
Jackson Smith,"5'11"""
Christian Smith-Johnson,"6' 1"""
Dylan Snead,"5' 11"""
Cam Soliz,"5' 10"""
Will Stark,"5' 11"""
Logan Vaughan,"6' 1"""
Preston Watkins,"6' 3"""
Isaac Webb,"6' 0"""
Cody Carwile,"6' 4"""
Andrew Cotten,"6' 5"""
Landon Crumbley,"6' 4"""
Tristan Curless,"6' 3"""
Colin Eaton,"5' 11"""
Cason Engert,"6' 3"""
Eli Evans,"6' 0"""
Henry Ferguson,"6' 0"""
Carter Fink,"5'11"""
JR Fordham,"5' 10"""
Brady Frederick,"5' 11"""
Grant Gallagher,"5' 10"""
Logan Grass,"5' 10"""
Michael Harpster,"6' 0"""
Andrew Hill,"6' 4"""
Jace Hyde,"6' 2"""
Blake Jacklin,"5' 11"""
Tate Jones,"5' 11"""
Gabe Juarez,"6' 3"""
Joey Little,"6' 0"""
Derek McCarley,"5' 10"""
Axel Melendez,"5' 10"""
Cody Miller,"5' 11"""
Lenny Montesano,"6' 4"""
Carter Oliff,"6' 3"""
Jamie Palmese,"5' 11"""
Andrew Ronne,"6' 3"""
Will Smoot,"6' 2"""
Cooper Torres,"5' 10"""
Jack Vest,"6' 1"""
JD Yakubinis,"6' 0"""
Jess Ackerman,"6' 3"""
Caden Alvey,"6' 2"""
Brant Baughcum,"6' 2"""
Ely Brown,"6' 0"""
Terry Busse,"6' 3"""
Lawson Cole,"6' 1"""
Cade Cosper,"6' 0"""
Colton Cosper,"6' 1"""
Riley Cruce,"6' 0"""
Ty Dalley,"6' 4"""
Kai Decker,"6' 1"""
Collin Ewaldsen,"6' 0"""
David Falloon,"6' 4"""
Bradley Frye,"6' 2"""
Andrew Garnett,"6' 1"""
Jackson Gaspard,"6' 0"""
Greyson Gegg,"6' 3"""
Michael Graziano,"6' 3"""
Bryce Hawkins,"6' 0"""
Drew Johnson,"6' 1"""
Jeb Johnson,"5' 11"""
Craig Kalkbrenner,"6' 0"""
Titan Kamaka,"6' 0"""
Braydon Kersey,"6' 1"""
Brayden Lawrence,"6' 5"""
Parker Lester,"6' 4"""
KJ Moon,"6' 1"""
Wyatt Mummert,"6' 1"""
Zach Murphy,"6' 5"""
Cade Norton,"6' 0"""
Cody Soliday,"6' 0"""
Eli Stephens,"6' 2"""
Micah Takac,"6' 3"""
Zach Thomas,"6' 3"""
Ford Thompson,"6' 1"""
Zack Thompson,"5' 11"""
Noah Berry,"6' 5"""
Mason Blasche,"6' 2"""
Charlie Bozeman,"5' 10"""
Brayden Broome,"6' 1"""
Cade Carr,"5' 10"""
Heath Clevenger,"6' 6"""
Drew Druckenmiller,"6' 3"""
Gus Gandy,"5' 9"""
Mike Gupton,"5' 9"""
Jackson Harris,"5' 11"""
Trey Higgins,"6' 2"""
Cullen Horowicz,"6' 4"""
Jeffrey Ince,"5' 10"""
Cameron Keshock,"6' 7"""
Will Lawrence,"6' 4"""
Joseph Lee,"6' 5"""
Josh Leerssen,"6' 4"""
Will Lynch,"6' 4"""
John Malone,"6' 2"""
Parker McDonald,"5' 10"""
Hayden Perry,"6' 0"""
Gatlin Pitts,"5' 10"""
Angelo Prieto,"6' 0"""
Brooks Rice,"6' 4"""
Miller Riggins,"6' 1"""
Trey Sanders,"6' 1"""
Jake Souders,"6' 2"""
Evan Steckmesser,"6' 1"""
Matthew Strand,"6' 0"""
Austin Tommasini,"6' 0"""
Ty Truett,"5' 10"""
Bodie Vail,"6' 0"""
John Whitney,"5' 10"""
Chandler Anderson,"6' 3"""
TJ Anderson,"6' 0"""
Yates Bland,"6' 5"""
Ben Brash,"6' 4"""
Manning Burgess,NA
Noah Cadiz,"5' 7"""
Cole Canty,"6' 3"""
Tyler Christmas,"6' 1"""
Conner Cummiskey,"5' 10"""
Phillips Daniels,"6' 0"""
Zane Davis,"6' 0"""
Garrett Dill,"6' 0"""
Travis Elliott,"5' 9"""
George Derrick Floyd,"5' 10"""
Maddox Floyd,"5' 9"""
Garrett Fulmer,"5' 11"""
Anthony Hausner,"6' 3"""
Will Holmes,"6' 0"""
Landon Kahl,"6' 1"""
Robbie Lane,"5' 10"""
Matthew Lively,"6' 3"""
Chase Loggins,"6' 2"""
Aryan Patel,"6' 0"""
Fisher Paulsen,"6' 1"""
Matthew Polk,"6' 3"""
Rhyder Poppell,NA
Thomas Rollauer,"5' 10"""
Andrew Stanley,"6' 5"""
Lane Tobin,"5' 10"""
CJ Van Slooten,"6' 6"""
Maddox Webb,"6' 2"""
Oliver Wood,"6' 0"""
Grant Aycock,"6' 5"""
Jacob Budzik,"5' 9"""
Noah Chapman,"6' 0"""
Jake Colucci,"6' 1"""
Mayson Dear,"6' 0"""
Jacob Dilley,"6' 1"""
Malachi Gales,"6' 1"""
William Greenway,"6' 1"""
Boone Herman,"6' 0"""
Luke Holland,"6' 2"""
Luke Jenkins,"6' 4"""
Branton Jernigan,"5' 10"""
Case Kermode,"6' 0"""
Hazen Lancaster,"6' 2"""
Jay Miller,"6' 6"""
Sam Murchison,"6' 1"""
JJ Parsons,"5' 11"""
Jose Perez,"5' 11"""
Jack Pokorak,"6' 2"""
Rob Ready,"6' 3"""
Jonathan Sendziak,"6' 0"""
Hunter Shuey,"6' 3"""
Dylan Smith,"5'11"""
Tyler Steele,"6' 3"""
Danny Thompson,"6' 0"""
Brantley Truitt,"6' 0"""
Trey Truitt,"6' 3"""
Austin Walsh,"6' 0"""
Zach Walsh,"5' 9"""
Parker Wight,"6' 4"""
Greyson Wild,"6' 3"""
Jeremy Wolf,"5' 9"""
Sam Bennett,"5' 7"""
Seth Buchanan,"6' 0"""
Addison Clark,"6' 3"""
Cole Cook,"6' 2"""
Peyton Dhein,"5' 10"""
Clark Driscoll,"5' 5"""
Grayson Fitzwater,"6' 1"""
Bradley Garner,"6' 2"""
Brycen Hamilton,"6' 4"""
Nathan Hawley,"6' 2"""
Andrew Jones,"6' 0"""
Kazuya Jordan,"5' 9"""
Kennen Lewis,"6' 0"""
Jaxon Lloyd,"6' 1"""
James Newsome,"6' 7"""
Evan Parmer,"6' 0"""
Max Perry,"6' 2"""
Ryan Peterson,"5'11"""
Caden Plummer,"5' 11"""
Owen Prince,"5' 9"""
Cole Raile,"6' 0"""
Owen Riley,"6' 1"""
Ayden Schnarrs,"5' 10"""
Hunter Sipe,"6' 1"""
Will Slater,"6' 1"""
Justin Spiegel,"6' 0"""
Boston Torres,"5' 9"""
Marcus Van Alstine,"6' 0"""
Peyton Vaught,"6' 2"""
Roberto Velasquez,"5' 11"""
Nolan Williamson,"6' 2"""
Jacob Arnberger,"5' 10"""
Owen Austin,"6' 0"""
Davis Budd,"6' 2"""
Carter Burnette,"6' 4"""
Charlie Collins,"6' 2"""
Brayden Corn,"5' 11"""
Maret Drye,"6' 1"""
Hayden Friese,"6' 1"""
Kaden Fuller,"6' 1"""
Griffin Guinther,"6' 0"""
Spenser Hamblen,"6' 2"""
Mason Holton,"6' 3"""
Shane Huntsberger,"6' 1"""
Cole Jones,"6' 1"""
Jaylen Jones,"5' 9"""
Bryant Kimbrell,"6' 3"""
Brandon Langley,"6' 6"""
Evan Langston,"6' 1"""
John Lobs,"6' 3"""
Jackson Lyda,"6' 2"""
Gavin Maines,"6' 0"""
Cam Murray,"6' 1"""
Josh Ossiander,"6' 1"""
Cannon Pickell,"6' 2"""
Noah Quarless,"6' 1"""
Brody Raleigh,"5' 10"""
Dusty Revis,"6' 2"""
Yates Sikes,"5' 8"""
Elijah Smith,"5' 11"""
Trey Spees,"6' 0"""
Jack Spyke,"6' 3"""
Wyatt Stanley,"6' 0"""
Trent Turner,"6' 0"""
Brent Walls,"6' 2"""
Ryan White,"5' 9"""
Miller Alston,"5' 11"""
Tyler Bak,"6' 0"""
Ethan Belk,"5' 10"""
Alec Bouchard,"6' 2"""
Niko Brini,"5' 10"""
Harrison Campi,"5' 11"""
Cade Collins,"6' 2"""
Mason Compton,"6' 3"""
Grant Comstock,"6' 6"""
Cullen Condon,"5' 10"""
Champ Davis,"6' 1"""
Sheldon Egger,"6' 3"""
Wes Estes,"6' 1"""
Raul Feliz,"5' 9"""
Lucas Grantham,"6' 2"""
John Gray,"5'11"""
Adam Haber,"5' 10"""
Tanner Hardin,"5' 11"""
Tyler Hare,"6' 1"""
Hunter Herndon,"6' 3"""
Braden Hofmeyer,"5' 11"""
Austin Laughlin,"6' 4"""
James Layman,"6' 0"""
Branton Little,"6' 4"""
Drew Loikits,"6' 1"""
Andrew Mannelly,"6' 0"""
Lucas Manning,"5' 11"""
Noah McMahon,"6' 2"""
Kenny Michaels,"6' 4"""
Zach Porter,"6' 0"""
Carter Rasmussen,"6' 6"""
Dylan Rhadans,"6' 5"""
Michael Sills,"6' 1"""
Ben Timblin,"6' 3"""
Logan Tribble,"5' 11"""
David Wiley,"5' 11"""
Ryan Wynn,"6' 0"""
Luke Addison,"6' 1"""
Calvin Baker,"5' 11"""
William Beasley,"5' 11"""
Tyler Bullock,"6' 2"""
Hill Corley,"6' 1"""
Brady Davis,"5'11"""
Matt Delay,"6' 2"""
Sebastian Griffeth,"6' 2"""
Ty Grover,"6' 0"""
Isaiah Haygood,"5' 10"""
Trent Justice,"5' 10"""
Landon Kiefer,"5' 10"""
David Kile,"6' 1"""
Chase Ledger,"6' 0"""
Austin Lee,"6' 1"""
Xander Little,"5' 11"""
Colin Loeffler,"6' 1"""
Andrew McBride,"6' 0"""
Austin Nipper,"5' 11"""
Jeremiah Reddell,"5' 10"""
Gercal Reyes,"6' 0"""
Austin Roberts,"6' 0"""
Dominic Rutigliano,"5' 10"""
Nate Saavedra,"6' 0"""
Seth Stargell,"5' 10"""
Emory Stephens,"6' 1"""
Perry Usher,"6' 2"""
Quindon Wright,"6' 3"""
Guillermo Yepes,"6' 4"""
Jaquez Akins,"6' 2"""
Elijah Banks,"6' 3"""
Malcolm Bates,"6' 0"""
Myles Blue,"6' 0"""
Isaiah Canty,"6' 3"""
Kenyan Conner,"6' 4"""
Yosmill Diaz,"5' 9"""
Brailin Duran,NA
Carson Fellows,"6' 6"""
Jose Gil,NA
Nicholas Gioia,"5' 8"""
Juan Guardado,NA
Cameron Haley,"6' 3"""
Jacob Hall,"5' 10"""
Preston Hall-Pointer,"5' 10"""
Tymon Holloman,NA
Jalen Hudson,"6' 0"""
Jayden Jordan,"6' 2"""
Jamell Mitchell,"5' 7"""
Justin Murray,"6' 4"""
Jonathan Olmedo,"6' 0"""
Ri'shon Pearl,"6' 1"""
Anthony Ramos,NA
Justine Rodriguez,"5' 11"""
Demetrous Warren,"6' 0"""
Donnie Weston,"6' 2"""
Shane Williams,"6' 2"""
Dorian Andrews,"6' 2"""
Justin Baldwin,"5' 9"""
Sean Bolin,"6' 3"""
Terry Cruz,"5' 11"""
Andrew Cyphers,NA
Dylan Diaz,"5' 11"""
Jaden Foster,"5' 9"""
Andrew Garner,"6' 2"""
Jairus Harris,NA
Justin Johnson,"5'11"""
Stacy Johnson,NA
Jason Jones,"5' 10"""
Dominic Lee,"5' 10"""
Andrew Leonard,NA
Tucker Love,"6' 0"""
Braelin Mitchell,NA
Corrage Montgomery,"5' 9"""
Winston Noel,"5' 10"""
ZyKoabi Randolph,"6' 0"""
Alijah Robinson,"6' 4"""
Dylan Scott,"5'11"""
Sean Stewart,"5' 9"""
Asa Waites,"6' 0"""
Nikko Bates,"5' 9"""
Anthony Bayyat,"6' 0"""
Andres Carracciolo,"6' 3"""
Cameron Chastain,"6' 2"""
Alexander Davila,"5' 11"""
Caden Hutchinson,"5' 8"""
Torry Jones,"6' 3"""
Bruno Lopez,"5' 11"""
Jeremyah Martinez,"5' 10"""
Erickson Matos,"6' 0"""
J.C. Medina,"5' 11"""
Dave Mitchum,"5' 7"""
Jeremy Nieves,"6' 1"""
Conner Nobles,"5' 4"""
Luis Nuñez,"5' 7"""
Efrain Pantoja,"6' 0"""
Elvin Polanco,"6' 3"""
Liam Prepetit,"6' 0"""
Raul Ramirez,"5' 10"""
Misael Ramos,"5' 11"""
Adain Rice,"5' 9"""
Sebastian Rosado,"5' 10"""
Hugo Schoening,"5' 10"""
Cason Shurling,"6' 0"""
Dannon Smith,"5' 10"""
Jordan Smith,"5'11"""
Josh Taylor,"5' 10"""
Michael Thomas,"6' 4"""
Bobby Torres,"6' 3"""
Will Valenti,"6' 2"""
Luis Valero,"6' 1"""
Xerian Ximines,"6' 0"""
Jalen Anderson,NA
Tucker Barnes,NA
Ryan Campbell,NA
Somer Cedeno,NA
Logan Christophel,NA
Brad Dossett,NA
Kendall Garland,"5' 10"""
Anthony Holt,"6' 2"""
A.J. Jackson,"6' 0"""
Preston Jones,"6' 0"""
Kennon Kemp,NA
Zion Lewis,"6' 0"""
Yosvany Marquez,"6' 0"""
Gavyn Minyard,"5' 11"""
Collin Nolden,NA
Natanael Ocasio,"5' 10"""
Cullen Odom,"6' 2"""
Camren Patterson,"6' 2"""
Cedric Poellnitz,"5' 10"""
Ashton Renfro,NA
Mario Rivas,"6' 0"""
Bakari Rush,"5' 10"""
Josiah Saleem,NA
Tallen Seward,NA
Andrew Smith,NA
Parker White,"6' 0"""
Collin Williams,NA
Brady Wooldridge,NA
Trey Babbitt,"5' 7"""
Cason Blunt,"5' 9"""
Nick Deterding,"6' 1"""
Jaden Garcia,"5' 10"""
Gabriel Garza,"5' 9"""
Christian Gomez,"5'11"""
Saul Gonzalez,"5' 7"""
Keshon Hall,NA
Trae Hall,"5' 10"""
Ricky Jennings,"6' 1"""
Anderson Jorge,"6' 3"""
Ryan Kinney,"6' 4"""
Casey Lockwood,"6' 1"""
Devin Loor,"6' 0"""
Savian Loor,"6' 0"""
Michael O'Neill,"5' 10"""
Brayden Perkins,"6' 0"""
Desean Rogers,"6' 1"""
Ray Sobrino,"5' 11"""
Eli Vazquez-Garcia,"5'11"""
Joshua Wilburn,"5' 10"""
Cody Wood,"6' 3"""
Brody Ashley,"6' 2"""
Mason Beville,"6' 0"""
Trae Burton,"6' 3"""
Jonathan Coleman,"5' 8"""
Napoleon Colston,NA
Kai Finch,"5' 7"""
Gabriel Fuentes,"5' 8"""
Brandon Gooden,NA
Ibrahim Marrero,"5' 11"""
Kevin Maya,"6' 0"""
Aiden McCallister,"6' 1"""
Ryan Meglis,"6' 0"""
Vincent Norvell,"5' 8"""
Darrell Pender,"5' 6"""
Nathan Sanchez,NA
Onterrio Sealie,"6' 0"""
Narrada Smith,"6' 1"""
Cameron Williams,"6' 2"""
Tahj Williams,"5' 10"""
BoBo Barnes,"5' 8"""
Elijia Barney,"6' 0"""
Blane Bradford,"5' 11"""
Auston Brewer,NA
Kaden Burch,"6' 4"""
Chase Christian,"5' 10"""
Nick Copen,"6' 5"""
Bryan Cruz,"6' 0"""
Rodney DeJesus,"5' 11"""
Marques Dunn,"6' 3"""
Benen Fernandez,"6' 5"""
Caleb Grubbs,"5' 11"""
Trent Jones,"6' 2"""
Caden Keifer,"6' 3"""
Kolby King,"6' 2"""
Daveyon Lavender,"5' 7"""
Brandon Leroy,"6' 2"""
Zakry Licastro,"5' 7"""
Jackson Lindsey,"5'11"""
Joseph Lonnette,"5' 11"""
Camden Matthews,"6' 3"""
Gavin Millians,"6' 0"""
Marquis Mitchell,"6' 0"""
Jordan Pearson,"5' 8"""
Kaleb Priest,"5' 9"""
Jaelyn Rhynes,"6' 1"""
Micah Smith,"5'11"""
Michael Smith,"5'11"""
Trace Spann,"5' 8"""
Tyler Spruill,"5' 11"""
Walton Thompson,"5' 11"""
Casey Threats,"5' 10"""
Xavier Wallace,"6' 1"""
Cameron Warren,"5' 10"""
Myles Wessels,"6' 1"""
Landon Whitehead,"5' 7"""
Conner Whitfield,"5' 10"""
Jayvionne Williams,"5' 9"""
Jayson Wood,"6' 0"""
Cornell Boyd,"5' 10"""
Calvin Butts,"6' 4"""
Darrien Chapman,"6' 0"""
Vernon Clay,"6' 0"""
Victor Clay,"5' 9"""
Jeremiah Coley,"5' 7"""
Amir Faulkner,"5' 11"""
Kendyn Fredieu,"6' 0"""
Jalen Gibbs,"5' 10"""
Julian Goodman,"6' 0"""
Myles Gordon,"5' 11"""
Noah Grayson,"6' 4"""
Satchel Hamilton,"6' 0"""
Princeton Hawks,"5' 6"""
Ahsaan Henson,"6' 0"""
Lee Hodges,NA
Elijah James,"6' 0"""
Raymond Jenkins,"5' 11"""
Jailen Johnson,"5' 7"""
Clayton Kayira,"6' 1"""
Zachary Kelly,"6' 0"""
Jamie Lawrence,"6' 0"""
Edwin Lewis,"5' 9"""
Anthony Lott,"5' 8"""
Amir Makle,NA
Ian Makle,"6' 3"""
Denver Matthews,"5' 9"""
Mariano McLean,"6' 2"""
Keith Minor,"5' 7"""
Triston Minor,"5' 9"""
Quenton Mitchell,"6' 1"""
Saivion Mohammed,"5' 8"""
Natanael Oca,NA
Dejorryn Pettis,"5' 10"""
Elijah Pinckney,"5' 6"""
Nicholas Pittman,"6' 0"""
Drew Rhoden,"5' 8"""
Robert Robinson,"6' 1"""
Donyae Smith,"5' 8"""
Josiah Smith,"5' 11"""
Cameron Solomon,"5' 9"""
Roman Stamps,"6' 0"""
James Thorpe,"6' 3"""
Myles Tucker,"6' 0"""
Brian Urquart,NA
William Walker,"6' 0"""
Kareem Weaver,"5' 11"""
Jackson Weir,"6' 4"""
TJ Whiteman,"5' 8"""
Bryce Bause,"6' 1"""
Jan'i Belcher,"6' 0"""
Hunter Bradshaw,"6' 0"""
Noah Brown,"5'11"""
Farah Castillo,"6' 2"""
Ethan Charles,"6' 1"""
Kijani Clarington,"6' 1"""
Rodney Evans,"5' 8"""
Gregorio Gonzalez,"5' 10"""
Julian Grier,"5' 10"""
Chandler Hicks,"6' 2"""
Gavin Jusino,"6' 3"""
Evan Kehren,"6' 3"""
Joshua Krutchik,"5' 10"""
Will Mahoney,"5' 11"""
Solomon Masters,"6' 5"""
Austin McCormack,"5' 11"""
Addrian McNeal,"5' 11"""
Adonis Perez,"6' 4"""
Malik Price,"5' 6"""
Roberto Robles,NA
Caden Rogers,"5' 9"""
Jacob Rushin,"6' 2"""
David Sanders,"5' 10"""
Johan Sandoval,"6' 0"""
Brevin Smith,"5' 11"""
Kendal Spencer,"6' 1"""
Payton Taylor,"5' 9"""
Brayden Thomas,"6' 2"""
Giovante Tomlins,"5' 11"""
Luka Torralva,"5' 8"""
Tyler Tucker,"6' 4"""
Reginald Tuggle,"6' 0"""
Aidan Turner,"5' 11"""
Zachary Turner,"5' 11"""
Tra'Vonte Williams,"6' 2"""
Anthony Aleman,"6' 6"""
Bryce Anderson,"5' 9"""
Jon Barnard,"5' 8"""
Enrique Barraza,"6' 2"""
Eli Benoit,"5' 9"""
Korey Bunselmeyer,"6' 0"""
Kaleb Bush,"6' 5"""
Arlon Butts,"6' 3"""
Jonah Cook,"6' 2"""
Reggie Cooper,"6' 2"""
Isaac Crabb,"6' 2"""
Ethan Davis,"5'11"""
Alex Dicke,"6' 5"""
Walter Guillot,"5' 10"""
Landen Harris,"6' 2"""
Nick Hunter,"5' 7"""
Steele Jackson,"6' 0"""
Miles Justin,"6' 1"""
Jackson Kent,"6' 4"""
David King,"6' 1"""
Weston Kirk,"6' 1"""
Jack Lahr,"6' 2"""
Garrett Lott,"6' 2"""
Jay McCants,"5' 10"""
Gavin Moran,NA
Michael Racobaldo,"6' 4"""
Holden Robinson,"6' 3"""
Parker Serio,"6' 2"""
Kai St. Germaine,"6' 0"""
AJ Swader,"6' 0"""
Cooper Symmons,"6' 0"""
Jack Taylor,"6' 0"""
John Webb,"6' 4"""
Seth Williams,"5' 10"""
Alandas Armistad,"6' 1"""
Harrison Barnes,"6' 3"""
Jacobi Brooks,"5' 8"""
Jerald Bush,"5' 11"""
Austin Evans,"6' 2"""
Alex Glass,"5' 11"""
Jared Harmon,NA
Jaylen Hill,"5' 10"""
Jabari Johnson,"5' 9"""
Evan Jones,"5'11"""
Isaiah Jones,"5' 11"""
Devon Lee,"6' 0"""
Mikelle Mason,"6' 2"""
Carter McKenzie,NA
Collin McLain,"5' 7"""
Amare Morgan,NA
Ryan Morrow,"5' 10"""
Rodney Mudd,"5' 10"""
Jordan Peterman,"6' 2"""
Richard Powell,NA
Nicholas Pratt,"5' 10"""
John Saffold,"5' 10"""
James Slaughter,"6' 3"""
Cayden Smith,"5'11"""
Chris Smith,"6' 0"""
Mehki Smith,NA
Eli Speights,"5' 10"""
Jahsha Stevens,"5' 9"""
Samarion Ward,"5' 10"""
Terry Ware,"5' 9"""
Daniel Williams,"5' 11"""
Scott Williams,"6' 0"""
Mason Behn,NA
Jimmy Breen,"5' 11"""
Aiden Brunner,NA
Ryan Comella,NA
Mac Crismond,"5' 10"""
Trent Dosenbach,NA
Todd Douglas,NA
Tanner Evans,NA
Casey Finck,"6' 2"""
Devin Fletcher,"6' 8"""
Drew Gault,NA
Adam Gausman,NA
Kyle Gill,NA
Trace Hartman,NA
Nick Hulme,NA
Landon Ingram,NA
Collin Kemp,NA
Caleb Knapp,NA
Harry Lamont,NA
Samuel Lemond,NA
Patch Lyman,"6' 3"""
Wilfredo Mendez,"5' 10"""
Alec Mendoza,"6' 0"""
Dakota Miller,"6' 2"""
Matt Mills,NA
Nolan Moore,NA
Tyler Parks,"5' 10"""
Austin Perando,"6' 1"""
Carter Rust,"6' 4"""
Sam Sheets,NA
Joe Simonetta,NA
Campbell Spradling,NA
John Stansbury,NA
Davis Stoeckert,NA
Zachary Sylverston,NA
Scott Templeton,"6' 2"""
Matthew Toops,NA
Evan Ulrich,"5' 11"""
William Van Meter,NA
Nate Vargo,"6' 3"""
Devin Walsh,NA
Lane Weismiller,NA
Tyson Willis,"6' 4"""
Damian Witty,NA
Braylen Baker,"6' 1"""
Dalton Benson,"6' 3"""
Korbin Bostic,"5' 11"""
Brendan Brady,"6' 1"""
Connor Brizendine,"5' 10"""
Tyson Burke,"5' 10"""
D.J. Christian,"5' 9"""
Kerry Collins,"6' 4"""
D. Dalton,NA
Logan Darrow,"5' 8"""
Matthew DiSanti,"6' 1"""
Nick DiSanti,"6' 0"""
Demario Faison,"5' 11"""
Braden Farmer,"6' 2"""
Dawson Gragg,"6' 1"""
Joe Hastings,"6' 4"""
Austin Heart,NA
MJ Hunter,"5' 10"""
Coby Ingle,"6' 3"""
Demetri Jamison,"5' 11"""
Hayden Jones,"6' 2"""
Mason Kisamore,"6' 2"""
Andrew LaPerle,"5' 8"""
Ty Livingston,"5' 11"""
Jayden Nixon,"6' 1"""
Zach Powell,"5' 10"""
Jake Robinson,"5'11"""
Kenny Robinson,"5' 9"""
Christian Shrewsbury,"6' 0"""
AJ Strickland,"6' 4"""
Kaden Swaim,"6' 2"""
Broc Taylor,"6' 3"""
Hunter Thomas,"5'11"""
JT Thompson,"5'11"""
Maddux Walker,"6' 0"""
Kyle Ball,"6' 0"""
Cooper Blackburn,"5' 9"""
Logan Bradish,"6' 2"""
Mason Brenneman,"6' 2"""
Preston Bright,"6' 5"""
Zach Calef-Boring,"5' 8"""
Park Croyle,"5' 9"""
Joseph De La Nuez,"5' 8"""
Bronson Ferencak,"6' 1"""
Shamus Gallo,"5' 10"""
Chase George,"5' 9"""
Joe Ginn,"6' 4"""
Carson Gorby,"5' 8"""
Noah Hanna,"5' 11"""
Bryce Hines,"6' 2"""
Cort Kegley,"6' 3"""
Larry Kusan,"5' 9"""
Isaac Lane,"6' 3"""
Ethan Marshall,"5'11"""
Grant Mealey,"6' 1"""
Tyler Mendoza,"5' 11"""
Dylan Miller,"5' 11"""
Jack Murphy,"6' 2"""
Xavier Perry,"6' 3"""
Kelvin Probst,"5' 11"""
Diego Reyes,"5' 9"""
Brycen Sechler,"5' 9"""
Kyle Thomas,"5' 7"""
Jett Walters,"6' 0"""
Malakai Webb,"5' 10"""
Connor Bailey,"5' 8"""
Drew Bailey,"6' 1"""
Gage Bibey,"5' 11"""
Zach Brennan,"6' 1"""
Micah Canterbury,"6' 2"""
Noah Canterbury,"6' 1"""
Caleb Cottle,"6' 1"""
Andrew Coursin,"6' 3"""
Luke Emory,"6' 0"""
Lukas Genin,NA
Nick George,NA
Ryan Goff,"6' 0"""
Dylan Gongola,"6' 1"""
Sean Harasin,"6' 6"""
Tyler Haskins,"5' 10"""
Will Hunt,"6' 2"""
Maddox Johnston,NA
Kellen Kinsler,NA
Cam Manns,"6' 4"""
Evan McDade,"6' 3"""
Cameron Moore,"5' 9"""
Quintin Reep,"5' 11"""
Gunner Riley,"5' 7"""
Mac Schnur,"6' 0"""
Quintin Smith,"5' 11"""
Kris Sutton,"6' 3"""
Connor Tingler,"6' 2"""
Dylan Travinski,"5' 10"""
Isaac Van Meter,"6' 3"""
Sammy Viani,NA
Tyler Wilkinson,"6' 0"""
Kade Abrisz,"5' 10"""
Kody Abrisz,"5' 10"""
Ryan Adams,"5'11"""
Patrick Bauer,"6' 8"""
Ben Berger,"6' 0"""
Evan Biddle,"6' 3"""
Zane Bohn,"6' 5"""
Cristian Bonilla,"6' 3"""
Ryan Bouma,"5' 11"""
Liam Bowen,"6' 2"""
CJ Carmichael,"6' 2"""
Cole Carter,"6' 0"""
Tiernan Daly,"5' 10"""
Zach Dodson,"5'11"""
Josh Domaracki,"5' 11"""
Ethan Grieb,"6' 1"""
Mikey Guy,"6' 0"""
Manny Hall,"5' 10"""
Logan Helser,"6' 0"""
Mike Hemelt,"6' 0"""
Bryce Hendricks,"6' 0"""
Jake Holler,"6' 1"""
Cael Huyer,"6' 1"""
Cam King,"6' 2"""
Hunter Layhew,"6' 4"""
Jacob McDonald,"6' 1"""
Doyle McNew,"6' 3"""
Daniel Morgano,"6' 3"""
Todd Murphy,"5' 10"""
Joe Pippin,"6' 4"""
Maizen Price,"6' 6"""
Cy Probst,"5' 10"""
Jack Ray,"6' 2"""
Jackson Schalick,"6' 0"""
Brian Scott,"5' 10"""
Cody Sharman,"5' 8"""
Christian Shertzer,"5' 10"""
Bryce Snyder,"6' 2"""
Kamden Sowers,"6' 0"""
Randy Steen,"5' 11"""
Nate Vermillion,"6' 2"""
Ben Wieman,"6' 2"""
Zac Bayor,"6' 0"""
Gavin Blair,"5' 10"""
Adam Bright,"5' 10"""
Cameron Byers,"5' 8"""
Jet Cajigas-Martinez,"5' 9"""
Austin Carter,"6' 0"""
William Chu,"5' 10"""
Jonah Clem,"5' 9"""
Austin Corn,"6' 4"""
Ashton Crace,"6' 1"""
Carlos De Jesus,"6' 2"""
Jesus Del Valle,"6' 0"""
Nathan Farmer,"5' 9"""
Logan Frank,"6' 2"""
Will Goldman,"6' 1"""
Cole Grady,"6' 0"""
Lakin Greathouse,"5' 10"""
Colby Guy,"5'11"""
Jayden Helmick,"6' 1"""
Aidan Hoffmeyer,"6' 6"""
Conner Keys,"6' 0"""
Grant Landis,"6' 1"""
Zach Laurie,"6' 0"""
Quinn Lenamon,"6' 0"""
Josue Matos,"6' 2"""
Jacob Meadows,"5' 11"""
Lance Minson,"6' 4"""
Luka Moore,"6' 0"""
Owen Norris,"5' 10"""
Noah Petrovich,"5' 10"""
Luke Sweigart,"6' 1"""
Trent Taylor,"6' 7"""
Ty Walton,"5'11"""
Harold Boyce,"6' 4"""
Matt Brandt,"5'11"""
Jared Campbell,"5' 11"""
Jordon Campbell,"6' 0"""
Javier Cardoso,"6' 0"""
Brandon Clifford,"6' 3"""
Logan Creamer,"6' 2"""
Blake Ewing,"6' 2"""
Marcus Franco,"6' 3"""
Sam Georgiana,"6' 0"""
Luis Gonzalez,"6' 4"""
Zane Griffaton,"6' 1"""
Trevor Jones,"6' 3"""
Orlando Leon,"5'11"""
Edward Mateo,"5' 9"""
Omar Morillo,"5' 8"""
Ethan Parker,"5' 11"""
Joseph Pilewski,"5' 10"""
Jonathan Ramallo,"6' 0"""
Ramon Rodriguez,"5' 11"""
Paul Ruiz,"6' 0"""
Isaac Santana,"6' 0"""
Crixtian Taveras,"6' 1"""
Joey Tedesco,"6' 3"""
Ethan Van Scoy,"6' 5"""
Chris Williams,"6' 0"""
Will Balgo,"6' 5"""
Andrew Benchich,"6' 3"""
Mason Bille,"6' 6"""
Conner Chancey,"6' 4"""
Mason Chaney,"6' 4"""
Ryan Clark,"6' 0"""
Ethan Conley,"5' 11"""
Colby Conn,"6' 2"""
Drake Dobson,"6' 0"""
Luke Foley,"6' 2"""
William Glick,"6' 1"""
Brady Harmon,"5' 11"""
Kobe Hill,"5' 8"""
Connor Huzicka,"6' 2"""
Kameron Jackson,"6' 4"""
Brodee Latocha,"5' 11"""
Chase Lautner,"6' 0"""
Luke Marsh,"5' 10"""
Joey Medkeff,"6' 5"""
Noah Mildren,"6' 0"""
Noah Neely,"5' 10"""
Adam Och,"5' 11"""
Tanner Pelaez,"5' 8"""
Jackson Phillips,"6' 1"""
Jake Sherman,"5' 11"""
Kristopher Skeen,"5' 9"""
Ryan Talbert,"5' 9"""
Jacob Watson,"6' 1"""
Hunter White,"6' 3"""
Craig Wilson,NA
Bryce Winter,"6' 1"""
Ethyn Barnitz,"6' 0"""
Tyrus Baumgardner,"6' 3"""
Michael Bittinger,"6' 2"""
Nate Bittinger,NA
Bryson Brown,"6' 2"""
Jacob Buysee,"6' 3"""
Ethan Cohen,NA
JT Fabian,"6' 1"""
Connor Fizer,"6' 2"""
Karson Frye,NA
Brodie Guenther,"6' 0"""
Ayden Hodges,"5' 9"""
Caleb Lafunor,"6' 6"""
Brian Lingenfelter,"6' 0"""
Zane Loveday,"6' 6"""
Charlie McGuiness,"6' 3"""
Hunter McSweeney,"6' 0"""
Brandon Morrison,NA
Jared Nethercut,NA
Caleb Nutter,"5' 10"""
Tyler Overaitis,"5' 10"""
Jacob Painter,"5' 11"""
Aidan Paulsen,"6' 0"""
Nathan Paulsen,"6' 1"""
Tyler Perdue,"6' 0"""
Cam Reed,NA
Carter Ruffner,"5' 7"""
Ethan Spolarich,"6' 2"""
Brayden Starcher,NA
Riley Vadasz,"6' 0"""
Kyle Waters,"5' 11"""
Evan Weaver,"5' 10"""
Ayden Youngblood,NA
Adrian Amezquita,"5' 8"""
Josh Ayala,"6' 1"""
Ethan Boisvert,"6' 6"""
Eli Brogan,"6' 0"""
Luke Burner,"5' 10"""
Cullen Cairns,"6' 0"""
Hunter Eplin,"6' 3"""
Drew Evans,"5'11"""
Ethan Fraley,NA
Kohei Fujishita,"5' 10"""
Chase Gora,"5' 8"""
Cole Gullotti,"6' 2"""
Anthony Hernandez,"6' 0"""
Gene Hutchinson,"6' 3"""
Drew Jrolf,"6' 3"""
Johnny Kirkpatrick,"6' 2"""
Drake Long,"6' 0"""
Issac Lough,"6' 0"""
Austin Mann,"5' 9"""
Kole Miller,"6' 0"""
Andrew Napolean,"6' 0"""
Dylan Neach,"6' 0"""
Matthew Neach,"6' 6"""
Ian Norris,"6' 1"""
Thatcher Poteat,"5' 11"""
Ilich Purcell,"5' 7"""
Grant Shumaker,"6' 1"""
Alex Smith,"5' 11"""
Grant Smith,"6' 1"""
Jamison Smith,"5' 9"""
Grant Swift,"5' 11"""
Jack Tilton,"5' 11"""
Preston Todd,"6' 2"""
Davis Weppler,"6' 0"""
Landon Wilder,"6' 0"""
Malik Woods,NA
Lamont Akins,"6' 2"""
Nicholas Ancelet,"6' 2"""
Christian Boyles,"6' 0"""
Spencer Craig,"6' 0"""
Zach Dellerman,"5' 11"""
Jacob Dukate,"6' 4"""
Hunter Dyck,"6' 2"""
Brock Elliott,"6' 1"""
Mason Fenwick,"6' 0"""
Keaton Ference,"6' 0"""
Seth Floyd,"5' 10"""
Tomoki Jitsukawa,"5' 9"""
Brett Johnson,"6' 1"""
Sebastian Khan,"6' 1"""
Xavier Kinney,"6' 0"""
Cade Lacy,"5' 11"""
Wes Landis,"6' 1"""
Jacob Lentz,"6' 4"""
Dylan Maltby,"5' 11"""
Kody McCarley,"6' 0"""
Steve Merkel,"5' 11"""
Mike Norton,"6' 1"""
Dominic Parker-McDonald,"6' 2"""
Jalen Raysor,NA
Josh Rush,"5' 9"""
Mat Sanfilippo,"6' 2"""
Chris Sauer,"6' 2"""
Nicholas Schulz,"6' 3"""
Jack Selmon,"6' 2"""
Kaden Shields,"5' 9"""
Logan Stalbird,"6' 0"""
Elijah Stark,"5' 11"""
Damian Tarin,"5' 10"""
Israel Velazquez,"6' 0"""
Ethan Wendell,"5' 10"""
Jaden Wilcox,"6' 3"""
Connor Wong,"5' 11"""
Colin Zancanella,"6' 5"""
Gavin Bogdanchik,"6' 0"""
Camden Chalfant,"6' 1"""
Ryan Cole,NA
Kain Collins,"5' 10"""
Alex Diaz,"5'11"""
Drew Duckhorn,"6' 1"""
Ryan DuSang,"6' 0"""
Blake Edgmon,NA
Chris Foster,"6' 2"""
Brett Gastman,"6' 3"""
Brad Grindlinger,"6' 2"""
Hayden Henry,"6' 0"""
Tyler Henshaw,"5' 10"""
Christian Krause,"6' 3"""
Brock Kuehler,"6' 1"""
Parks Ledwell,"5' 11"""
A.J. Martin,"5' 9"""
Nathan Martinez,"6' 2"""
Jack Mausser,"5' 11"""
Aidan McAskie,"6' 4"""
Brandon Phillips,"6' 1"""
Lucas Pringle,"6' 1"""
Mason Reising,"6' 1"""
Lew Rice,NA
Tait Robertson,NA
Joel Rodriguez,"6' 1"""
Johann Rodriguez,"5' 11"""
Anthony Sanguedolce,"5' 11"""
Nick Timpanelli,"6' 1"""
Chandler Tuupo,"6' 1"""
Lee Watson,"6' 0"""
Tyler Wright,"5' 11"""
Reid Bertram,"6' 3"""
Nick Capozzi,"6' 1"""
Merik Carter,"6' 2"""
Michael Ciminiello,"6' 2"""
Brian Daker,"5' 10"""
Dale Francis,"6' 3"""
Will Franklin,"6' 1"""
Dominic Guzman,"6' 4"""
Jerek Hobb,"6' 0"""
Jack Iannibelli,"6' 2"""
Matt Ilgenfritz,"6' 2"""
Noah Ingle,"6' 5"""
Gavin Johnson,"5' 8"""
Ryan Kennell,"6' 0"""
Lawson Knight,"6' 1"""
Ethan Liao,"6' 1"""
Marco Lopez,"5' 8"""
Garrett Macias,"6' 3"""
Mason Manriquez,"6' 1"""
Aidan Marino,"5' 9"""
Aaron Morgan,"5' 11"""
Kevin Pauly,"6' 3"""
John Pfeffer,"6' 2"""
Jace Presley,"6' 4"""
Devin Pressley,"6' 2"""
Drew Ripepi,"6' 0"""
Ethan Rossow,"5' 10"""
Billy Rozakis,"6' 1"""
Gavin Schmitt,"6' 3"""
Bennett Shealor,"6' 1"""
Joe Stanzione,"6' 2"""
Jaden Stockton,"6' 5"""
Tanner Thomas,"5' 10"""
Nick Vieira,"6' 7"""
Carson Willoughby,"5' 7"""
Cord Butler,"6' 2"""
Landon Castor,"6' 3"""
Oliver Cush,"6' 1"""
Rocco DeMarinis,"6' 0"""
Konni Durschlag,"5' 10"""
Miggy Echazarreta,"6' 0"""
Wyatt Ewanowski,"6' 0"""
Bryan Garrett,"5' 8"""
Adam Grintz,"6' 2"""
Caleb Hammond,"5' 10"""
Cohen Harris,"6' 2"""
Brent Herrmann,"6' 2"""
Three Hillier,"5' 8"""
Dalton Hitt,"5' 10"""
Landen Johnson,"6' 4"""
Charlie Jones,"5'11"""
Frank Kelly,"5' 10"""
Mac Kimel,"6' 3"""
Jace Kohler,"6' 0"""
Jake McCarter,"6' 0"""
Jackson Melton,"5' 11"""
Adrian Montenegro,"5' 10"""
James Murphy,"6' 0"""
Dalton Olsovsky,"5' 11"""
Howell Polk,"6' 1"""
Justin Ruiz,"5' 9"""
Nick Semon,"6' 0"""
Brody Shawn,"6' 2"""
Brayden Simpson,"6' 1"""
Dylan Story,"6' 2"""
Joey Tuttoilmondo,"5' 10"""
Wade Walton,"6' 5"""
Mateo Wells,"6' 6"""
Isaiah Brewington,"6' 3"""
Wyatt Bunch,"6' 4"""
Jaedan Carter,"5' 11"""
Joe Castrichini,"6' 2"""
Jake Chadwell,"6' 4"""
Sam DiLella,"6' 2"""
Ried Dittner,"6' 4"""
Alek Elges,"5' 11"""
Guillermo Garcia,"6' 1"""
Casey Gibbs,"6' 0"""
Braydon Gray,"6' 2"""
Caleb Grizzard,"6' 0"""
Justin Gunter,NA
Dallas Hairfield,"5' 9"""
Logan Janney,"6' 0"""
Tré Keels,"6' 0"""
Nathan Lancianese,"5' 10"""
Kyle Miller,"6' 5"""
Jacob Moore,"5'11"""
Jayson Nash,NA
James Nelson,"6' 1"""
Carter Newman,"6' 0"""
Jordan Olivera,NA
Ethan Plesser,NA
Quincy Sippio,"6' 1"""
Matt Stevenson,"6' 0"""
Alex Strickland,"6' 0"""
Kaiden Takahashi-Trader,"6' 0"""
Juice Tobin,"5' 10"""
Mac Tufts,NA
Mikey Urbaniak,"5' 9"""
Myles Webb,"6' 2"""
Bentley Yeatts,"5' 11"""
Andrew Albertus,"5' 10"""
Holden Baker,"6' 3"""
Caden Barnett,"6' 4"""
Ryan Becker,"6' 0"""
Eli Bowery,"6' 3"""
Robbie Boykin,"6' 3"""
Connor Bradley,"5' 10"""
Boone Cartee,"6' 2"""
Brooks Chamberlin,"6' 4"""
Mikah Conner,"6' 0"""
Evan Cuervo,"6' 4"""
Amman Dewberry,"6' 3"""
Trey Fenderson,"6' 0"""
Jacob Fields,"5' 9"""
Luke Gibson,"6' 0"""
Jeremiah Hampton,"6' 1"""
JJ Harrell,"6' 0"""
Aaron Hobson,"5' 10"""
Sean Hollister,"6' 4"""
Jackson Hugus,"5' 10"""
Eli Lazio,"5' 10"""
Brody Linker,"6' 3"""
Prince Mairena,"5' 10"""
Cam Mallo,"5' 10"""
Michael Marroquin,"6' 0"""
Mason McDaniel,"6' 4"""
Tristan McGregor,"6' 3"""
Kyle Mueller,"6' 4"""
Ryan Ouzts,"5' 8"""
Carter Payne,"6' 0"""
Jake Randolph,"6' 0"""
Matthew Rollison,"5' 11"""
Yechiel Saint,"5' 11"""
Nick Smith,"6' 1"""
Rhogue Wallace,"6' 0"""
Tyrell Williams,"6' 3"""
Noah Arnett,"6' 3"""
Drew Biggerstaff,"5' 9"""
Cody Bradt,"5' 11"""
Clay Clatterbaugh,"6' 5"""
Cameron Cole,"6' 0"""
Kyle Crisp,"5' 11"""
Corbin Grantham,"5' 10"""
Mason Hatcher,"6' 2"""
Hunter Howard,"6' 2"""
Ian Hubbard,"6' 0"""
Eli Hudgins,NA
Ben Keefe,"6' 2"""
Hunter Keen,"6' 0"""
Jaxon Kehoe,"5' 9"""
Tyler Kehoe,"5' 11"""
Raymond Ladd,"6' 6"""
Matthew Lefevers,"6' 3"""
Jimmy Lovelace,"6' 1"""
Trey Ludy,"6' 1"""
Jack McDonald,"5' 11"""
Matthew McGovern,"5' 11"""
Josh Milleville,"5' 11"""
Breckin Nace,"6' 4"""
Zach Paczewski,"5' 10"""
Jhonkeanu Perez,"6' 0"""
Nick Petit,"6' 3"""
Brady Powell,"5' 8"""
Will Rice,"6' 0"""
Carter Richardson,"5' 10"""
Mason Self,"6' 3"""
Tyler Sparrer,"6' 1"""
Drew Stanley,"6' 2"""
Andrew Steinhaus,"6' 3"""
Noah Toole,"6' 0"""
James Ward,"5' 11"""
Trey Way,"5' 10"""
Brady Whitacre,"5' 7"""
Branden Barna,"6' 1"""
Cal Barna,"6' 3"""
Johnny Brucato,"5' 9"""
Nick Bruno,"5' 11"""
Chase Buscher,"6' 5"""
Caiden Chilausky,"6' 5"""
Garrett Crum,"6' 2"""
Clay Edmondson,"6' 2"""
Zachary Gaydos,"6' 3"""
Patrick Gillen,"5' 10"""
Matthew Hall,"6' 3"""
Ben Hemphill,"6' 2"""
Ryland Howell,"6' 1"""
Blaize Johnson,"5' 11"""
Chase Klingemann,"5' 11"""
Eric Krumpe,"6' 2"""
Corbin Lanowitz,"6' 1"""
Tony Lopez,"6' 3"""
Logan Lowe,"5' 8"""
Ty Martinez,"6' 0"""
Coleman McGinnis,"6' 1"""
Nic Melton,"5' 9"""
Brock Mercado,"5' 8"""
Owen Michelson,"5' 10"""
Jake Minarik,"6' 2"""
Daylinh Nguyen-Brown,"5' 8"""
Jake Pereira,"5' 10"""
Canon Pierce,"6' 0"""
Rylen Stockton,"5' 10"""
Charlie Stogner,"6' 1"""
Sam Thompson,"6' 2"""
Isaac Turner,"5' 8"""
Shea Walker,"6' 2"""
Kolby Watson,"5' 10"""
John Whiteside,"6' 3"""
Jake Armsey,"6' 1"""
Jack Austin,"6' 0"""
Kyle Beaty,"5' 10"""
Max Bianchini,"6' 4"""
Scott Campbell,"6' 0"""
Braden Consaul,"6' 2"""
Cooper Ellingworth,"5' 11"""
Gage Griggs,"5' 9"""
Reece Hemmerling,"6' 1"""
Max Kaplan,"6' 1"""
Darin Kuskie,"6' 5"""
Tyler Lang,"5' 9"""
Preston Lucas,"5' 11"""
Cayden Mackey,"6' 4"""
Scott Newman,"6' 3"""
Amp Phillips,"6' 1"""
Juan Reyes,"6' 5"""
Alex Ritzer,"5' 11"""
Owen Ross,"6' 4"""
Alex Sanderson,"6' 3"""
Landon Sexton,"6' 4"""
Vance Sheahan,"6' 2"""
Devlin Smalanskas,"6' 2"""
Brady Small,"6' 1"""
Johnny Sweeney,"6' 5"""
Chris Torres,"5' 11"""
Kai Tullos,"6' 0"""
Wylie Waters,"6' 2"""
Cayden Wotipka,"6' 3"""
Henry Zenor,"6' 0"""
Alan Benhardt,"6' 0"""
Chet Bowling,"6' 2"""
Walker Brodt,"6' 0"""
Nate Chronis,"6' 0"""
Jaxson Croom,"6' 0"""
Colin Crowley,"6' 1"""
Zane Frese,"5' 9"""
Brayden Gilley,"6' 4"""
Chazz Grossington,"6' 0"""
Randy Guzman,"6' 0"""
Quinton Hall,"6' 1"""
Jaylen Hernandez,"5' 11"""
Dylan Howell,"6' 1"""
Joey Hylinski,"6' 0"""
Chancellor Jennings,"5' 10"""
Shane Keup,"6' 2"""
Koby Kropf,"6' 1"""
Johnnie Lopez,"6' 0"""
Liam McCallum,"6' 1"""
Gabe Natividad,"6' 0"""
Julian Parson,"6' 2"""
Ben Rehkow,"6' 1"""
Owen Sarna,"6' 1"""
Grant Shepherd,"6' 2"""
Josh Skowronski,"6' 5"""
Mason Tompkins,"5' 11"""
Dusty Vela,"5' 10"""
Nick Veselinovic,"6' 5"""
Lance Wade,"5' 11"""
Harrison Wilson,"6' 1"""
Cole Yearsley,"5' 11"""
Carter Barth,"6' 0"""
Stiles Begnaud,"6' 0"""
Alex Benevento,"5' 11"""
Gunner Boree,"6' 0"""
Nathan Brasher,"6' 2"""
Christian Butera,"6' 3"""
Brandon Chang,"5' 10"""
Conor Cooke,"6' 1"""
DJ Dillehay,"6' 3"""
Peter Dubie,"6' 4"""
Jack Edmunds,"6' 2"""
Santhosh Gottam,"6' 1"""
Andrew Hanlon,"5' 10"""
Mark Henshon,"6' 1"""
Jared Johnson,"6' 0"""
Christian Keel,"6' 1"""
Ian Keusch,"6' 0"""
Brenden Kline,"6' 4"""
Cam LaGrassa,"6' 0"""
Logan Meusy,"5' 11"""
Miles Newsome,"6' 1"""
Ryan Oshinskie,"6' 3"""
Mika Petersen,"5' 10"""
Olivia Pichardo,"5' 7"""
Luke Sidwell,"5' 9"""
Zack Siegal,"5' 9"""
Luke Trout,"6' 0"""
Bryan Yang,"6' 2"""
Andrew Argenziano,"6' 4"""
Miles Blackwell,"5' 11"""
Justin Bowman,"6' 0"""
Jackson Brewer,"6' 3"""
Jimmy Chadwell,"6' 2"""
Kyle Corso,"6' 3"""
Lucas Dixon,"6' 2"""
Jagger Edwards,"6' 2"""
Owen Estabrook,"6' 1"""
Cole Fellows,"6' 2"""
Ben Fishel,"5' 11"""
Will Harrigan,"5' 11"""
Baylor Hicks,"6' 3"""
Ray Huke,"6' 1"""
Lucas Jackson,"6' 2"""
Eric Jeon,"5' 10"""
Jack Kail,"5' 8"""
Evan Kleinhans,"6' 4"""
Anton Lazits,"5' 11"""
Andy Leon,"6' 1"""
Tomas Lopez,"6' 3"""
Sam Miller,"5'11"""
Dan Mills,"6' 4"""
Brendan Murphy,"6' 0"""
Griffin Palfrey,"5' 11"""
Will Parkinson,"6' 3"""
Dean Reynolds,"6' 2"""
Thomas Santana,"6' 1"""
Skye Selinsky,"6' 1"""
Joe Sheets,"6' 2"""
Hunter Snyder,"6' 0"""
Alex Sotiropoulos,"6' 4"""
Anthony Temesvary,"5' 11"""
AJ Valle,"6' 1"""
Tate Vogler,"6' 3"""
Pat Wade,"6' 6"""
Martin Zhang,"6' 0"""
Mason Barela,"5' 9"""
Owen Carlson,"5' 11"""
Jakobi Davis,"6' 4"""
Ryan Dillon,"6' 2"""
Chris Ellison,"6' 0"""
Max Foster,"6' 3"""
John Gerfen,"6' 0"""
Kevin Hager,"6' 0"""
John Hegarty,"6' 5"""
Huxley Holcombe,"6' 6"""
William Jaun,"6' 3"""
Nathaniel Jennewein,"5' 11"""
Max Jensen,"6' 3"""
Sam Keene,"6' 4"""
Noah Keller,"6' 1"""
Gus Magill,"6' 0"""
Carson Mayfield,"6' 5"""
Ethan McHugh,"5' 9"""
Kyle Musser,"5' 10"""
Ryan Porter,"6' 0"""
Mark Quatrani,"5' 11"""
John Quinlan,"5' 9"""
Tavian Ramos,"6' 2"""
Josh Shea,"5' 11"""
Jayden Shin,"6' 2"""
Will Siwinski,"6' 3"""
TJ Swidorski,"6' 0"""
Ethan Van Sice,"5' 9"""
Caden Wildman,"6' 3"""
Eddie Albert,"6' 1"""
Nico Bañez,"5' 7"""
Shane Bauer,"6' 2"""
Ethan Brown,"5'11"""
Mac Burke,"6' 4"""
Matt Carey,"6' 4"""
Luke Carroll,"6' 1"""
Zackarie Casebonne,"5' 11"""
Joseph Chambers,"6' 3"""
A.J. DeMastrie,"5' 11"""
Stefan Di Corrado,"6' 1"""
Marco Dumsky,"6' 4"""
Jackson Hower,"6' 4"""
Nate Isler,"6' 6"""
Kyle Klaric-Schell,NA
Elliot Krewson,"5' 10"""
Jeff Lee,"6' 1"""
Bryce Loeger,"6' 3"""
Andrew Lombana,"6' 2"""
Chris Miller,"6' 3"""
Aidan Plummer,"6' 1"""
Alejandro Puig,"6' 0"""
Axel Riess,"6' 2"""
Taer Rodriguez,"5' 8"""
Camden Rush,"6' 1"""
Trey Sejnoha,"6' 1"""
Tyler Sirchia,"6' 3"""
Danny Will,"6' 0"""
Andrew Abler,"6' 1"""
Luca Alagheband,"6' 4"""
Nate Baxter,"6' 3"""
Charley Bergsma,"6' 1"""
Dominic Brancel,"5' 10"""
Will Burns,"5'11"""
Cole Cleary,"6' 1"""
Gio Colasante,"6' 4"""
George Cooper,"6' 0"""
Brian Dowling,"6' 6"""
Callan Fang,"6' 3"""
Sawyer Feller,"6' 2"""
Matt Giberti,"5' 11"""
Jordan Kang,"5' 10"""
Justin King,"6' 0"""
Max Lane,"6' 2"""
Peter Levin,"6' 4"""
William Lybrook,"6' 4"""
Ryan McHugh,"6' 1"""
Ryan Mooney,"6' 4"""
Truman Pauley,"6' 2"""
Jack Rickheim,"5' 10"""
Tyler Shulman,"6' 0"""
Gavin Smith,"5'11"""
Cullen Stone,"6' 0"""
Owen Tahnk,"6' 3"""
Lou Targoff,"6' 2"""
Liam Wilson,"6' 0"""
Qwynn Ahearn,"5' 11"""
Davis Baker,"6' 2"""
John Cerwinski,"6' 3"""
Connor Chavez,"5' 7"""
Gavin Collins,"5' 11"""
Marty Coyne,"6' 1"""
Connor Darling,"6' 3"""
Gavin Degnan,"6' 1"""
Tommy Delany,"6' 0"""
Ernie Echevarria,"6' 2"""
Caden Fahy,"6' 0"""
Alex Gabauer,"6' 0"""
Nick Guachione,"6' 3"""
Sebastian Haggard,"6' 4"""
Josh Katz,"6' 0"""
Anthoni Kiafoulis,"6' 2"""
Connor McCabe,"6' 2"""
Cole McGonigal,"6' 4"""
Andrew Miehe,"6' 2"""
Noah Millikan,"6' 5"""
Jake Moss,"6' 2"""
Marshall Mott,"6' 1"""
Nick O'Brien,"6' 0"""
Jarrett Pokrovsky,"5' 10"""
Nate Polo,"6' 4"""
Michael Powell,"6' 3"""
Andrew Ruggeri,"5' 10"""
Thomas Shurtleff,"6' 2"""
Nick Spaventa,"6' 1"""
Will Tobin,"6' 2"""
Aidan von Zuben,"6' 0"""
Asa Wilson,"6' 3"""
Jackson Baldrate,"6' 2"""
James Beasley,"6' 7"""
Kevin Blowers,"6' 1"""
Jake Bold,"6' 0"""
Andrew D'Alessio,"6' 1"""
Elliott Eaton,"6' 5"""
Sean Episcope,"6' 0"""
Jacob Faulkner,"6' 1"""
Richard Ferrer-Westrop,"6' 2"""
Bryce Gayan,"6' 1"""
Tommy Googins,"6' 3"""
Ethan Hsu,"6' 4"""
Patrick Jarvis,"6' 1"""
Jordan Kelly,"6' 4"""
Jake Kernodle,"6' 4"""
Justin Kim,"6' 0"""
Liam Kinneen,"6' 4"""
Jake Koonin,"6' 0"""
Kaden Kram,"6' 1"""
Isaac Lamson,"6' 0"""
Jay Mentink,"5' 11"""
Caden Shapiro,"6' 0"""
Nick Shenefelt,"6' 2"""
Grant Werdesheim,"6' 2"""
Max Zdimal,"6' 0"""
Dylan Zdunek,"6' 0"""
Joseph Zorc,"5' 11"""
Alec Atkinson,"6' 0"""
Mark Capell,"6' 2"""
Chace Chaplin,"5' 9"""
Robert Ciulla,"6' 2"""
Daniel Cohen,"6' 3"""
Jack Dauer,"6' 0"""
Kaiden Dossa,"6' 2"""
Tate Evans,"6' 0"""
Alex Hwang,"6' 1"""
Max Imhoff,"5' 10"""
Mick Kelley,"6' 4"""
Garrett Larsen,"5' 9"""
Ethan Lewis,"6' 1"""
Tommy Martin,"5'11"""
Jack Ohman,"6' 0"""
DJ Peterson,"6' 0"""
Jeff Pierantoni,"6' 0"""
Brady Ruiz-Weiss,"6' 0"""
Colton Shaw,"6' 2"""
Colin Sloan,"6' 1"""
Hayden Sobecki,"5' 10"""
Teo Spadaccini,"6' 6"""
Levi Strahm,"5' 10"""
Owen Turner,"6' 0"""
Dylan Uribe,"5' 9"""
Jake Williams,"5' 11"""
Ben Winslow,"6' 4"""
Dom Bello,"6' 2"""
Ben Bullard,"6' 1"""
Kyle Caccamise,"5' 9"""
JT Carter,"5' 11"""
Walker Case,"6' 3"""
Corben Childers,"6' 4"""
Mikey Clifford,"6' 0"""
Caleb Costa,"6' 2"""
Jacob Crabb,"6' 2"""
Cole Davis,"6' 2"""
Matt Dooley,"6' 2"""
Braeden Harrison,"6' 4"""
Bryce Helms,"6' 3"""
Clark Hubbard,"6' 1"""
Carter Hughes,"6' 0"""
Jacob Ingram,"6' 3"""
Mac Ketchin,"6' 3"""
Joshua Legnard,"6' 3"""
George Massingill,"6' 0"""
Brooks Mauro,"6' 3"""
Carson Molinaroli,"6' 4"""
Walker Noland,"6' 5"""
Brayden Owens,"6' 0"""
Kaleb Owens,"6' 1"""
Carson Roberts,"6' 2"""
Charlie Sauls,"6' 4"""
Ashton Shackelford,"6' 2"""
Zach Stover,"6' 0"""
Shane Thomas,"6' 0"""
Camden Watts,"5' 11"""
Gray Wells,"5' 10"""
Hudson Wilson,"5' 10"""
Colby Abbott,"5' 10"""
Trace Alexander,"6' 1"""
Bransen Angel,"6' 1"""
Andrew Bench,"6' 4"""
Seth Benner,"6' 2"""
Ryan Bolton,"5' 10"""
Wade Carruthers,"6' 2"""
Kolton Casson,"6' 0"""
Nick Castellana,"6' 2"""
Evan Celuch,"6' 1"""
Blake Cooper,"5' 11"""
Chazz Crook,"6' 4"""
Brock Culpepper,"6' 0"""
Frankie Delgado,"5' 9"""
Logan Floyd,"5' 11"""
Aiden Gibson,"6' 0"""
Kolton Glick,"5' 10"""
Luke Goforth,"5' 10"""
Xavier Hart,"6' 0"""
Christian Henderson,"6' 1"""
Ryan Higgins,"5'11"""
Julian Hines,"6' 0"""
Kylan Hornbuckle,"6' 0"""
Ryan Jenkins,"5'11"""
Tanner Kilgore,"6' 4"""
Trey Miller,"5'11"""
Evan Mutter,"5' 10"""
Cole Nathan,"6' 0"""
Eli Norris,"6' 2"""
Ethan Patch,"5' 9"""
Colby Phillips,"6' 3"""
Coltin Reynolds,"6' 4"""
Braxton Roberts,"6' 0"""
Mark Salicco,"6' 1"""
Jaxon Seritt,"5' 10"""
Jeb Shuler,"6' 2"""
Braxton Smith,"5' 9"""
Dallen Turner,"6' 2"""
Jackson Underwood,"6' 2"""
Jameson Van Ness,"6' 2"""
Spencer Williams,"5'11"""
Sam Alessi,"6' 5"""
Hunter Atkins,"6' 0"""
Trace Aufderhar,"6' 3"""
Cooper Bryson,"5' 7"""
Cameron Burleyson,"5' 10"""
Joe Burleyson,"5' 11"""
Nate Chrismon,"5' 9"""
Matthew Connolly,"6' 2"""
Jack Cuba,"5' 8"""
Calvin Douglas,"6' 4"""
Dylan Driver,"5' 10"""
James Dunlap,"6' 1"""
Logan Dyer,"6' 0"""
Carson Edmiston,"6' 3"""
Austin Fine,"6' 1"""
Caleb Gant,"5' 9"""
Casey Gouge,"6' 1"""
Cole Hales,"5' 9"""
Ty Hubbard,"5' 11"""
Sam Hunter,"5' 10"""
Braeden Major,"5' 11"""
Blake Marsh,"6' 1"""
Brandon Rodgers,"6' 0"""
Seth Sharpe,"5' 10"""
Sean Shelly,"6' 3"""
Hayden Simmerson,"6' 3"""
Payne Stolsworth,"6' 3"""
Ryan Street,"5' 10"""
Parker Styborski,"6' 3"""
Colby Taylor,"6' 1"""
Britton Adams,"6' 0"""
Luke Alford,"5' 11"""
Keaton Anderson,"5'11"""
Keagan Brown,"5' 8"""
Cody Chapman,"6' 8"""
Ick Cirino,"5' 10"""
Casey Cleghorn,"6' 0"""
Jack Clifford,"6' 2"""
Nic Curtis,"6' 3"""
Aaron Diaz,"5' 10"""
Gavin Edens,"5' 8"""
Cameron Ferrell,"5' 9"""
Jack Goldberg,"6' 0"""
Jacob Hardy,"6' 5"""
Tristan Hunt,"5' 11"""
Skiler Jackson,"6' 2"""
Luke Keller,"5' 9"""
Alex Lazar,"5' 8"""
Jaylen Mack,"5' 9"""
Jacob Maness,"5' 10"""
Ian Miller,"6' 3"""
Kyler Odom,"6' 2"""
Aiden Perry,"5' 8"""
Luke Peterson,"5' 11"""
Hunter Poole,"6' 0"""
Cooper Queen,"6' 2"""
Landon Reeves,"5'11"""
Ron Robinson,"5' 11"""
Jimmy Rosengrant,"5' 9"""
Gabriel Santiago,"5' 5"""
Tyler Satterley,"6' 0"""
Justin Skinnell,"6' 3"""
Kyle Stock,"6' 0"""
Cooper Thomas,"6' 4"""
Wyatt Tucker,"6' 2"""
Graham Whittle,"5' 11"""
Adam Wilkerson,"6' 0"""
Rocco Wojcik,"5' 11"""
Connor Wood,"6' 0"""
Corbin Wright,"5' 8"""
Jacob Yarberry,"5' 10"""
Camden Bailey,"6' 2"""
Rhett Barker,"5' 8"""
Billy Baxter,"5' 11"""
Jacob Bebber,"5' 10"""
Isaiah Bracy,"5' 10"""
Clay Caldwell,"5' 7"""
Justin Day,"5' 11"""
Ross Divers,"6' 5"""
Jack Ferguson,"5' 10"""
Jared Foley,"6' 0"""
Cole Gillis,"6' 2"""
Ky Gregoire,"5' 9"""
Brady Halstead,"6' 5"""
Triston Hensley,"6' 1"""
Matt Hill,"5' 9"""
Matt Hollar,"5' 9"""
Jaret Hoppes,"5' 11"""
Caeden Howell,"5' 11"""
Jacob Iverson,"6' 3"""
Drew Lanzo,"6' 1"""
Khadeem Lewis,"5' 11"""
John McCarthy,"5' 10"""
Zack McRae,"5' 11"""
Jacob Nester,"6' 2"""
Drew Park,"5' 11"""
Avery Salyer,"6' 4"""
Carter Sayers,"6' 1"""
Steven Smith,"5' 9"""
Jack Swarbrick,"6' 4"""
Alex Vaught,"6' 0"""
Easton Walker,"6' 4"""
Garrett Williams,"6' 3"""
Hunter Word,"6' 3"""
Cole Bates,"6' 4"""
Owen Blackledge,"6' 3"""
Tyler Bradley,"6' 1"""
Cole Bramhall,"6' 3"""
Donnie Canchela,"6' 0"""
Sal Carricato,"6' 3"""
Caleb Cockerham,"5' 8"""
Kobie Cushing,"6' 2"""
Preston Drebes,"6' 2"""
Luke Elmore,"5'11"""
Spencer Floyd,"6' 1"""
Will Girardi,"6' 1"""
Kellen Gradisar,"6' 0"""
Drew Harlow,"6' 2"""
Trey Jensen,"6' 2"""
Nathan Keeter,"5' 9"""
Alex Khan,"5'11"""
Nathan Kidder,"5' 10"""
Caydon Laird,"6' 1"""
Cole Laskowski,"5' 8"""
Michael Logan,"6' 4"""
Xavier Mann,"5' 11"""
Mark Manuel,"6' 0"""
Gavin Marley,"6' 1"""
Ben Michael,"5' 10"""
Nate Morris,"6' 4"""
Joe Mozingo,"6' 1"""
Walker Pedante,"6' 2"""
Carmine Poppiti,"6' 4"""
Mike Ribis,"6' 4"""
Alex Rich,"6' 3"""
Randan Rigdon,"6' 4"""
Cole Sanford,NA
Peyton Schofield,"6' 2"""
Hogan Stallings,"6' 5"""
Andrew Stillinger,"5' 9"""
Mac Wainwright,"6' 2"""
Eli Willen,"6' 3"""
Peter Adams,"6' 0"""
Sion Barnette,"5' 10"""
Ethan Bonocore,"6' 0"""
Ben Catrambone,"5' 11"""
Jake Contino,"6' 3"""
Jack Davis,"5'11"""
Charlie Duffy,"6' 2"""
Perry Dyer,"6' 1"""
Conner Elliott,"6' 1"""
Adams Faucett,"6' 0"""
Aaron George,"6' 4"""
Colin Goldsmith,"6' 3"""
Zach Greenberg,"5' 9"""
Jermie Greene,"5' 11"""
Scott Hardy,"6' 3"""
Evan Havreluk,"5' 8"""
Corey Hodierne,"5' 11"""
Brandon Howell,"5' 11"""
Tyler Hughesman,"5' 9"""
Colby Humphries,"5' 11"""
Ethan Ipock,"6' 0"""
Cole Kirschner,"6' 3"""
Tucker McSwain,"6' 3"""
McKinley Myles,"5' 8"""
Marty Neal,"5' 9"""
Kemper Nix,"6' 3"""
Winston Parke,"6' 0"""
Ben Partridge,"6' 2"""
Ishaan Patel,"6' 0"""
Danny Prebeck,"6' 0"""
Hayden Ridenhour,"5' 11"""
Jackson Rivers,"5' 10"""
Maddox Robinson,"6' 2"""
Jadden Rodriguez,"5' 11"""
Giuseppe Seidita,"6' 1"""
Tyner Simpson,"6' 1"""
Evan Soeffker,"6' 2"""
Jase Stafford,"6' 0"""
Wyatt Stone,"6' 1"""
Davis Turner,"5' 10"""
Cale Wagoner,"6' 2"""
Colt Wilkins,"6' 1"""
Jake Young,"6' 1"""
Payton Armour,"6' 2"""
Easton Barnett,"5' 9"""
Aiden Carter,"6' 3"""
Layndon Carter,"6' 1"""
CJ Dugan,"6' 0"""
Eli Edds,"6' 3"""
Collier Elkins,"5' 9"""
Austin Epperson,"6' 0"""
Kevin Fernandez,"6' 0"""
Merrick Graham,"5' 9"""
Brooks Hagedorn,"5' 8"""
Chris Hall,"5' 10"""
Ford Hallock,"6' 1"""
Kasten Harvey,"6' 0"""
Bradric Helton,"6' 0"""
AJ Hootman,"6' 3"""
Cooper Jones,"6' 5"""
Caleb Jordan,"5' 11"""
Alex Kowalski,"5' 11"""
Joey LaMattina,"5' 10"""
Dylan Maire,"6' 0"""
Sam Mast,"6' 1"""
Colin Murphy,"6' 2"""
Christian Pencek,"6' 4"""
Jack Santi,"6' 0"""
Will Shelton,"6' 0"""
Trace Simmons,"6' 1"""
Archer Wong-Shasteen,"5' 8"""
Alejandro Aguilar,"6' 2"""
Davis Anders,"6' 0"""
Dawson Anderson,"6' 1"""
Terick Bumgarner,"5' 10"""
Owen Bynum,"6' 0"""
Zachary Cimino,"5' 8"""
Seth Coxie,"5' 11"""
Nate Crissey,"6' 1"""
Dustin Dunlap,"6' 3"""
Walker Fox,"6' 2"""
Christian Galindo,"5' 10"""
Evan Grant,"5' 11"""
Quentin Graves,"6' 1"""
Nolan Jamison,"6' 3"""
Jackson Jones,"6' 4"""
Jimmy Kelly,"6' 0"""
Peyton Kowalski,"6' 4"""
Max LaLime,"5' 10"""
JD Lewis,"6' 0"""
Chapel Matson,"5' 10"""
Colin McCaw,"6' 2"""
Matt Pacheco,"6' 0"""
Carter Potts,"5' 9"""
Gavin Raab,"6' 5"""
Quinn Rembert,"6' 2"""
Blake Russell,"6' 1"""
Caleb Smith,"5'11"""
Steven Spaes,"6' 0"""
Peyton Starkey,"6' 1"""
Brady Stephens,"5' 11"""
Toby Troutman,"6' 2"""
Dylan Vega,"6' 1"""
Brennan Williams,"6' 2"""
Reid Withers,"5' 10"""
Elec Yount,"5' 11"""
David Ziolkowski,"6' 2"""
Josh Bandy,"6' 1"""
Ryan Barnett,"5' 7"""
Logan Busenlehner,"6' 5"""
Wyatt Carey,"6' 0"""
Jayden Carnahan,"6' 0"""
Jacob Clark,NA
Jacob Cogdell,"5' 11"""
Chansen Cole,"6' 4"""
Jack Coletti,"5' 11"""
Luke Compton,"5' 11"""
Braiden Eagen,"6' 1"""
Kade Faircloth,"6' 3"""
Parker Fenton,"5' 8"""
John Allen Forrester,"6' 2"""
Jesse Free,"6' 2"""
Hunter French,"6' 0"""
Cooper Gentry,"6' 0"""
Brayden Gilson,"6' 3"""
Josh Hair,"5' 11"""
Carson Hayes,"5' 9"""
Taylor Jeter,"6' 0"""
Ethan LeBron,"6' 0"""
K.J. Leshko,"6' 0"""
Jomar Lugo,"5' 8"""
Campbell McCurry,"5' 11"""
Zane McLendon,"5' 11"""
Parker Mergo,"6' 0"""
Chandler Mims,"6' 3"""
Blake Morrison,"6' 4"""
Bryson Nuckols,"5' 10"""
Cooper O'Sullivan,"6' 3"""
Keillor Osbon,"6' 2"""
Andrew Peck,"6' 1"""
Jake Peterson,"6' 0"""
Anthony Plotkin,"6' 0"""
John Rollings,"6' 1"""
Sam Stowe,"6' 1"""
Carson Vega,"5' 8"""
Jonathan Velez,"5' 6"""
Wilson Wages,"6' 1"""
T.J. Wayne,"6' 0"""
Luke White,"5' 11"""
Jake Absher,"6' 2"""
Luke Absher,"6' 6"""
Brice Anders,"6' 1"""
Corey Binion,"6' 2"""
Omar Carreras,"5' 11"""
Anthony Cobb,"5' 10"""
Avery Collins,"6' 2"""
Landon Dockery,"6' 0"""
Cooper Emery,"6' 0"""
Jack Gagen,"6' 1"""
Garrett Gregory,"5' 11"""
Mason Huffstickler,"5' 10"""
Hector Jaimes,"6' 5"""
Connor Jurek,"5' 10"""
Kenny Kinzler,"6' 4"""
Payne Ladd,"6' 5"""
Jack Lyndrup,"6' 1"""
Luke Maicon,"6' 2"""
Scout Martin,"6' 0"""
Jake McKenna,"6' 5"""
Phillip Miller,"6' 1"""
Justin Millsaps,"5' 9"""
Ayden Moore,"6' 0"""
Jude Morton,"5' 10"""
Caleb Mulcahy,"5' 9"""
Ryan Ortega,"5' 10"""
Sawyer Pace,"6' 0"""
Luis Reyes,"5' 8"""
Caid Sanders,"5' 11"""
Ben Scartz,"6' 1"""
Max Schmarder,"5' 11"""
Seth Sherman,"6' 0"""
Jayden Singleton,"5' 11"""
Ty Smith,"6' 1"""
Tyler Tamargo,"5' 10"""
Aiden Tipton,"5' 11"""
Cadin Tullock,"6' 4"""
Grant Van Rossum,"6' 3"""
Noah Vickers,"6' 0"""
Caleb Webster,"5' 10"""
Kayden Adsit,"5' 8"""
Carter Babb,"6' 2"""
Nick Badgett,"5' 11"""
Nash Bingham,"6' 3"""
Andrew Binns-Loveman,"6' 4"""
Jacob Boyle,"5' 11"""
Dalton Chapman,"5' 10"""
Bernard Creque,"6' 2"""
Logan Delph,"6' 0"""
Jake DeNeef,"6' 2"""
DJ Dickson,"6' 1"""
Dylan Foster,"5' 10"""
Matt Frye,"5' 11"""
Hunter Garrett,"6' 1"""
Braden Hamilton,"6' 0"""
Micah Hill,"6' 1"""
Jeb Hurst,"6' 4"""
Shane Jackson,"6' 2"""
Daniel Kanagy,"6' 2"""
Clayton Lansar,NA
Mason McAlarnis,"6' 5"""
Nathan McNelley,"6' 2"""
Morgan Miller,"5' 10"""
Joshua Morgan,"6' 2"""
Sawyer Patrick,"6' 3"""
Spencer Powell,"5' 11"""
Eli Reece,"6' 5"""
Jaden Ruehling,"5' 11"""
Houston Sarvis,"6' 1"""
Jake Smith,"5'11"""
Justin Snider,"6' 4"""
Evan Stanley,"5' 9"""
Jordan Tate,"6' 2"""
Jake Taylor,"6' 2"""
Bo Trantham,"5' 9"""
Dylan Varitek,"5' 11"""
Cody White,"5' 10"""
Ryan Whitson,"5' 9"""
Ethan Willis,"6' 2"""
Bryson Austin,"6' 0"""
Evan Barefoot,"6' 0"""
Justin Barham,"6' 0"""
Brian Boone,"5' 10"""
Charlie Carpenter,"6' 4"""
Jake Courville,"5' 10"""
Owen Crevelt,"6' 4"""
Jordan Dixon,"6' 1"""
Jalen Evans,"5' 8"""
Will Farrell,"5' 11"""
Thomas Goldberg,"5' 10"""
Gavin Groppuso,"5' 10"""
Josh Haggerty,"5' 8"""
Cam Harris,"5' 10"""
Brad Hart,"5' 9"""
Chad Harvey,"6' 2"""
Mario Andres Hernandez,"5' 11"""
Wyatt Hoffman,"6' 1"""
Kelan Hoover,"6' 5"""
Breon Ishmael,"6' 5"""
Talan McConnell,"6' 0"""
Collin McDougall,"5' 11"""
Landon Meyer,"5' 11"""
Carson Morton,"6' 4"""
Alex Naylor,"6' 1"""
Tyler Novik,"6' 2"""
Marshall Raper,"6' 3"""
Dylan Richardson,"5' 10"""
Cal Riehl,"6' 4"""
Joe Scheffler,"6' 2"""
David Sessoms,"6' 2"""
Dawson Shelton,"5' 9"""
Cole Smith,"5'11"""
Carson Starnes,"6' 4"""
Sean Sullivan,"6' 2"""
Jett Thomas,"6' 1"""
Riley Treadaway,"5' 11"""
Eli Weisner,"6' 1"""
Ellis Yohn,"5' 9"""
Brodee Bartlett,"6' 0"""
Brenden Bryant,"6' 3"""
Taylor Bush,"6' 1"""
Brock Butler,"6' 4"""
Cross Cacioppo,"5' 10"""
CJ Carson,"5' 11"""
Joey Caruso,"5' 10"""
Aubry Cleghorn,"6' 2"""
Nick Compton,"6' 1"""
Connor Edwards,"5' 10"""
Brandon Gillispie,"6' 0"""
Jase Gray,"5' 11"""
Braxton Griffin,"6' 2"""
Cory Hagood,"6' 3"""
Ramie Harrison,"6' 1"""
Jaxon Hay,"5' 10"""
Ty Hutto,"6' 4"""
Sean Lapinskes,"6' 0"""
Payton Lemons,"6' 0"""
Cole Loftis,"5' 10"""
Hunter MacLeod,"6' 3"""
Caleb Mahan,"5' 11"""
Logan Mooney,"6' 1"""
Hunter Nolan,"6' 0"""
Will Noles,"5' 11"""
Colin Patterson,"5'11"""
Jacob Peters,"5' 11"""
Ian Reagan,"6' 0"""
Luke Songy,"5' 10"""
Will Tarpley,"6' 3"""
Jake Thornton,"6' 1"""
Jayce Upton,"6' 3"""
Presley Walker,"5' 11"""
JC Wilburn,"6' 3"""
Hugh Windle,"5' 10"""
Tyler Zeligman,"6' 0"""
Landon Baeder,"5' 11"""
Lucas Baggett,"5' 10"""
Charlie Bagwell,"6' 0"""
Carter Borden,"6' 0"""
Tucker Burns,"6' 3"""
Zach Dew,"6' 2"""
RH Frankland,"6' 1"""
Lawrence Gallo,"6' 2"""
Liam Gilbert,"5' 11"""
Andrew Gillis,"6' 0"""
Hayden Grier,"5' 10"""
Heath Henley,"6' 4"""
Grant Hickman,"6' 1"""
Kyle Hipp,"6' 3"""
Alec Hotaling,"6' 1"""
Jayce James,"6' 1"""
Jackson Leggett-Walford,"5' 9"""
Sellers Neuendorf,"6' 3"""
Riley Orr,"5'11"""
Will Passeau,"6' 2"""
Brett Pitts,"5' 11"""
Ryan Revera,"5' 10"""
Tyrese Rooks,"5' 8"""
Clay Slagle,"6' 2"""
Ryan Slaten,"6' 5"""
Cole Strachan,"6' 0"""
Chance Sweeney,"6' 3"""
Tyson Tubbs,"6' 0"""
JC Tunnell,"6' 2"""
Payte Williams,"6' 1"""
Huston Wynne,"6' 0"""
Cliff Wysinger,"5' 9"""
Brendan York,"6' 0"""
Dylan Anders,"5' 10"""
Michael Atkinson,"6' 4"""
Brayden Basey,"5' 8"""
Dylan Bowers,"6' 3"""
Seth Brown,"6' 0"""
Xavier Caldwell,"5' 10"""
Logan Croley,"6' 0"""
Weber Denman,"6' 2"""
Charlie Faoro,"6' 3"""
Cayden Freels,"6' 2"""
AJ Gamboa,"6' 2"""
Tate Gentleman,"5' 7"""
Joseph Gibson,"6' 0"""
Will Gossett,"6' 1"""
Michael Hanna,"6' 1"""
Hank Hisky,"6' 3"""
Michael Larson,"6' 3"""
Jackson Licata,"6' 0"""
Tyler Lloyd,"6' 1"""
Jordan Long,"6' 0"""
Patrick Mangels,"5' 9"""
Shahkai Matthews,"5' 6"""
Noah McGeary,"5' 9"""
Brady Moffitt,"6' 1"""
Hunter Mueller,"6' 0"""
Cam Olivo,"6' 3"""
Nick Petruzzello,"5' 11"""
Eli Potter,"6' 0"""
Andrew Reed,"5' 10"""
Jackson Ryan,"6' 0"""
Lawson Ryan,"5' 10"""
Isaac Samano,"6' 3"""
Jalen Smith,"6' 4"""
Cory Steinhauer,"6' 2"""
Brant Stringer,"6' 5"""
Gabe Walker,"5' 10"""
Sam Walker,"5' 10"""
Charlie Wooten,"6' 2"""
Logan Wurm,"5' 11"""
Ivan Zambrano,"5' 11"""
Peyton Badon,"5' 10"""
Brett Burrell,"6' 2"""
Adrian Byrd,"6' 0"""
Drew Capobianco,"5' 9"""
Christian Clayson,"6' 3"""
Dylan Coleman,"6' 3"""
Logan Cromer,"6' 0"""
Dylan Dendy,"6' 1"""
Tate Duncan,"6' 4"""
Logan Eldridge,"6' 1"""
Austin Estes,"5' 8"""
Dylan Farley,"6' 3"""
Drake Fontenot,"6' 5"""
Connar Gardner,"6' 4"""
Ryan Herbison,"6' 2"""
Triston Hickman,"6' 0"""
Jacob Hill,"5' 10"""
Josh Hill,"6' 1"""
Jesse Homan,"6' 5"""
Tyler Janos,"5' 9"""
Andin Johnson,"6' 0"""
Braiden Jones,"6' 3"""
Matthew Martinolich,"5' 11"""
Brendan McCauley,"5' 9"""
Aidan McCrady,"5' 10"""
Tyler Otts,"5' 9"""
Bo Rock,"6' 1"""
Preston Soper,"6' 2"""
Eli Stockton,NA
Gabe Stockton,"5' 11"""
Cole Thompson,"6' 1"""
Wes Warnock,"5' 9"""
Jackson Wilson,"6' 0"""
Will Baker,"5'11"""
Gavin Baxter,"5' 10"""
Evan Bloomer,"6' 5"""
Eric Boggess,"6' 3"""
Cooper Casteel,"6' 1"""
Levi Cloud,"6' 1"""
Malachi Cloud,"5' 10"""
Luke Collier,"5' 10"""
Matthew Delph,"6' 3"""
Cooper Doughman,"6' 2"""
Isaiah French,"6' 0"""
Braden Gabel,"5' 8"""
Tim Gooden,"6' 0"""
Cal Goss,"6' 2"""
Braylon Hall,"6' 2"""
Jax Howard,"6' 5"""
Cooper Isaacs,"5' 10"""
Hunter Lane,"6' 0"""
Zachary Lawson,"6' 3"""
Colt McKibben,"6' 1"""
Josiah Miller,"6' 1"""
Seth Parker,"5' 11"""
Dakota Peace,"5' 9"""
Tucker Platt,"6' 2"""
Ashton Simmons,"6' 0"""
Brock Sisson,"5' 10"""
Nelson Smith,"6' 7"""
Ryan Valdes,"5' 10"""
Dylan Van Meeteren,"6' 4"""
David White,"5'11"""
JJ Williams,"5' 11"""
Taylor Ballard,"6' 3"""
Blaise Breerwood,"5' 10"""
Bryce Capobianco,"6' 1"""
Kyle Collet,"5' 11"""
Korey Cooper,"6' 2"""
Dylan Cope,"5' 10"""
Johnny Elbourne,"6' 1"""
Jordan Evans,"6' 0"""
Cade Gadman,"6' 0"""
Gabe Garner,"6' 4"""
Blake Gollott,"6' 2"""
Coby Gollott,"5' 10"""
Banks Hyde,"6' 1"""
Tyler Jacobsen,"5' 10"""
Alex Johnson,"5'11"""
Kelby Jordan,"6' 0"""
Beau Kirsch,"6' 1"""
Bryce LaRocca,"5' 11"""
Jeff Liddell,"6' 3"""
CJ Lofton,"6' 0"""
Parker Martin,"5'11"""
Caleb Peterson,"6' 4"""
Jackson Pittman,"5' 10"""
Logan Shurden,"5' 7"""
Cade Stacy,"6' 0"""
Michael Sutton,"5' 11"""
Holland Townes,"6' 4"""
JT Vance,"6' 2"""
Jackson Williford,"5' 9"""
Jimmy Wilson,"6' 0"""
Preston Bedford,"5' 11"""
Khalil Bell,"5' 7"""
Matthew Bullard,"5' 11"""
Zac Carlisle,"6' 0"""
Ian Cartwright,"6' 0"""
Gino Cozzi,"6' 0"""
Mason Creacy,"6' 0"""
Connor Crowson,"6' 0"""
Dylan Dickert,"6' 3"""
Trey Felker,"5' 10"""
Reid Gongwer,"5' 11"""
Seth Gurr,"6' 2"""
Logan Harbin,"6' 2"""
Kaden Heatherly,"6' 5"""
Zen Hiatt,"6' 5"""
Ethan Huddleston,"5' 11"""
Daniel Irizarry,"6' 3"""
Christian Kallaher,"6' 0"""
Evan Kirk,NA
Easton Kleyn,"6' 0"""
Mitt Landers,"6' 2"""
Landon Leake,"5' 11"""
Dominic Maldet,"5' 10"""
Logan Medsker,"6' 0"""
Adiel Melendez,"6' 0"""
Luke Mitchell,"5' 11"""
Jackson Norris,"6' 0"""
Sam Patrick,"6' 0"""
Jacob Pearl,"5' 7"""
Evan Radford,"6' 4"""
Erich Radzinski,"6' 1"""
Mitchell Rhodes,"5' 11"""
Billy Sloan,"5' 10"""
Garrett Sloan,"5'11"""
Payton Stephenson,"6' 1"""
Riley Thuringer,"6' 3"""
McGwire Turner,"6' 2"""
Landen Walker,"5' 8"""
Mitchell Walker,"5' 10"""
Jackson Webster,"6' 1"""
Carson Wideman,"6' 1"""
Logan Wisker,NA
Blake Wood,"5' 11"""
Caden Wooldridge,"5' 8"""
Zach Wyatt,"6' 0"""
Jake Baker,"5' 10"""
Luke Boswell,"6' 3"""
Noah Boughton,"6' 0"""
Wyatt Bowling,"6' 3"""
Frankie Carreras,"5' 8"""
Matthew Derrick,"6' 2"""
James Dickson,"6' 4"""
Brett Dingess,"5' 11"""
Grant Donkin,"6' 1"""
Luke Dymond,"6' 0"""
Alex Fernandez,"5' 11"""
Patrick Green,"5' 11"""
Josh Griffin,"5' 10"""
Logan Harrell,"6' 3"""
Timothy Henderson,"6' 0"""
Matthew Hock,"5' 10"""
Ellis Hurt,"6' 1"""
Nick Judd,"6' 0"""
Lawson Kirke,"6' 5"""
Abbott Lawrence,"6' 5"""
Jacob Lester,"6' 2"""
Brady Maciak,"6' 3"""
Jackson Marbet,"6' 4"""
Cole McCallum,"6' 4"""
Aaron McCoy,"6' 1"""
Brooks McDonnough,"6' 3"""
Trent Merrill,"6' 2"""
Cade Moore,"6' 0"""
Grant Morgan,"6' 0"""
Joey Parliment,"5' 7"""
Jonah Smithson,"6' 3"""
Dawson Sweeney,"6' 1"""
Ryan Sweeney,"5' 10"""
Carter Warner,"5' 11"""
Spencer Wilkins,"6' 1"""
Ryan Aljancic,"6' 5"""
Matthew Autry,"5' 7"""
Dyllon Barrett,"6' 1"""
Briant Bazydlo,"5' 11"""
Judson Bjornstad,"6' 8"""
Hudson Cepparulo,"6' 4"""
Carson Chavies,NA
Carter Daniel,"6' 2"""
Caleb Davis,"5' 9"""
Colby Davis,"6' 0"""
Lane Evans,"5' 11"""
Ryan Evans,"5' 10"""
Sam Galbraith,"6' 7"""
Alec Hardy,"5' 10"""
Joseph Hufstedler,"6' 0"""
Eli Jackson,"5' 10"""
Jake Jewell,"6' 0"""
Kylon Joyner,"6' 1"""
Jake Keyl,"6' 1"""
Brodey Lentz,"6' 0"""
Brody Mann,"6' 3"""
Nathan Myers,"6' 2"""
Ethan Orwig,"6' 0"""
Canyon Pace,"6' 0"""
Elijah Ramsey,"6' 4"""
Grant Ross,"5'11"""
Will Allen Smith,"5' 9"""
Eli Snelson,"5' 10"""
Chase Spears,"6' 3"""
Nick Stamper,"6' 1"""
Matthew Sureda,"5' 7"""
Cody Tjomsland,"6' 5"""
Noah Toney,"6' 2"""
Caden Walker,"6' 1"""
Scotty Wyatt,"6' 4"""
Henry Alfonso,"6' 0"""
DJ Banks,"6' 3"""
Tristan Bohler,"6' 2"""
Hunter Booth,"6' 3"""
Dewey Brock,"6' 4"""
Garrett Byrd,"6' 1"""
Jovanni Canegitta,"5' 9"""
Nick Del Negro,"5' 10"""
Farid Eljaiek,"5' 11"""
Nick Ferrara,"5' 10"""
JJ Finn,"6' 4"""
Keaton Fuller,"5' 11"""
Easton Hood,"6' 2"""
Trey Jackson,"6' 0"""
Jacob King,"5'11"""
Drake LaRoche,"5' 9"""
Nick Lawrence,"5' 10"""
Trent Lewis,"6' 1"""
Anthony Martens,"5' 11"""
Sebastian Miller,"5' 10"""
Charles Moore,"5' 11"""
Pedro Moreno,"5' 9"""
Andres Natera,"5' 9"""
Raynel Ortiz,"6' 0"""
Jaden Paradoa,"5' 11"""
Orlando Pena,"6' 0"""
Carson Russell,"6' 0"""
Marcos Sevillano,"6' 0"""
Hayden Sottile,"6' 0"""
Cole Steinmetz,"6' 0"""
Hunter Stowe,"6' 1"""
Preston Wetherell,"6' 4"""
Kyle Blevins,"6' 1"""
Beau Bryant,"6' 0"""
Judah Buckner,"6' 3"""
Eli Burwash,"5' 10"""
Drew Cartee,"6' 2"""
Michael Alan Cole,"6' 0"""
Ryan Fletcher,"6' 0"""
Davis Gaston,"6' 2"""
Jake Goolsby,"6' 2"""
Baker Green,"6' 5"""
Owen Hendry,"6' 4"""
Albert Hernandez,"6' 0"""
Graham Holland,"6' 3"""
Jack Hoppenjans,"6' 3"""
Cade Horton,"6' 2"""
Tanner Jones,"5' 8"""
Laney Keeton,"6' 3"""
Ryan Ladner,"6' 2"""
Caden Long,"5' 11"""
Jacob Marshall,"6' 3"""
Cade Miller,"5' 10"""
Fisher Moss,"6' 2"""
Bryce Newman,"5' 9"""
Gates Pee,"6' 0"""
Nolan Phillips,"5'11"""
Bryant Quimby,"6' 3"""
Maxwell Schumacher,"6' 5"""
Austin Thacker,"5' 7"""
Nick Thibodeau,"6' 0"""
Colson Thompson,"6' 4"""
Blake Vineyard,"5' 11"""
Joe Watkins,"6' 0"""
Thomas Watson,"5' 11"""
Grainger West,"6' 3"""
Wayne Wilkerson,"6' 1"""
Nick Wilson,"5'11"""
Will Wood,"5' 9"""
Grant Adams,"6' 2"""
Ethan Babcock,"6' 1"""
Garrett Brewer,"5'11"""
Konnor Colvin,"6' 2"""
Jake Cooper,"6' 0"""
Colton Dorsey,"5' 11"""
Cade Easterbrook,"6' 3"""
Jadon Fryman,"6' 3"""
Liam Furey,"6' 2"""
Jacob Heath,"6' 1"""
Jay Henderson,"6' 2"""
Luke Hill,"5'11"""
Dean Hotz,"5' 11"""
Jedd Jones,"6' 1"""
Cam Kimbrell,"5' 10"""
Kade Manderscheid,"6' 2"""
Ben Maskin,"6' 5"""
Gabriel Moorer,"6' 2"""
Zach Nelson,"5' 10"""
Dalton Neuschwander,"6' 1"""
Gann Nobles,"6' 1"""
Caidan Peeples,"6' 4"""
Dom Presto,"5' 11"""
Brett Rowell,"6' 1"""
Chase Scott,"6' 2"""
Chase Stanhope,"6' 3"""
Zack Stokes,"6' 2"""
Tanner Taylor,"6' 2"""
Blake Thomas,"5' 10"""
Parker Tubb,"5' 9"""
Alex Urias,"5' 11"""
Brantley Willis,"6' 2"""
Carlos Acosta,"6' 4"""
L.J. Bohne,"5' 9"""
Tyler Bonsignore,"6' 0"""
Jack Carr,"6' 1"""
John Carver,"6' 2"""
Evan Carway,"5' 11"""
Johnny Catuosco,"6' 1"""
Matthew Curto,"6' 8"""
Philip D'Aguanno,"5' 11"""
Erick Duignan,"6' 3"""
James Eden,"5' 10"""
Jon Fallacaro,"5' 9"""
C.J. Forman,"6' 0"""
Gavin Graff,"6' 4"""
Billy Kind,"6' 2"""
Jacob Lee,"5'11"""
Cam Letourneau,"6' 0"""
Bryan McCleary,"5' 11"""
Bobby Molinaro,"6' 0"""
Dawson Montesa,"6' 1"""
Joe Pellegrino,"5' 10"""
C.J. Picone,"5' 6"""
Greyson Pizzonia,"6' 1"""
Albert Ramos,"6' 0"""
Alex Rende,"5' 10"""
Giancarlo Rengifo,"5' 11"""
Colin Richardson,"6' 2"""
Anthony Rigogliosi,"5' 10"""
Tommy Rizzuto,"6' 0"""
Michael Robinson,"6' 0"""
Zach Rovner,"6' 2"""
Jake Sekinski,"5' 8"""
Ethan Snyder,"5'11"""
Jack Tate,"6' 3"""
Michael Tufo,"6' 3"""
Justin Wilkinson,"6' 0"""
Jack Wishner,"5' 10"""
Kiernan Caffrey,"5' 9"""
Charlie Calvanese,"6' 1"""
Nick Calvanese,"5' 9"""
Anderson Cuello Batista,"6' 1"""
Brendan Edvardsen,"6' 3"""
Albis Felix,"6' 2"""
Josh Frometa,"5' 9"""
Alvin Gomez,"6' 1"""
Aidan Greene,"6' 0"""
Leandro Guevara,"5' 9"""
Ryan Hemenway,"6' 0"""
Anthony Javier,"6' 2"""
Tim Krol,"6' 2"""
Joseph Lynch,"5' 9"""
Armani Marcano,"6' 0"""
Reymon Melo,"5' 5"""
Hayden Mutz,"6' 4"""
Vaughn O'Leary,"6' 4"""
Justin Oquendo,"5' 6"""
Cole Patterson,"6' 0"""
Gabe Pena Rodriguez,"6' 4"""
Carlos Pena,"5'11"""
Kyle Pena,"5' 8"""
Alex Perez,"6' 1"""
Justin Pierre,"6' 4"""
Dan Provost,"5' 11"""
Adrian Quinonez,"5' 9"""
Yeudy Ramirez,"5' 11"""
Romel Roca,"5' 11"""
Richie Segura,"6' 0"""
Nick Serce,"6' 1"""
Greg Sherokow,"5' 11"""
Aidan Streeter,"5' 11"""
Sam Tanous,"5' 8"""
Peyton Torre,"6' 0"""
Yoanel Valerio,"6' 1"""
Collin Arsenault,"5' 9"""
Ethan Barrington,"6' 4"""
Jack Barry,"5' 10"""
Luke Barry,"5' 10"""
Andrew Cali,"5' 9"""
Ryan Cloutier,"6' 0"""
Matt Connor,"5' 9"""
Cole Constantine,"6' 0"""
Andrew Cook,"5' 10"""
Mike Crowley,"6' 1"""
Patrick Foulis,"5' 11"""
Nico Galeazzi,"5' 10"""
Eric Giarnese,"6' 2"""
Sal Grinstead,"5' 9"""
Connor Haas,"6' 4"""
Matthew Holbrook,"6' 3"""
Jamison Howland,"5' 11"""
Josh Jenkins,"5' 10"""
Kyle Keating,"5' 7"""
Chris Klein,"5' 11"""
Patrick Kostiw,"5' 11"""
Max LeFrancois,"5' 10"""
Lorenzo Lombardo,"6' 1"""
James Mahoney,"6' 3"""
Luca Maiello,"5' 10"""
Christopher Manzo,"5' 10"""
Anthony Marco,"6' 2"""
Evan McCarthy,"6' 1"""
James McDermott,"6' 1"""
Pat McManus,"5' 9"""
Alex Meesig,"5' 11"""
Sean Moynihan,"6' 0"""
Nick Paharik,"5' 11"""
Will Panza,"5' 9"""
Justin Plausky,"6' 2"""
Owen Podolec,"6' 0"""
Evan Remington,"6' 5"""
Tony Salvatelli,"5' 10"""
Cody Smith,"5'11"""
Austin Stone,"6' 4"""
Bailey Wright,"6' 1"""
Keegan Antelman,"6' 4"""
Brandon Arsenault,"6' 3"""
Mark Axelsen,"6' 0"""
Jared Berardino,"6' 1"""
Tommy Bolton,"5' 7"""
Nic Bonica,"5' 11"""
Marc Cedrone,"6' 1"""
Parker Coleman,NA
Brady Collins,"6' 3"""
Matt Cummings,"5' 8"""
Stan DeMartinis,"5' 11"""
Zach Eigenbrod,"6' 0"""
Harper Flint,"6' 2"""
Connor Gileau,"5' 10"""
Ryan Glupe,"6' 2"""
Tommy Goonan,"6' 0"""
Curt Heath,"5' 9"""
Pat Heber,"5' 11"""
Brian Hersh,"5' 10"""
Jackson Lilley,"6' 0"""
Jayden Longdin,"6' 0"""
Jack Matthews,"5' 10"""
Jake Maydak,"6' 2"""
Corbin McAlpine,"6' 1"""
Ryan Micari,"5' 10"""
Jimmy Mitchell,"5' 9"""
Rene Nunez,"5' 11"""
Timmy Orie,"6' 0"""
Nick Pappas,"6' 0"""
Justin Posnik,"5' 11"""
Pat Purcell,"5' 10"""
Joey Sangiuolo,"5' 8"""
Brendan Sencaj,"6' 0"""
David VanderZouwen,"5' 11"""
Gabe White,"6' 3"""
Jackson Wilburn,"5' 10"""
Joey Acker,"5' 10"""
Ivan Arias,"5' 9"""
Stephen Bangs,"5' 10"""
Nevin Belanger,"5' 10"""
Andreas Boglis,"6' 0"""
Curt Boyd,"6' 1"""
Damien Carter,"6' 0"""
Adam Dadinos,"6' 0"""
Nolan DeAndrade,"6' 2"""
Drew DeLucia,"6' 1"""
Steven Diaz,"5' 10"""
Thomas Dillon,"6' 1"""
Justin Feinstein,"5' 6"""
Sean Foody,"6' 3"""
Colby Garey-Wright,"6' 3"""
Shane Hewlette,"6' 4"""
Colin Hoffman,"6' 0"""
Devin Kulas,"6' 3"""
Matt Lee,"6' 1"""
Jamie Leggett,"6' 2"""
Nathan Levesque,"6' 4"""
Kio Lugo,"5' 11"""
Anthony Marcano,"6' 4"""
Zach Mascaro,"6' 0"""
Vinny Maslauskas,"6' 0"""
Eli Meredith,"5' 10"""
Julien Monks,"6' 0"""
Luc Nivaud,"6' 1"""
Cody Orsulak,"6' 1"""
Anthony Paolicelli,"5' 11"""
Steven Parent,"6' 2"""
Nik Pavia,"6' 4"""
Dominic Pefine,"6' 0"""
Michael Quiros,"6' 0"""
Esteban Rivera,"6' 1"""
Jacob Roque,"5' 10"""
Kyle Salvati,"6' 5"""
Bryan Sanders,"5' 11"""
Shane Starr,"6' 0"""
Tommy Sullivan,"6' 1"""
Brycen Tetler,"5' 11"""
Jayden Villanueva,"6' 1"""
Sean Yoest,"6' 1"""
Shaun Callahan,"6' 0"""
Liam Carroll,"5' 10"""
Casey Cerruto,"5' 9"""
Mike Christian,"6' 0"""
Christian De Risi,"6' 3"""
EJ Ettinger,"5' 11"""
Aedan Forde,"5' 10"""
Kenneth Franquiz,"6' 0"""
Joe Frazzetta,"5' 10"""
Vince Fusco,"5' 7"""
Michael Gatti,"5' 10"""
Cole Gibson,"6' 3"""
Mason Glickman,"5' 10"""
Tim Lewis,"6' 2"""
Cole Maucere,"5' 8"""
Cam McGugan,"5' 11"""
Matt McIntire,"6' 1"""
Matt Minio,"6' 0"""
Carson Morgan,"5' 9"""
Brogan Olson,"5' 11"""
Randy Ramnarace,"6' 1"""
James Reilly,"6' 4"""
Jake Russo,"5' 8"""
Joe Swinarski,"5' 11"""
Robert Synodi,"5' 10"""
Rob Taylor,"6' 0"""
Nick Ugania,NA
Jafar Vohra,"6' 1"""
Tyler Wells,"5' 11"""
Jake Zenger,"6' 1"""
Anthony Apollaro,"5' 11"""
Mason Baronian,"6' 2"""
Robbie Caffrey,"6' 0"""
Rocco Cimino,"5' 10"""
Vinny Civitella,"6' 0"""
Mike D'Imperio,"6' 0"""
Ryan Degnan,"6' 4"""
Justin Dressler,"6' 4"""
Brian Espinal,"6' 0"""
Matt Franco,"6' 2"""
Rob Gilchrist,"6' 3"""
Andrew Heppner,"6' 3"""
Nick Huchro,"6' 3"""
Aidan Kempf,"5' 10"""
Anthony Labita,"6' 2"""
Brendan McCann,"5' 9"""
Josh Miller,"6' 3"""
Joe O'Toole,"5' 10"""
George Provel,"5' 10"""
Cole Resetar,"6' 0"""
Dominic Rivara,"6' 4"""
Luke Rivara,"6' 1"""
Gianni Rizzuto,"5' 10"""
Cristian Rodriguez,"5' 10"""
Tyler Rodriguez,"5' 11"""
Eric Santaella,"5' 8"""
Brayden Sweppenhiser,"5' 10"""
Ben Tullo,"5' 9"""
Zachary Abbott,"5' 10"""
Brett Beddington,"6' 6"""
Adam Betty,"5' 9"""
Steven Betty,"5' 10"""
Matt Bianculli,"5' 7"""
Jake Boudreau,"6' 4"""
Mavrick Bourdeau,"6' 0"""
Austin Brune,"5' 11"""
Josh Bryant,"6' 2"""
Jax Budgell,"6' 2"""
Andrew Chenevert,"6' 1"""
Matteo Cubello,"6' 1"""
Casey DeLorenzo,"5' 11"""
Luke Douglass,NA
Aidan Dow,"6' 2"""
Peter Fischer,"6' 0"""
Marko Gibbons,"6' 7"""
Brendan Gonzalez,"6' 1"""
Xavier Gonzalez,"6' 1"""
Cooper Hagen,"6' 2"""
Brenden Harris,"6' 0"""
Shea Howrigan,"5' 9"""
Coleson Kaluza,"6' 2"""
Gabe Knudsen,"6' 1"""
Nathaniel Leighton,"6' 1"""
Andrew MacDonald,"5' 11"""
Quinn MacDonald,"6' 4"""
Owen McCarron,"6' 3"""
Adam McGowan,"6' 1"""
Nolan Mederos,"6' 4"""
Jackson Powers,"5' 11"""
Alex Razzaboni,"6' 0"""
Jared Reminder,"6' 2"""
Gavin Rigney,"5' 9"""
Ben Rose,"6' 0"""
Declan Ryan,"6' 4"""
Jake Schoenberg,"5' 9"""
Daniel Scolaro,"6' 1"""
Tyler Sears,"6' 3"""
George Slauson,"5' 11"""
Caden Smith,"6' 1"""
Brad Alexander,"6' 3"""
Ryan Annunziato,"6' 5"""
Trevor Arsenault,"5' 9"""
Evan Balian,"6' 2"""
Trent Balian,"5' 11"""
Colin Burke,"6' 3"""
Keegan Burke,"6' 2"""
Tyler Caldon,"5' 11"""
Ryan Canty,"6' 0"""
Sam Cavossa,"6' 2"""
Griffin Dupuis,"6' 0"""
Jack Fischer,"6' 1"""
Tad Giardina,"6' 0"""
Richard Gilboy,"5' 10"""
Ayendy Gomez,"6' 1"""
Casey Gunnip,"6' 0"""
Preston Hewett,"6' 5"""
Zach Jalbert,"6' 1"""
Braedon Jones,"6' 1"""
Colin Kinsella,"6' 0"""
Steven Klein,"5' 6"""
Max Kolifrath,"6' 3"""
Jacek Krol,"5' 11"""
Seth Larson,"5' 8"""
Jack Menard,"6' 5"""
Terence Moynihan,"5' 11"""
Jack Pattison,"6' 0"""
Chris Robinson,"6' 6"""
Henry Rogers,"6' 0"""
Matt Safer,"6' 2"""
Filly Santos,"5' 10"""
Drew Schraa,"6' 3"""
Dom Tetta,"6' 0"""
Jack Weber,"5'11"""
Auggie Albert,"6' 4"""
Jace Alvino,"6' 4"""
Colin Blake,"6' 4"""
Alex Cappellucci,"5' 8"""
Jake Chacho,"6' 1"""
Spencer Chard,"5' 10"""
Brady Chernovetz,"5' 11"""
Jaylen Cruz,"5' 11"""
Keegan Daigle,"6' 5"""
Patrick Dillon,"6' 1"""
Jack Drewry,"6' 2"""
Zakary Droukas,"5' 11"""
Chad Fedeli,"5' 8"""
Spencer Fox,"6' 3"""
Jake Gruttadauria,"6' 0"""
Aidan Hyams,"6' 0"""
Derrick Jagello,"6' 1"""
Jacob Michaud,"6' 4"""
Trace Morales,"6' 3"""
Zack Nakonechny,"6' 3"""
Devin Pelletier,"6' 0"""
Steve Phillips,"5' 8"""
Payton Powell,"6' 3"""
Harry Roy,"6' 0"""
Brandon San Marco,"5' 10"""
Brennan Staubley,"6' 3"""
Izaiah Walker,"6' 0"""
Jacob Albert,"5' 9"""
Angel Baez,"5' 9"""
Zach Brassil,NA
Jorge Burgos,"6' 1"""
Jancarlos Colon,"6' 0"""
Frankie DeMaro,"6' 0"""
Devin Divita,"6' 4"""
Ruben Fernandez,"6' 0"""
Kaleb Fiscus,"6' 5"""
Luca Giallongo,"5' 9"""
Garrett Hammer,"6' 4"""
Ben Hladun,"6' 0"""
Connor Jensen,"6' 1"""
Evan Kaplo,"6' 0"""
Brody Keneston,"6' 2"""
Steven Kienzle,"6' 1"""
Jake Lapham,"6' 3"""
Kyle Lavigne,"6' 3"""
Parker Lendrum,"5' 11"""
Chris Leone,"5' 10"""
Jackson Marshall,"6' 8"""
Shane McNamara,"6' 4"""
Jake Pierre,"5' 9"""
Jake Pisano,"6' 4"""
Jake Risedorf,"6' 0"""
Nolan Risedorf,"5' 7"""
Austin Trumpour,"6' 4"""
Joel Valera,"5' 10"""
Cam Varney,"6' 3"""
Nater Wachter,"6' 4"""
Noah Wachter,"6' 3"""
Aidan Albano,"6' 0"""
Chris AuClair,"6' 4"""
Alec Boucher,"5' 10"""
Connor Bowman,"6' 3"""
Cooper Cefaratti,"5' 10"""
Jacob Cooper,"6' 3"""
Dillon Crook,"5' 10"""
Kevin Del Vecchio,NA
Austin Delgado,NA
Jakob Denall,NA
Andrew Gerber,"5' 10"""
Sean Glinski,NA
Ty Graczyk,NA
Bryce Hediger,"6' 1"""
Jake Hollins,"5' 10"""
Mike Huff,NA
Connor Joedicke,"6' 0"""
Blaise Kolbert,"6' 0"""
Harrison Lough,"6' 3"""
Mihir Manerikar,"5' 10"""
Ryan McCarthy,"6' 6"""
Billy Morris,"6' 0"""
Hunter Nowak,NA
Derek Onevelo,NA
Mike Pasquarella,"6' 8"""
Lucas Penner,NA
Zach Penner,"6' 1"""
Jon Simpson,"6' 4"""
Eitan Spinoza,NA
Chris Stefan,"6' 2"""
Rob Stephens,"6' 2"""
Colby Wilson,"5'11"""
Garett Wilson,NA
Anthony Altobelli,"5' 10"""
Jack Antalek,"6' 6"""
Frankie Asaro,"5' 8"""
Zach Ashline,"6' 5"""
David Bernard,"6' 3"""
Joey Bodin,"5' 11"""
Owen Brink,"6' 3"""
Chase de Castro,"5' 11"""
Ryan DiNapoli,"5' 10"""
Anthony Dolce,"6' 0"""
Ryan Ehret,"5' 10"""
Kyle Engmann,"6' 0"""
Derek Fernandez,"5' 11"""
Samuel Gil,"6' 4"""
John Gillespie,"6' 8"""
Kolongi Goins,"6' 1"""
Joseph Gonzalez,"6' 0"""
Matthew Hesselbirg,"5' 9"""
Alfred Hoti,"5' 11"""
Peyton Jemison,"6' 0"""
Andre Jenkins,"6' 0"""
Matthew Manzoeillo,"6' 0"""
Manuel Martinez,"6' 4"""
Sean McAdams,"6' 1"""
Ethan McGarry,"6' 2"""
Sammy Mendez,"5' 10"""
Jaison Mock,"6' 0"""
John Nisco,"6' 4"""
Gaetano Pennisi,"5' 11"""
Connor Ruland,"5' 9"""
Gabe Sanders,"6' 1"""
Nevin Scaperotti,"6' 0"""
Nicholas Stella,"5' 11"""
Will Sullo,"6' 4"""
Gordon Votruba,"6' 1"""
Diego Wirz,"6' 2"""
Joe Burriesci,"5' 8"""
Thomas Charlwood,"5' 8"""
Ziggy Cohen,"6' 1"""
Stephen Collica,"5' 11"""
Jack Coogan,"6' 2"""
Nicholas Dagnello,"6' 2"""
Matthew Fried,"6' 0"""
Ziv Gar,"5' 11"""
Matt Gonchar,"5' 10"""
Artie Green,"5' 11"""
Ryan Hynes,"6' 0"""
Charlie Imhof,"5' 9"""
JC Kiss,"6' 2"""
Mike Knapp,"5' 11"""
Aidan Larkin,"6' 0"""
Tom Lebrecht,"5' 10"""
Anthony Marsillo,"6' 1"""
Sean Mileti,"5' 11"""
Steve Mulqueen,"5' 11"""
Jayden Patel,"6' 0"""
Matt Reiter,"5' 10"""
Brian Sanchez,"5' 9"""
Patrick Sanchez,"5' 10"""
Dylan Schriver,"6' 1"""
Jack Schulz,"6' 1"""
Jason Schwartz,"5' 6"""
Sean Serrano,"5' 9"""
James Sill,"6' 3"""
Jeremy Taggart,"6' 2"""
Thomas Walker,"6' 1"""
Sean Welsh,"6' 0"""
Leo Alvarez,"6' 2"""
Reynaldo Angeles,"5' 8"""
Jordan Babbo,"6' 3"""
Peter Bounougias,"6' 0"""
Caleb Cassie,"6' 4"""
Matt Filip,"6' 4"""
Yoskar Guzman,NA
Matthew Jackson,"5' 8"""
Robert Jacobsen,"5' 10"""
John Keane,"6' 0"""
Nick Kozerski,"5' 11"""
Chris Lamond,"6' 1"""
Jake Levesque,"6' 2"""
Aidan Medeiros,"5' 9"""
Severino Napolitano,"6' 0"""
Thomas Napolitano,"6' 0"""
Chris Naronis,"5' 10"""
Peter Nenadich,"6' 3"""
Robert Nunez,"5' 11"""
Nick O'Connor,"5' 11"""
Evan Paladino,"5' 10"""
Tommy Pasqua,"5' 6"""
Joey Patane,"5' 11"""
Nick Piazza,"6' 0"""
Mike Prisco,"6' 1"""
Nate Rodriguez,"6' 3"""
Matt Rosenberg,"6' 1"""
Penn Sealey,"6' 4"""
Matteo Tufano,"6' 0"""
Michael Vilardi,"6' 0"""
Andrew Yanez,"6' 3"""
Andrew Alameda,"6' 2"""
Ryan Appell,"6' 4"""
Nickolas Berasti,"5' 9"""
Patrick Cagney,"5' 10"""
Matthew Callaghan,"6' 2"""
Ryan Callaghan,"6' 5"""
Aidan Cardenas,"6' 6"""
Alex Celeiro,"5' 10"""
Charlie Cordisco,"5' 11"""
C.J. Cumbo,"5' 8"""
Kyle DeCresce,"6' 2"""
Eliahs Delgado,"5' 9"""
Peter DeVito,"6' 0"""
John Dezago,"6' 1"""
Anthony Dimarco,"5' 11"""
Jack Dwyer,"5' 8"""
Trey Eckman,"5' 11"""
Chris Ewing,"5' 9"""
Freddy Flugger,"6' 0"""
Ricardo Gonzalez,"5' 10"""
Jake Halloran,"5' 10"""
Tyler Haydt,"6' 1"""
Jaden Hernandez,"6' 1"""
Ryan Hillery,"6' 1"""
Anthony Holtje,"6' 0"""
Lorent Hoti,"6' 0"""
James Kahn,"6' 1"""
Brian Klumpp,"5' 11"""
Cole Lindquist,"5' 11"""
Ben Moscatiello,"6' 0"""
Tom O'Neill,"5' 11"""
Nick Oelcher,"6' 2"""
David Potenza,"6' 0"""
Kyle Rogers,"6' 3"""
Joseph Scamardella,"5' 8"""
AJ Schoelles,"6' 3"""
Braden Seeber,"6' 3"""
Christian Varela,"6' 0"""
Jeremiah Vega,"5' 8"""
Nicholas Walker,"6' 2"""
Robert Williams,"6' 2"""
Orin Winslow,"6' 5"""
Michael Zeis,"6' 0"""
Chris Bartnik,"6' 3"""
Jonny Bohlman,"5' 9"""
Francesco Bonvini,"6' 4"""
Jandel Brito,"5' 8"""
Mike Cunningham,"6' 3"""
Ryan Fiore,"6' 2"""
Michael Flashner,"5' 9"""
Michael Furst,"6' 2"""
Anthony Fusco,"5' 11"""
Jake Giovannone,"5' 8"""
John Harrington,"5' 9"""
JJ Hunter,"6' 0"""
Jack Kehoe,"5' 7"""
Michael Kehoe,"5' 10"""
Ryan Kehoe,"6' 0"""
Aidan Kelty,NA
TJ Laino,"5' 10"""
Alex Martinez,"6' 0"""
Christopher Martinez,"5' 10"""
Andrew Ozoria,"6' 0"""
Chris Polemeni,"6' 0"""
Nick Pusinelli,"6' 0"""
Christopher Reilly,"5' 11"""
Nicholas Rodriguez,"5' 9"""
Anthony Salmonese,"5' 10"""
Mike Santoriello,"6' 0"""
Gerard Santos,"6' 3"""
Anthony Sutera,"6' 3"""
Arelius Vendrell,"5' 11"""
AJ Vigliotti,"6' 0"""
Jaden Waterman,"6' 0"""
Vincent Weigele,"5' 11"""
Austin Beck,"5' 10"""
Clayton Broeder,"6' 3"""
Kannon Brooks,"6' 2"""
Colby Casey,"6' 2"""
Jude Cook,"6' 0"""
Dax Dathe,"6' 3"""
David Dressendorfer,"5' 11"""
Scott Ellis,"6' 0"""
Ethan Flodstrom,"6' 1"""
Seth Foster,"6' 0"""
Ryan Free,"6' 2"""
Christian Garnette,"5' 11"""
Jacob Guerrero,"5' 11"""
Alizaeh Gutierrez,"5' 11"""
Justin Harris,"6' 1"""
Caleb Heuertz,"5' 11"""
Hunter Holt,"6' 2"""
Lane Hutchinson,"6' 1"""
Keene Kreusler,"6' 5"""
Luke Olson,"6' 2"""
Chase Pendley,"6' 0"""
Josh Reed,"6' 4"""
Brett Smajstrla,"6' 0"""
Luke Spencer,"6' 2"""
Johnny Stacy,"6' 2"""
Jude Stephens,"6' 7"""
Tayten Tredaway,"6' 1"""
Wes Valasek,"6' 1"""
Garrett Villa,"5' 10"""
Jaxon Weatherly,"6' 5"""
Blake Wilhoite,"5' 10"""
Aden Almeida,"6' 3"""
Cayden Burch,"5' 9"""
Tanner Callahan,"6' 1"""
Noah Davis,"5' 6"""
Jackson Down,"6' 2"""
Drew Giancinti,"5' 8"""
Eli Gilreath,"5' 10"""
Jordon Helm,"5' 9"""
Landon Helm,"6' 0"""
Logan Lundquist,"6' 2"""
Austin Mitchell,"5' 11"""
Colby Morrow,"5' 11"""
Chase Pair,"6' 0"""
Nico Patrick,"6' 3"""
Dakota Peters,"6' 3"""
Randon Ray,"6' 2"""
Ryan Riggs,"5' 10"""
Brayden Ross,"6' 4"""
Reece Rozman,"6' 3"""
Matt Schilling,"5' 10"""
Sammy Seeger,"6' 4"""
Grant Shankle,"6' 1"""
CJ Snowden,"5' 11"""
Dan Taylor,"6' 1"""
Cody Walkingstick,"5' 9"""
Khaden Washington,"6' 5"""
Cooper White,"5' 10"""
Matthew Winters,"6' 3"""
JJ Young,"6' 1"""
Randy Aberouette,"6' 0"""
Nolan Archuleta,"6' 0"""
Lance Barnett,"6' 1"""
Kody Bigford,"5' 10"""
Donovan Borg,NA
Will Bradley,"5' 10"""
Ryken Brandsma,NA
Rylan Byrd,"6' 4"""
Nolan Casbeer,NA
Gabe Clyden,NA
Wyatt Cunningham,"5' 10"""
Hunter Davis,NA
Aidan Duggan,"6' 1"""
Cullen Flowers,"6' 4"""
Collin Godfrey,NA
Brandon Harper,NA
Wilmer Henriquez,"5' 9"""
Josh Hernandez,"6' 2"""
Cody Hill,NA
Jordan Hodges,"5' 11"""
Ryan Kopp,"5' 7"""
Luke Lensing,NA
Josh Martinez,NA
Reese Milam,"6' 2"""
Victor Munoz,NA
Colton Popp,"6' 2"""
Owen Rice,NA
Zane Roos,NA
Brandon Smith,NA
Keagan Solomon,NA
Hunter Tate,NA
Elijah Tolsma,NA
Diego Villarreal,"6' 0"""
Cooper Weatherly,NA
Ben Williams,"5'11"""
Griffin Almond,"6' 5"""
Demetrio Archuleta,"5' 8"""
Juan Avila,"5' 10"""
Dylan Bordayo,"6' 0"""
Jose Carranza,"5' 10"""
Dominick Cassell,"5' 9"""
Roman Connolly,"6' 1"""
Anthony Cortese,"5' 10"""
Demitrius DiMatteo,"6' 0"""
Josaiah Estrella,"6' 1"""
Jalen Freeman,"6' 1"""
Tucker Gideon,"6' 1"""
Riley Hall,"5' 10"""
Kyle Kiernan,"5' 11"""
Logan Kinter,"6' 0"""
Cole Lancaster,"6' 2"""
Julian Lopez,"6' 0"""
Adrien Martin,"6' 1"""
Klevert Martina,"6' 2"""
Nick Mooney,"6' 3"""
Reno Morehouse,"6' 0"""
Willie Ponce,"5' 8"""
Beau Preston,"6' 2"""
Daniel Pruitt,"6' 3"""
Zach Raichel,"5' 9"""
Jadon Rendon,"5' 10"""
Marc Rios,"5' 7"""
Jordan Rodriguez,"5' 11"""
Chase Rozell,"6' 1"""
Adrian Rubio,"5' 11"""
Dylan Shea,"5' 8"""
Jouthan Sierra,"6' 3"""
Lucas Terilli,"5' 10"""
Matthias Trondson,"6' 5"""
Eric Arreola,"6' 2"""
Nico Baumbach,"6' 1"""
Griffin Binkley,"6' 1"""
Ryan Blackwell,"6' 0"""
Nick Blevins,"6' 3"""
Shea Bowen,"6' 1"""
Chris Brown,"5'11"""
Kyler Carpenter,"6' 4"""
Frayner Chavez,"5' 9"""
Will Cooper,"6' 2"""
Karson Dunn,"6' 4"""
Andrew Duran,"6' 1"""
Cadon Everett,"6' 5"""
Aiden Finnegan,"6' 1"""
Roe Forrest,"6' 3"""
Kylar Galmor,"6' 3"""
Adam Garcia,"5' 10"""
Lex Garcia,"6' 4"""
Johnny Gomez,"6' 0"""
Jacob Gutierrez,"5'11"""
Jake Llaneza,"6' 1"""
Tyler Manyo,"6' 2"""
Ryan Markwardt,"6' 0"""
Jude Marquez,"6' 0"""
Dakota McCaskill,"6' 5"""
Brevin McCool,"6' 2"""
Aidan Moore,"6' 4"""
Logan Moore,"5'11"""
Bryce Nall,"6' 3"""
Stoney Rhodes,"5' 10"""
Evan Roach,"5' 11"""
Jase Schueller,"6' 3"""
Liam Scott,"6' 3"""
Carson Shields,"5' 9"""
Alec Stanfield,"6' 1"""
Tate Thompson,"6' 2"""
Brock Tijerina,"5' 11"""
Kade York,"5' 10"""
Mike Adair,"6' 1"""
Sterling Albrand,"6' 0"""
Evan Ballast,"6' 2"""
David Brown,"6' 2"""
Ryan Carolan,"6' 1"""
Reed Carroll,"6' 1"""
Breck Carver,"6' 0"""
Benji Cazares,"6' 0"""
Ira Clifton,"6' 1"""
Sam Collins,"6' 1"""
Tristan Copeland,"5' 11"""
Kellan Dean,NA
Braden Fowler,NA
Cason Gregory,"5' 11"""
Hank Heiselbetz,"6' 0"""
Jontae Hennesy,"5' 11"""
Tony Hernandez,NA
Chris Jones,"5'11"""
Dom Jones,"6' 2"""
Hunter Jones,"6' 1"""
Naut Kragt,"6' 4"""
Sloan Laird,"6' 0"""
Elijah Laus,"5' 7"""
Jarett Liebbe,"5' 8"""
Timothy Malone,NA
Charlie McBride,"6' 2"""
Trey Migl,"5' 11"""
Jaxon Olive,NA
Hunter Phillips,NA
Dalin Privett,"6' 1"""
Sam Rodman,"5' 9"""
Alex Ronk,"6' 1"""
Jack Siegel,"6' 4"""
John Skweres,"6' 4"""
Brooks Snyder,"6' 0"""
Justin Spencer,"5'11"""
Jackson Steele,"6' 0"""
Reed Thomas,"6' 0"""
Grant Voss,"6' 0"""
Tyler Wilcox,"5' 9"""
Conor Wyatt,"5' 8"""
Nicholas Anderson,"6' 0"""
Jason Arellano,"5' 9"""
Marco Barrera,NA
Jack Beckel,"6' 4"""
Brennan Berdon,"6' 1"""
Marley Bernal,"6' 3"""
Kaelen Bing,"5' 10"""
Carson Blakeley,"6' 2"""
Khamani Blakney,"6' 3"""
Charlie Bower,"6' 7"""
Travis Chestnut,"5' 7"""
Eoghan Collins,"6' 3"""
Quinten Estrada,"5' 11"""
Carlo Figueroa,"5' 10"""
Jett Garcia,"5' 10"""
Marco Gonzalez,"6' 1"""
Josh Graham,"6' 1"""
George Hettrick,"6' 2"""
Jeremy Hill,"6' 3"""
Kobe Jaramillo,"5' 11"""
Lance Little,"6' 1"""
Jackson Lopez,"6' 2"""
Nic Luna,"5' 8"""
Finn Mignerey,"6' 0"""
Liam Miller,"6' 6"""
Evan Muhlberger,"6' 1"""
Kade Nathman,"6' 1"""
Austin Page,"6' 1"""
Jakub Rayfield,"6' 3"""
Daniel Ripple,"6' 0"""
David Ripple,"6' 0"""
Trevor Sebek,"5' 10"""
Ben Smedshammer,"5' 10"""
Diego Solis,"5' 11"""
Dawson Stutz,"5' 10"""
Dylan Tate,"5'11"""
Parker Tennill,"6' 3"""
Grayson Thallman,"5' 10"""
Uli Tovar,"6' 0"""
Jake Wiley,"5' 11"""
Cole Brady,"6' 0"""
Garrett Brooks,"6' 0"""
Braeden Brown,"6' 3"""
Brett Brown,"6' 2"""
Miguel Bustamante,"5' 8"""
Brendan Concannon,"5' 8"""
Gabe Cook,"6' 5"""
Jorge Cuevas,"5' 10"""
Jaxon Daigre,"5' 8"""
Javier De Alejandro,"5' 9"""
Drew Diaz deLeon,"5' 11"""
Jake Elizondo,"5' 9"""
Brandon Ermis,"6' 2"""
Carlos Flores,"6' 3"""
Kaleb Gauna,"5' 11"""
Matt Gauna,"5' 7"""
Rob Gonzalez,"5' 9"""
Trey Guajardo,"5' 10"""
Hogan Heller,"5' 10"""
Cameron Hodges,"5' 11"""
Matthew Janecek,"6' 3"""
Christian Keller,"6' 1"""
Dillon Lopez,"5' 10"""
Adrian Losoya,"5' 6"""
Raithen Malone,"5' 9"""
Derek Maples,"5' 10"""
Matt Mendez,"5' 10"""
Christian Molinar,"5' 10"""
Tristan Moreno,"5' 9"""
Easton Parrish,"6' 1"""
Ryan Romine,"6' 0"""
Hagen Rose,"5' 10"""
Matt Sandoval,"5' 6"""
Brody Ticer,"6' 3"""
Brandon Vasquez,"6' 4"""
Daniel Vogt,"6' 2"""
Darren Acosta,NA
Aiden Becker,NA
Joseph Binder,NA
Gage Cobb,NA
Corbin Dube,NA
Ricardo Franco,NA
Jalen Garibay,NA
Luke Garrett,NA
Xavier Garvia,NA
Alvaro Hernandez,NA
Noah Johnson,NA
Sam Letz,NA
Alfonso Lopez,NA
Christian Loveless,NA
Gage McAnally,NA
Corbin Montayne,NA
Gannon Moore,NA
Aaron Morales,"6' 0"""
Estevan Ortiz,NA
Aron Ovalle,NA
Kevin Potts,NA
Rene Ramos,NA
Tucker Reavis,NA
Brock Rogers,NA
Jacob Salinas,NA
Ryan Sandoval,NA
Rene Solis,NA
Hunter Staff,NA
Noah Tofan,NA
Chris Ulloa,NA
Austin Vara,NA
Primo Vasquez,"5' 10"""
Adan Velasquez,NA
Cade Watson,NA
Ciro Benavides,NA
Cristian Benavides,"6' 1"""
David Benitez,"5' 11"""
Joshua Benitez,"5' 10"""
Austin Brewer,"6' 0"""
Omar Cervantes,"6' 1"""
Mark Chapa,"5' 11"""
Haziel Cruz,"5' 10"""
Joseph Cruz,"5' 10"""
Danny Dial,"6' 0"""
Jose Duran,"5' 10"""
Mario Garcia,"6' 2"""
Horacio Garza,"5' 8"""
Rudy Guardiola,"6' 2"""
Eduardo Guerrero,NA
Sota Inden,"5' 10"""
Angel Larranaga,"5' 10"""
Alex Lugo,"6' 0"""
Dannel Marrero,NA
Abiam Medina,"5' 9"""
Brian Navarro,NA
Nomar Prieto,"6' 0"""
Michael Ramos,"5' 11"""
Joseph Rodriguez,"5' 11"""
Omar Rodriguez,"6' 5"""
Eddie Saenz,"6' 3"""
Lalo Salinas,"6' 1"""
AJ Sanchez,NA
Kamron Snodgrass,"6' 0"""
Isaac Stanwick,"5' 11"""
Edsael Torres,"5' 8"""
Alan Vielma,"5' 10"""
Billy Winans,"6' 2"""
JC Zepeda,NA
Isaiah Aguilar,NA
Kiké Alvarado,"6' 1"""
Javier Benavides,NA
Cash Benavidez,"5' 11"""
Brian Buchanan,NA
Ethan Campos,"6' 2"""
Daniel Cardona,NA
Damien Carreon,NA
Jeremy Cavazos,NA
Jacob Cueva,NA
Fisher Davis,NA
Adam Deboer,NA
Josh Endo,"5' 8"""
Sergio Galvan,NA
Niko Garcia,NA
Cian Garza,NA
Jose Gonzalez,NA
Easton Hewitt,NA
Dalton Kramer,NA
Gabriel LeBlanc,NA
Jayden Martinez,NA
Marco Martinez,NA
Maurice Martinez,NA
Jessie Moreno,NA
Ulises Quiroga,"6' 2"""
Ruben Rendon,NA
Nick Reyes,NA
Landon Salinas,NA
Vincent Sanchez,"5' 8"""
Tyler Schumann,NA
Karson Shepherd,"6' 5"""
Jake Thielen,NA
Elijia West,NA
Zach Westbrook,NA
Bryan Adams,"6' 4"""
Trevor Barth,"6' 3"""
Conner Clark,"6' 0"""
Wiki DeLeon,"6' 1"""
Makai DeSoto,"5' 10"""
Zach Dobson,"6' 0"""
Giovanni Gastelum,"5' 11"""
Thomas Geiger,"6' 1"""
Jack Haggerty,"5' 9"""
Taven Hathaway,"6' 0"""
Tanner Hedrick,"5' 11"""
Nolan LaChappa,"6' 1"""
Timmy LaChappa,"6' 1"""
Jarren Lewis,"6' 1"""
Jaden Loggins,"6' 0"""
Sebastian Lozoya,"5' 10"""
Ashton Lucio,"6' 1"""
Jackson Markwood,"6' 1"""
Taylor McDaniel,"6' 3"""
Dayton Osborn,"5' 10"""
Andrew Prado,"5' 10"""
Ethan Ralph,"5' 11"""
Dylan Ranallo,"6' 0"""
Brent Rigtrup,"6' 0"""
Brock Robarts,"6' 3"""
Damian Robles,"6' 0"""
Jose Salcedo,"5' 8"""
Kaleb Scull,"5' 9"""
Samuel Skipper,"6' 1"""
Bode Stewart,"6' 1"""
Cole Tague,"6' 2"""
Ashton VanDuzer,"6' 0"""
Bryson Adair,"6' 1"""
Garrett Arredondo,"6' 1"""
Kyle Atkinson,"6' 1"""
Brock Bearden,"6' 2"""
Dylan Blomquist,"6' 3"""
Nate Campbell,"6' 1"""
Tanner Chelette,"6' 3"""
Miles Clack,"6' 1"""
Connor Clark,"5' 10"""
Cade Conway,"6' 1"""
Silas Cowgill,"6' 2"""
Joseph Dominguez,"6' 0"""
Lane Epperson,"5' 10"""
Kyle Froehlich,"6' 0"""
Julio Garcia,"6' 2"""
Grant Garza,"6' 2"""
Garrett Gearner,"6' 4"""
Jacob Hadden,"5' 11"""
Mason Hammonds,"6' 0"""
Rawley Hector,"6' 2"""
Tanner Hornback,"5' 9"""
Bryce Jewell,"5' 10"""
Blake LaBuda,"5' 10"""
Noah Lindt,"5' 10"""
Kaston Mason,"6' 5"""
Ethan Menard,"6' 1"""
Nick Niebur,"6' 0"""
Kolby Parker,"6' 0"""
Josh Pelfrey,"6' 0"""
Justus Revill,"6' 0"""
Drew Schmidt,"6' 0"""
Nash Villegas,"6' 7"""
Ryan Walker,"5'11"""
Wyatt Wick,"6' 0"""
Justin Williams,"6' 2"""
Bo Willis,"6' 1"""
Noah Angus,"6' 1"""
Derek Brieden,"6' 2"""
Marcelo Carrillo,"6' 1"""
Apollo Cassimatis,"6' 2"""
Jayden Chatman,"6' 5"""
Dylan Collins,"6' 3"""
Josh Eichstadt,"6' 3"""
Nico Fernandez,"5' 10"""
Anthony France,"6' 3"""
Carson Frezon,"5' 10"""
Albert Garza,"5' 9"""
Kenny Garza,"5' 10"""
Adrian Guerrero,"5' 9"""
Jake Jennings,"5' 11"""
Kole Kinnison,"5' 11"""
Kasey Klyng,"6' 4"""
Johnny Mahalik,"6' 2"""
Diego Martinez,"5' 9"""
Pedro Martinez,"5' 8"""
Trent McCown,"6' 0"""
Trevor McGrath,"6' 5"""
Alex Merkel,"6' 2"""
Jackson Montee,"5' 9"""
Efren Munoz,"6' 0"""
Michael Murray,"6' 0"""
Jake Nicholson,"6' 2"""
Luke Nielsen,"6' 0"""
Ben Price,"6' 3"""
Zach Rennard,"6' 3"""
Lucas Rexin,"5' 9"""
Rey Rivera,"5' 9"""
Aidan Robles,"5' 11"""
Jaeger Self,"5' 11"""
Thomas Soto,"5' 10"""
Ethan Vandament,"6' 1"""
Austin Wallace,"6' 2"""
Jake Alwine,"5' 8"""
Isaiah Arteaga,"6' 2"""
Elijah Batista,"5' 9"""
Rodric Black,"6' 3"""
Jovan Camacho,"5' 9"""
Ryan Camacho,"5' 9"""
Julius Carpio,"6' 1"""
Daniel Castellanos,"6' 0"""
Alex Chumrau,"6' 5"""
Dylan Fesperman,"6' 4"""
Ken Hemmer,"6' 2"""
Teddy Judkins,"6' 2"""
Riley Kettner,"6' 2"""
Max Lankford,"6' 3"""
Davis Luikart,"6' 0"""
Jalen Meyers,"5' 9"""
Kyle Micklus,"5' 9"""
Matt Milner,"6' 3"""
Glenn Noronha,"5' 8"""
Seth Ochoa,"6' 0"""
Emmanuel Pena,"6' 5"""
Tai Phetluangsy,"5' 11"""
Zac Rackham,"5' 11"""
Kory Schmidt,"6' 4"""
Nate Scott,"6' 4"""
Andrew Simone,"5' 11"""
Tristin Thomas,"5' 8"""
Gabe Torres,"6' 2"""
Chase Weaver,"5' 11"""
Matt Whitney,"6' 5"""
Josh Zapata,"6' 0"""
Dylan Banner,"6' 5"""
Luke Boule,"6' 3"""
Alex Enea,"5' 9"""
Ryan Ferremi,"6' 2"""
Luke Filippi,"6' 1"""
Cam Fuer,"6' 1"""
Mark Gajowski,"5' 11"""
Aidan Gelbsman,"5' 10"""
Aaron Herbst,"5' 11"""
Justin Hurd,"5' 10"""
Louis Kaleb,"5' 11"""
Tyler Kneller,"6' 4"""
Cooper Loyal,"6' 0"""
Michael Maggio,"5' 10"""
Matthew Mariano,"6' 0"""
Victor Mazzara,"5' 11"""
Levi McAllister,"5' 9"""
Kyle McCaffrey,"6' 0"""
Thomas McElwee,"5' 9"""
Christian Mello,"6' 3"""
Logan Morris,"6' 3"""
Luke Myers,"5' 9"""
Ethan Nardacci,"6' 3"""
Ryan Pittz,"6' 1"""
Thomas Quinn,"5' 11"""
Anthony Scarabino,"5' 10"""
Kyle Stephens,"6' 1"""
Jared Toby,"5' 10"""
John Vitucci,"5' 11"""
Todd Abraham,"5' 11"""
Devan Bade,"5' 11"""
Ryan Bates,"6' 2"""
Matt Bolton,"6' 0"""
Brady Bouchard,"6' 2"""
Chris Cancel,"6' 0"""
Jake Dally,"6' 0"""
Freddy Forgione,"5' 11"""
Braylen Gonzalez,"5' 9"""
Conner Griffin,"6' 6"""
Ben Griffith,"6' 0"""
Logan Haskell,"6' 0"""
Tim Hennig,"6' 1"""
Ian Kaiser,"5' 10"""
Zack Kent,"5' 10"""
Steven Kraus,"6' 1"""
Brady Lesiak,"5' 9"""
Vincent Luther,"6' 4"""
Dan McAliney,"6' 5"""
Aiden Milburn,"6' 0"""
Ryan Packard,"6' 4"""
Tommy Popoff,"6' 1"""
Colin Rhein,"6' 4"""
Zach Rogacki,"6' 2"""
Caden Rothbaum,"6' 3"""
John Ryder,"6' 1"""
Chris Sleeper,"6' 3"""
Mike Stellrecht,"5' 11"""
Evin Sullivan,"6' 3"""
Sean Sweeney,"5' 7"""
Hayden Tarsia,"6' 2"""
Michael Belcher,"6' 0"""
Owen Birchard,"5' 11"""
Evan Blake,"6' 1"""
Jared Burrows,"5' 11"""
Liam Chamberlain,"6' 4"""
Sean Clifford,"6' 1"""
Matt D'Amato,"5' 9"""
Pat D'Amico,"6' 1"""
Ty Davis,"5'11"""
Trey Deitelbaum,"5' 9"""
Luke Delongchamp,"6' 1"""
Brandyn Durand,"6' 2"""
Brooks Ey,"6' 2"""
Jake Gaudreau,"5' 9"""
Aleksei Goldhill,"6' 1"""
Greg Gorman,"6' 4"""
Shea Grady,"5' 11"""
Gavin Greger,"6' 0"""
Justin Hackett,"5'11"""
Brad Lewis,"5' 10"""
Eliot Medlock,"5' 11"""
Gavin Noriega,"5' 9"""
Cam Papetti,"6' 2"""
Jack Pletter,"6' 2"""
Kyle Rizy,"6' 8"""
Clay Robbins,"6' 2"""
Ryan Santangelo,"6' 1"""
Charlie Saul,"6' 1"""
Mark Scamardella,"6' 1"""
Toby Scheidt,"6' 0"""
Dylan Scudder,"6' 7"""
Alex Slotter,"6' 6"""
Jackson Vanesko,"6' 4"""
Landon White,"6' 6"""
Drew Wyers,"6' 2"""
Sean Zaslaw,"6' 1"""
Zac Zyons,"5' 10"""
Aidan Bardi,"6' 0"""
Evan Baschnagel,"6' 0"""
Chris Bear,"6' 1"""
Blaine Cockburn,"6' 0"""
Jack Donlin,NA
Colin Fitzgerald,"6' 1"""
Pierce Friedman,"6' 1"""
Damon Gaither,"6' 6"""
Gianni Gambardella,"6' 2"""
Gabe Gifford,NA
Bailey Goss,NA
Sebastian Holt,"6' 3"""
Vaun Larisa,NA
Luc Lavigueur,"6' 3"""
Caleb Leys,"6' 1"""
Jason Libby,"6' 3"""
Zach Martin,"6' 0"""
Tommy Martorano,NA
Evan Menzel,"5' 9"""
Quinn Murphy,NA
Dean O'Neill,"6' 0"""
Alex Primeau,NA
Jack Quigley,NA
Brody Rasmussen,"6' 0"""
Drew Reynolds,"5' 11"""
Brennan Rumpf,"6' 4"""
Myles Sargent,"5' 9"""
Evan Scott,"6' 7"""
Dylan Shaffer,"5' 11"""
Caleb Vacchiano,NA
Eric Wainwright,NA
Owen Wheeler,NA
Payton Whitehead,NA
Anthony Anzaldi,"6' 0"""
Jack Caballero,NA
Frankie Caietta,"6' 5"""
Cole Campbell,NA
Holden deJong,"6' 3"""
Nate DeSchryver,"6' 3"""
Michael Doyle,"5' 10"""
Andrew Eppinger,"6' 1"""
Hayden Estes,"5' 11"""
Brandon Falco,NA
Austin Francis,"5' 10"""
Garret Gates,NA
Andrew Hart,"5' 9"""
Colin Kidd,"6' 4"""
Tyler Kim,"6' 0"""
Jake Meyers,NA
Talon Mihalinac,"6' 1"""
Hayden Mileski,"5' 11"""
M.T. Morrissey,"6' 1"""
Greg Nascimento,NA
Ray Ortiz,"6' 1"""
Landon Parker,NA
Brandon Peterson,"6' 0"""
Noah Pins,"5' 11"""
Tade Riordan,"6' 4"""
Javier Rodriguez,NA
Walddy Rodriguez,NA
Ty Sallie,"5' 10"""
Andrew Shank,NA
Jack Stead,"5' 10"""
Jack Sylvia,"6' 0"""
Mattie Thomas,"6' 3"""
Nick Vega,"6' 2"""
Eddie Werse,"6' 0"""
CJ Wisniewski,"6' 0"""
Mason Wolf,"5' 10"""
Caden Angelo,"6' 0"""
Spencer Aubin,"6' 0"""
Dylan Bedder,"6' 6"""
Scotty Brown,"5' 8"""
Brayden Cali,"5' 10"""
Miles Cota,"6' 0"""
Joe DeLanzo,"5' 10"""
Nick DiRito,"6' 2"""
Scott Donahue,"6' 0"""
Brandon Fish,"6' 0"""
Jake Fitzgibbons,"6' 0"""
Brian Foley,"6' 4"""
Nolan Geisler,"6' 3"""
Rob Geisler,"6' 0"""
River Hart,"6' 2"""
Brendan Holland,"6' 6"""
Andres Hulfachor,"6' 3"""
Jacob Jette,"6' 0"""
Conor Kelly,"6' 3"""
Jake LeFrancois,"6' 0"""
Alex Luccini,"6' 3"""
Carlos Martinez,"6' 1"""
Rowan Masse,"6' 1"""
Alfred Mucciarone,"6' 1"""
Sean O'Leary,"6' 0"""
Kevin Rourke,"6' 1"""
Zach Scott,"6' 1"""
Cam Sime,"6' 0"""
Mike Simes,"6' 5"""
Ryan Strand,"6' 3"""
Kevin Zarnoch,"6' 3"""
Sam Bell,"5' 11"""
Matthew Best,"5' 11"""
Luke Buscaglia,"5' 10"""
Jesiah Carpenter,"5' 6"""
Matt Cunningham,"6' 3"""
Aidan Denham,"6' 2"""
Sergio Droz,"5' 10"""
Kyle Eddington,"6' 2"""
Brady Fox,"5' 10"""
Ayden Gonzalez,"6' 0"""
Chris Ho,"5' 11"""
Ethan Ianni,"6' 1"""
Michael Joseph,"6' 1"""
Zach Kelly,"6' 1"""
Nolan Kutney,"6' 3"""
Anthony Mascuilli,"5' 8"""
Leewood Molessa,"6' 2"""
Shane Murphy,"6' 1"""
Ehi Okojie,"6' 0"""
Nico Ong,"5' 8"""
Danny Orr,"5' 9"""
Derek Paris,"5' 10"""
Nick Pratt,"6' 1"""
Nick Remy,"6' 4"""
Zachary Robinson,"6' 0"""
Gabe Ruiz,"6' 2"""
Carver Salazar,"6' 2"""
Eddie Sargent,"5' 10"""
Evan Selmer,"6' 2"""
Grant Teschendorf,"6' 3"""
Emmett Tolis,"6' 8"""
Logan Wiley,"6' 0"""
Danny Wyatt,"6' 0"""
Aiva Arquette,"6' 5"""
Trent Caraway,"6' 2"""
James DeCremer,"6' 2"""
Tanner Douglas,"6' 2"""
Zach Edwards,"6' 2"""
Noah Ferguson,"5' 10"""
Max Fraser,"6' 1"""
Adam Haight,"6' 2"""
AJ Hutcheson,"5' 11"""
Levi Jones,"6' 2"""
Nelson Keljo,"6' 4"""
Ethan Kleinschmit,"6' 3"""
Zach Kmatz,"6' 3"""
Jacob Krieg,"6' 5"""
Dallas Macias,"6' 0"""
Carson McEntire,"6' 1"""
Matthew Morrell,"6' 3"""
Joey Mundt,"6' 4"""
Kellan Oakes,"6' 2"""
Laif Palmer,"6' 6"""
Tyce Peterson,"5' 10"""
Wyatt Queen,"6' 2"""
Canon Reeder,"6' 0"""
Dawson Santana,"5' 6"""
Eric Segura,"6' 2"""
Martin Serrano,"6' 3"""
AJ Singer,"5' 10"""
Drew Talavs,"6' 3"""
Easton Talt,"5' 10"""
Jabin Trosky,"5' 11"""
Gavin Turley,"6' 1"""
Paul Vazquez,"6' 3"""
Wilson Weber,"6' 1"""
Dax Whitney,"6' 5"""
Chase Allen,"6' 6"""
Trey Baker,"6' 2"""
Carson Bayne,"5' 11"""
Dawson Bryce,"6' 3"""
AJ Camp,"6' 1"""
Chase Carson,"6' 4"""
Dante DeFranco,"5' 10"""
Trip DoVale,"6' 1"""
Thad Ector,"6' 2"""
Caleb Estes,"6' 4"""
Noah Furcht,"6' 2"""
Matt Garcia,"6' 2"""
Blake Gillespie,"6' 2"""
Cody Gunderson,"6' 4"""
Reid Haire,"6' 0"""
Wesley Jones,"6' 4"""
Tanner Kaler,"6' 1"""
Andrew Kribbs,"6' 0"""
Blake Martin,"6' 0"""
Connor Maryniak,"6' 1"""
Spencer Nolan,"6' 5"""
Sebastian Perez,"6' 5"""
Logan Poteet,"6' 2"""
Chandler Riley,"6' 0"""
Juan Rivera,"5' 7"""
Joel Sarver,"6' 1"""
Adam Stanton,"6' 3"""
Johnny Sutryk,"6' 1"""
Mike Szturma,"6' 3"""
Joseph Taylor,"5' 11"""
Ed Wagner,"6' 6"""
Walker Barron,"5' 10"""
Gabe Beschloss,"6' 2"""
Alex Bouche,"6' 1"""
Kenan Bowman,"6' 0"""
Tyler Brashear,"6' 3"""
Braden Burress,"5' 9"""
Parker Byrd,"5' 9"""
John Collins,"6' 2"""
Jackson DiLorenzo,"6' 0"""
Drew Downs,"6' 3"""
Talor Grubbs,"6' 0"""
Chance Hall,"6' 1"""
Jack Herring,"5' 10"""
Jake Hunter,"6' 4"""
Austin Irby,"5' 11"""
Michael Irby,"6' 2"""
Sean Jenkins,"6' 2"""
Ryley Johnson,"5' 9"""
Michael Kalinich,"5' 11"""
Nick Moran,"6' 3"""
Ethan Norby,"5' 9"""
Nick Parham,"5' 10"""
Alex Peltier,"6' 2"""
Brad Pruett,"6' 3"""
Braxton Tramel,"5' 10"""
Roger Vergara,"6' 0"""
Davin Whitaker,"6' 1"""
Ian White,"6' 1"""
Dixon Williams,"6' 1"""
Lance Williams,"6' 0"""
Jaden Winter,"6' 5"""
Ethan Young,"6' 1"""
Bradley Zayac,"6' 1"""
Joey Abbazia,"6' 3"""
Kide Adetuyi,"6' 1"""
Steven Andrews,"6' 3"""
Danny Baez,"6' 1"""
Dawson Ball,"6' 0"""
Trey Beard,"6' 2"""
MJ Bollinger,"6' 0"""
Bryan Boully,"6' 2"""
Kyle Boylston,"6' 1"""
Carter Brady,"6' 1"""
Ryan Buckler,"6' 1"""
Jake Duer,"6' 1"""
Cole Frye,"6' 5"""
Ayden Garcia,"5' 11"""
Emilio Gonzalez,"6' 3"""
Carter Holjes,"6' 6"""
Zach Kilby,"6' 5"""
Dylan LaPointe,"6' 1"""
Brando Leroux,"5' 7"""
Marshall Lipsey,"6' 1"""
James Litman,"6' 0"""
Mark Loubier,"6' 2"""
John Martinez,"5' 11"""
Max Martzolf,"6' 1"""
Jake Millan,"6' 2"""
Dylan Murphy,"5' 10"""
Tyler Murphy,"6' 1"""
Dylan Oborne,"6' 3"""
Braden Ostrander,"6' 1"""
Nick Romano,"6' 2"""
John Schroeder,"6' 1"""
Joey Slattery,"6' 0"""
Patrick Ward,"6' 3"""
Nick Wimberly,"6' 0"""
Reilly Witmer,"6' 4"""
David Case,"6' 0"""
Brandon Chorzelewski,"6' 1"""
Seth Cox,"6' 5"""
Shane Cox,"6' 3"""
Eli Curtis,"6' 3"""
Michael Dallas,"5' 11"""
Hayden Donahue,"6' 0"""
Luke Ellis,"6' 1"""
Justin Fogel,"6' 1"""
Seth Garner,"6' 3"""
Cade Greer,"5' 11"""
Malik Harris,"6' 6"""
Will Howell,"6' 4"""
Isaac Lucas,"6' 0"""
Carter McKay,"6' 3"""
Chase Nixon,"6' 1"""
Davis Oswalt,"5' 10"""
Daniel Perez,"5' 10"""
Connor Pittman,"6' 8"""
Jack Pitts,"6' 0"""
Michael Politte,"6' 2"""
Creek Robertson,"6' 0"""
Caden Robinson,"6' 0"""
Logan Rushing,"6' 0"""
Brayden Sanders,"5' 10"""
Charlie Smith,"6' 2"""
James Smith,"6' 5"""
Logan Stelling,"5' 11"""
Kylan Stepter,"6' 1"""
Jonah Sutton,"5' 9"""
Cade Tucker,"6' 3"""
Cy Turner,"6' 3"""
Will Vasseur,"6' 4"""
CJ Willis,"5'11"""
Tucker Alch,"6' 5"""
Aric Anderson,"6' 0"""
Ethan Atchley,"6' 0"""
Von Baker,"6' 6"""
Jack Ben-Shoshan,"6' 0"""
Jackson Blank,"6' 2"""
Hiram Bocachica,"5' 7"""
Blaine Brown,"6' 3"""
Gunnett Carlson,"5' 10"""
Micah Davis,"6' 3"""
Jacob Devenny,"5' 11"""
Trey Duffield,"6' 3"""
Barrett Eldridge,"6' 4"""
Austin Eppley,"6' 1"""
Robert Fernandez,"6' 0"""
Marco Fuentes,"6' 1"""
Reed Gallant,"6' 1"""
Cole Green,"6' 0"""
Davion Hickson,"6' 2"""
Max Johnson,"5'11"""
Maddox Keo,"5' 9"""
J.D. McCracken,"6' 3"""
Tobias Motley,"6' 2"""
Mark Perkins,"6' 1"""
Treyton Rank,"6' 0"""
Matthew Rheaume,"6' 5"""
Lorenzo Rios,"6' 2"""
Colin Robson,"6' 2"""
Nolan Roycraft,"6' 5"""
Paul Smith,"5'11"""
Garrett Stratton,"6' 2"""
Javier Vazquez,"6' 1"""
Tom Vincent,"6' 3"""
Graiden West,"6' 3"""
Landon West,"6' 3"""
Caleb Williams,"6' 2"""
Matt Zatopek,"6' 3"""
Michael Zito,"6' 1"""
Bryce Archie,"6' 3"""
Nolan Bernard,"6' 2"""
Rafael Betancourt,"5' 11"""
Corey Braun,"6' 2"""
Alex Brazer,"6' 1"""
Marcus Brodil,"6' 0"""
Matt Brown,"5'11"""
Matthew Buffington,"6' 1"""
Victor Cartagena,"6' 2"""
Jorge DeCardenas,"6' 1"""
Matt Goldenbaum,"6' 0"""
Jacob Green,"6' 1"""
Sebastian Greico,"6' 3"""
James Hill,"6' 2"""
Carlos Jacome,"5' 9"""
Brandon Keyster,"6' 4"""
Corey Kling,"5' 11"""
Evan Koehler,"6' 2"""
Corban Little,"5' 9"""
Bradke Lohry,"5' 8"""
Adan Longoria,"6' 1"""
Dawson Mock,"6' 0"""
Carter Murphy,"6' 2"""
Jack Nedrow,"6' 2"""
Austin Newton,"6' 6"""
Ryan Pruitt,"5' 11"""
Stewart Puckett,"5' 11"""
Caleb Pundsack,"6' 1"""
Anthony Quigley,"6' 4"""
Matt Rose,"5' 8"""
Lex Sanchez,"5' 10"""
Lance Trippel,"6' 2"""
Landen Yorek,"6' 2"""
James Agabedis,"5' 10"""
Alex Ainsworth,"6' 2"""
Carter Benbrook,"6' 4"""
Theo Bryant,"6' 3"""
Wes Burton,"6' 8"""
Trey Cehajic,"6' 8"""
Tanner Chun,"6' 2"""
Will Clements,"6' 5"""
Michael Devenney,"6' 5"""
Julius Ejike-Charles,"5' 11"""
Luc Fladda,"6' 1"""
William Good,"6' 2"""
Matthias Haas,"6' 1"""
Kaikea Harrison,"6' 0"""
Kross Howarth,"6' 4"""
Logan Hurd,"6' 4"""
Nate Johnson,"6' 5"""
Boots Landry,"6' 3"""
Jackson Linn,"6' 3"""
Michael Lombardi,"6' 3"""
Andrew McKenna,"5' 11"""
Tracy Mitchem,"5' 11"""
Tayler Montiel,"6' 2"""
Garrett Payne,"6' 8"""
Dom Pieto,"6' 0"""
Hugh Pinkney,"6' 2"""
Connor Rasmussen,"5' 11"""
J.D. Rodriguez,"6' 2"""
John-Paul Sauer,"6' 2"""
Gavin Schulz,"5' 9"""
Henry Shuffler,"6' 7"""
Brock Slaton,"6' 0"""
Grayson Smith,"6' 2"""
Jason Wachs,"6' 2"""
Blaise Wilcenski,"6' 6"""
Jaden Anderson,"5'11"""
Thomas Ballard,"6' 2"""
Landon Beaver,"6' 2"""
Logan Braunschweig,"6' 1"""
Braxton Brooks,"6' 1"""
Cole Cheatham,"6' 3"""
Alex Cheeseman,"6' 0"""
Todd Clay,"6' 1"""
Brendan Conner,"6' 0"""
Colin Daniel,"6' 1"""
CJ Ellis,"6' 0"""
Tyler Haines,"6' 4"""
Tyler Harrington,"6' 0"""
Camden Hayslip,"6' 2"""
JP Head,"6' 1"""
Wesley Helms,"6' 0"""
Justin Hicks,"6' 2"""
Brock Hill,"6' 0"""
Nick Hollifield,"5' 10"""
Brooks House,"6' 5"""
Andrew Hunt,"5' 11"""
Chase Ingram,"6' 3"""
Blake King,"6' 2"""
Gavin Lewis,"6' 0"""
Ty Mauldin,"6' 0"""
Jake Merrick,"5' 8"""
Wesley Moore,"6' 6"""
Ryan Olson,"6' 2"""
Caleb Pittman,"6' 1"""
Matthew Roncalli,"6' 0"""
Braxton Shelton,"6' 1"""
Isaac Warrick,"6' 0"""
Tyler Waugh,"6' 1"""
Mayes White,"5' 10"""
Jax Yoxtheimer,"6' 5"""
Jordan Ballin,"5' 9"""
Gunnar Brown,"6' 4"""
Jake Cothran,"6' 1"""
Mike DeBattista,"6' 3"""
Drew Detlefsen,"6' 2"""
Diego Diaz,"5' 9"""
Kendall Dove,"6' 5"""
Garrett Gruell,"5' 11"""
Nathan Hodge,"5' 11"""
Ty Hodge,"6' 2"""
James Hubbard,"6' 0"""
Mason Jacob,"5' 10"""
Whitt Joyce,"5' 11"""
Connor Kelley,"6' 5"""
Mason Lytle,"5' 10"""
John Maldonado,"5' 11"""
Norris McClure,"6' 3"""
Caden Miller,"6' 2"""
Lorenzo Morresi,"5' 11"""
Conor Myles,"6' 4"""
Tye Odom,"5' 10"""
Christian Okerholm,"6' 3"""
Robert Orloski,"6' 4"""
Braylon Owens,"6' 0"""
Broc Parmer,"6' 3"""
Zach Royse,"6' 3"""
Cade Sadler,"6' 4"""
Sam Simmons,"6' 4"""
Andrew Stucky,"5' 11"""
James Taussig,"6' 6"""
Ty Tilson,"6' 0"""
Josh Vaughn,"5'11"""
Grant Adler,"6' 3"""
Caleb Anderson,"5'11"""
Jeremiah Arnett,"6' 4"""
Aaron Arnold,"6' 1"""
Jordan Black,"6' 2"""
Melvin Blocker,"5' 8"""
Ryan Callahan,"5'11"""
Hunter Carlson,"6' 1"""
JC Dermody,"6' 3"""
Cole Dillon,"5' 10"""
Tyler Dobbs,"6' 3"""
Kaleb Duncan,"5' 11"""
Kam Durnin,"6' 0"""
Jaden Gustafson,"6' 3"""
Brady Hamilton,"6' 2"""
Lane Haworth,"5' 10"""
Zeb Henry,"5' 9"""
Hunter Holmes,"6' 4"""
Drew Iverson,"6' 4"""
Camden Johnson,"6' 1"""
Logan Kreske,"6' 2"""
Nate Langbehn,"6' 3"""
Josh Livingston,"6' 0"""
Davis Mauzy,"6' 3"""
Mauricio Millan,"5' 11"""
Jace Miner,"6' 3"""
Jack Mount,"6' 2"""
Arnad Mulamekic,"6' 6"""
Mason Munz,"6' 3"""
Nick Potter,"6' 4"""
Owen Reynolds,"6' 0"""
Karsen Richard,"6' 4"""
Jordan Rogers,"6' 0"""
MJ Seo,"5' 11"""
Gannon Snyder,"6' 2"""
James Umbarger,"6' 6"""
Colton Vercoe,"6' 5"""
Peyton Walters,"6' 1"""
Owen Washburn,"6' 1"""
Zach Bates,"6' 2"""
Gavin Bennett,"5' 11"""
Cameron Chee-Aloy,"5' 9"""
Evan Clark,"6' 0"""
Ryan Daly,"6' 5"""
Mitch Dye,"6' 3"""
Reed Gannon,"6' 3"""
Nolan Girard,"6' 3"""
Nick Groves,"5' 11"""
Regan Hall,"6' 1"""
Payton Hutchings,"6' 0"""
Collin Jennings,"6' 5"""
Will Johannes,"6' 3"""
Greg LaChance,"5' 11"""
Luke Landrus,"6' 2"""
Reece Marley,"5' 11"""
Brayden Mazzacano,"6' 2"""
Christian Morel,"5' 10"""
Aden O'Donnell,"6' 3"""
Ben Plumley,"6' 2"""
Coltin Quagliano,"5' 10"""
Sam Reed,"6' 1"""
Reagan Reeder,"6' 6"""
Julius Sanchez,"6' 0"""
Tyler Schmitt,"6' 3"""
Jake Schroeder,"6' 2"""
Kyle Schupmann,"6' 1"""
Jake Swartz,"6' 0"""
Vytas Valincius,"6' 4"""
Luke Weber,"6' 0"""
Drake Westcott,"6' 3"""
Jack Zebig,"6' 1"""
Seth Benes,"6' 2"""
Matthew Bohnert,"5' 7"""
Joey Brenczewski,"6' 3"""
Henry Brummel,"6' 5"""
Drew Buhr,"6' 1"""
Tyler Cerny,"6' 2"""
Cole Decker,"5' 11"""
Aydan Decker-Petty,"6' 5"""
Tyler DeMartino,"6' 0"""
Hogan Denny,"6' 0"""
Korbyn Dickerson,"6' 0"""
Will Eldridge,"6' 4"""
Ryan Gilbert,"6' 5"""
Cole Gilley,"6' 1"""
Ben Grable,"6' 4"""
Anthony Gubitosi,"5' 11"""
Pete Haas,"6' 0"""
Jake Hanley,"6' 6"""
Grant Holderfield,"6' 3"""
Caleb Koskie,"6' 0"""
Ryan Kraft,"6' 4"""
Cooper Malamazian,"6' 2"""
Will Moore,"5' 9"""
Jasen Oliver,"5' 11"""
Josh Pyne,"6' 0"""
Ryan Rushing,"5' 10"""
T.J. Schuyler,"6' 2"""
Gavin Seebold,"6' 2"""
Jake Stadler,"6' 1"""
Deron Swanson,"6' 3"""
Devin Taylor,"6' 1"""
Trey Telfer,"6' 1"""
Brayton Thomas,"6' 5"""
Jacob Vogel,"6' 7"""
Andrew Wiggins,"6' 4"""
Jackson Yarberry,"6' 3"""
Ganon Archer,"6' 3"""
Jackson Beaman,"6' 1"""
Reece Beuter,"6' 1"""
Jaron Bleeker,"6' 3"""
Max Burt,"6' 0"""
Colin Coonradt,"6' 0"""
Ben DeTaeye,"6' 1"""
Jaixen Frost,"6' 3"""
Blake Guerin,"6' 6"""
Tyler Guerin,"6' 6"""
Sam Hart,"6' 0"""
Connor Hennings,"6' 4"""
Brant Hogue,"6' 4"""
Gable Mitchell,"5' 9"""
Reese Moore,"6' 0"""
Andy Nelson,"6' 1"""
Cade Obermueller,"6' 0"""
William Pearson,"6' 2"""
Miles Risley,"6' 0"""
Daniel Rogers,"6' 3"""
Aaron Savary,"6' 3"""
Kooper Schulte,"6' 1"""
Kellen Strohmeyer,"6' 3"""
Ben Swails,"6' 2"""
Bryson Walker,"5'11"""
Anthony Watts,"6' 4"""
Chas Wheatley,"6' 6"""
Jack Whitlock,"6' 2"""
Ben Wilmes,"6' 0"""
Mitch Wood,"6' 2"""
Daniel Wright,"6' 9"""
Caleb Wulf,"5' 9"""
Ryan Bailey,"6' 1"""
Alex Calarco,"6' 5"""
Cristofer Cespedes,"6' 4"""
Parker Corbin,"5' 9"""
Jordan Crosland,"6' 0"""
Aidan Driscoll,"5' 10"""
Colin Gibbs,"6' 3"""
James Gladden,"6' 0"""
Chris Hacopian,"6' 1"""
Eddie Hacopian,"6' 3"""
EJ Hankerson,"5' 10"""
Logan Hastings,"5' 10"""
Jacob Hauk,"6' 3"""
Aden Hill,"5' 10"""
Michael Iannazzo,"6' 0"""
Andrew Johnson,"5'11"""
Paul Jones,"6' 0"""
Logan Koester,"6' 4"""
Andrew Koshy,"6' 2"""
Elijah Lambros,"6' 2"""
Brayden Martin,"5' 10"""
Kyle McCoy,"6' 6"""
Joey McMannis,"6' 5"""
Omar Melendez,"6' 6"""
Devin Milberg,"6' 1"""
Dom Moats,"6' 0"""
Jacob Orr,"5' 9"""
Hollis Porter,"6' 4"""
Brayden Ryan,"6' 6"""
Evan Smith,"5'11"""
Ryan Van Buren,"6' 4"""
Liam Willson,"6' 1"""
Jack Wren,"6' 5"""
Jake Yeager,"6' 4"""
Jacob Anderson,"6' 1"""
Caleb Berry,"5' 9"""
Noah Bright,"5' 11"""
Adam Broski,"6' 3"""
Griffin Brown,"5'11"""
Sam Busch,"6' 5"""
Aidan Donovan,"6' 4"""
Jake Dresselhouse,"5' 10"""
Joseph Dzierwa,"6' 8"""
Tate Farquhar,"6' 0"""
Gannon Grundman,"6' 4"""
Nolan Higgins,"6' 4"""
Tyler Horvath,"5' 9"""
Josh Klug,"6' 1"""
Noah Matheny,"6' 2"""
Zach Maxey,"6' 2"""
Ryan McKay,"5' 10"""
Gavin Moczydlowsky,"6' 1"""
Dayton Murphy,"5' 10"""
Dominic Pianto,"6' 1"""
Parker Picot,"6' 1"""
Logan Pikur,"6' 4"""
Randy Seymour,"6' 4"""
Will Shannon,"6' 6"""
JT Sokolove,"5' 10"""
Isaac Sturgess,"6' 2"""
Ryan Szczepaniak,"6' 4"""
Tommy Szczepanski,"6' 5"""
Khamaree Thomas,"5' 8"""
George Viebrock,"6' 0"""
Christian Williams,"5'11"""
Nick Williams,"5'11"""
Ryan Zimmer,"6' 5"""
Kurt Barr,"6' 3"""
Preston Barr,"6' 3"""
Grant Bradley,"6' 3"""
Tate Carey,"6' 0"""
Cole Caruso,"6' 3"""
Benny Casillas,"6' 1"""
Cade Connolly,"6' 3"""
Max Debiec,"6' 7"""
Gavin DeVooght,"6' 5"""
A.J. Garcia,"5' 10"""
Robbie Hamchuk,"6' 1"""
Tyler Inge,"6' 0"""
Brayden Jefferis,"5' 10"""
Josh Kasner,"6' 1"""
Ricky Kidd,"6' 1"""
Jonathan Kim,"5' 11"""
Cade Ladehoff,"5' 10"""
David Lally,"6' 5"""
Joe Longo,"6' 0"""
Brandon Mann,"6' 3"""
Noah Miller,"6' 0"""
Brandon Newland,"6' 5"""
Wyatt Novara,"6' 3"""
Keegan O'Hearn,"6' 5"""
Greg Pace,"6' 3"""
Joonsung Park,"6' 0"""
Michael Quedens,"6' 1"""
AJ Rausch,"5' 11"""
Will Rogers,"6' 1"""
Matt Spear,"6' 2"""
Colby Turner,"6' 0"""
Alfredo Velazquez,"5' 8"""
Dylan Vigue,"6' 3"""
Mitch Voit,"6' 0"""
Jeter Ybarra,"6' 4"""
Nick Argento,"6' 6"""
Drew Berkland,"6' 0"""
Caden Capomaccio,"6' 1"""
Seth Clausen,"6' 1"""
Jonathan Dobis,"6' 0"""
Jake Elbeery,"6' 4"""
Josh Fitzgerald,"6' 0"""
Brayden Hellum,"5' 8"""
Tyler Hemmesch,"6' 1"""
Kris Hokenson,"6' 0"""
Sam Hunt,"6' 2"""
Parker Knoll,"6' 0"""
Landen Lozier,"5' 10"""
Jameson Martin,"5' 11"""
Jack Mosh,"5' 10"""
Weber Neels,"6' 1"""
Jake Perry,"6' 4"""
Kyle Remington,"6' 0"""
Easton Richter,"6' 1"""
Noah Rooney,"6' 0"""
Luke Ryerse,"6' 1"""
Cole Selvig,"6' 0"""
Jack Spanier,"6' 0"""
Joe Sperry,"6' 2"""
Eli Sundquist,"6' 1"""
Charlie Sutherland,"6' 2"""
Jack Taxdahl,"5' 10"""
Justin Thorsteinson,"6' 4"""
Adam Urban,"6' 0"""
Will Whelan,"6' 2"""
Pryce Bender,"6' 4"""
Gavin Blachowicz,"6' 4"""
Robby Bolin,"6' 2"""
Jackson Brockett,"6' 1"""
Luke Broderick,"6' 3"""
Cayden Brumbaugh,"5' 11"""
Max Buettenback,"6' 1"""
Dylan Carey,"6' 3"""
Drew Christo,"6' 5"""
Caleb Clark,"6' 2"""
Grant Cleavinger,"6' 5"""
TJ Coats,"6' 3"""
Jaron Cotton,"6' 2"""
Colin Cymbalista,"6' 0"""
Casey Daiss,"6' 4"""
Blake Encarnacion,"6' 4"""
Cael Frost,"6' 0"""
Ryan Harrahill,"6' 4"""
Hogan Helligso,"6' 0"""
Ty Horn,"6' 2"""
Carson Jasa,"6' 7"""
Will Jesske,"6' 0"""
Hayden Lewis,"5'11"""
Mason McConnaughey,"6' 3"""
Colin Nowaczyk,"6' 1"""
Devin Nunez,"5' 11"""
Josh Overbeek,"6' 1"""
Case Sanderson,"6' 2"""
Riley Silva,"6' 0"""
Rhett Stokes,"5' 10"""
Tyler Stone,"6' 3"""
Kanon Sundgren,"6' 0"""
Gabe Swansen,"6' 0"""
Tucker Timmerman,"6' 3"""
J'Shawn Unger,"6' 4"""
Will Walsh,"6' 4"""
Aiden White,"6' 2"""
Jalen Worthley,"5' 10"""
Vince Bianchina,"5' 10"""
Ethan Borggren,"6' 3"""
Pirmin Brechbuhl,"6' 3"""
Luke Burden,"6' 3"""
Zach Carlson,"6' 0"""
Jack Counsell,"6' 0"""
Carter Danz,"6' 3"""
Christian Forniss,"6' 1"""
Jackson Freeman,"6' 2"""
Tyler Ganus,"6' 1"""
Alex Grant,"6' 4"""
Jack Grunkemeyer,"6' 2"""
Jacob Hand,"5' 11"""
Sam Hliboki,"6' 3"""
Marty Kaplan,"6' 3"""
Preston Knott,"5' 8"""
Matthew Kouser,"6' 5"""
Ryan Kucherak,"6' 1"""
Jack Lausch,"6' 2"""
Trent Liolios,"6' 3"""
Blake MacMillan,"6' 5"""
Bennett Markinson,"6' 1"""
Cole Mascott,"6' 2"""
Owen McElfatrick,"6' 0"""
Griffin Mills,"6' 1"""
Josh Ramos,"6' 1"""
Sonny Rao,"6' 2"""
Chad Readey,"6' 6"""
Garrett Shearer,"6' 3"""
Amar Tsengeg,"6' 3"""
Crawford Wade,"6' 4"""
Simon Bargo,"6' 5"""
Douglas Bauer,"6' 4"""
Hayden Blosser,"6' 3"""
Reggie Bussey,"6' 2"""
Ryan Butler,"6' 3"""
Will Carpenter,"6' 1"""
Luke Carrell,"6' 2"""
Nik Copenhaver,"6' 4"""
Mason Eckelman,"6' 1"""
Lee Ellis,"5' 11"""
Drew Erdmann,"6' 4"""
Zach Freeman,"6' 0"""
Nick Giamarusti,"6' 0"""
Charlie Giese,"6' 5"""
Matthew Graveline,"6' 1"""
Chase Herrell,"6' 2"""
Spencer Hill,"6' 3"""
Gavin Kuzniewski,"6' 0"""
Noah LaFine,"5' 11"""
Tannis Lange,"6' 3"""
Trey Lipsey,"6' 2"""
Jake Michalak,"6' 3"""
Ryan Miller,"6' 2"""
Sal Mineo,"5' 11"""
Sahil Patel,"5' 11"""
Alonzo Paul,"5' 8"""
Tyler Pettorini,"6' 0"""
Zev Salsberg,"6' 1"""
Anthony Scheppler,"6' 0"""
Hunter Shaw,"6' 4"""
Zak Sigman,"5' 10"""
Maddix Simpson,"6' 2"""
Marc Stephens,"6' 1"""
Blaine Wynk,"6' 3"""
Anson Aroz,"5' 11"""
Sam Boyle,"6' 2"""
Tanner Bradley,NA
Jack Brooks,"5' 10"""
Collin Clarke,"6' 3"""
Ryan Cooney,"6' 0"""
Isaac Evaniew,"6' 2"""
Ryan Featherston,"6' 1"""
Carter Garate,"6' 2"""
Santi Garcia,"6' 0"""
Jax Gimenez,"6' 3"""
Grayson Grinsell,"6' 1"""
Jeffery Heard,"6' 2"""
Dominic Hellman,"6' 6"""
Julien Hernandez,"6' 1"""
Gabe Howard,"6' 3"""
Tyler Jones,"5'11"""
Jaxon Jordan,"6' 5"""
Zach Justice,"6' 0"""
Kellan Knox,NA
Burke-Lee Mabeus,NA
Seth Mattox,NA
Michael Meckna,NA
Chase Meggers,"6' 0"""
Maddox Molony,"6' 2"""
Mason Neville,"6' 3"""
Coen Niclai,"6' 2"""
Jason Reitz,"6' 11"""
Will Sanford,"6' 0"""
Drew Smith,"6' 2"""
Parker Stinson,"6' 0"""
Cole Stokes,"6' 6"""
Toby Twist,"6' 1"""
Ian Umlandt,"6' 0"""
Jacob Walsh,"6' 4"""
Will Andrews,"5' 11"""
Mason Butash,"6' 2"""
Derek Cease,"5' 8"""
Ben DeMell,"6' 5"""
Joey DeMucci,"6' 1"""
Ryan DeSanto,"6' 4"""
Patrick Graham,"5' 11"""
Mason Horwat,"6' 1"""
Jesse Jaconski,"6' 0"""
Joe Jaconski,"6' 0"""
Paxton Kling,"6' 2"""
Harrison Lollin,"6' 0"""
Dimond Loosli,"6' 1"""
Mike Lucarelli,"6' 0"""
Matt Maloney,"5'11"""
Cohl Mercado,"5' 8"""
Jack Messina,"6' 0"""
Bryce Molinaro,"6' 0"""
Matt Morash,"6' 0"""
Logan Olson,"6' 5"""
Jack Porter,"6' 1"""
Carson Renner,"6' 3"""
Chase Renner,"6' 4"""
Skip Shenosky,"6' 5"""
Anthony Steele,"6' 4"""
Connor Throneberry,"6' 6"""
Matthew VanOstenbridge,"5' 10"""
Nate Voss,"6' 0"""
Riley Weatherwax,"6' 2"""
Ryan Weingartner,"5' 11"""
Sean Williams,"5'11"""
Brandon Wingenroth,"6' 1"""
Brandon Anderson,"6' 4"""
Eli Anderson,"6' 0"""
Gavin Beuter,"6' 4"""
Will Briggs,"6' 0"""
Albert Choi,"6' 0"""
Brody Chrisman,"6' 3"""
Avery Cook,"6' 6"""
Lukas Cook,"6' 3"""
Sergio DeCello,"5' 10"""
Carter Doorn,"6' 3"""
Maclane Finley,"6' 0"""
Chris Gallagher,"6' 0"""
Camden Gasser,"5' 10"""
Ty Gill,"6' 2"""
Amir Gray,"6' 1"""
Justin Guiliano,"6' 4"""
Enas Hayden,"6' 3"""
Austin Klug,"6' 4"""
Nick Kolze,"6' 2"""
Lance Lauve,"5' 11"""
Corbin Malott,"6' 1"""
Aaron Manias,"6' 2"""
Isaac Milburn,"6' 0"""
Avery Moore,"6' 2"""
Breck Nowik,"6' 3"""
Brayden Olson,"6' 2"""
CJ Richmond,"6' 3"""
Brandon Rogers,"5' 11"""
Houston Russell,"6' 1"""
Barron Sawyer,"6' 6"""
Keenan Spence,"6' 5"""
Easton Storey,"5' 11"""
Logan Sutter,"6' 1"""
Matt Tarr,"6' 2"""
Joe Trenerry,"6' 4"""
Michael Vallone,"6' 0"""
Cole Van Assen,"6' 3"""
Jan Avila,"6' 3"""
Charles Batista,"6' 4"""
Quinn Berglin,"6' 2"""
Peyton Bonds,"6' 5"""
Ryan Bradley,"5' 11"""
Yomar Carreras,"6' 0"""
Matt Chatelle,"6' 4"""
Trevor Cohen,"6' 1"""
Matt Cruz,"5' 11"""
Ty Doucette,"6' 2"""
Jordan Falco,"6' 6"""
Luke Fithian,"6' 2"""
Mark Gialluisi,"5' 10"""
Zach Gleason,"6' 2"""
Connor Grotyohann,"6' 5"""
Hunter Hoxie,"5' 10"""
Brennan Hyde,"5' 11"""
Cameron Johnson,"6' 0"""
RJ Johnson,"5' 11"""
JD Jones,"6' 0"""
Tyler Kane,NA
Jack Kirchner,"6' 4"""
Landon Mack,"6' 1"""
Joe Mazza,"6' 3"""
Nolan Peel,"6' 0"""
Preston Prince,"6' 5"""
Andrew Rondini,"6' 0"""
Dillon Ryan,"6' 0"""
Pablo Santos,"6' 0"""
Justin Shadek,"6' 6"""
Jack Sweeney,"6' 0"""
Mike Timberlake,"6' 7"""
Nick Tomasetto,"5' 10"""
Josh Alger,"6' 3"""
Blake Balsz,"5' 10"""
Michael Barnett,"6' 4"""
CJ Bott,"6' 3"""
Payton Brennan,"6' 3"""
Toussaint Bythewood,"6' 2"""
Phoenix Call,"6' 0"""
Roch Cholowsky,"6' 2"""
Logan de Groot,"6' 3"""
Cody Delvecchio,"5' 10"""
Cashel Dugger,"6' 2"""
Aidan Espinoza,"5' 11"""
Will Goldberg,"6' 1"""
Grant Gray,"6' 4"""
Chris Grothues,"6' 3"""
Easton Hawk,"6' 3"""
James Hepp,"6' 7"""
Jarrod Hocking,"5' 9"""
Kasen Khansarinia,"6' 2"""
Kaena Kiakona,"6' 2"""
Cameron Kim,"6' 3"""
Justin Lee,"5'11"""
Mulivai Levu,"6' 1"""
Roman Martin,"6' 2"""
Ian May,"6' 2"""
Wylan Moss,"6' 3"""
David Mysza,"5' 10"""
Jack O'Connor,"5'11"""
Cal Randall,"6' 4"""
Ryan Rissas,"6' 3"""
Luke Rodriguez,"6' 4"""
AJ Salgado,"6' 3"""
August Souza,"6' 2"""
Landon Stump,"6' 3"""
Dean West,"5' 10"""
Caden Aoki,"6' 0"""
Jackson Baker,"6' 1"""
Jack Basseer,"6' 1"""
Dean Carpentier,"6' 3"""
Abbrie Covarrubias,"6' 0"""
Ben Cushnie,"6' 2"""
Brayden Dowd,"5' 10"""
Michael Ebner,"6' 3"""
Mason Edwards,"6' 2"""
John Elliott,"6' 3"""
Jude Favela,"6' 3"""
Grant Govel,"6' 0"""
Andrew Harbour,"6' 2"""
Ethan Hedges,"6' 1"""
Wes Hickey,"6' 0"""
Kade Higgins,"6' 3"""
Caden Hunter,"6' 2"""
Andrew Lamb,"6' 0"""
Adrian Lopez,"6' 4"""
Augie Lopez,"6' 1"""
Bryce Martin-Grudzielanek,"6' 3"""
Maximo Martinez,"6' 0"""
Sax Matson,"6' 2"""
Dylan Osborne,"6' 0"""
Anthony Perritano,"6' 2"""
Brodie Purcell,"6' 3"""
Maddox Riske,"5' 11"""
Garren Rizzo,"6' 1"""
Zach Schwartzberg,"5' 10"""
Tee Southisene,"6' 0"""
Kaden Stone,NA
Kevin Takeuchi,"5' 10"""
Richard Tejeda,"6' 0"""
Max Banks,"6' 4"""
Colin Blanchard,"6' 1"""
Colton Bower,"6' 0"""
Reeve Boyd,"6' 1"""
Tommy Brandenburg,"5' 11"""
Nic Bronzini,"6' 4"""
Micah Bujacich,"6' 3"""
Carson Crawford,"6' 2"""
Tommy Curran,"6' 2"""
Sam DeCarlo,"5' 9"""
Charlie Denomme,"6' 4"""
Josh Emanuels,"6' 3"""
Jase Evangelista,"6' 2"""
Bradley Gilbert,"6' 0"""
A.J. Guerrero,"6' 0"""
Matthew Henning,"6' 1"""
Jackson Hotchkiss,"6' 3"""
Malakhi Knight,"6' 3"""
Trevor Kole,"6' 0"""
Reilly McAdams,"6' 6"""
Gunnar Nichols,"6' 4"""
Easton O'Neal,"6' 1"""
Sawyer Parkin,"5' 11"""
Julian Sanders,"6' 2"""
Peysen Sweeney,"6' 5"""
Casen Taggart,"6' 5"""
Braeden Terry,"6' 0"""
Justin Tims,"6' 3"""
Cooper Whitton,"6' 3"""
Will Woodward,"6' 7"""
Isaac Yeager,"6' 6"""
Dre Amaral,"5' 10"""
AJ Anderson,"6' 2"""
Braxton Brogan,"6' 0"""
Isaac Castro,"5' 11"""
Raymond Clark,"6' 4"""
Wilmer Cuevas,"5' 9"""
Bryce Dolce,"6' 1"""
Kylan Duncan,"5' 9"""
Brandon Edwards,"6' 2"""
Nick Espinola,"6' 2"""
Kenny Glover,"5' 10"""
Brycen Hammonds,"5' 10"""
Evan Hurlburt,"6' 0"""
Miles Jackson,"5' 11"""
Desmore Joseph,"5' 11"""
Vincent Latimer,"6' 0"""
Charlie Lazo,"6' 0"""
Killian McLaughlin,"5' 11"""
Charles Morris,"6' 3"""
Jordan Nolley,"6' 2"""
Xavier O'Neal,"5' 11"""
Emmanuel Perez,"6' 0"""
Jaiden Proper,"6' 1"""
Angel Rivera,"5'11"""
Edgar Rodriguez,"6' 2"""
Trey Rutledge,"5' 9"""
Trey Scott,"6' 4"""
Avery Seaton,"6' 0"""
Christian Soto,"6' 1"""
KJ Stanfield,"6' 2"""
Kobe Stokes,"6' 1"""
Jose Valerio,"6' 0"""
Elvis Victoriano,"6' 5"""
Kelvin Agosto,"5' 10"""
Jackson Allred,"5' 8"""
Jose Almazan,"6' 2"""
Will Bartkoski,"6' 6"""
Jorge Bello,"5' 10"""
Devin Brooks,"6' 3"""
Devin Chandler,"5' 8"""
Jaxon Christensen,"5' 11"""
Javon Christian,"6' 1"""
Shadai Colon,"5' 11"""
Juan Cruz,"6' 5"""
Caio De Araujo,"6' 2"""
Kameron Douglas,"6' 5"""
Alex Espaillat,"6' 0"""
Wilbert Espinal,"6' 0"""
Tyler Holmes,"5' 9"""
Jorhan LaBoy,"5' 9"""
Isaiah Landry,"5' 8"""
Will Larson,"6' 2"""
Jacob Loeffler,"6' 4"""
Kyrin Long,"6' 2"""
Jafet Martinez,"6' 2"""
Kyler McIntosh,"6' 1"""
Daniel Ortiz,"6' 0"""
Luke Parmentier,"6' 1"""
Esaid Peña,"6' 1"""
James Peterson,"6' 2"""
Trey Power,"5' 10"""
Mikel Pryor,"6' 3"""
Caleb Sanders,"5'11"""
Fabian Santana,"5' 10"""
DeMarckus Smiley,"5' 10"""
Zaelyn Smith,"5' 10"""
Andrew Wells,"6' 1"""
Reyfield Adams,"5' 9"""
Kalum Banks,"6' 4"""
Payton Baylis,"5' 9"""
Ty Boze,"5' 3"""
Dillon Brown,"5' 7"""
Jaylon Burrell,"6' 2"""
Jesse Burton,"5' 9"""
Gavin Caston,"6' 3"""
Andres Chirinos,"6' 2"""
Kanious Davis,"5' 9"""
Myles Dews,"6' 2"""
Mason Duke,"6' 4"""
Guershon Exi,"6' 3"""
Jeremiah Farmer,"5' 11"""
Jermel Ford,"6' 0"""
Nathan Gamez,"6' 2"""
Edwin Guzman,"5' 11"""
Kameron Hopson,"6' 2"""
Stephen Hunt,"5' 10"""
Chance Jackson,"6' 1"""
Kevin Jackson,"5' 10"""
Jullian Jarrett,"5' 9"""
Terrance Johnson,"5' 9"""
Hayden Konkler,"6' 3"""
KeShawn Lee,"5' 11"""
Sam Leonard,"5' 9"""
Ben Martin,"5' 7"""
Jacobe Nailer,"5' 10"""
Brandon Robinson,"5' 10"""
Luke Sanders,"5' 9"""
Chris Tillman,"5' 10"""
Caden Wade,"5' 10"""
Clayvonjae Wright,"5' 8"""
Courtney Allen,"6' 0"""
Lorenzo Bailey,"6' 0"""
Harish Balachandran,"5' 9"""
Chris Bedgood,"6' 1"""
Darries Boyd,"6' 0"""
Darrius Brown,"6' 0"""
Jayden Brown,"6' 0"""
Blake Coleman,"6' 2"""
Ashton Davis,"6' 4"""
Trinidad DeLaGarza,"5' 10"""
Matt Dworsky,"6' 0"""
Maurice Edwards,"5' 9"""
Kenney Fabian,"5' 11"""
Steffan Fak,"6' 0"""
Eli Gries-Smith,"6' 2"""
Brendan Hamlin,"6' 0"""
Jaylon Johnson,"5' 9"""
Cole Kenyon,"6' 4"""
Emerson Lott,"6' 2"""
Collin McLemore,"5' 8"""
Nate Monceaux,"6' 3"""
Jason Moss,"5' 11"""
Jaylon Nauden,"6' 2"""
Shadarious Plummer,"5' 8"""
Jesus Riera,"5' 9"""
Carlos Rodriguez-Velez,"6' 0"""
Vinny Saumell,"6' 1"""
Dane Small,"6' 0"""
Major Spence,"6' 1"""
Gavin Terry,"5' 10"""
Ben VanMaanen,"6' 3"""
Kentavious Veal,"5' 5"""
Brant Voth,"6' 2"""
Spencer Watson,"6' 2"""
Jaedon Willis,"5' 10"""
Tanner Boccabello,"6' 3"""
Julian Carrasquilla,"6' 3"""
Joel Core,"6' 0"""
Yoansell Diaz,"6' 0"""
Isaias Ducasse,"6' 1"""
Irvin Escobar,"6' 0"""
Jose Fernandez,"6' 3"""
Daniel Figueroa,"5' 10"""
Marcos Gamboa,"6' 3"""
Sebastian Garrido,"5' 11"""
Jeffrey Gonzalez,"6' 2"""
Jorge Gonzalez,"6' 3"""
Carlos Jazmin,"6' 2"""
Robert Lastra,"5' 11"""
Darryl Lee,"5' 10"""
Angel Lopez,"6' 0"""
Andrey Martinez,"6' 2"""
Armani Newton,"6' 2"""
Leandro Perez,"6' 0"""
Reinaldo Plascencia,"6' 2"""
Jeter Polledo,"5' 10"""
Sergio Rivera,"6' 1"""
Jorge Rodriguez,"6' 0"""
Josh Rodriguez,"5' 11"""
Michael Rodriguez,"5' 11"""
Carlos Roses,"5' 10"""
Edwin Sanchez,"5'11"""
Aaron Schaefer,"5' 10"""
Manny Souffrain,"6' 3"""
Pablo Torres,"5' 11"""
Jesus Vanegas,"5' 10"""
Brandon Vazquez,"5' 10"""
Peter Vazquez,"6' 0"""
Jayme Villafane,"5' 8"""
Christopher Watson,"6' 4"""
Logan Wirt,"6' 0"""
Jean Carlos Zambrano,"6' 0"""
Josh Bell,"6' 0"""
William Brown,"5' 9"""
Jesus Campa,"6' 2"""
Jay Campbell,"5' 11"""
Trey Craft,"6' 3"""
Justen Crews,"6' 1"""
Josue Figueroa,"6' 1"""
JD Garner,"6' 5"""
Caleb Granger,"5' 11"""
Trevor Hanselman,"5' 10"""
Carson Kelly,"5'11"""
Ben Kim,"5' 8"""
Cameron King,"6' 1"""
Trenten Langley,"6' 1"""
Ryan Little,"6' 1"""
Justin Lopez,"6' 0"""
Ethan Miller,"6' 2"""
Jalen Niles,"6' 0"""
Blake Pacheco,"6' 1"""
Adam Parzych,"6' 1"""
Matthew Perez,"5' 11"""
Broedy Poppell,"5' 11"""
Colton Ryals,"5' 10"""
Zack Sigmon,"6' 3"""
Brent Sims,"6' 0"""
Caden Slappey,"6' 0"""
Nicholas Spry,"6' 4"""
Dallas Tease,"5' 11"""
Brandon Walker,"6' 1"""
Tanner Walker,"6' 2"""
Cody Williams,"6' 1"""
Garrett Workman,"6' 2"""
Ryan Young,"5' 9"""
Marcerio Allen,"5' 11"""
Payton Allen,"5' 10"""
Ethan Bates,"6' 1"""
Jaylyn Bennett,"6' 0"""
ShaMarian Brantley,"5' 11"""
Trey Bridges,"6' 1"""
Chenar Brown,"6' 7"""
Terry Burrell,"5' 8"""
Landon Clampit,"5' 10"""
John DeCoste,"6' 1"""
Israel Delgado,"5' 10"""
Taylor Dooley,"6' 2"""
Christian Dunn,"6' 0"""
Mike Edwards,"5' 11"""
Derrell Fletcher,"6' 1"""
Aries Gardner,"6' 4"""
Nyan Hayes,"5' 11"""
Cameron Hill,"6' 0"""
Nik Jackson,"5' 10"""
Keanu Jacobs-Guishard,"6' 0"""
LaMarcus Jones,"6' 0"""
Thomas Leiden,"6' 0"""
Ajani Lyons,"6' 1"""
Chris Marcellus,"5' 9"""
Shannon Martin,"5' 10"""
Javi Martinez,"6' 2"""
Mason Martinez,"6' 0"""
Carlos Peguero,"6' 4"""
Hampton Phillips,"5' 9"""
Randy Reyes,"6' 2"""
Nick Robinson,"5'11"""
Trenton Shaw,"6' 4"""
Esteban Tavarez,"6' 1"""
Martavius Thomas,"5' 9"""
Brett Washington,"5' 8"""
James Woody,"6' 1"""
Ledy Alvarez,"5' 10"""
Bryce Benton,"5' 8"""
Nazhir Bergen,"6' 4"""
Anthony Brown,"6' 0"""
Pierre Cabral,"6' 0"""
Nkosi Didder,"6' 2"""
Joseph Eichelberger,"5' 9"""
Eric Elliott,"6' 3"""
Carson Foster,"6' 0"""
Caleb Gallant,"6' 0"""
Erick Gonzalez,"5' 11"""
Darwin Gregg,"6' 3"""
Shemar Harris,"6' 1"""
Brandon Haston,"6' 1"""
Arjun Huerta,"6' 1"""
Davione Hull,"6' 1"""
Asafa Jones,"6' 0"""
CJ Lewis,"6' 2"""
Je-andrick Lourens,"5' 10"""
Jordan McCladdie,"6' 0"""
Cam'Ron McCoy,"6' 2"""
Silas Moore,"6' 0"""
Tyshon Patty,"6' 0"""
Wilbert Perez,"6' 6"""
Corey Richardson,"6' 2"""
Stevins Spurgeon,"6' 1"""
Robert Tate,"6' 4"""
Miles Thomas,"6' 3"""
Hederick Torres,"6' 2"""
DeVante Wells,"6' 0"""
Tanner Aoki,"5' 9"""
Kendall Brookins,"6' 0"""
Noah Bufford,"6' 2"""
Logan Darnell,"6' 1"""
Nate Davila,"6' 1"""
Tom Early,"6' 0"""
Brayden Eftink,"6' 0"""
Mac Floyd,"5' 10"""
Kai Hanasaki,"5' 10"""
Jaxon Haynes,"6' 3"""
Brady Heinzmann,"6' 2"""
Benny Hernandez,"6' 0"""
Ricky Hernandez,"5' 7"""
Jace Jones,"6' 5"""
Jordan Jones,NA
Malik Kemp,"6' 3"""
Kobe Ladd,"6' 1"""
Gunner Lakins,"6' 4"""
Craig McGee,"6' 2"""
Aiden Meyer,"6' 3"""
Jodany Ofarril-Ortiz,"5' 8"""
Shuto Okumura,"5' 10"""
Tre Relliford,"5' 11"""
James Rivera,"6' 1"""
James Snipes,"6' 2"""
Chris Soeder,"6' 3"""
Eric Williams,"5' 10"""
Kade Wood,"6' 0"""
Simon Yoakum,"6' 2"""
Lee Allen,"5' 9"""
Corey Battey,"5' 8"""
Beau Beaty,"6' 2"""
Mac Bowie,"6' 0"""
Leo Bravo,"6' 3"""
Michael Burroughs,"6' 1"""
Trenton Bush,"6' 4"""
Tyson Carlton,"6' 5"""
Ahmar Donatto,"5' 9"""
Kamar Dove,"6' 4"""
Camden Farmer,"6' 8"""
Cameron Franklin,"5' 9"""
Legend Fugett,"6' 2"""
Mike Granson,"6' 0"""
Landyn Grant,"6' 3"""
Blake Hall,"5' 10"""
Dakari Hayes,"5' 11"""
Ayden Heinz,"6' 2"""
Mason Heiskell,"5' 9"""
Isaac Herrera,"6' 0"""
Paxton Huff,"5' 11"""
Brayden Johnson,"5' 9"""
Marshal Jonas,"6' 2"""
John Lawson,"6' 0"""
Corie Lockette,"6' 2"""
Mason Maxie,"6' 0"""
Marcus McMillan,"6' 2"""
Seve Medrano,"6' 0"""
Chase Moore,"6' 0"""
Jadin Moreno,"6' 5"""
Sonnier Moses,"5' 8"""
Edem Okpattah,"6' 0"""
Jeffrey Polledo,"6' 2"""
Trace Sanchez,"6' 5"""
Julian Scott,"5' 8"""
Demarques Thompson,"6' 1"""
Jayden Williams,"5' 10"""
Jordon Williams,"6' 2"""
Landon Williams,"6' 2"""
Malik Abdul,"6' 3"""
Nyle Banks,"5' 11"""
Taj Bates,"5' 10"""
Beny Bikar,"5' 10"""
Xavier Bradley,"6' 0"""
Oliver Brown,"6' 1"""
Kameron Byrd,"6' 0"""
Tyree Carr,"6' 0"""
Casey Coates,"6' 0"""
Kennedy Drexler,"5' 10"""
Arrington Eason,"6' 0"""
Kiki Ford,"6' 4"""
Ranard Grace,"5' 11"""
Rashard Grace,"5' 11"""
Charles Green,"6' 2"""
Edward Gregory,"5' 10"""
Peyton Huff,"6' 1"""
Kenneth Jackson,"6' 2"""
Damien Johnson,"5' 11"""
Dylan Jones,"6' 3"""
Dominic Joseph,"6' 1"""
Michael Latulas,"6' 3"""
Nick Luckett,"5' 10"""
Jaylon Lucky,"6' 1"""
Jalon Mack,"6' 0"""
Amare McGown,"6' 2"""
Jeremiah Newman,"6' 0"""
Genesis Prosper,"6' 2"""
Jacoby Radcliffe,"6' 0"""
Sadir Ryan,"5' 11"""
Donny Sandifer,"5' 11"""
Brant Stewart,"6' 3"""
Caiden Stewart,"5' 10"""
Cardell Thibodeaux,"5' 8"""
Stephen Tolbert,"6' 1"""
Jorge Vazquez,"6' 0"""
KJ White,"5' 10"""
Edmundo Alanis,"6' 1"""
Kewan Braziel,"5' 10"""
Daylon Carleton,"5' 10"""
Collin Dennis,"5' 10"""
Jaden Flores,"6' 0"""
Damian Garcia,"6' 1"""
Isaac Garcia,"5' 11"""
Jesse Herrera,"5' 8"""
Bryce Hughes,"5' 9"""
Bobby Humphries,"6' 0"""
Evan Joubert,"5' 9"""
Jason Lazo,"5' 10"""
Tyler Legendre,"6' 0"""
Errick Lewis,"6' 1"""
Nate Lopez,"5' 7"""
Jose Luccioni,"6' 0"""
James Malone,"6' 3"""
Justin Mayes,"5'11"""
Jace Maynard,"6' 2"""
Calvin McClendon,"5' 10"""
David Medina,"6' 0"""
Ryan Melendez,"5' 10"""
Sidney Moore,"5' 10"""
Miguel Morales,"5' 10"""
John Moya,"6' 2"""
Kelton Phillips,"5' 7"""
Josh Prieto,"5' 11"""
Elijah Rodriguez,"5'11"""
Carl Sullivan,"6' 1"""
Leeroy Tavarez,"6' 2"""
Jonathan Trejo,"6' 0"""
Jose Villalobos,"6' 3"""
Kameron Walton,"6' 3"""
Alex Bryant,"6' 4"""
Jacob Burnham,"6' 0"""
Bobby Chicoine,"6' 2"""
Vince Cimini,"6' 2"""
A.J. Colarusso,"6' 0"""
Owen DeShazo,"6' 6"""
Nathanael Frederking,"6' 2"""
Esteban Garcia,"6' 0"""
Joe Gold,"5' 11"""
Cesar Gonzalez,"5' 9"""
Aidan Harrington,"6' 0"""
Austin Hartsell,"6' 2"""
Dylan Howanitz,"6' 3"""
Gunnar Johnson,"6' 0"""
Kyle Kipp,"6' 2"""
John Kwiatkowski,"6' 6"""
Colin Larson,"5' 9"""
Adam Magpoc,"5' 8"""
Sam McNulty,"6' 2"""
Karl Meyer,"6' 3"""
Beck Milner,"6' 2"""
Tyler Mudd,"5' 9"""
J.D. Ogden,"6' 5"""
Josiah Ragsdale,"6' 0"""
Pat Roche,"6' 0"""
Jace Roossien,"6' 0"""
Joey Ryan,"6' 5"""
Peter Schaefer,"6' 0"""
Eric Schroeder,"6' 0"""
Gavin Soares,"6' 3"""
Julio Solier,"6' 0"""
Matt Spada,"6' 1"""
Jack Toomey,"6' 3"""
Nick Wang,"6' 1"""
Kyle Wolff,"6' 1"""
Jarren Advincula,"5' 11"""
Lucas Alaniz,"6' 2"""
Kalen Applefield,"6' 1"""
Alex Birge,"6' 1"""
Tucker Bougie,"6' 6"""
Nico Button,"5' 10"""
Cade Campbell,"6' 0"""
Cole Clark,"5' 10"""
Elijah Clayton,"5' 10"""
Oliver de la Torre,"6' 4"""
Spencer Dessart,"6' 1"""
Joey Donnelly,"6' 2"""
Gavin Eddy,"6' 5"""
Ethan Foley,"6' 1"""
Jacob French,"6' 0"""
Jake Guardiancic,"6' 5"""
Seth Gwynn,"6' 0"""
Max Handron,"5' 10"""
Jeff Hoffman,"6' 1"""
JJ Hollis,"6' 3"""
Jack Johnston,"5' 11"""
Ethan Kodama,"6' 1"""
Jordy Lopez,"5' 8"""
P.J. Moutzouridis,"6' 1"""
Logan Piper,"5' 10"""
Carl Schmidt,"5' 11"""
David Shaw,"6' 6"""
Dominic Smaldino,"6' 6"""
Ryan Spalliero,"6' 0"""
Kaden Taque,"6' 1"""
Miles Tenscher,"6' 1"""
Chewy Thomas,"6' 3"""
Cole Tremain,"6' 0"""
Austin Turkington,"6' 1"""
Joe Allen,"6' 3"""
B.J. Bailey,"6' 3"""
Talan Bell,"5' 11"""
Brendon Bennett,"6' 2"""
Tristan Bissetta,"6' 1"""
Dion Brown,"5' 11"""
Cam Cannarella,"6' 0"""
Josh Castellani,"6' 4"""
Andrew Ciufo,"6' 0"""
Jackson Cole,"6' 2"""
Jack Crighton,"6' 3"""
Ethan Darden,"6' 0"""
Jay Dillard,"5' 9"""
Nathan Dvorsky,"6' 1"""
Chance Fitzgerald,"6' 1"""
Luke Gaffney,"6' 2"""
Reed Garris,"6' 0"""
Michael Gillen,"6' 4"""
Jacob Jarrell,"6' 0"""
Chayce Kieck,"6' 2"""
Aidan Knaak,"6' 0"""
Hudson Lee,"6' 4"""
Justin LeGuernic,"6' 4"""
Dominic Listi,"6' 0"""
Lucas Mahlstedt,"6' 3"""
Ty Marshall,"5' 9"""
Tryston McCladdie,"5' 10"""
Jacob McGovern,"5'11"""
Josh Paino,"6' 0"""
Hideki Prather,"5' 10"""
Collin Priest,"6' 4"""
Jarren Purify,"5' 10"""
Noah Samol,"6' 7"""
Drew Titsworth,"6' 3"""
T.P. Wentworth,"6' 5"""
Tyler Albright,"6' 0"""
Andrew Bell,"6' 0"""
Jake Berger,"6' 3"""
Collins Black,"6' 2"""
David Boisvert,"6' 5"""
Bryce Brannon,"6' 3"""
Gavin Brown,"6' 5"""
Ryan Calvert,"6' 5"""
Wallace Clark,"6' 0"""
Roman DiGiacomo,"6' 3"""
Nick DiPietrantonio,"6' 3"""
Reid Easterly,"6' 0"""
Jimmy Evans,"5' 9"""
A.J. Gracia,"6' 3"""
Sam Harris,"6' 5"""
Edward Hart,"6' 5"""
Andrew Healy,"6' 6"""
Jack Hedrick,"6' 5"""
Mark Hindy,"6' 4"""
Jake Hyde,"6' 4"""
Zach Jackson,"6' 1"""
Kyle Johnson,"6' 1"""
Jeff Lougee,"6' 0"""
Marcello Mastroianni,"6' 3"""
Ben Miller,"6' 1"""
Noah Murray,"5' 10"""
Gabe Nard,"5' 11"""
Owen Proksch,"6' 3"""
Ben Rounds,"6' 1"""
Jay Slater,"6' 0"""
Max Stammel,"6' 3"""
James Tallon,"6' 5"""
Adam Troch,"6' 0"""
Aidan Weaver,"6' 5"""
Macon Winslow,"6' 0"""
Andrew Yu,"6' 0"""
Henry Zatkowski,"6' 2"""
John Abraham,"6' 3"""
Jamie Arnold,"6' 1"""
Myles Bailey,"6' 4"""
Ben Barrett,"6' 4"""
David Barrett,"6' 0"""
Hunter Carns,"6' 0"""
Joe Charles,"6' 4"""
Evan Chrest,"6' 0"""
Nathan Cmeyla,"5' 11"""
Brody DeLamielleure,"6' 1"""
Jace Estes,"5' 9"""
Drew Faurot,"6' 3"""
Cal Fisher,"6' 0"""
BJ Gibson,"6' 0"""
Nick Greaney,"6' 6"""
James Hankerson,"6' 3"""
Gage Harrelson,"6' 3"""
Connor Hults,"5' 11"""
Chris Knier,"5' 11"""
Alex Lodise,"6' 1"""
Brady Louck,"5' 11"""
Payton Manca,"6' 6"""
Jacob Marlowe,"6' 0"""
Maison Martinez,"6' 2"""
Carter McCulley,"6' 5"""
Wes Mendes,"6' 1"""
Peyton Prescott,"6' 0"""
Hudson Rowan,"6' 1"""
Noah Sheffield,"6' 1"""
Joey Volini,"6' 4"""
Jaxson West,"6' 0"""
Chase Williams,"5' 10"""
Max Williams,"6' 2"""
Carson Ballard,"6' 1"""
Brett Barfield,"6' 2"""
Jackson Blakely,"6' 0"""
Parker Brosius,"6' 2"""
Drew Burress,"5' 9"""
Porter Buursema,"6' 1"""
Kayden Campbell,"6' 2"""
Connor Chicoli,"6' 3"""
Nathanael Coupet,"6' 0"""
Caleb Daniel,"5' 11"""
Joshua Evans,"6' 3"""
Caden Gaudette,"6' 0"""
John Giesler,"6' 3"""
Ryan Johnson,"6' 4"""
Brady Jones,"6' 0"""
Carson Kerce,"6' 1"""
Vahn Lackey,"6' 2"""
Jake Lankie,"6' 2"""
Kyle Lodise,"5' 11"""
Tate McKee,"6' 3"""
Adam McKelvey,"6' 3"""
Cooper McMullen,"6' 3"""
Thorpe Musci,"6' 0"""
Tyler Neises,"6' 3"""
Jaylen Paden,"5' 10"""
Mason Patel,"6' 1"""
Drew Rogers,"6' 0"""
Cole Royer,"6' 5"""
Kent Schmidt,"6' 0"""
Connor Shouse,"6' 1"""
Caden Spivey,"6' 2"""
Riley Stanford,"6' 4"""
Sam Swygert,"6' 1"""
Nathan Waugh,"6' 5"""
Alex Alicea,"5' 8"""
George Baker,"6' 1"""
Tucker Biven,"6' 1"""
Jack Brown,"6' 1"""
Brandin Crawford,"6' 3"""
Brennyn Cutts,"6' 3"""
Wyatt Danilowicz,"6' 1"""
Tague Davis,"6' 4"""
Parker Detmers,"6' 4"""
Nate Earley,"6' 3"""
Ethan Eberle,"6' 5"""
Ethan Edinger,"6' 0"""
Aaron England,"6' 2"""
Patrick Forbes,"6' 3"""
Alex Gay,"6' 5"""
Jake Gregor,"6' 4"""
Colton Hartman,"6' 3"""
Bayram Hot,"6' 2"""
Eli Hoyt,"6' 0"""
Matt Klein,"6' 2"""
Jared Lessman,"6' 2"""
Michael Lippe,"6' 3"""
Peter Michael,"6' 3"""
Lucas Moore,"6' 0"""
Collin Mowry,"6' 0"""
Jake Munroe,"6' 2"""
Casen Murphy,"5' 10"""
Kamau Neighbors,"5' 10"""
Garret Pike,"6' 2"""
Zion Rose,"6' 1"""
TJ Schlageter,"6' 2"""
Jake Schweitzer,"6' 0"""
Tanner Shiver,"5' 10"""
Ty Starke,"6' 6"""
Tagger Tyson,"6' 1"""
Kian Vorster,"5' 11"""
Justin West,"6' 3"""
Adrian Areizaga,"6' 2"""
Ryan Ashford,"6' 2"""
AJ Ciscar,"6' 4"""
Jackson Cleveland,"6' 0"""
Lazaro Collera,"6' 5"""
Daniel Cuvet,"6' 3"""
Amaury De Jesus,"5' 11"""
Brandon DeGoti,"6' 0"""
Tate DeRias,"6' 4"""
Jake Dorn,"6' 5"""
Rob Evans,"6' 1"""
Michael Fernandez,"5' 10"""
Carson Fischer,"6' 5"""
Max Galvin,"6' 2"""
Alex Giroux,"6' 0"""
Dorian Gonzalez,"5' 9"""
Renzo Gonzalez,"5' 10"""
Gaby Gutierrez,"5' 10"""
Todd Hudson,"6' 6"""
Griffin Hugus,"6' 2"""
Jake Kulikowski,"5' 11"""
Brixton Lofgren,"6' 0"""
Reese Lumpkin,"6' 6"""
Bobby Marsh,"6' 3"""
Jake Ogden,"6' 0"""
Fabio Peralta,"6' 1"""
Ethan Puig,"6' 0"""
Nick Robert,"6' 6"""
Tanner Smith,"6' 0"""
Alex Stanyek,"5' 11"""
Evan Taveras,"6' 2"""
Michael Torres,"5' 11"""
Derek Williams,"6' 0"""
Heath Andrews,"6' 3"""
Jake Bechtel,"6' 5"""
Cooper Consiglio,"6' 0"""
Justin DeCriscio,"5' 10"""
Jacob Dienes,"6' 2"""
Jacob Dudan,"6' 2"""
Brayden Fraasman,"6' 0"""
Dominic Fritton,"6' 1"""
Jet Gilliam,"6' 0"""
Ty Head,"6' 3"""
Matt Heavner,"5' 10"""
Josh Hogue,"6' 2"""
Ryan Jaros,"6' 3"""
Drew Lanphere,"5' 10"""
Jaxon Lucas,"6' 3"""
Trenton Lyons,"6' 3"""
Ryan Marohn,"6' 2"""
Chris McHugh,"6' 3"""
Anderson Nance,"6' 0"""
Luke Nixon,"5' 10"""
Brandon Novy,"6' 5"""
Matt Ossenfort,"6' 3"""
Tristan Potts,"6' 2"""
Andrew Shaffner,"6' 2"""
Derrick Smith,"6' 2"""
Alex Sosa,"6' 1"""
Shane Van Dam,"6' 6"""
Matt Willadsen,"6' 3"""
Camden Wimbish,"6' 2"""
Ryder Woodson,"6' 2"""
Sam Angelo,"6' 0"""
Tyson Bass,"6' 3"""
Sawyer Black,"6' 1"""
Folger Boaz,"6' 2"""
Cale Bolton,"6' 5"""
Tom Chmielewski,"6' 2"""
Jason DeCaro,"6' 5"""
Macaddin Dye,"6' 2"""
Boston Flannery,"6' 4"""
Carter French,"6' 2"""
Gavin Gallaher,"6' 1"""
Perry Hargett,"6' 0"""
Boaz Harper,"5' 11"""
Aidan Haugh,"6' 6"""
Ryan Hench,"6' 2"""
Reece Holbrook,"5' 11"""
Olin Johnson,"6' 6"""
Rom Kellis,"6' 1"""
Kane Kepley,"5' 8"""
Jake Knapp,"6' 5"""
Alex Madera,"5' 10"""
Matthew Matthijs,"6' 3"""
Parker McCoy,"6' 1"""
Walker McDuffie,"6' 0"""
Cameron Padgett,"6' 3"""
Kyle Percival,"6' 5"""
Camron Seagraves,"6' 3"""
Lee Sowers,"5' 10"""
Luke Stevenson,"6' 1"""
Hunter Stokely,"6' 3"""
Jackson Van De Brake,"6' 1"""
Dylan Weber,"6' 0"""
Radek Birkholz,"5' 11"""
Parker Brzustewicz,"6' 3"""
Sammy Cooper,"6' 0"""
Noah Coy,"5' 11"""
Nick DeMarco,"5' 11"""
Jackson Dennies,"6' 6"""
Rory Fox,"6' 3"""
Clark Gilmore,"6' 4"""
Brady Gumpf,"6' 2"""
Dylan Heine,"6' 6"""
DJ Helwig,"6' 5"""
Connor Hincks,"6' 1"""
Xavier Hirsch,"6' 5"""
DM Jefferson,"6' 0"""
Davis Johnson,"6' 1"""
Kellan Klosterman,"6' 1"""
Jaden Knight,"6' 0"""
Brady Koester,"6' 5"""
Jayce Lee,"6' 4"""
Oisin Lee,"6' 6"""
Tobey McDonough,"6' 3"""
Estevan Moreno,"6' 3"""
Keenan Mork,"6' 2"""
Jack Radel,"6' 5"""
Troy Reader,"5' 11"""
Ricky Reeth,"6' 4"""
Carson Tinney,"6' 3"""
Chase Van Ameyde,"6' 5"""
Jack Walker,"6' 6"""
Bino Watters,"6' 2"""
Jared Zimbardo,"5' 11"""
Sam Bryan,"6' 0"""
Keeton Burroughs,"5' 11"""
Luke Cantwell,"6' 0"""
Lorenzo Carrier,"6' 5"""
Gavin Chillot,"5' 10"""
Aidan Coleman,"6' 1"""
Jackson Cooke,"6' 1"""
Noah Czajkowski,"6' 1"""
Kyle Demi,"6' 2"""
Antonio Doganiero,"6' 1"""
Logan Duffy,"6' 1"""
Caden Dulin,"5' 11"""
Kayden Faulcon,"6' 0"""
Ethan Firoved,"6' 0"""
Andrew Gaines,"6' 5"""
Pat Gardner,"6' 0"""
Will Hummel,"6' 3"""
Julian Irizarry,"5' 10"""
Jake Kendro,"6' 2"""
Drew Lafferty,"6' 1"""
Anthony LaSala,"5' 8"""
Daniel McAuliff,"6' 3"""
Jayden Melendez,"5' 8"""
Gavin Miller,"5'11"""
A.J. Nessler,"5' 9"""
David Pedanou,"6' 4"""
Sebastian Pisacreta,"6' 0"""
Matt Porter,"6' 0"""
Ryan Reed,"6' 5"""
TJ Socarras,"5' 10"""
Derrick Tarpley,"6' 2"""
Ryan Zuckerman,"6' 4"""
Charlie Bates,"6' 0"""
Temo Becerra,"6' 1"""
Brett Blair,"6' 2"""
Saborn Campbell,"5' 11"""
Sebastian David,"6' 1"""
Nick Dugan,"6' 2"""
Sam Garewal,"6' 4"""
Cohen Gomez,"6' 3"""
Trevor Haskins,"6' 1"""
Ethan Hott,"5' 10"""
Aidan Keenan,"6' 3"""
Brandon Larson,"6' 6"""
Luke Lavin,"6' 3"""
Christian Lim,"5' 11"""
Cort MacDonald,"6' 1"""
Tatum Marsh,"6' 1"""
Trevor Moore,"6' 1"""
JJ Moran,"6' 1"""
Jimmy Nati,"6' 1"""
Toran O'Harran,"6' 1"""
Ben Reimers,"6' 3"""
Brady Reynolds,"6' 0"""
Jake Sapien,"6' 2"""
Rintaro Sasaki,"6' 0"""
Charlie Saum,"6' 1"""
Matt Scott,"6' 7"""
Ryan Speshyock,"6' 0"""
Gabe Springer,"6' 1"""
Austin Steeves,"6' 1"""
Kassius Thomas,"6' 1"""
Ty Uber,"6' 4"""
Joey Volchko,"6' 4"""
Parker Warner,"6' 1"""
Wes Arrington,"6' 4"""
Chris Arroyo,"6' 2"""
Blake Barker,"6' 1"""
Eric Becker,"6' 3"""
Evan Blanco,"6' 0"""
Will Broderick,"6' 1"""
Matthew Buchanan,"6' 0"""
Walker Buchanan,"6' 3"""
Joe Colucci,"6' 5"""
Harrison Didawick,"6' 4"""
Jacob Ference,"6' 2"""
Henry Ford,"6' 5"""
Henry Godbout,"6' 2"""
Luke Hanson,"6' 3"""
Aiden Harris,"6' 4"""
Bradley Hodges,"6' 1"""
Chone James,"5' 11"""
Kevin Jaxel,"6' 5"""
Dean Kampschror,"6' 5"""
Drew Koenen,"6' 3"""
Matt Lanzendorfer,"6' 1"""
Alex Markus,"6' 1"""
Bryson Moore,"6' 3"""
James Nunnallee,"6' 0"""
Charlie Oschell,"6' 5"""
Ryan Osinski,"6' 6"""
Antonio Perrotta,"6' 4"""
August Richie,"6' 2"""
Jackson Sirois,"6' 0"""
Aidan Teel,"6' 0"""
Tomas Valincius,"6' 2"""
Trey Wells,"6' 5"""
Jay Woolfolk,"6' 0"""
Michael Yeager,"6' 3"""
Josh Berzonski,"5' 10"""
Jackson Cherry,"5' 11"""
Madden Clement,"6' 3"""
Henry Cooke,"6' 3"""
Brendan Cowen,"6' 4"""
Luke Craytor,"6' 5"""
Preston Crowl,"6' 0"""
Mathieu Curtis,"6' 5"""
Jared Davis,"5' 9"""
Cade Drohan,"6' 3"""
Logan Eisenreich,"6' 4"""
Jacob Exum,"6' 4"""
Anderson French,"6' 5"""
Ethan Gibson,"6' 0"""
Clay Grady,"5' 9"""
Treyson Hughes,"6' 3"""
Grant Hunter,"5' 11"""
Luke Jackman,"6' 0"""
Mycah Jordan,"5' 10"""
Ryder Kirtley,"6' 0"""
Marcel Kulik,"6' 0"""
Cameron LeJeune,"6' 4"""
David Lewis,"6' 2"""
Nick Locurto,"6' 0"""
Hudson Lutterman,"5' 10"""
Grant Manning,"6' 6"""
Jake Marciano,"6' 3"""
David McCann,"6' 0"""
Garrett Michel,"6' 0"""
Luca Perriello,"5' 11"""
Cam Pittman,"5' 10"""
Brett Renfrow,"6' 3"""
Andrew Sentlinger,"6' 2"""
Jake Slade,"6' 4"""
Parker Sweeney,"6' 0"""
Chase Swift,"5' 11"""
Sam Tackett,"6' 0"""
Ben Watson,"5' 11"""
Matt Westley,"6' 0"""
Brendan Yagesh,"6' 3"""
Seven Alemais,"5' 9"""
Joe Ariola,"6' 2"""
Cuyler Baxter,"6' 0"""
Matt Bedford,"6' 1"""
Luke Billings,"6' 3"""
Rhys Bowie,"6' 0"""
Nate Brittain,"6' 4"""
Jake Burley,"6' 1"""
Ethan Conrad,"6' 3"""
Matt Conte,"6' 2"""
Luke Costello,"6' 2"""
Matthew Dallas,"6' 5"""
Troy Dressler,"6' 3"""
Griffin Green,"6' 4"""
Josh Gunther,"5' 11"""
Austin Hawke,"5' 10"""
Marek Houston,"6' 3"""
Zach Johnston,"6' 5"""
Chris Katz,"6' 0"""
Jimmy Keenan,"6' 3"""
Haiden Leffew,"6' 1"""
Chris Levonas,"6' 2"""
Kade Lewis,"6' 3"""
Logan Lunceford,"5' 10"""
Duncan Marsten,"6' 3"""
Antonio Morales,"5' 9"""
Blake Morningstar,"6' 4"""
Cam Nelson,"5' 11"""
Ryan Preisano,"6' 4"""
Will Ray,"6' 2"""
Mitchell Salvino,"6' 2"""
Matt Scannell,"5' 11"""
Luke Schmolke,"5' 11"""
Dalton Wentz,"6' 2"""
Nate Whysong,"6' 2"""
Javar Williams,"6' 2"""
Jack Winnay,"6' 3"""
Dylan Zucker,"6' 0"""
Jason Ban,"6' 2"""
Will Banks,"6' 6"""
Will Brooks,"6' 0"""
Cider Canon,"5' 11"""
Cooper Cavanaugh,"6' 3"""
Brycen Champey,"6' 3"""
Cooper Collins,"5' 11"""
Jack Cotrone,"6' 1"""
Jamie Daly,"5' 11"""
Fredy Diaz,"5' 9"""
Scotty Edwards,"5' 11"""
Isaac Fix,"6' 1"""
Ed Hall,"6' 3"""
Matt Hamilton,"6' 2"""
Justin Higgins,"6' 0"""
Jed Howard,"6' 3"""
Henry Hultquist,"6' 3"""
Parker Jones,"6' 1"""
Noah Jouras,"6' 0"""
Adam Katz,"6' 1"""
Forrest Lietz,"6' 0"""
Will Marenghi,"6' 1"""
Will McCullough,"5' 11"""
Michael O'Shaughnessy,"6' 1"""
Will Papciak,"6' 2"""
Wilson Perkins,"6' 2"""
Eli Putnam,"6' 4"""
Aidan Rice,"6' 1"""
Chris Schuchart,"6' 3"""
Daniel Smith,"5'11"""
Jake Suarez,"5' 10"""
Gavin Thomas,"6' 1"""
Anthony Torreso,"6' 2"""
Jacob Vokal,"5' 10"""
Matt Weber,"5'11"""
J.D. Woodall,"5' 11"""
Simon Yochum,"5' 11"""
Landan Browning,"6' 1"""
CJ Bussell,"6' 3"""
Riley Cahill,"6' 0"""
Chris Carroll,"5' 8"""
Alejandro Cazorla,"5' 11"""
Ben Dean,"6' 3"""
Michael DiMartini,"6' 2"""
Mason Dobie,"6' 2"""
Michael Dudolski,"6' 0"""
Jackson Duncan,"6' 8"""
Hector Escobar,"6' 0"""
Jack Fitzgerald,"6' 5"""
Michael Fortes,"6' 2"""
J.J. Gatti,"6' 3"""
Devin Grazzal,"6' 3"""
Aiden Heberlie,"6' 3"""
James Heller,"6' 3"""
Martin Howell,"6' 3"""
Jackson Judy,"6' 3"""
Bennett LaPalm,"6' 1"""
Rylan Lujo,"6' 2"""
Ryan MacDougall,"6' 1"""
Ty Mainolfi,"6' 1"""
Peyton Malecha,"6' 5"""
Luke Matta,"6' 5"""
Will Newell,"6' 7"""
Chris Peguero,"6' 1"""
Lukasz Rondeau,"6' 2"""
Carson Samuels,"6' 0"""
Alejandro Sardinas,"6' 1"""
Bobby Stang,"6' 5"""
Ayden Tran,"6' 0"""
Jacob Veczko,"6' 4"""
Dyrenson Wouters,"5' 8"""
Adin Zorn,"6' 3"""
Aric Berg,"6' 1"""
Gannon Brady,"6' 2"""
Jack Brennan,NA
Daniel Bucciero,"6' 2"""
Alex Casarella,"5' 11"""
Carson Chavez,"5' 8"""
Matt Dieguez,"6' 1"""
Aidan Dowd,"6' 0"""
Ryan Egan,"6' 2"""
Beau Elson,"6' 0"""
Tim Ford,NA
Anthony Grabau,"6' 0"""
Chase Hanawalt,"6' 2"""
Ameer Hasan,NA
Connor Haywood,"6' 2"""
Andrew Kanellis,"6' 4"""
Zach Karson,"6' 2"""
Taylor Kirk,"6' 1"""
Reid Lapekas,"5' 10"""
Tommy Markey,"5' 10"""
Tommy McAndrews,"6' 2"""
Ryan Meyer,"6' 1"""
Madden Ocko,"6' 2"""
A.J. Pino,"6' 1"""
Diego Prieto,"5' 10"""
Mike Rabayda,NA
James Redick,NA
Diego Reilly-Bell,NA
Jordan Rodarte,"6' 3"""
Cian Sahler,"5' 10"""
Anthony Scarlata,"5' 11"""
Koen Smith,"6' 4"""
Robbie Stewart,"6' 2"""
Carson Swaim,NA
T.J. Wachter,"6' 7"""
Caden Young,"5' 11"""
Lucas Alberti,"5' 10"""
Ryan Ament,"6' 5"""
Nick Barenz,"6' 2"""
Michael Bilo,"6' 3"""
Evan Blanchard,"5' 10"""
Jake Butler,"5' 10"""
Drew Canody,"6' 1"""
Tripp Capers,"5' 11"""
Brandon Cassedy,"5' 11"""
Owen Clyne,"6' 2"""
Jake Drumm,"6' 2"""
Cole Egan,"6' 2"""
Daniel Elliott,"6' 1"""
Toby Hueber,"5' 9"""
Owen Hull,"6' 4"""
Connor Knox,"5' 11"""
Sam Lavin,"6' 1"""
Michael Madigan,"6' 0"""
Dylan McCarthy,"6' 1"""
Gardner Meeks,"5' 10"""
Connor O'Hara,"6' 3"""
Shaun Okeeffe,"6' 1"""
Garrett Pancione,"5' 11"""
Jamie Quinn-Irons,"6' 5"""
Andrew Raymond,"6' 1"""
Logan Rumberg,"5' 11"""
Owen Stewart,"6' 4"""
Laken Tignor,"5' 11"""
Ty Tomlinson,"6' 2"""
Ty Uchman,"6' 2"""
Jonny Wall,"6' 0"""
Britt Yount,"6' 2"""
Ty Acker,"5' 11"""
Ayden Alexander,"6' 1"""
Jonas Aponick,"6' 1"""
Tyler Blankenship,"6' 0"""
Teddy Brennan,"6' 1"""
Matt Bruno,"6' 2"""
Aidan Carey,"6' 2"""
Jude Clough,"5' 7"""
Reese Crochet,"6' 5"""
Andrew Cutler,"6' 3"""
Cade Davis,"6' 0"""
Michael Foltz,"6' 0"""
Brodie Freker,"6' 1"""
Sam Gates,"5' 11"""
Drew Harris,"6' 0"""
Max Haug,"6' 4"""
Graham Jeffries,"6' 6"""
Shugy Klein,"6' 4"""
Brayden Kurtz,"6' 4"""
Robbie Lavey,"6' 2"""
Greg Marmo,"6' 0"""
Kobe Mentzer,"6' 1"""
Nick Mullen,"5' 11"""
Nathan Murphy,"6' 1"""
Tim Nicholson,"6' 0"""
Drew Oppenheim,"5' 11"""
Charlie Rogan,"6' 6"""
Adham Sahebzadah,"6' 3"""
Ellis Schwartz,"5' 10"""
Sean Sousa,"6' 4"""
Cristino Tufano,"5' 10"""
Conlon Walker,"6' 1"""
Charlie Walsh,"5' 9"""
Josh Wenz,"6' 2"""
Declan Wywoda,"6' 3"""
Spencer Yu,"5' 10"""
Parker Aikens,"6' 1"""
Dorsy Asencio,"6' 2"""
Rob Butler,"6' 2"""
Jake Cullen,"6' 2"""
Anthony DePino,"5' 11"""
Nate Fletcher,"6' 4"""
Eric Genther,"6' 3"""
TJ Gormley,"6' 0"""
Ryan Henschel,"5' 11"""
Will Hindle,"5' 10"""
Jack Hopko,"6' 0"""
Brandon Hsu,"5' 10"""
Connor Johnston,"6' 3"""
AJ Jones,"5'11"""
Ryan King,"5'11"""
Josh Kopetski,"6' 0"""
Danny Leikus,"6' 3"""
Trystan Levesque,"5' 10"""
Brody Levin,"5' 10"""
Derek Maceda,"6' 0"""
Colin Maloney,"6' 0"""
Evan Maloney,"6' 4"""
Brody McKenzie,"6' 2"""
Adonis Medina,"5' 10"""
Reece Moroney,"5' 11"""
Zach Morris,"6' 0"""
Nic Notarangelo,"5' 10"""
Scott Penney,"6' 1"""
D.J. Perron,"6' 0"""
Braeden Perry,"6' 3"""
Joe Sabbath,"6' 3"""
Manny Santos,"5' 10"""
Nicholas Toro,"6' 1"""
Jeremy Urena,"6' 0"""
Matthew Anderson,"6' 6"""
Jack Arcamone,"6' 1"""
Dane Armson,"6' 5"""
Phil Bernstein,"6' 0"""
Ryan Bilka,"6' 1"""
Trevor Dosenbach,NA
Sawyer Duarte,"5' 9"""
Michael Elko,"6' 0"""
Joey Giordano,NA
Chayse Gruber,"5' 10"""
Kellan Heney,"6' 2"""
Hugh Hill,"6' 4"""
Jackson Hinchliffe,"6' 0"""
PJ Hughes,"5' 11"""
Jordan Jaffe,"6' 3"""
Grant Kennedy,NA
Jackson Kraemer,"6' 2"""
Connor Larson,"5' 9"""
Spencer MacInnis,NA
Brady O'Brien,"6' 0"""
Aidan O'Keefe,"5' 10"""
D.J. Pacheco,"6' 1"""
Cole Palmeri,"5' 9"""
Gerry Peacock,"6' 2"""
Brian Reinke,"6' 1"""
RJ Rickabaugh,"5' 10"""
Tyler Rigot,NA
Esteban Rodriguez,"6' 0"""
Angel Santiago-Cruz,"6' 2"""
Jason Shockley,"6' 3"""
Dylan Siesky,"6' 0"""
Glenn Smith,"5' 10"""
Chase Topolski,"6' 1"""
Davis Wallon,"6' 0"""
Aaron Whitley,"5' 11"""
Joey Wilga,"6' 3"""
Josh Willitts,"6' 3"""
Paul Witkop,"6' 2"""
Sam Young,NA
Jeremiah Atwell,"6' 2"""
Alex Barger,"6' 1"""
Sam Barrouk,"6' 5"""
James Capellupo,"6' 1"""
Brian Carrothers,"6' 4"""
Ethan Catney-Forbes,"6' 6"""
Gavin Constantine,"5' 11"""
Antonio Cordeiro,"6' 0"""
Cam Demos,"6' 2"""
Tucker Genovesi,"6' 0"""
Mike Gunning,"6' 0"""
Alex Hebenstreit,"6' 7"""
Chris Hoalcraft,"5' 11"""
David James,"6' 4"""
Harrison Kaufman,"6' 3"""
Ryan Klementowski,"6' 1"""
Ryan Kucy,"6' 2"""
Morgan Little,"6' 4"""
Robert Mannino,"6' 0"""
David Marshall,"6' 2"""
Chance Moore,"6' 5"""
Jack Pawlowicz,"6' 0"""
Luke Roggenburk,"6' 4"""
Jaxson Ross,"6' 0"""
Michael Salina,"6' 1"""
Gilbert Saunders,"6' 4"""
Jayce Tharnish,"6' 3"""
Conner Vercollone,"6' 0"""
Paul Vossen,"5' 9"""
Kade Walker,"6' 3"""
Gabe Watts,"6' 4"""
Tom Wilkie,"6' 4"""
Conor Wolf,"5' 11"""
Darius Adkins,"6' 4"""
Carson Applegate,"5' 11"""
Dean Bergmann,"6' 0"""
Colton Book,"6' 4"""
Ethan Bowen,"6' 1"""
Frank Ciccone,"6' 2"""
Eric Cross,"5' 8"""
Sam Davies,"6' 3"""
Drew DeSanto,"6' 4"""
Tim Dickinson,"6' 0"""
Antonio Dominici,"5' 10"""
Aidan Duda,"6' 0"""
Dylan Duke,"5' 11"""
Matt Fitzgibbon,"6' 2"""
Logan Franks,"5' 10"""
Bryce Gaines,"6' 0"""
Joey Gale,"5' 11"""
Sam Greer,"6' 0"""
Kieran Kehoe,"6' 7"""
Alex Kelsey,"5' 11"""
Sam Meyer,"6' 0"""
Colin Myers,"5' 8"""
Jaden Ovalles,"5' 8"""
Joey Pagano,"5' 11"""
Luke Parise,"6' 1"""
Owen Petrich,"6' 2"""
Michael Pierson,"5' 11"""
Blake Primrose,"5' 11"""
Jack Saker,"6' 1"""
Matt Speicher,"6' 4"""
Nathan Stein,"6' 2"""
Justin Sweeney,"6' 2"""
Noah Tincher,"6' 3"""
Patrick Veintimilla,"6' 5"""
Micah Wells,"6' 2"""
Kobe Allen,"6' 0"""
Chase Beattie,"5' 11"""
Ian Blazier,"5' 10"""
Ben Cherico,"6' 4"""
Richie Cimpric,"6' 7"""
Joe Connolly,"6' 0"""
J.T. Crabbe,"6' 2"""
Josh Cunningham,"6' 2"""
Hank Gomric,"6' 5"""
Ian Halverson,"5' 11"""
Stephen Hernandez,"6' 2"""
Ty Holman,"6' 3"""
Riley Iffrig,"6' 3"""
Owen Kelly,"6' 3"""
Carter Kelsey,"6' 5"""
Amaan Khan,"6' 5"""
Max McGwire,"6' 3"""
Patrick Mendiola,"5' 10"""
Chase Minor,"6' 2"""
Hayden Moore,"5' 11"""
Austin Neuweg,"6' 1"""
Christian Pownall,"6' 0"""
Karl Ralamb,"6' 4"""
Stryder Salas,"6' 6"""
Preston Salazar,"6' 4"""
Kamaehu Sanchez,"5' 11"""
Ethan Sitzman,"5' 9"""
Brenden Stressler,"6' 1"""
Charlie Weber,"6' 1"""
Michael Aceto,"6' 0"""
Sam Belliveau,"6' 1"""
Jack Beverly,"6' 1"""
Jason Blanchard,"6' 4"""
Vance Bonior,"6' 0"""
Austin Campbell,"6' 0"""
Gill Dolan,"5' 11"""
Carter Hanson,"6' 1"""
Sam Hill,"5' 9"""
Kyle Hoog,"6' 3"""
Andrew Houghton,"6' 4"""
Mikey Jensen,"5' 8"""
Ryan Kolben,"6' 2"""
Jack Levine,"6' 5"""
Justin Masteralexis,"6' 2"""
Reece McCarthy,"5' 10"""
Bobby McDonough,"6' 3"""
Adam Merritt,"5' 10"""
Andrew Middleton,"6' 2"""
Jared Muñoz,"6' 0"""
Gavin O'Brien,"6' 4"""
Robbie O'Connor,"6' 4"""
Jack Peters,"6' 3"""
Callen Powers,"6' 5"""
Kevin Schnupp,"5' 8"""
Mitch Schroeder,"6' 0"""
Drew Sliwkowski,"6' 2"""
Braden Sullivan,"5' 10"""
Dylan Terwilliger,"6' 1"""
Ben Thomason,"6' 3"""
Anthony Tirado,"6' 1"""
Michael Toth,"5' 11"""
Matt Travisano,"5' 10"""
Marc Willi,"6' 4"""
Zack Zaetta,"5' 10"""
Trent Adelman,"6' 1"""
Nick April-Gath,"6' 1"""
Cooper Campbell,"6' 2"""
Elijah Coston,"6' 2"""
Cade Dressler,"6' 2"""
Danny Estrada,"5' 8"""
Nick Flores,"5' 9"""
Nick Frers,"6' 2"""
Miles Garrett,"5' 10"""
Jack Goleski,"6' 3"""
Joe Gomez,"5' 10"""
Will Henson,"6' 2"""
Jack Hoeymans,"6' 3"""
Collin Hughes,"5' 9"""
Adrian Jimenez,"5' 10"""
Nate Kirkpatrick,"6' 0"""
Kannon Kleine,"5' 11"""
Casey Kleinman,"5' 9"""
Cato Kleinman,"5' 9"""
Bobby Lane,"6' 0"""
Brayden McCollough,"6' 8"""
James McGrady,"5' 11"""
Max Moore,"6' 4"""
Broden Palmer,"6' 4"""
Zachary Peters,"6' 3"""
Drew Ramos,"6' 2"""
Carter Richey,"5' 11"""
Riley Roarty,"6' 5"""
Spencer Sullivan,"6' 1"""
Sean Swenson,"6' 3"""
Owen Tappy,"6' 1"""
Michael Walsh,"5'11"""
Seth Werchan,"6' 3"""
Brian Yetter,"6' 1"""
Charles Anderson,"6' 1"""
Miguel Burgos,"6' 2"""
Brian Cespedes,"6' 3"""
Bernard Coronado,"6' 5"""
Josue Cueto,"5' 8"""
John Downey,"6' 3"""
Mirquis Erazo,"6' 0"""
Elian Estrella,"6' 2"""
Michael Felumero,"5' 10"""
Andres Frias,"6' 0"""
Shawn Jackson,"5' 9"""
Robert Jimenez,"6' 0"""
Malachi Jones,"5' 11"""
Joseph Kline,"5' 9"""
Derick Leocadio,"5' 8"""
Elder Maldonado,"5' 6"""
Franny Medina,"6' 3"""
Lixander Mendez,"6' 1"""
Jordan Peart,"6' 3"""
Matt Rao,"5' 11"""
Felix Rodriguez,"5' 11"""
Juan Romero,"6' 3"""
Frank Scerra,"5' 11"""
Andres Varas,"6' 2"""
Matthew Victoria,"6' 2"""
George Wonica,"5' 8"""
James Ackerman,"6' 0"""
Anthony Armenia,"5' 8"""
Joaquin Brasher,"5' 10"""
Vinny Bruno,"5' 9"""
Alex Bulger,"6' 0"""
Ryan DiLillo,"5' 8"""
Tim Dolan,"5' 10"""
Marcos Dominguez,"5' 10"""
Jaden Echevarria,"6' 1"""
Paul Fernandez,"5' 8"""
Ryan Hafele,"5' 8"""
Jay Hamilton,"6' 0"""
Tyler Hodella,"6' 2"""
Michael Incontro,"5' 8"""
Patrick Krempasky,"5' 8"""
Vin Mallon,"6' 0"""
Anthony Matturro,"5' 9"""
Rory Mayer,"6' 0"""
Liam O'Neal,"5' 10"""
Christian Ortiz,"5' 10"""
Brendan Palmer,"6' 2"""
Tyler Pennisi,"5' 8"""
Raymond Plumey,"5' 9"""
Zach Ridgeway,"5' 9"""
Jeremy Rodrigues,"6' 1"""
Luke Russo,"5' 9"""
Nico Salmeri,"5' 5"""
Andrew Sinclair,"6' 0"""
Jonathan Siwiecki,"5' 8"""
Alex Springer,"6' 1"""
Thomas Stapleton,"6' 0"""
Giovanni Valerio,"5' 7"""
Bryan Vasquez,"6' 3"""
Dominick Weidtman,"6' 0"""
Matt Wild,"5' 10"""
Johnny Amato,"5' 10"""
Sean Brown,"5' 10"""
Devon Cass,"6' 1"""
Justin Cifelli,"5' 9"""
Luis De Leon,"6' 3"""
Alfonso Esposito,"6' 1"""
Oscar Fajardo,"6' 0"""
Ben Foote,"6' 3"""
A.J. Gonzalez,"5' 10"""
Mundo Gonzalez,"5' 11"""
Alan Hernandez,"5' 7"""
Chris Hopf,"6' 1"""
Jared Jacobus,"6' 1"""
Liam James,"6' 3"""
Danny Keane,"6' 0"""
Jimmy Kurtz,"6' 4"""
Liam Lombardi,"5' 10"""
Matt Perez,"5' 9"""
Christian Petino,"5' 8"""
John Rigas,"6' 0"""
Christian Rinick,"5' 6"""
Akkash Santiago,"5' 10"""
Elijah Santiago,"5' 10"""
Brandon Scalisi,"5' 10"""
Dan Shala,"6' 1"""
Ryan Silnik,"6' 3"""
Joseph Witt,"5' 6"""
Stephen Young,"5' 9"""
Mike Benedetto,"6' 2"""
Rich Bonino,"6' 1"""
Phoenix Bowman,"6' 0"""
Ben Bradt,"6' 3"""
William Brennan,"6' 3"""
Dylan Broderick,"6' 2"""
Dan Ciotti,"5' 8"""
Alex Fascia,"5' 10"""
Brayden Foxwell,"5' 11"""
Justin Geiger,"5' 9"""
Brady Gusttitus,"6' 2"""
Jason Kelly,"6' 2"""
Anthony Letizia,"5' 7"""
Shawn LeVan,"5' 9"""
Alexander Matlack,"6' 2"""
Ryan McNichol,"5' 8"""
Michael Melosky,"6' 0"""
Angus Moore,"5' 11"""
Cole Morris,"6' 2"""
Kenyon Motley,"6' 1"""
Aiden Myers,"5' 10"""
Michael Pascoe,"6' 4"""
Christian Peluso,"5' 9"""
Bobby Sabatino,"5' 10"""
Jake Schweiker,"5' 8"""
Luke Schweiker,"6' 1"""
Colby Seelig,"6' 0"""
Nicholas Shiffer,"5' 10"""
Wyatt Spinks,"5' 8"""
A.J. Whiteherse,"5' 8"""
Patrick Willey,"6' 2"""
Evan Amato,"6' 0"""
Byron Arias,"6' 1"""
Darlyn Arias,NA
Julian Baquero,"6' 1"""
Ryan Bongiorno,"5' 10"""
Nicholas Cabello,"6' 0"""
Jake Chaisongkram,"6' 1"""
Joseph Coppola,"5' 8"""
Pete DeMaio,"6' 4"""
Erick Diaz,"5' 10"""
Kenny Dominguez,"6' 0"""
Vincent Giambona,"5' 10"""
Ty Gilligan,"5' 11"""
Pablo Guevara,"5' 8"""
Josh Harrison,"5' 9"""
Jack Hellerer,"5' 10"""
Samuel Herrera,"6' 0"""
Kevin Hirsch,"5' 11"""
David Knepper,"5' 10"""
Ian Labrador,"5' 11"""
Anthony Leak,"6' 1"""
Michael Lekas,"5' 9"""
Stefano Libio,"5' 10"""
Tanner MacLean,"6' 3"""
Jaden Maia,"6' 0"""
Steven Martinez,"6' 1"""
AJ Mitchell,"6' 0"""
Anthony Nigro,"5' 11"""
Jean Nunez,"6' 0"""
Juan Peralta,"5' 11"""
Jeuriz Polanco,"6' 0"""
Alexander Reyes,"5' 11"""
Ty Richman,"5' 5"""
Alexander Rivera,"5' 11"""
Luis Rivera,"5' 9"""
Anthony Roldan,NA
John Stoliker,"6' 3"""
Eric Tejada,NA
Joseph Torres,"5' 10"""
JJ Trudeau,"5' 10"""
Samuel Vasquez,"6' 3"""
Myles Vazquez,"6' 1"""
Dennis Whitford,"6' 1"""
Christian Bauman,"5' 9"""
Mark Anthony Bautista,"5' 11"""
Kyle Bednarski,"6' 1"""
Rocko Brzezniak,"6' 1"""
Ryan Carroll,"6' 7"""
Chris Corchado,"6' 0"""
Luis De La Cruz,"6' 1"""
Andrew DeAngelis,"5' 8"""
Nick DiMartino,"6' 0"""
Gavin Enright,"6' 5"""
Jeremy Espinal,"5' 9"""
Yoan Feliz,"6' 1"""
Luis Florian,"6' 1"""
Andrew Gendi,"5' 11"""
Johnny Gilligan,"5' 10"""
Tristan Govea,"5' 9"""
Adrian Hernandez,"5'11"""
Ethan Hickson,"6' 0"""
Collin Kratzer,"6' 2"""
Anthony Lamar,"6' 2"""
Brandon Lynn,"6' 2"""
Jose David Medrano,"5' 8"""
Matt Murphy,"5' 9"""
Ivan Ortega,"5' 8"""
Ernesto Polanco,"6' 1"""
Cole Porter,"5' 11"""
Nico Quiroz,"5' 10"""
Chris Raimonda,"6' 1"""
Bryan Rios,"6' 0"""
Nathan Ruth,"5' 11"""
Neisser Sanchez,"5' 10"""
Bryan Santana,"5' 10"""
Matt Scrivanic,"6' 0"""
Gunnar Smith,"5' 11"""
Julian Uejima,"5' 10"""
Abdiel Ventura,"6' 4"""
Sadier Vicioso,"5' 11"""
Jaxson Wall,"6' 2"""
Braden Walsh,"5' 10"""
Jackson Walsh,"6' 1"""
Haiden Walters,"5' 11"""
Logan Waltz,"5' 8"""
Max Weber,"5'11"""
Wyatt Atkinson,"6' 0"""
Gage Bendix,"6' 0"""
Matt Benner,"5' 10"""
Connor Blence,"6' 3"""
Anthony Charles,"6' 3"""
Alex Cross,"6' 3"""
Zach Davis,"5' 11"""
Jaden Dickerson,"6' 3"""
Kevin Dillon,"6' 2"""
Dante DiSabatino,"6' 0"""
Jay Duncan,"6' 1"""
Tommy Federici,"6' 1"""
Nick Harkins,"5' 11"""
Mikey Hawbaker,"6' 0"""
Tyee Irving,"6' 2"""
Anthony Jakeman,"5' 10"""
Mitch Jolikko,"6' 0"""
Sam Juckett,"6' 2"""
Roman Keith,"5' 10"""
Sean Kelby,"6' 4"""
Cody Klotz,"6' 2"""
Owen Knerr,"6' 1"""
Braden Kolmansberger,"6' 3"""
Max Lopuhovsky,"6' 0"""
Jake Macey,"6' 0"""
Adam McEvoy,"5' 11"""
Nate Miller,"5' 11"""
Jackson Morrissette,"6' 1"""
Logan Myers,"5'11"""
Jaime Neris,"5' 10"""
Christian Petrillo,"5' 10"""
Ryan Pozo,"6' 1"""
Zach Smethers,"6' 0"""
George Starr,"5' 10"""
Bobby Stewart,"6' 1"""
Will Weiman,"6' 5"""
Britton Wildasin,"6' 2"""
Brent Williams,"5' 8"""
Kory Williams,"6' 4"""
Emidio Bucci,"5' 10"""
Alex Camilo,"5' 9"""
Brian Comer,"6' 0"""
Beckham Connor,"5' 11"""
Christian Culver,"6' 0"""
Jalen David,"5' 10"""
Hayden Ford,"6' 0"""
Marc Garcia,"6' 0"""
Maximus Garcia,"6' 1"""
Roger Garcia,"6' 2"""
Joe Giansante,"5' 9"""
Alejandro Gonzalez,"6' 2"""
Jeph Hadson-Taylor,"5' 11"""
Thomas Hershey,"5' 9"""
Hunter Kraiza,"6' 6"""
Nathan Kuhta,"6' 0"""
Zach Lane,"6' 1"""
Stefan Leo,"5' 10"""
Nick Lombardo,"5' 11"""
Ian Malone,"6' 0"""
Kaden Mannis,"6' 1"""
Jon Martinez,"6' 0"""
Torin McKenzie,"6' 2"""
Paul Miazza,NA
Billy Mote,"5' 11"""
Christian Mote,"5' 11"""
Logan Mote,"5' 11"""
Casey Murphy,"6' 1"""
Alexander Ortiz,"5' 11"""
Caelan Phillips,"6' 3"""
Garrison Pregulman,"5' 10"""
Griffin Richardson,"6' 1"""
Andy Rivera,"6' 2"""
Gino Serechia,"5' 10"""
Jorden Sesar,"6' 4"""
Luke Shahin,"5' 10"""
Joey Slavin,"6' 3"""
Dalton Turner,"6' 1"""
Aidan Van Reuter,NA
Brian Williams,"6' 1"""
Alex Angulo,"6' 1"""
Joey Azzara,"6' 1"""
Kevin Baez,"5' 8"""
Aiden Barbour,"5' 11"""
Luis Beato,"6' 3"""
Tyler Behm,"6' 1"""
Albert Bobadilla,"6' 3"""
Luke DeVita,"5' 10"""
Justin Egner,"5' 9"""
Justin Espinal,"6' 3"""
Orion Frailey,"6' 0"""
Julio Frometa,"5' 10"""
Kris Giangreco,"6' 1"""
Andrew Gonzalez,"5' 10"""
Steve Graziano,"6' 1"""
Ricky Harrison,"6' 2"""
Javon Hernandez,"5' 7"""
Will Hoffman,"6' 0"""
Jay Kalieta,"5' 10"""
Danny Kerr,"6' 0"""
Kyle Kozlowski,"6' 5"""
AJ Lefton,"6' 0"""
Joshua Lopez,"5' 10"""
Thomas Matuszewski,"5' 11"""
Matthew Pashley,"6' 0"""
Cole Roschel,"5' 10"""
Jay Salsbery,"5' 11"""
Tyler Sickles,"6' 3"""
Gabe Silva,"5' 4"""
Abixael Sosa,"6' 2"""
Lou Spadafora,"5' 6"""
Jordan Tiburcio,"5' 9"""
Matt Vita,"5' 10"""
Colin Wilson,"5' 10"""
Will Woodring,"6' 1"""
Miguel Agramonte,"6' 2"""
Billy Bowen,"5' 6"""
Marcellus Brown,NA
Ethan Craig,"6' 0"""
Dwayne Davis,NA
Solomon Devard,"6' 1"""
Anthony Duckett,"6' 6"""
Dennis Flores,"5' 7"""
Keith Gardner,"6' 1"""
Kenneth Gaskins,"6' 1"""
Aaron Graves,"6' 2"""
Keondre Greene,NA
Jaden Greenidge,"6' 0"""
Jalen Greenidge,"6' 0"""
Marc Harrison,"6' 0"""
Wesley Hogan,"6' 2"""
Chris Howard,"5' 8"""
Darryl Husband,"5' 8"""
Sebastian Iguaran,NA
Bryce McNeill,"6' 0"""
Isaiah Negron,"5' 7"""
Kameron Newman,"5' 8"""
Jaden Randolph,NA
Scott Renk,"6' 7"""
Pedro Santos,"5' 8"""
Dominic Smithers,"5' 11"""
Sean Stoney,"6' 2"""
Jesse Alfalla,"5' 7"""
Jake Baumann,"5' 11"""
Maico Cardona,"6' 1"""
Joe Christiana,"6' 2"""
Sean Cleary,"5' 9"""
Manny Contreras,"5' 11"""
Zion Fraser,"6' 0"""
Erik Gutowski,"6' 0"""
Randy Hiraldo,"6' 0"""
Brennan Holligan,"6' 5"""
Hunter Keller,"5' 11"""
Jaylen Kelley,"5' 10"""
Ben Major,"6' 3"""
Jack Martineau,"6' 1"""
Tim Mingo,"6' 2"""
Sean Nowicky,"6' 2"""
Jordan Ortiz,"5' 10"""
Eric Perez,"6' 0"""
CJ Pierce,"5' 9"""
Justin Portes,"6' 2"""
Alex Puente,NA
Logan Pulitano,"5' 9"""
Justin Rivera,"5' 11"""
Hayden Roberge,"5' 11"""
Damaurys Rodriguez,"5' 9"""
Matt Semon,"6' 3"""
Dario Sosa,"6' 4"""
Kyle Sparks,"5' 10"""
Harby Valera,"6' 0"""
Rene Vega,"5' 7"""
Sebastian Velasquez,"6' 2"""
Isaiah Velazco,"6' 0"""
Sean Vining,"5' 10"""
Dalton Wright,"5' 10"""
Brian Zweigbaum,"5' 11"""
Scott Borgmann,"6' 1"""
Nick Classie,"5' 10"""
Kody Clausius,"6' 2"""
Yoshi Conti,"5' 10"""
Xavier Cortez,"5' 8"""
Zach Czarnecki,"6' 0"""
Mason DeLuca,"6' 0"""
Josearmando Diaz,"6' 0"""
Shawn Edevane,"6' 3"""
Chase Fleming,"5' 11"""
Zach Frame,"5' 10"""
Sean Glatts,"5' 10"""
Brandon Grygo,"5' 10"""
Justin Hernandez,"5' 10"""
JJ Killen,"6' 3"""
John Klepacki,"6' 6"""
Alex Krick,"6' 0"""
Liam Loging,"6' 6"""
Kyle Lowman,"6' 1"""
Steven Mann,"6' 1"""
Dom Marotta,"6' 3"""
John McCallister,"6' 2"""
CJ Nocella,"5' 8"""
Tyler Pirrung,"6' 0"""
D'Angelo Ponce,"5' 11"""
Kory Pritchard,"5' 10"""
Garrett Quinn,"5' 11"""
Tyler Reinert,"5' 11"""
Shane Rosenberry,"5' 10"""
Zach Rosenzweig,"6' 0"""
Jordan Santiago,"6' 1"""
Steve Schenning,"6' 0"""
Tristan Schoendienst,"6' 0"""
Cam Trego,"6' 2"""
AJ Tropiano,"5' 10"""
Diego Zerpa,"6' 0"""
DJ Akiyama,"6' 1"""
Davis Albert,"6' 1"""
Nick Biasi,"5' 9"""
Peyton Brown,"6' 10"""
Cooper Clark,"6' 4"""
Cy Cox,"6' 0"""
Seth Farni,"6' 0"""
Lleyton Grubich,"6' 0"""
Dalton Hazlett,"6' 1"""
Evans Hendricks,"6' 0"""
Ben Karpowicz,NA
Andrew Keller,"6' 3"""
Jarrett Martin,"6' 3"""
Zac Martin,"6' 4"""
Charlie Meglio,"6' 4"""
Joey Morton,NA
Jake Murray,"6' 1"""
Jett Music,"6' 2"""
Jonah Oster,"6' 2"""
Will Palmer,"6' 1"""
Darnell Parker,"6' 1"""
Jackson Roberts,"6' 1"""
David Rossow,"6' 3"""
Zach Sabers,"6' 2"""
Bryce Schares,NA
Lukas Schramm,"6' 3"""
Andrew Schuldt,"5' 9"""
Kale Scruggs,"6' 0"""
Drew Siegner,"6' 0"""
Joe Simpson,"6' 3"""
Mason Smith,"6' 0"""
Dalen Thompson,"6' 1"""
Jackson Thompson,"6' 2"""
Wilson Woodcox,"6' 1"""
Davis Aiken,"5' 10"""
Will Baumhofer,"5' 10"""
Jake Brink,"6' 2"""
Daniel Brooks,"6' 7"""
Ellis Chang,"5' 10"""
Alex Christie,"6' 5"""
Matthew Dominianni,"6' 0"""
Derek Duval,"6' 1"""
Mike Eggert,"6' 3"""
Payton Frehner,"6' 0"""
Hogan Garner,"5' 11"""
Brent Gibbs,"5' 7"""
Schley Gordy,"6' 1"""
Aidan Hunter,"6' 3"""
Chase Jarnagin,"6' 1"""
Dylan Johnson,"5'11"""
Alex LaCoste,"6' 4"""
Asher Lucas,"5' 11"""
Alex Lyon,"6' 0"""
Drew Medley,"6' 2"""
Garrick Murray,"6' 3"""
Avery Neaves,"6' 2"""
Peyton Nelson,"5' 10"""
Dariyan Pendergrass,"5' 10"""
Landon Penfield,"6' 1"""
Hunter Phipps,"6' 3"""
Ethan Plyler,"6' 0"""
Jace Rainey,"6' 3"""
Isaiah Rainge,"5' 10"""
Kevin Samonsky,"6' 0"""
Tyler Sorrentino,"5' 10"""
Rafael Soto,"5' 10"""
Kevin Steelman,"6' 5"""
JD Suarez,"6' 1"""
Hayden Thomas,"6' 0"""
Ben Venables,"5' 10"""
Ricky Williams,"6' 2"""
Andrew Amato,"6' 2"""
Brady Blum,"6' 1"""
Evan Bouldin,"6' 2"""
Dylan Bryan,"6' 2"""
Andrew Callaway,"6' 0"""
L.T. Cockrill,"5' 10"""
Christian Colmery,"5' 11"""
Elias Conway,"6' 0"""
Vincent Davis,"6' 0"""
Tanner Donati,"6' 1"""
Rory Finn,"5' 10"""
Ayden Frey,"5' 11"""
Aaron Graeber,"6' 3"""
Tim Hartman,"5' 11"""
Brett Lesher,"6' 5"""
Evan Lewis,"6' 2"""
Vince Libretto,"6' 2"""
Doug Marose,"6' 5"""
Ryan McLaughlin,"5'11"""
Matt Minckler,"6' 0"""
Ben Moyzan,"6' 1"""
Aiden Murphy,"6' 4"""
Justin Needles,"6' 3"""
Jake Pollaro,"6' 5"""
Matt Reyes,"5' 10"""
Jonah Richardson,"6' 0"""
Ethan Shaub,"5' 11"""
Aiden Stewart,"5' 11"""
Jackson Tyer,"6' 1"""
Dom Velazquez,"5' 10"""
Brett Walmsley,"6' 0"""
Carter Welch,"6' 2"""
Mason Abromitis,"6' 2"""
Jackson Alford,"5' 11"""
Alex Duffey,"6' 0"""
Vince Fattore,"5' 11"""
Christo Garrelts,"6' 4"""
Charlie Granatell,"5' 11"""
Jake Hajdu,"5' 11"""
Kehler Hamilton,"6' 2"""
Nic Harris,NA
Simon Hoffman,NA
Tyler Johns,"6' 2"""
Hank Krift,"6' 4"""
Declan Lavelle,"6' 2"""
Eric Lintelman,NA
Kenny Mallory,"6' 3"""
Troy McGirt,"6' 1"""
Tommy Mitchell,NA
Justin Mitrovich,"6' 3"""
Cade Mustard,NA
Hudson Narke,"5' 11"""
Sam Nomura,"5' 11"""
Ryley Norton,"6' 2"""
Brent Smith,"6' 1"""
Itai Spinoza,"5' 9"""
Ryan Sprock,"5' 10"""
Michael Staiano,NA
Nolan Straniero,"6' 2"""
Justin Szestowicki,"5' 11"""
Trey Tiffan,"6' 3"""
Will Vergantino,"6' 1"""
Carson Wehner,"6' 1"""
Alec Welshans,NA
Lawson Wheeler,"5' 11"""
Owen Winebarger,"6' 2"""
Nate Wingenroth,"6' 0"""
Henry Wolfe,"6' 2"""
Tank Yaghoubi,"5' 10"""
Joe Yovino,"6' 0"""
Jackson Bauer,"6' 4"""
Chris Bedford,"6' 0"""
Nick Biddle,"6' 1"""
Branden Brown,"6' 3"""
Michael Brown,"5' 9"""
Dom Camera,"6' 2"""
Tyler Castrataro,"5' 10"""
Michael Craig,"6' 0"""
Bryce Curry,"6' 3"""
Jack Fanning,"5' 8"""
Aidan Gallagher,"5' 10"""
Nick Gallello,"6' 0"""
Brayden Gregg,"5' 8"""
CJ Griggs,"6' 0"""
Sean Hamilton,"6' 1"""
Jake Harring,"5' 7"""
Brian Hart,"5' 10"""
Michael Heyman,NA
Trent Jenks,"5' 11"""
Danny Kelleher,"6' 4"""
Grady Lacourciere,"6' 2"""
Sean Lane,"6' 4"""
Luke Masiuk,"6' 1"""
John McCready,"6' 0"""
Tristan Nemjo,"6' 3"""
Dylan Palmer,"5' 9"""
Christian Rasmussen,"6' 3"""
Tanner Sanderoff,"6' 0"""
Trenton Snyder,"6' 0"""
Mike Sweeney,"5' 11"""
Chris Andrews,"5' 11"""
Jay Bant,"5' 11"""
Austin Beard,"6' 3"""
Derek Benzinger,"6' 1"""
Aidan Bretschneider,"6' 3"""
Brendan Buecker,"5' 10"""
Casey Caufield,"6' 0"""
Joey Ciancimino,"5' 10"""
Jacob Ciccone,"5' 11"""
Jake Danyluk,"6' 5"""
Tony DiChiara,"6' 1"""
Shane Dux,"5' 11"""
Graedon Finarelli,"6' 3"""
J.D. Greeley,"6' 1"""
Nick Hios,"6' 3"""
David Horvath,"6' 3"""
Jake Howlett,"6' 1"""
Wyatt Hunt,"6' 0"""
Brendan Kenneally,"5' 11"""
Tommy Kent,"6' 2"""
Nick Lovarco,"5' 11"""
Ryan Mealy,"6' 0"""
Kenny Noe,"5' 10"""
Jake Nolan,"6' 2"""
Kevin Opanel,"6' 3"""
Harry Padden,"5' 8"""
Trey Porter,"6' 0"""
Colin Scherer,"6' 3"""
Andrew Schmid,"6' 0"""
Stefan Swee,"6' 2"""
Nick Tamburro,"6' 2"""
Chris Walsh,"5'11"""
Aidan Watson,"6' 1"""
Simmi Whitehill,"5' 10"""
Jimmy Wigo,"6' 6"""
Nick Allen,"6' 2"""
Kristian Amaro,"6' 0"""
Diego Barrett,"6' 0"""
Caleb Beals,"6' 0"""
Jordan Bright,"6' 5"""
Cody Callahan,"5' 9"""
Jason Campo,"6' 2"""
Carter Daniels,"6' 2"""
Braxton Davis,"6' 1"""
Nick DiCarlo,"5' 11"""
Sean Duke,"5' 11"""
Savoi Edwards,"6' 3"""
Luis Gomez,"6' 0"""
Mekai Griffin,"6' 2"""
Jacob Halford,"6' 2"""
Evan Hart,"6' 1"""
Grayson King,"6' 1"""
Solomon McKinney,"6' 1"""
Matt Murtagh,"6' 1"""
Freddie Oliver,"6' 1"""
Angel Ortiz,"5' 11"""
Ellis Reid,"6' 0"""
Darius Robinson,"6' 2"""
Nigel Robinson,"6' 0"""
Gavin Sentell,"5' 11"""
JT Taylor,"6' 0"""
Stirling Thomas,"6' 3"""
Taili Thompson,"6' 2"""
Andrew Tinsley,"5' 11"""
Enrique Wood,"6' 0"""
Bruce Wyche,"6' 1"""
Andrew Basel,"6' 3"""
Jack Beauchesne,"6' 2"""
Carter Bentley,"6' 2"""
Justin Bosland,"6' 5"""
Jack Bowery,"6' 0"""
Greg Bozzo,"6' 0"""
Matt Brinker,"5' 11"""
Aiven Cabral,"6' 0"""
Eric Cha,"6' 5"""
Nick Coniglio,"6' 1"""
Jack Cropper,"6' 0"""
Angel Cruz,"5' 11"""
Henry DiGiorgio,"5' 11"""
Jack Doyle,"6' 1"""
Brett Dunham,"6' 2"""
Harrison Feinberg,"6' 1"""
Will Fosberg,"6' 2"""
Ryan Gerety,"6' 0"""
Max Gitlin,"6' 0"""
Jack Goodman,"6' 0"""
Jordan Gottesman,"6' 2"""
Ryan Griffin,"6' 6"""
Joseph Hauser,"6' 3"""
Will Jones,"6' 5"""
Alex Lane,"6' 5"""
Cam Maldonado,"6' 3"""
Ryan McCarroll,"6' 4"""
Cooper McGrath,"6' 7"""
James Morice,"6' 5"""
Carmelo Musacchia,"6' 0"""
Andrew Rogovic,"6' 0"""
Cooper Tarantino,"6' 0"""
Charlie Walker,"6' 2"""
Carson Walsh,"6' 0"""
George Adams,"6' 2"""
Nico Azpilcueta,"6' 2"""
Caid Bergthold,"6' 3"""
Matt Canizares,"6' 0"""
Chris Carson,"6' 1"""
Aidan Colagrande,"6' 3"""
Hunter Colagrande,NA
Brett Davino,"6' 0"""
Ryan Dieguez,"6' 4"""
Chanz Doughty,"6' 3"""
Scott Gell,"6' 1"""
Evan Goforth,"6' 2"""
Matt Jackson,"6' 2"""
Alex Jankowski,"5' 11"""
Evan Kay,"6' 1"""
Vin Mariella,NA
Matt Miceli,"5' 9"""
Ty Panariello,"5' 9"""
Erik Paulsen,"6' 3"""
Jacob Pedersen,"5' 10"""
Johnny Pilla,"5' 11"""
John Rizzo,"6' 2"""
Nicholas Rizzo,"6' 2"""
Cam Santerre,"5' 10"""
James Schaffer,NA
Matt Sgambati,NA
Eddie Smink,"6' 0"""
Nick Solorzano,"5' 11"""
Luke Szepek,"6' 4"""
Mike Villani,"6' 0"""
Micah Worley,"6' 5"""
Matthew Wright,"5' 9"""
Nick Zampieron,NA
Brett Ahalt,"6' 1"""
Casey Bishop,"6' 0"""
Ethan Brand,"5' 10"""
Alex Cromwell,"6' 1"""
Jace Cunnane,"6' 2"""
Joey Current,"5' 11"""
Max D'Alessandro,"6' 1"""
Dutch DeProspero,"6' 0"""
Kyle Emmons,"6' 4"""
Nich Francuzenko,"6' 0"""
Brian Heckelman,"6' 0"""
Josh Janove,"5' 10"""
Ryder Jeske,"5' 11"""
Nick Karls,"6' 1"""
AJ Kolb,"5' 10"""
Matt Leikus,"6' 2"""
Andrew Luczak,"6' 3"""
Matt Lynch,"6' 1"""
Michael Mallas,"5' 11"""
Nate Nabholz,"6' 5"""
Brady Nathison,"6' 0"""
Ben Nugent,"5' 9"""
Henry Ortiz,"6' 0"""
Jordan Peyton,"5' 9"""
MJ Phillips,"6' 2"""
Taye Robinson,"6' 2"""
Jonathan Rosario,"6' 1"""
Cal Royer,"6' 4"""
Vincent Salvo,"5' 10"""
Brett Seils,"6' 0"""
Leo Simpson,"5' 8"""
Max Simpson,"6' 5"""
Cole Stefano,"6' 2"""
Jacob Whiteman,"6' 3"""
Cooper Allen,"6' 1"""
Bryan Arendt,"6' 2"""
Cam Bagwell,"6' 5"""
Trace Baker,"6' 4"""
Porter Braddy,"6' 0"""
BJ Brown,"5' 11"""
Baker Cox,"6' 0"""
Alec DeMartino,"6' 3"""
Kyle Dobos,"6' 1"""
Aiden Evans,"5' 11"""
J.D. Everett,"5' 11"""
Ryker Galaska,"6' 1"""
Jack Gibson,"6' 2"""
Mac Gillespie,"6' 3"""
Mason Hughes,"6' 0"""
Kevin Jones,"5' 11"""
Connor Kane,"6' 0"""
Ty Lawson,"6' 5"""
Trevor Lucas,"6' 0"""
Connor Marshburn,"6' 6"""
Khris Morris,"6' 3"""
Mason Murdock,"6' 5"""
Kevin Novobilsky,"6' 0"""
Cyle Phelan,"6' 3"""
Carver Pleasant,"6' 3"""
Dylan Schaefer,"6' 0"""
Aubrey Smith,"6' 3"""
Zane Taylor,"6' 0"""
Tanner Thach,"6' 4"""
Brady Thompson,"6' 3"""
Bromley Thornton,"6' 4"""
Brock Wills,"6' 0"""
Martin Zelenka,"6' 3"""
Jerry Barnes,"6' 2"""
Tom Bourque,"6' 4"""
Zach Boyd,"6' 0"""
Brennen Card,"6' 3"""
Lucas Carmichael,"6' 3"""
Ryan Feczko,"6' 2"""
Charlie Felmlee,"5' 11"""
Kevin Francella,"6' 0"""
Anthony Greco,"6' 0"""
Noah Hertzler,"6' 3"""
Derek Holmes,"6' 2"""
Reed Interdonato,"6' 3"""
Charlie Iriotakis,"6' 4"""
Henry Jackson,"5' 10"""
Tyler Kelly,"6' 0"""
Connor Kolarov,"6' 5"""
Matthew Kosuda,"6' 0"""
Jamie Laskofski,"6' 3"""
Daniel Lingle,"5' 11"""
Nick Lottchea,"5' 10"""
Carter Lovasz,"6' 3"""
Darren Osborne,"6' 3"""
Ben Parker,"5' 10"""
Owen Pierce,"6' 0"""
Zack Potts,"6' 3"""
Ethan Rothstein,"6' 2"""
Christian Rush,"5' 10"""
Witt Scafidi,"6' 0"""
Phin Scott,"6' 4"""
Jack Weight,"6' 1"""
Owen Wilson,"6' 0"""
Chad Yates,"6' 1"""
Brendyn Bard,"6' 4"""
Jacob Beaudoin,"6' 7"""
Brycen Benedict,"6' 1"""
JT Cafferty,"6' 3"""
Kade Cartwright,"5' 10"""
Luke Caussey,"6' 2"""
Jeff Cisneros,"6' 4"""
Cole Dawson,"5' 9"""
Cole Dickson,"6' 4"""
Sawyer Duddleston,"6' 0"""
Ben Ellison,"6' 4"""
Dayton Francis,"6' 7"""
Ashton Greenlee,"6' 0"""
Daniel Hutchison,"6' 5"""
Clark Jenkins,"6' 0"""
Kirby Jenkins,"6' 4"""
Weston Johnston,"6' 0"""
Grant Jones,"5' 10"""
Aiden Kennon,"6' 0"""
Joe Kinneberg,"6' 0"""
Levi Martin,"6' 1"""
Emiliano Mata,"5' 11"""
Jaxon McTyre,"5' 11"""
Austin Mittelstedt,"5' 10"""
Simon Murray,"6' 2"""
Christian Olea,"6' 4"""
Jonah Prokott,"6' 3"""
Luke Ray,"5' 9"""
Jack Rector,"6' 0"""
Derek Rockett,"6' 0"""
Tyler Sardelli,"6' 3"""
Turner Seelinger,"6' 0"""
Nolan Self,"6' 1"""
Drew Vega,"5' 8"""
Kolby Webb,"6' 2"""
Jaxson Anderson,"6' 3"""
Adam Armstrong,"5' 11"""
Tyler Bribiescas,"5' 9"""
Walker Brown,"5' 11"""
Cade Cancilla,"6' 3"""
Chase Cripps,"5' 10"""
Kaden Cripps,"6' 0"""
Preston Crow,"6' 2"""
Luke Eaton,"5' 10"""
Aidan Garrett,"5' 11"""
Roc Hawthorne,"6' 1"""
Lane Imhoff,"6' 2"""
Connor Irvine,"6' 0"""
Logan Jones,"5'11"""
Beau Kuttenkuler,"5' 11"""
Bryce Louis,"6' 4"""
Ruben Macias,"5' 10"""
Eli Marvin,"5' 10"""
Aiden McGee,"6' 4"""
Nathan McManus,"6' 0"""
Nelson Mercado,"6' 3"""
Ryan Mesaris,"6' 3"""
Max Mrakovcic,"6' 3"""
Elijah Nichols,"6' 0"""
Will Owens,"5' 9"""
Chaz Poppy,"6' 1"""
Ethan Price,"5'11"""
Brodie Romero,"5' 9"""
Kyle Roop,"6' 4"""
Justin Santoyo,"6' 0"""
Vincent Segovia,"6' 4"""
Gavin Shuttlesworth,"5' 9"""
Camden Tanner,"5' 9"""
Kyle Tolley,"5' 9"""
Dylan Vail,"6' 2"""
Zaden Wake,"6' 0"""
John White,"5' 10"""
Kirk Woolf,"6' 1"""
Tyler Akers,"5' 9"""
Lucas Barnes,"6' 2"""
Cal Birchfield,"6' 1"""
Andrew Black,"5' 11"""
Cayden Blanton,"6' 0"""
Seth Brecheen,"6' 2"""
Dan Campbell,"6' 0"""
Zac Carroll,"5' 11"""
Daxton Carter,"5' 8"""
Cade Chamblin,"5' 9"""
Tanner Collins,"5' 8"""
Ryan Dembroski,"5' 11"""
Beau Driggers,"5' 10"""
Cameron Ebert,"6' 1"""
Christian Fernandez,"5' 10"""
Jagger Green,"6' 3"""
Chris Griffis,"6' 0"""
Ezra Gustafson,"6' 0"""
Joel Hogan,"6' 0"""
Pryce Jackson,"6' 3"""
Logan Jeske,"5' 6"""
Luke Livian,"6' 2"""
Trace McDaniels,"6' 1"""
DeAngelo Morales,"5' 9"""
Trace Necessary,"6' 1"""
Carson Padgett,"6' 1"""
Jacob Poff,"6' 3"""
Bennie Qualls,"5' 10"""
Tate Rico,"6' 6"""
Ethan Rone,"5' 11"""
Jameson Ross,NA
Blake Seefeldt,"6' 2"""
Weldon Sherrell,"5' 10"""
Mason Shimkus,"5' 10"""
Jeremy Slate,"5' 11"""
Harrison Smith,"5' 10"""
Justin Smith,"6' 0"""
Ryan Strickland,"6' 2"""
Krew Taylor,"6' 0"""
Cole Tracy,"6' 0"""
Max Tremblay,"6' 1"""
Kale Williams,"6' 3"""
Nate Windle,"6' 0"""
Keaton Baird,"6' 1"""
Josiah Binford,"6' 1"""
Nathan Bowie,"6' 2"""
Andrew Davidson,"5' 10"""
Coulton Doyle,"6' 0"""
Jake DuPre,"5' 10"""
Wesley Featherston,"6' 0"""
Harrison Griffith,"6' 1"""
Collin Helms,"6' 0"""
Johnathan Jackson,"5' 11"""
Merritt Jay,"6' 2"""
Austin Jobe,"6' 1"""
Seth Johnson,"6' 6"""
Ty Kirkbride,"5' 5"""
Logan Lacey,"6' 1"""
Kyle Lane,"6' 0"""
Javier Lobo,"5' 9"""
Maddox Long,"6' 5"""
Griffin Meeker,"6' 1"""
Cooper Newsom,"6' 2"""
Landon Oliver,"5' 10"""
Hayden Pike,"5' 8"""
Sawyer Price,"6' 0"""
Chance Resetich,"5' 10"""
Kade Smith,"6' 0"""
Bo Solley,"5' 10"""
Preston Tabor,"5' 10"""
Luke Whaley,"5' 8"""
Jordan Allen,"6' 0"""
Tyler Bates,"5' 10"""
Dylan Block,NA
Baylor Brumley,"6' 3"""
Caleb Bryant,NA
Payton Byrd,"6' 2"""
Tripp Campbell,"6' 3"""
Luke Carter,"6' 3"""
Cale Edmonds,"6' 0"""
Luke Farrar,"6' 0"""
Trevor Flake,"5' 10"""
Ryan Galvan,"5' 10"""
Dawson Goines,"6' 4"""
Peyton Gorman,"5' 10"""
Jaxson Gregg,"6' 4"""
Jack Haley,"5' 10"""
Louis Holt,"5' 9"""
Cal Jones,"5' 10"""
Garrett Klein,"6' 2"""
Connor Lattelle,"6' 4"""
Cooper McClure,"6' 1"""
Nate Moore,"5' 10"""
Gideon Motes,"6' 3"""
Cole Oswald,"6' 2"""
Jayce Posey,"5' 9"""
Austin Rainey,"6' 1"""
Luke Rice,"6' 1"""
Ethan Roark,"6' 4"""
Cole Rodriguez,"6' 2"""
Jeremy Schork,"6' 0"""
Austin Scritchfield,"5' 11"""
Mitchell Szczygiel,"6' 2"""
Julio Vasquez,"6' 2"""
Reese Weaks,"6' 4"""
Caleb Wilson,"6' 1"""
Payton Windham,"5' 10"""
Hagen Barcello,NA
Jordan Bedell,NA
Dylan Bradford,NA
David Cronister,NA
Jacob Fuller,NA
Chase Gordon,NA
Colby Grace,NA
Chad Green,NA
Connor Green,NA
Chase Hamilton,NA
Brody Harris,NA
Elias Herrera,NA
Kyle Holzer,NA
Colby Jarnagin,NA
Brandon Jennings,NA
Will Kates,NA
Joel Lindahl,NA
Jason McCarty,NA
Myles McDermott,"6' 3"""
Kaleb Melvin,NA
Gavin Mendoza,NA
Colby Mitchell,NA
Porter Pittman,NA
Matthew Potts,NA
Paul Sachen,"6' 0"""
Trevor Saire,NA
Logan Sandoval,NA
Harley Shaffer,NA
Jacob Shaw,"5' 10"""
Karter Simon,NA
Kaden Spray,NA
Trevor Stiles,NA
Erik Tapia,NA
Dawson Toborg,NA
Zach Vetal,NA
Brady Welker,NA
Connor Willis,NA
Malik Wilson,NA
Jacob Wiltshire,"6' 2"""
Carson Wright,NA
Zane Bennett,"6' 2"""
Tyler Biggs,"6' 3"""
Jeremy Camarena,"5' 8"""
Jacob Campbell,"5' 10"""
Baylor Corbin,"6' 0"""
Spencer Dickinson,"5' 7"""
William Ellis,"5' 11"""
Austin Gonzales,"5' 10"""
Jalen Johnston,"6' 0"""
Logan Kimbro,"6' 0"""
Jonah Mahen,"5' 9"""
Matt Marsic,"5' 5"""
Jaxon McAuliff,"5' 11"""
Nick Meyer,"6' 7"""
Keenan Morris,"5' 8"""
Marcus Peters,"6' 5"""
David Piers,"6' 3"""
Javarian Roquemore,"5' 10"""
Lucas Schaefer,"5' 10"""
Jayden Shafer,"6' 2"""
David Stuart,"6' 5"""
Bryant Thornton,"6' 1"""
Jesse Tisdell,"5' 10"""
Ryan Turbeville,"6' 3"""
DJ Van Atten,"6' 1"""
Ayden Wood,"5' 9"""
Ryan Armentrout,"6' 5"""
Austin Bagnall,"5' 11"""
Weston Bailey,"6' 0"""
Cole Bedwell,"6' 0"""
Logan Bell,"5'11"""
Joseph Bolin,"6' 1"""
Cade Bowman,"5' 8"""
Kyndall Cassidy,"5' 9"""
Dalton Cordray,"5' 10"""
Andrew Cox,"5' 11"""
Austin Ford,"6' 4"""
Austin Gathright,"5' 11"""
Garrett Graham,"6' 0"""
Andrew Hayden,"6' 3"""
Nick Herrick,"6' 0"""
Connor Hill,"5'11"""
Luke House,"6' 6"""
Gavin Jacobs,"6' 0"""
Jaxson Jester,"6' 1"""
Aidan LeMasters,"6' 1"""
Reece McWilliams,"6' 0"""
Octavio Mendivil,"6' 0"""
Lucas Mercado,"5' 8"""
Luke Najera,"5' 11"""
Isaac Nowell,"6' 2"""
Chase Oberle,"6' 3"""
Tag Pacot,"6' 4"""
Wesley Scott,"5' 11"""
Kyzer Smith,"6' 1"""
Shane Songer,"6' 2"""
Colby Thorsen,"6' 1"""
Conner Titus,"5' 11"""
Braden Tucker,"6' 0"""
Carson Abbott,"6' 2"""
Tanner Carter,"6' 4"""
Colton Clawson,"6' 3"""
Daniel Collins,"6' 0"""
Antonio Crews,"6' 2"""
Gage Dollins,"6' 2"""
Brandon Evans,"6' 0"""
Ryan Farquharson,"6' 9"""
John Gailey,"6' 3"""
Coby Grimsley,"6' 0"""
Austin Hillebrandt,"6' 0"""
Chase Keeton,"6' 2"""
Ryan Kirk,"5' 11"""
Corbin Lingo,"6' 2"""
Gabe Massey,"6' 0"""
Josh McDonald,"6' 3"""
Jake Miller,"6' 2"""
Tristan Mills,"6' 3"""
Wesley Mitchell,"6' 4"""
Nick Mueller,"6' 1"""
Carter Olson,"6' 4"""
Parker Pecina,"5' 10"""
Cody Pfeffer,"5' 10"""
Brayden Phelps,"6' 2"""
Payton Poole,"6' 0"""
Ryan Rauss,"6' 2"""
Colton Sagely,"5' 10"""
Isaac Shaw,"6' 0"""
Alex Showalter,"6' 2"""
Austin Thorp,"5' 10"""
Michael White,"6' 2"""
Tyler Abrego,"6' 0"""
Austin Adair,"6' 1"""
Jeremy Adorno,"6' 0"""
Peyton Ballard,"5' 11"""
Stetson Bishop,"6' 0"""
Dalen Blanchard,"5' 9"""
Dylan Broadway,"5' 10"""
Riley Bruton,"5' 10"""
Clay Burrows,"5' 7"""
Carter Claerhout,"6' 1"""
Cole Clepper,"6' 2"""
Cody Edwards,"6' 0"""
Josh Flaugher,"6' 1"""
Asher Hastings,"6' 0"""
Jayden Hill,"6' 3"""
Easton Hurley,"5' 10"""
Eli Hutcherson,"6' 2"""
Beau Leonards,"6' 3"""
Lee Matsuzaki,"5' 9"""
Mikey McGinnis,"6' 1"""
Brandon Nicoll,"6' 1"""
Hayden Oglesby,"5' 11"""
Josh Phillips,"6' 3"""
Jackson Regan,"6' 2"""
Jared Rhodes,"6' 0"""
Grant Roosma,"6' 2"""
Jack Roubik,"5' 10"""
Trace Shoup,"6' 0"""
Sean Sieve,"6' 3"""
Caleb Sollars,"6' 2"""
Jackson Sorey,"6' 3"""
Isaac Thornton,"6' 3"""
Glynn Wilson,"5' 10"""
Jaden Woolbright,"6' 2"""
Tanner Bare,"5' 10"""
Brady Benedict,"6' 0"""
Blake Brinkmeyer,NA
Will DesHotels,NA
Caleb Eakle,NA
Sebastian Figga,"5' 10"""
Colby Flood,"5' 11"""
Christian Garcia,NA
Jaxon Gless,NA
Cobey Gorrell,NA
Levi Graham,"6' 2"""
Weston Hicks,"5' 11"""
Chase Hudson,NA
Reid Jacob,NA
Landon Kinder,NA
Carson Kinnaird,"6' 2"""
Tucker LeMay,"5' 8"""
Aiden McCullough,NA
Trey Orman,"6' 0"""
Hunter Outlaw,NA
Gunner Phillips,NA
Troy Piascik,NA
Parker Presley,"6' 4"""
Zack Robinson,NA
Cade Ross,NA
Antonio Sabala,NA
Gabriel Sanchez,NA
Trevyn Stewart,"6' 4"""
Ryan Talley,NA
Will Thetford,NA
Jackson Blue,"6' 4"""
Reece Burke,"6' 3"""
Garrett Coiner,"6' 0"""
Markus Coronado,"5' 10"""
Sebastian Diaz,"5' 10"""
Josh Doelitsch,"6' 6"""
Ty Eastwood,"6' 1"""
Drew Fifer,"6' 2"""
Kade Folmar,"5' 11"""
Tyler Fortin,"6' 1"""
Eric Foufoulas,"5' 8"""
Gage Gaunt,"5' 9"""
Connor Jeffers,"6' 3"""
Tyler Leachner,"6' 2"""
Zane Leonard,"6' 0"""
Sean Monsour,"5' 10"""
Sergio Natera,"6' 0"""
Ayden Page,"5' 8"""
Sawyer Rolland,"6' 5"""
Greg Ross,"6' 2"""
Philip Sanders,"6' 0"""
Justin Schrader,"5' 10"""
Marshyl Stennett,"6' 2"""
Campbell Sullivan,"5' 11"""
Trey Thomas,"6' 3"""
Bodi Wallar,"6' 0"""
Conner Watson,"5' 10"""
Rusty Wortman,"5' 11"""
Owen Arias,"6' 0"""
Chris Barkasy,"5' 11"""
Vincent Borghese,"6' 2"""
Colby Brouillette,"6' 0"""
Wyatt Cameron,"6' 2"""
Niko Christon,"6' 0"""
Bryce DiPiero,"6' 3"""
Alex Dreyfus,"6' 0"""
Antonio Ducatelli,"6' 1"""
Matt Falk,"6' 0"""
Kyle Gordon,"5' 10"""
Matt Graziose,"6' 4"""
Jackson Haker,"5' 10"""
Jacob Hines,"5' 11"""
Louis Jordan,"6' 3"""
Alexander Kasbarian,"6' 2"""
Richie Kerstetter,"6' 0"""
Mason McCarroll,"6' 2"""
Gianno Merlonghi,"5' 9"""
Ian Mihalopoulos,"6' 1"""
Drew Munn,"6' 2"""
Nick Murphy,"6' 1"""
Rob Natale,"5' 9"""
Brandon O'Neill,"6' 0"""
Brock Pare,"6' 5"""
Gabe Pitts,"5' 11"""
Aidan Redahan,"6' 0"""
Ryan Scialabba,"5' 10"""
Brady Short,"5' 10"""
Noah Terzo,"6' 1"""
TJ Winn,"6' 1"""
Bo Yaworski,"6' 0"""
Indy Anderson,"6' 1"""
Jayden Asencio,"5' 10"""
Brennen Barczai,"6' 0"""
Curtis Battle,"5' 8"""
Derek Blackmore,"6' 1"""
Gabe Breckenridge,"6' 0"""
Elijah Charlot,"5' 10"""
Jayden Clark,"5' 9"""
Luke Corcoran,"6' 0"""
Anthony Di Vittorio,"5' 7"""
Jeremiah Eneix,"6' 2"""
Gavin Grutzmacher,"5' 11"""
Noah Hogan,"5' 10"""
Jaedin Hurd,"6' 3"""
Tyrone Lake,"6' 2"""
Isaiah Licorish,"6' 1"""
Michael Matthews,"6' 5"""
Daniel Moore,"5' 10"""
Sam Nieves,"5' 11"""
Jobe Olson,"6' 2"""
Justin Ritz,"6' 3"""
Reagan Rivera,"5' 10"""
Park Roeder,"5' 8"""
Brandon Stephens,"6' 3"""
Kaden Straily,"6' 1"""
Pranav Sundar,"6' 2"""
Bryce Thompson,"6' 0"""
Herick Vital,"6' 0"""
Keith Wallace,"6' 1"""
Jamar Whitehead,"5' 10"""
Justin Batts,"5' 11"""
Brandon Boyd,"6' 0"""
Drew Brady,"6' 1"""
Jabril Bullock,"5' 11"""
Cameron Coco,"6' 3"""
Brady Daniels,"6' 2"""
Eddie Del Valle,"6' 0"""
Amari Gordon,"6' 0"""
Santino Harwood,"5' 11"""
Ethan Johnson,"6' 0"""
Caleb King,"5' 11"""
Michael Lane,"6' 1"""
Ryan Mejia,NA
Sebastian Paz,"5' 10"""
Alec Rodriguez,"5' 10"""
Jaryn Sample,"6' 2"""
Chase Snavely,"6' 4"""
Brendan Timmons,"6' 0"""
Hassan Turner,"5' 10"""
Jeremy Vest,"6' 2"""
Nathan Vidmar,"6' 4"""
Joseph Barbarino,"6' 0"""
Ian Barrett,"6' 0"""
Andre Bouffard,"5' 10"""
JR Bozek,"5' 10"""
Jeremy Cheeseman,"6' 2"""
Anthony Chiappetta,"6' 1"""
Joey DiMotta,"5' 10"""
Evan Doyle,"6' 0"""
Nate Dudeck,"6' 4"""
Dante Edwardi,"5' 9"""
Franklin Gomez,"5' 11"""
Johnathan Gomez,"6' 0"""
Felix Gonzalez,"5' 10"""
Thomas Iaquinto,"6' 0"""
Logan Magdits,"5' 11"""
Jimmy Mantuano,"5' 10"""
Chris Mattioli,"6' 0"""
Cooper Montelbano,"6' 4"""
Nick Noble,"5' 10"""
Ben Pika,"6' 4"""
Steve Proko,"5' 10"""
Nick Quagliato,"5' 11"""
Hunter Ray,"6' 0"""
Ethan Rembish,"5' 10"""
Anthony Sarro,"5' 10"""
Jordan Savinon,"6' 1"""
Travis Stroh,"5' 10"""
Diego Urreta,"5' 9"""
Cole Vida,"5' 10"""
James Vlastaris,"5' 10"""
Zach Winter,"5' 11"""
Tyler Worth,"6' 1"""
Brian Yadlon,"6' 2"""
Chaz Anthony,"5' 9"""
Rowen Beattie,"6' 0"""
Tyler Campbell,"6' 0"""
Jack Cannon,"6' 3"""
Joel Connors,"6' 2"""
Luke Connors,"6' 1"""
Jacob Crystal,"6' 2"""
Tim Denet,"6' 1"""
Derek Diaz,"5' 9"""
Landen Duprey,"6' 4"""
Ethan Farina,"5' 11"""
Steven Freer,"6' 3"""
Paulie Goodness,"5' 10"""
Nathan Hiscox,"6' 2"""
Billy Hoffacker,"6' 6"""
Bobby McBride,"6' 2"""
James Musso,"5' 8"""
Max Parker,"6' 2"""
Michael Pastrana,"6' 4"""
Wyatt Patchett,"6' 4"""
AJ Petraitis,"6' 5"""
Benji Ries,"6' 0"""
Cooper Romich,"5' 10"""
Dominick Russ,"6' 2"""
Colin Skermont,"6' 0"""
Adam Sullivan,"6' 1"""
Robert Wegrzyn,"6' 1"""
Mike Whelehan,"5' 10"""
Nic Benhardt,"6' 1"""
Tyler Benick,"6' 4"""
Mason Breton,"6' 0"""
Justin DeCastro,"5' 10"""
Nicholas Delvecchio,NA
Cord Dobrinski,NA
Joe Durso,"6' 1"""
Lawrence Elinson,NA
Ben Fierenzi,"5' 9"""
Nick Finarelli,"6' 4"""
Grant Francisco,"6' 6"""
Torin Kassebaum,NA
Chandler Ketchup,"5' 10"""
RJ Latkowski,"6' 0"""
Owen Luchies,"6' 1"""
Matt McGurk,"6' 3"""
Luke Olsen,NA
Evan Panjwani,"6' 1"""
Jacob Pipercic,"6' 1"""
Jack Power,"6' 3"""
Ryan Rivera,"6' 1"""
Jack Ryan,"5'11"""
Max Samson,"6' 0"""
Gavin Sansone,"6' 0"""
Kevin Small,"6' 1"""
Noah Sorensen,"6' 2"""
Dominic Vassallo,"6' 3"""
Jarod Wade,"6' 2"""
Garrett Yawn,"6' 4"""
Cole Yeager,"5'11"""
Christian Yoo,NA
Eric Anderson,"6' 0"""
Diego Aponte,"6' 2"""
Christian Azcona,"6' 0"""
Michael Blackiston,"5' 10"""
Jason Brown,"6' 0"""
Joshua Caldwell,"6' 0"""
Ansel Carson,"6' 3"""
Carter Champey,"6' 1"""
Marco Davila,"6' 0"""
Sebastian Davila,"5' 9"""
Michael De Angelis,"6' 4"""
Jayden Dillard,"5' 11"""
Luka Gilliam,"6' 0"""
Robert Guerrero,"6' 2"""
Ryan Howe,"5' 11"""
Julian Jimenez,"6' 3"""
Austin McCabe,"6' 5"""
Tha'Mon McGriff,"5' 10"""
Wilfredo Morales,"5' 11"""
Elijah Negron,"5' 11"""
Shawn Phillips,"6' 0"""
Tyler Prather,"6' 1"""
Billy Robertson,"6' 4"""
Jonathan Rodriguez,"5' 11"""
Danny Sadler,"5' 9"""
Janluis Santiago,"6' 2"""
Q Smith,"6' 0"""
Jonah Stepner,"6' 4"""
Bronson Taylor,"5' 10"""
Cade Williams,"6' 0"""
Ethan Adams,"6' 0"""
Ray Altmeyer,"5' 8"""
Brandon Arnold,"6' 4"""
Jacob Bazala,"6' 2"""
Ben Berdine,"6' 3"""
Will Bittman,"5' 11"""
Zach Black,"5' 9"""
Eric Chorba,"5' 10"""
Brodie Collins,"6' 2"""
Ty Cupp,"5' 11"""
Matthew Delvaux,"6' 0"""
Landon DiBeradin,"5' 10"""
Jaden Fabian,"6' 3"""
Nico Frizell,"6' 3"""
Nick Hamilton,"6' 2"""
Joey Helms,"5' 11"""
Nick Jackson,"6' 1"""
Chris Juchno,"6' 2"""
Aaron Keating,"5' 11"""
Aiden Kelly,"6' 1"""
Nolan Kirsch,"6' 1"""
Anthony Krause,"6' 2"""
Andrew Malec,"6' 4"""
Jack Malec,"6' 4"""
Chandler Powell,"5' 10"""
Greg Schmidt,"6' 4"""
Jason Skeen,"6' 4"""
Dylan Skidmore,"6' 0"""
Patrick Sullivan,"6' 1"""
Daniel Thomas,"6' 0"""
Joe Trivisonno,"5' 11"""
Ranciel Ventura,"5' 11"""
Jayden Walker,"6' 4"""
Zachary Zimmerman,NA
Robert Beatty,"5' 10"""
Ethan Blakeney,"6' 0"""
Landen Campbell,"5' 10"""
Myles Crocker,"5' 10"""
Collin Curry,"6' 3"""
Brayden Daulton,"6' 0"""
Reid Driskill,"6' 3"""
Walker Fuller,"6' 5"""
Parker Hampton,"6' 2"""
Sean Harris,"5' 11"""
Ryan Hoeft,"6' 0"""
Jayden Israel,"5' 10"""
Emmett Jefferson,"5' 11"""
Jalan Jones,"6' 3"""
Justin Journette,"6' 2"""
Cam Mazell,"6' 3"""
Tyler Mitchell,"6' 2"""
CJ Patterson,"6' 1"""
Kydese Queen,"6' 3"""
Terrence Rhodes,"5' 8"""
Jamal Ritter,"6' 2"""
Liam Royster,"6' 7"""
Yasseel Samboy,"6' 2"""
Ryan Sellers,"6' 1"""
Nyenati Snoh,"6' 4"""
Nate Varnier,"6' 7"""
Christian Velez,"6' 6"""
Donovan Whitfield,"6' 5"""
Mac Yarbrough,"6' 4"""
Gio Arzuaga,"6' 1"""
Zach Brockner,"6' 0"""
Max Brulport,"5' 10"""
Nathan Bunch,"6' 3"""
Eisig Chin,"6' 0"""
Will Christopher,"6' 2"""
Aidan Cohall,"6' 1"""
TJ Curley,"6' 2"""
Luke Dellentash,"6' 0"""
Ryan Douglas,"6' 0"""
Josh Florence,"6' 1"""
Taylor Gaspar,"6' 0"""
Sam Gettinger,"6' 2"""
Jimmy Gilleran,"6' 3"""
Mason Hebert,"5' 10"""
Nathan Kearney,"6' 3"""
Jake Lanzer,"6' 4"""
Ryan LeClair,"5' 9"""
Adam Martin,"6' 5"""
Sean McGee,"6' 1"""
Francisco Melendez,"6' 3"""
Anthony Michaud,"6' 2"""
Cam Morrison,"5' 10"""
Rob Moynihan,"6' 2"""
Will Newton,"5' 11"""
Sam Parks,"5' 8"""
Brayden Rader,"6' 0"""
Michael Rickert,"6' 0"""
Aidan Sengenberger,"6' 0"""
Grayson Sparr,"6' 0"""
Jack Thorbahn,"6' 3"""
Justin Tullish,"5' 10"""
Tanyon Weber,"6' 6"""
Jack Welsch,"6' 0"""
Dylan Zemotel,"6' 1"""
Jayden Alvarez,NA
Xavier Baker,"5' 8"""
Sam Bonilla,NA
Emmett Coco,"5' 11"""
Christopher Collina,"6' 0"""
Vincent Corso,"6' 0"""
Michael Cunningham,"5'11"""
Keith Davis,"6' 2"""
Jeremy De La Mota,"6' 1"""
Leo Doyle,"5' 11"""
Nate Garcia,"6' 3"""
Zach Gorman,"5' 10"""
William Grayson,"6' 3"""
Jake Griess,NA
Heitaro Hayashi,"6' 0"""
Connor Hayden,"6' 2"""
A.J. Hiestand,NA
Christian Knight,"5' 8"""
Andrew Marquis,"5' 10"""
Jason Masick,"6' 2"""
Mateo Matthews,"6' 5"""
Nick Mazzotta,"5' 11"""
Joseph Mennella,"6' 0"""
Frankie Nardo,NA
Bryce Phelps,"6' 2"""
Luke Picone,NA
Andrew Ravelo,"6' 4"""
Connor Roche,"6' 3"""
Justin Roitman,"6' 2"""
Andrew Rucci,"6' 3"""
Matt Sutera,"6' 4"""
Diego Tavarez,"6' 0"""
Jake Toporek,"6' 1"""
Lukas Torres,"5' 9"""
Colin Trizuto,NA
Xavier Ulrich,"6' 0"""
Griffin White,"6' 5"""
Owen Anderson,"5' 11"""
Pierce Bauerle,"6' 2"""
Chase Bays,NA
Dalton Boruff,"5' 10"""
Kole Bradley,"6' 4"""
Christian Carew,"6' 6"""
Eli Cartwright,"6' 2"""
Tyler Castro,"6' 1"""
Tyler Conklin,"5' 11"""
Zach Courson,"6' 2"""
Jake Ferguson,"5' 10"""
Zak Goodwin,"5' 10"""
Eli Green,"6' 5"""
Joey Hagen,"6' 0"""
Eli Hill,"5' 8"""
Colin Horneman,"6' 0"""
Danny Infante,"5' 9"""
Tyler Kapraun,"6' 3"""
James Love,NA
Nate Marshall,"6' 2"""
Luke Melton,"5' 11"""
Mike O'Conor,"6' 0"""
Jake Ottensmeier,NA
Quade Peters,"5' 8"""
Jack Potteiger,"6' 5"""
Bryce Riggs,"6' 0"""
Ethan Rossi,"5' 11"""
Anthony Solis,"5' 11"""
Brett Stanley,"5' 8"""
Lukas Touma,"6' 1"""
Sam Wiese,"6' 2"""
Slater Wilcox,"6' 4"""
Peyton Wilson,"5' 7"""
Chris Worcester,"5' 9"""
Cade Zalewski,"6' 3"""
Kris Alcorn,"6' 2"""
Bryson Arnette,"6' 1"""
Brody Barker,"5' 10"""
Eli Brown,"5'11"""
Zach Buschschulte,"6' 1"""
Mitch Cummins,"5' 11"""
Brendan Ealy,"6' 1"""
Kam Edwards,"5' 9"""
Tyler Ellis,"6' 2"""
Jack Fishel,"6' 0"""
Evan Funkhouser,"6' 0"""
Sam Grunberg,"6' 3"""
Dillon Haftorson,"6' 6"""
Charlie Isom-McCall,"6' 0"""
Matt James,"6' 2"""
Jack Meyer,"6' 3"""
Josh Newell,"6' 2"""
Jackson Parrill,"6' 1"""
Tanner Paschke,"6' 0"""
Jake Radosevich,"6' 0"""
Easton Rakers,"6' 1"""
Filip Sarota,"6' 2"""
Ryan Sell,"6' 1"""
Brodie Short,"6' 0"""
Tanner Simpson,"6' 3"""
Ethan Smith,"6' 1"""
Bennett Stice,"6' 5"""
Carson Subbert,"6' 0"""
Tyler Thompson,"5' 10"""
Alessandro Volpe,"6' 1"""
Joseph Waters,"6' 1"""
Seth Adams,"6' 2"""
Jacob Ambriz,"5' 9"""
Robert Bavon,"6' 4"""
Josh Beezley,"5' 10"""
Jayce Blalock,"5' 10"""
Malcolm Brown,"6' 1"""
Marshall Brown,"6' 5"""
Brody Bunting,"6' 0"""
Noah Burkey,"6' 2"""
Zach Busick,"6' 0"""
Angel Cano,"6' 3"""
Cooper Chaplain,"5' 10"""
Jack Cline,"6' 4"""
Seth Cooper,"6' 1"""
Preston Davis,"6' 3"""
Ryan Geck,"6' 5"""
Kade Goeke,"5' 11"""
Gage Haley,"6' 7"""
Sammy Harris,"6' 1"""
Zach Henry,"6' 0"""
Trey Hill,"5' 11"""
Brenden Katz,"6' 5"""
Cade Martin,"6' 2"""
Aiden McGinnis,"6' 0"""
Andrew Pickering,"6' 1"""
Jackson Rains,"6' 5"""
Ty Rhoades,"6' 1"""
Luke Rolland,"6' 0"""
Hunter Royal,"5' 10"""
Waylon Sebren,"5' 9"""
Alex Seguine,"5' 10"""
David Sorg,"6' 6"""
Blake Van Cleve,"6' 3"""
Jackson Wells,"5' 11"""
Reed Willbanks,"6' 0"""
Trevor Callahan,"6' 3"""
Andy Cisneros,"5' 7"""
Gunner Collins,"6' 1"""
JJ Dutton,"6' 3"""
Chance Edmonds,"5' 8"""
Josh Furtado,"6' 0"""
Davis Germann,"6' 0"""
Will Grimmett,"6' 2"""
AJ Hacker,"6' 3"""
Blake Hager,"6' 3"""
Kamden Hawks,"6' 6"""
Grant Herron,"6' 5"""
Max Hotze,"6' 1"""
Alex Kean,"6' 4"""
Aubrey Kearns,"5' 11"""
Eli Kirkendoll,"6' 4"""
Griffin Olson,"6' 1"""
Austyn Peak,"6' 1"""
Hunter Porter,"6' 4"""
Bradley Poynter,"6' 4"""
Kadin Ray,"6' 3"""
Hayden Robbins,"6' 4"""
Brodie Shaw,"6' 2"""
Caden Sheridan,"5' 11"""
Jonah Sibley,"5' 11"""
Landon Waugh,"5' 9"""
Andre Wojtarowicz,"6' 4"""
Kyle Athmer,"6' 6"""
Kieran Bailey,"6' 0"""
Chase Bloomer,"5' 11"""
Sam Chapman,"6' 3"""
Brady Coon,"6' 2"""
Lane Crowden,"6' 5"""
Tyler Davis,"6' 2"""
Zach Dueñas,"6' 10"""
Gage Franck,"6' 1"""
Brenden Fry,"6' 3"""
Daniel Gierer,"5' 10"""
Brennen Grams,"5' 11"""
Ethan Hamrick,"5' 11"""
Trace Harrington,"6' 4"""
Garrett Helsel,"6' 5"""
Kyle Hepburn,"6' 2"""
Joshua Heyder,"6' 0"""
Sean Kang,"5' 10"""
Joseph Martin,"6' 1"""
Liam McKillop,"6' 1"""
Duncan McLaughlin,"6' 0"""
Mack Mitchell,"6' 0"""
Ryan Niedzwiedz,"6' 2"""
Gabe Nutter,"5' 11"""
Kyle Ratliff,"6' 3"""
Andrew Ressler,"6' 0"""
Kyle Rossy,"6' 2"""
Michael Siemer,"6' 2"""
John Stallcup,"6' 0"""
Spencer Stearns,"6' 2"""
Tim Teixeira,"6' 2"""
Ethan Willoughby,"6' 4"""
Bryce Cannon,"6' 3"""
Caleb Champion,"6' 3"""
Keoni Coloma,"5' 11"""
Caleb Corbin,"5' 8"""
Haden Dow,"6' 1"""
Gunnar Doyle,"6' 0"""
Liam Forsyth,"6' 1"""
Alex Hayes,"6' 2"""
Sam Heyman,"6' 2"""
Gavin Johnston,"6' 2"""
Brooks Kettering,"5' 11"""
Caden Kickhaefer,"6' 5"""
Anthony Klein,"6' 1"""
Kayden Kohlberg,"6' 0"""
Jackson Kranawetter,"5' 10"""
Matthew Lorenzano,"5' 11"""
Shea McGahan,"6' 0"""
Nathan Mertens,"6' 3"""
Michael Mugan,"5' 11"""
Jack Opoien,"6' 5"""
Ethan Osborne,"6' 1"""
Mason Pennington,"6' 3"""
Cade Perkins,"6' 2"""
Andrew Ramirez,"5'11"""
Mikey Rocha,"6' 0"""
Carson Schrack,"5' 10"""
Demitri Shakotko,"5' 11"""
Ty Stauss,"5' 10"""
Brian Strange,"6' 1"""
Cole Warehime,"6' 1"""
Eddie White,"6' 0"""
Ian Anderson,"6' 1"""
BJ Banyon,"6' 1"""
Mason Bell,"5' 8"""
Cameron Boyd,"6' 0"""
Justin Breitenstein,"6' 5"""
Kannon Coakley,"6' 2"""
Kevin Cruz,NA
Cam Dimidjian,"6' 0"""
Abdriel Figueroa,"6' 2"""
Andres Gonzalez,"6' 0"""
Khi Holiday,"5' 9"""
Ryan Karl,"6' 0"""
Jay Kennedy,"6' 5"""
Blake Kimball,"6' 1"""
Cole Kitchens,"6' 3"""
Marshall Loch,"6' 3"""
Charlie Marisca,"6' 2"""
Patrick McLellan,"6' 0"""
Hunter Miller,"6' 1"""
Kiefer Parsons,"6' 2"""
Ethan Rothschild,"5' 7"""
Aaron Rubio,"6' 1"""
Clayton Slack,"5' 11"""
Noah Smallwood,"5' 10"""
Justin Stimpson,"6' 4"""
Sage Stout,"6' 3"""
Mason Sweeney,"6' 2"""
Anthony Umbach,"5' 7"""
Micajah Wall,"6' 6"""
Brady Watts,"5' 11"""
Jacob Winzenread,"6' 2"""
Colin Wolfe,"6' 0"""
Hiroyuki Yamada,"6' 2"""
Evan Zapp,"5' 11"""
Riley Black,"5' 10"""
Jack Brafa,"6' 3"""
Luke Bragga,"6' 3"""
Carter Casabella,"6' 4"""
Eddie Garza,"5' 10"""
Jackson Green,"6' 0"""
Jared Herzog,"6' 0"""
Houston High,"6' 4"""
Garrett Holpuch,"6' 7"""
Jorsixt Jimenez,"6' 0"""
Kayne Jinks,"6' 3"""
Patrick Johnson,"6' 2"""
Nicho Jordan,"5' 11"""
Owen Lee,"6' 0"""
Ryan Lee,"5'11"""
Braxton Lewis,"6' 3"""
Kevin Matos,"5' 11"""
Drew Mattox,"6' 5"""
Reece McDuffie,"5' 11"""
Aaron Moffitt,"6' 3"""
Logan Moller,"6' 5"""
Jaxson Pease,"6' 1"""
Jaxon Pridgen,"6' 2"""
Kinnick Pusteoska,"6' 5"""
Jackson Rooker,"5' 10"""
Landon Smelser,"6' 1"""
Preston Steele,"6' 0"""
Lawson Stricklin,"5' 11"""
Micah Summar,"6' 1"""
Nick Vaccaro,"5' 11"""
Juan Vargas,"6' 1"""
Lucas Vega,"6' 0"""
Carter Vrabel,"6' 3"""
Mack Whitcomb,"6' 0"""
Emery Wright,"5' 10"""
Garner Anderson,"6' 3"""
Brock Arender,"6' 3"""
Jeb Bartle,"6' 1"""
Kaleb Baskin,"6' 1"""
Drake Bayles,"6' 2"""
Blaze Bell,"6' 2"""
Brody Capps,"6' 3"""
Rett Edwards,"5' 10"""
Jalen Fithian,"5' 10"""
Austin Gast,"6' 0"""
Gates Gerhart,"6' 3"""
Cameron Greene,"6' 2"""
TJ Grines,"5' 9"""
J.Henry Hobson,"6' 5"""
Jordan Hudson,"6' 0"""
Aidan Karns,"6' 2"""
Jonah Katsaboulas,"6' 0"""
Brandon King,"6' 4"""
Tommy Koch,"6' 0"""
Quin Long,"6' 1"""
Frank Micallef,"6' 1"""
JP Nunn,"6' 5"""
Kevin Okins,"6' 0"""
Shawn Perez,"6' 3"""
JT Popick,"6' 0"""
Mason Shropshire,"5' 11"""
Jacob Sitton,"6' 0"""
Quincy Thornton,"6' 1"""
Arderrius Townsend,"6' 0"""
Zach Wager,"6' 1"""
Kyree Alexander,"5' 9"""
Justin Bogard,"6' 3"""
Jason Buhl,"6' 5"""
Liam Bushey,"6' 3"""
Wandel Campana,"6' 0"""
Cordell Coburn,"6' 2"""
Harrison Dubois,"6' 2"""
Jack Duncan,"6' 3"""
Alex Esker,"6' 4"""
Blake Gedrich,"6' 2"""
Chris Hege,"6' 0"""
Jackson Horn,"6' 1"""
Billy Humphrey,"6' 6"""
Justin Jang,"6' 0"""
Colton Kachinsky,"6' 3"""
Tyler Large,"6' 2"""
Trevor Leon,"6' 2"""
Brock Lummus,"6' 1"""
Krayton Morse,"6' 2"""
Matt Olive,"6' 1"""
Paul Osting,"6' 0"""
Grant Palmer,"5' 10"""
Kenneth Perez,"5' 10"""
Eric Rawlings,"6' 2"""
Jackson Rodgers,"6' 3"""
Frederick Romano,"6' 2"""
Jorge Romero,"5'11"""
Anthony Steinhoff,"6' 8"""
Karsten Stotlar,"6' 5"""
Kenneth Sugi,"5' 9"""
Mason Telford,"5' 10"""
Max Tripure,"6' 3"""
David Ayers,"6' 4"""
Danny Barbero,"5' 8"""
Jack Bello,"6' 2"""
Tre Benjamin,"6' 6"""
Will Burgess,"6' 4"""
Harry Carr,"6' 1"""
Drew Charney,"5' 10"""
Ian Choi,"5' 9"""
Keegan Connors,"5' 7"""
Logan Crock,"5' 8"""
Colin Dailey,"6' 0"""
Ryan Drumm,"5' 11"""
Gunnar Duncan,"5' 9"""
Christian Finnigan,"6' 3"""
Tate Foxson,"6' 4"""
Adam Galdoni,"6' 5"""
Marcus Goodpaster,"6' 4"""
Jack Griffiths,"6' 6"""
Aidan Hatcher,"6' 1"""
Andrew Hendrickx,"6' 3"""
Justin Hornschemeier,"6' 5"""
Alex Kanipe,"6' 2"""
Simon Linde,"6' 1"""
Jack Moroknek,"6' 3"""
Zach Munton,"6' 0"""
Gabe Pancratz,"6' 8"""
Nate Rosser,"6' 4"""
Connor Sackett,"6' 3"""
Brett Sherrard,"5' 10"""
Espn Simpson,"6' 0"""
Corbin Snyder,"6' 6"""
AJ Solomon,"5' 9"""
Alex Thomas,"5' 10"""
Tommy Townsend,"6' 4"""
Cade Vota,"6' 0"""
Ben Whiteside,"6' 5"""
Matt Aukerman,"6' 4"""
Jimmy Burke,"6' 5"""
Dominic Cancellieri,"5' 11"""
Connor Capece,"6' 0"""
Shane Curtin,"6' 0"""
Teddy Deters,"6' 2"""
Dakota Duffalo,"6' 1"""
Cooper Fuchino,"6' 1"""
Tate Gillen,"6' 1"""
Braden Gluth,"6' 3"""
Jaxon Goldberg,"6' 0"""
Joe Hauser,"6' 2"""
Kyle Hess,"6' 1"""
Noah Klein,"6' 0"""
Ian Koosman,"6' 1"""
Garrett Langrell,"6' 7"""
Will MacLean,"6' 2"""
Wilson Magers,"6' 2"""
John McDonald,"5' 11"""
Nate McHugh,"5' 10"""
Ben North,"6' 0"""
Robert O'Malley,"6' 4"""
Jack Pineau,"6' 0"""
Henry Prindl,"6' 5"""
Nolan Sailors,"6' 0"""
Matt Scherrman,"6' 2"""
Brendan Strenke,"6' 1"""
Jack Torosian,"5' 11"""
Anthony Unga,"6' 4"""
Nick Venteicher,"5' 10"""
Shea Wendt,"6' 1"""
Cuyler Zukowski,"6' 0"""
Chris Accardo,"6' 4"""
Jake Anderson,"6' 0"""
Luke Bauer,"6' 1"""
Nadell Booker,"6' 5"""
Owen Carapellotti,"6' 2"""
Kavi Caster,"6' 3"""
Andrew Citron,"5' 10"""
Ryan DeMartin,"6' 1"""
Brian Depman,"6' 1"""
Johan Franco,"6' 2"""
Sho Garcia,"6' 0"""
Ashtin Gilio,"6' 0"""
Christian Hamilton,"6' 2"""
Tristan Head,"6' 2"""
Travis Ilitch,"5' 9"""
Andrew Jergins,"6' 2"""
Axel Johnson,"6' 0"""
Dylan Larkins,"6' 4"""
Kai Leckszas,"6' 0"""
Noah Leib,"6' 1"""
Griffin O'Connor,"6' 1"""
Julius Pfau,"5' 8"""
Connor Price,"6' 0"""
JT Raab,"6' 5"""
Ethan Rucker,"6' 3"""
Matt Sapienza,"6' 2"""
Keith Savoy,"6' 2"""
Blake Schaaf,"5' 11"""
Ashton Seymore,"6' 0"""
Jaden Sheffield,"6' 0"""
Jeremy Sheffield,"6' 5"""
Jack Volo,"5' 11"""
Marshall Whitmer,"6' 0"""
Andrew Williams,"6' 2"""
Derek Yoo,"6' 1"""
Marco Ali,"6' 0"""
Patrick Benn,"6' 1"""
Andrew Bianco,"6' 4"""
Jimmy Brennan,"5' 10"""
Connor Byrne,"6' 1"""
Joey Calabretti,"6' 2"""
Gabe Cavazzoni,"5' 9"""
Tomas Cestero,"6' 5"""
Mason Christopher,"6' 3"""
Casey Cumiskey,"6' 3"""
Stephen Curry,"6' 0"""
Alex D'Ambrosio,"6' 0"""
Aiden Dill,"6' 2"""
John Downing,"6' 3"""
Anthony Ehly,"6' 6"""
Nick Ferri,"6' 3"""
Justin Ford,"6' 3"""
Daniel Frontera,"6' 1"""
Ryan Frontera,"6' 2"""
Cole Hansen,"6' 2"""
Magnus Krieger,"6' 1"""
Tommy Manzo,"6' 2"""
Jordan Marot,"6' 4"""
Kevin Milewski,"6' 5"""
Dylan Pacheco,"5' 10"""
Ryan Reich,"6' 2"""
Aiden Robbins,"6' 2"""
Frankie Scrivanic,"6' 0"""
AJ Soldra,"6' 0"""
Steven Svenson,"6' 3"""
Jayson Torres,"6' 2"""
Jake Walman,"5' 11"""
Jack Wentworth,"6' 4"""
Adam Agresti,"6' 3"""
Chris Batuyios,"6' 0"""
Jared Beebe,"6' 0"""
Cristian Bernardini,"6' 1"""
Jed Boyle,"6' 5"""
Anthony Brienza,"5' 9"""
Sean Britt,"6' 2"""
Conor Burns,"5' 10"""
Evan Chaffee,"6' 2"""
Kyle Chase,"6' 1"""
Brady Clark,"6' 2"""
Will Cowan,"6' 0"""
JJ Devito,"6' 1"""
Chad Falcon,"5' 11"""
Victor Frederick,"6' 5"""
Evan Hoeckele,"6' 3"""
Jace Jeremiah,"5' 10"""
AJ Lausten,"6' 0"""
Jon LeGrande,"5' 8"""
Ty Longoria,"6' 0"""
Louis Marinaro,"6' 1"""
Shaun McMillan,"6' 3"""
Sam Mettert,"6' 4"""
Luke Orbon,"6' 0"""
Jayder Raifstanger,"6' 1"""
David Rodriguez,"6' 2"""
Jacob Ruiz,"5' 11"""
Grant Russo,"5' 9"""
Jackson Tucker,"6' 0"""
Jude Abbadessa,"5' 11"""
Brady Afthim,"6' 0"""
Hector Alejandro,"6' 1"""
Anthony Belisario,"5' 10"""
Sam Biller,"5' 10"""
JT Caruso,"6' 4"""
Gio Conte,"6' 0"""
Ian Cooke,"6' 1"""
Maddix Dalena,"6' 3"""
Ryan Daniels,"6' 0"""
Aidan Dougherty,"6' 1"""
Thomas Ellisen,"6' 4"""
Sean Finn,"5' 9"""
Thomas Galusha,"6' 3"""
Matt Garbowski,"6' 0"""
Carter Groen,"6' 3"""
Evan Hamberger,"6' 2"""
Sam Hutchinson,"6' 3"""
Connor Lane,"6' 2"""
Grant MacArthur,"6' 4"""
Cameron Mayer,"6' 4"""
Tyler Minick,"6' 0"""
Bryan Padilla,"5' 10"""
Kyle Peters,"6' 0"""
Oliver Pudvar,"5' 11"""
Rob Rispoli,"5' 10"""
Beau Root,"6' 2"""
Greg Shaw,"6' 3"""
Caleb Shpur,"5' 10"""
Frank Spirito,"6' 0"""
Cayden Suchy,"6' 0"""
Gabriel Tirado,"5' 9"""
Gabe Van Emon,"6' 2"""
Charlie West,"5' 11"""
Devin Wolff,"6' 4"""
Aidan Barry,"6' 2"""
Jake Bollin,"6' 0"""
Jack Chavez,"6' 1"""
Bobby Finn,"6' 0"""
Jake Francis,"6' 0"""
John Freitag,"5' 11"""
CJ Furey,"6' 0"""
Connor Hale,"5' 10"""
Luke Jacobson,"6' 5"""
Marcus LaBuda,"6' 4"""
Austin Lemon,"5' 10"""
Brayden Leonard,"5' 9"""
Luke McCollough,"6' 3"""
Jake McElroy,"5' 10"""
Pat McKenzie,"6' 1"""
Joseph Montgomery,"6' 0"""
Graham Moore,"6' 2"""
Jason Neff,"6' 3"""
Bobby Olsen,"6' 0"""
Ben Pew,"6' 7"""
JP Podgorski,"6' 1"""
Collin Quintano,"6' 3"""
Dylan Rorech,"6' 1"""
Alec Sachais,"6' 1"""
Coley Schaefer,"6' 0"""
Tim Schuler,"6' 2"""
Avery Schwartz,"6' 0"""
Brady Schwartzberg,"6' 1"""
Tyler Shaw,"5' 10"""
Conor Smith,"6' 1"""
Shane Solari,"6' 0"""
Trent Toole,"6' 1"""
Stephen Turzai,"6' 1"""
Josue Valdez,"6' 1"""
Michael Whooley,"6' 0"""
Wyatt Wolpert,"6' 3"""
Brayden Yasuzawa,"5' 9"""
Aedan Anderson,"6' 0"""
Nick Boyle,"6' 3"""
Eli Bridenthal,"6' 2"""
Clay Burdette,"6' 2"""
Donavan Canterberry,"6' 0"""
Joseph Chavana,"6' 1"""
Hayden Christiansen,"6' 2"""
Ashton Chronister,"6' 9"""
JD Crisp,"6' 0"""
Jack DeTienne,"6' 2"""
Jared Gadd,"6' 2"""
Trevor Geddes,"6' 7"""
Luke Hammond,"6' 4"""
Carter Hendrickson,"5' 9"""
Jake Hooker,"6' 2"""
Luke Hoskins,"6' 4"""
Jason Jelic,"6' 3"""
Joe Karpierz,"6' 0"""
Jake Lambdin,"5' 10"""
Landon Mensik,"6' 2"""
Connor Misch,"6' 3"""
Jack Niedringhaus,"6' 0"""
Jack Nobe,"6' 3"""
Eddie Peters,"6' 2"""
Ryan Piech,"6' 3"""
Logan Schmidt,"6' 3"""
Tyler Stack,"6' 5"""
Sam Stevens,"6' 3"""
Nolan Tucker,"5' 9"""
Isaac Wachsmann,"6' 4"""
Ben Weber,"5'11"""
Evan Whiteaker,"6' 4"""
Jon Wylie,"6' 2"""
John Allen,"6' 1"""
Johnny Anservitz,"6' 3"""
Jacob Beall,"6' 3"""
Taylor Bednar,"6' 3"""
Evan Bottone,"5' 9"""
Blake Bowen,"6' 2"""
Max Bowman,"6' 0"""
Nathan Currah,"6' 4"""
Brett Dietrich,"6' 3"""
Jack Fenton,"6' 0"""
Sean Flowers,"6' 1"""
Jackson Frasure,"6' 3"""
Elijah Griffith,"6' 2"""
Will Heisler,"6' 0"""
Andrew Horvath,"6' 1"""
Jack Kelley,"6' 1"""
Austin Lafferty,"5' 11"""
Caden Matlon,"6' 2"""
Kyle McConachie,"5' 10"""
LA Mighton,"6' 1"""
David Moore,"6' 3"""
Parker Munday,"5' 10"""
Derek Occhipinti,"6' 4"""
Ty Pangborn,"6' 6"""
Ian Pennington,"6' 3"""
Sean Perkins,"6' 4"""
Jack Poist,"5' 10"""
Josiah Ross,"6' 1"""
Nicky Sackett,"5' 11"""
Jared Schaeffer,"6' 1"""
Charlie Schebler,"6' 2"""
Bradyn Shaw,"6' 2"""
Jett Slepak,"6' 2"""
Dawson Tourney,"6' 0"""
Landon Vandegrift,"6' 1"""
Garrett Arnold,"5' 10"""
Gavin Balius,"6' 1"""
Blake Bevis,"6' 3"""
Jaden Bitter,"6' 1"""
Alex Burden,"5' 10"""
John Chambers,"6' 1"""
John Colligan,"6' 2"""
Brendan Garza,"6' 1"""
Ben Giovannetti,"6' 0"""
Dylan Grego,"6' 1"""
Korbin Griffin,"6' 3"""
Brett Griffiths,"6' 0"""
Garrett Harker,"6' 0"""
Jacob Hartlaub,"6' 3"""
Brayden Huebner,"6' 2"""
Nick Husovsky,"6' 1"""
Connor Hutchinson,"6' 0"""
Clay Jacobs,"6' 2"""
Will Jacobson,"7' 0"""
Keegan Johnson,"6' 3"""
Gabe Jones,"6' 2"""
Max Kalk,"6' 0"""
Houston King,"5' 11"""
Zach Kwasny,"6' 5"""
Zach Leduc,"6' 2"""
Lucas Letsinger,"6' 3"""
Caden Lockwood,"6' 2"""
Grant Miller,"5' 8"""
Owen Quinn,"6' 4"""
Alex Richter,"6' 1"""
DJ Scheumann,"6' 3"""
Evan Shapiro,"6' 7"""
Drue Young,"5' 7"""
Brock Amelung,"6' 2"""
Gunner Antillon,"5' 8"""
Kade Arn,"6' 4"""
Caden Bates,"6' 0"""
Brady Birchmeier,"6' 3"""
CJ Boudreaux,"6' 1"""
Chase Chopin,"5' 10"""
Brayden Curlis,"5' 11"""
Gavin Ganun,"6' 2"""
Nic Good,"5' 10"""
Zack Horky,"6' 4"""
Nate Kress,"6' 3"""
Luke Krouse,"6' 2"""
Alex Laird,"6' 3"""
Titus Lotz,"6' 1"""
Cooper McKenzie,"6' 4"""
Perry Miller,"6' 0"""
Carter Mottice,"5' 10"""
DJ Newman,"6' 0"""
Caden Parker,"5'11"""
Connar Penrod,"6' 2"""
Owen Poole,"6' 2"""
Ty Roder,"6' 4"""
Sam Seidel,"5' 10"""
Carrson Sova,"6' 8"""
TJ Takats,"6' 5"""
Jacob Turner,"5' 11"""
Landon Willeman,"6' 0"""
Jack Bach,"6' 4"""
Hayden Bailey,"6' 3"""
Nate Ball,"6' 4"""
Dean Brown,"6' 1"""
Trevor Busyn,"6' 8"""
Rees Campanale,"6' 3"""
Carter Campau,"6' 2"""
Alejandro Espinoza,"5' 9"""
Greg Guzik,"5' 11"""
Max Hammond,"6' 1"""
Jared Hanson,"6' 3"""
Elijah Henning,"6' 1"""
Lane Kloha,"6' 4"""
Zach Knowlton,"5' 8"""
Quin Konuszewski,"6' 2"""
AJ Kostic,"6' 3"""
Brady Krzciok,"6' 3"""
Jake Kutella,"6' 3"""
Cole Kwiatkowski,"5' 11"""
Justin Morgan,"6' 2"""
Mikey Murphy,"5' 11"""
Jack Otis,"6' 1"""
Aaron Piasecki,"5' 10"""
Cole Prout,"6' 3"""
Nate Ross,"5'11"""
Liam Stumpf,"6' 1"""
Spencer Verburg,"6' 2"""
Evan Waters,"5' 10"""
Bryson Webb,"5' 11"""
Aydin Wright,"5' 10"""
Dom Anderson,"6' 1"""
Drew Beckner,"6' 0"""
Eric Boothe,"6' 2"""
Andrew Dukesherer,"6' 2"""
Emmett Gillies,"6' 3"""
John Hale,"6' 0"""
Fischer Hendershot,"6' 4"""
Logan Hugo,"6' 2"""
Bruce Jellison,"6' 0"""
Lucas Johnson,"6' 2"""
Bobby Jones,"6' 5"""
Drew Jones,"6' 2"""
Tyler Kapa,"6' 2"""
Nick Keane,"6' 1"""
Brendan Kleiman,"5' 11"""
Niko Kreuzer,"6' 4"""
Kevin Krill,"6' 1"""
Ethan LaPointe,"6' 6"""
Keegan Martin,"5' 10"""
Colin Milligan,"5' 10"""
DJ Morand,"6' 3"""
Drew Norris,"6' 2"""
Jad Oestrike,"5' 11"""
Michael Pfeiffer,"6' 2"""
Cal Rutherford,"6' 3"""
Ben Schechterman,"6' 0"""
Henry Slaby,"6' 2"""
Ty Stecko,"6' 3"""
Jack Topolski,"6' 0"""
Harrison Travis,"6' 3"""
Cooper Vance,"6' 0"""
Connor Walsh,"6' 3"""
Devan Zirwas,"6' 3"""
Giano Zuccaro,"6' 0"""
Alex Alberico,"6' 0"""
Connor Ashby,"6' 1"""
Jake Bean,"6' 3"""
Rocco Bernadina,"6' 5"""
Peyton Cariaco,"6' 2"""
Jake Casey,"6' 2"""
Ciaran Caughey,"6' 1"""
Eric Chalus,"6' 1"""
Alejandro Covas,"6' 2"""
Payton Ebbing,"5' 7"""
Billy Gerlott,"6' 1"""
Nick Guidas,"6' 2"""
Evan Holewinski,"6' 5"""
Max Humphrey,"6' 1"""
Hayden Jatczak,"6' 5"""
Gavin Jones,"6' 3"""
Dom Kibler,"5' 8"""
Hunter Klotz,"6' 3"""
Jordan Kolenda,"6' 4"""
Brody Krzysiak,"6' 1"""
Caden Leonard,"5'11"""
Brady Marshall,"5' 11"""
Luke Matthews,"5' 11"""
Ben Rabatin,"6' 0"""
Ripken Reese,"6' 2"""
Micah Rienstra-Kiracofe,"6' 2"""
Benny Roebuck,"6' 1"""
Kolton Schaller,"6' 1"""
Sawyer Solitaria,"6' 5"""
Matt Thompson,"6' 2"""
Landon Tiesing,"6' 3"""
Jaden Varner,"5' 11"""
Vince Waterman,"6' 1"""
Gannon Wentz,"5' 11"""
Brody Williams,"6' 1"""
Evan Appelwick,"6' 0"""
Dillon Baker,"6' 0"""
Ty Batusich,"6' 0"""
Troy Benko,"6' 6"""
Austin Berggren,"6' 2"""
Clayton Burke,"6' 0"""
Blake Buzzeo,"5' 11"""
Carson Byers,"5' 9"""
Hayden Cuthbertson,"6' 2"""
Nick DeMonica,"6' 0"""
Charlie Dieruf,"6' 1"""
Taylor Echols,"5' 8"""
Landon Fulk,"6' 3"""
Ignacio Gonzalez,"6' 1"""
Justin Gorski,"5' 8"""
Ahmad Harajli,"6' 4"""
Tommy Harrison,"6' 4"""
Cooper Katskee,"6' 4"""
Dom Krupinski,"5' 10"""
Landen Looper,"6' 4"""
Dom Magliocca,"5' 10"""
Patrick Mastrian,"6' 0"""
Zach Neville,"5' 10"""
David Novak,"6' 2"""
Ryan Novak,"6' 3"""
Cole Pauley,"6' 1"""
Kaden Pfeffer,"6' 1"""
Drew Phillips,"5' 11"""
Connor Preisel,"6' 2"""
Keenan Proctor,"6' 1"""
Carson Raether,"5' 10"""
Christopher Roa,"5' 10"""
Luke Ross,"6' 2"""
Nick Vardavas,"5' 11"""
Jake Vrlak,"5' 10"""
Anthony Zarlingo,"6' 0"""
Gavin Baldwin,"6' 3"""
Nick Bassi,"6' 3"""
Ryan Birr,"6' 2"""
Ty Brachbill,"6' 2"""
Adam Brouwer,"6' 1"""
CJ Cepicky,"6' 3"""
Danny Cihocki,"6' 3"""
Cooper Cohn,"6' 0"""
Will Couchman,"6' 0"""
Carter Cox,"6' 0"""
Alex Day,"6' 2"""
J.P. Gauthier,"6' 2"""
Alex Graber,"6' 3"""
Logan Gregorio,"6' 1"""
Sebastian Gutierrez,"6' 0"""
Kyle Hartmann,"5' 11"""
Zach Hise,"6' 5"""
Jalen House,"5' 11"""
Kayden Jennings,"6' 0"""
Kaden Kosobucki,"5' 8"""
Ben Loyd,"5' 10"""
Conner Lutes,"6' 4"""
John Lyman,"6' 0"""
Gavin Micklinghoff,"6' 3"""
Jack Olson,"6' 3"""
Charlie Parcell,"6' 0"""
Mason Ruh,"6' 4"""
Nolan Sandee,"5' 9"""
Chad Saner,"6' 2"""
Parker Schuring,"6' 2"""
Andrew Smart,"6' 3"""
Jack Swaney,"6' 2"""
Clayton Taylor,"6' 1"""
Max Vaisvila,"5' 10"""
Nick Varon,"6' 4"""
Brady Alexander,"6' 0"""
Trey Barkman,"6' 1"""
Adam Beery,"6' 0"""
Hudson Boncal,"6' 3"""
Cam Bryant,"5' 10"""
Luke Bryant,"6' 1"""
Trae Cassidy,"5' 11"""
Jackson Cauthron,"5' 11"""
Jimmy Cerha,"6' 2"""
Drew Cox,"6' 0"""
Nick Dolan,"6' 3"""
Dylan Eggl,"6' 2"""
Blake Gaskey,"6' 2"""
Jack Geiser,"6' 2"""
Matt Ineich,"5' 11"""
Caleb Karll,"6' 0"""
Wes Lug,"5' 11"""
Pauly Mancino,"5' 11"""
Dillon Masters,"6' 3"""
JR Nelson,"5' 9"""
Trenton Neuer,"6' 0"""
Kolby Pascarelli,"6' 3"""
Tyler Peck,"6' 2"""
Landon Price,"5' 9"""
Blake Reed,"6' 1"""
Julian Robertson,"6' 6"""
Dylan Shepherd,"5' 10"""
Ben Slanker,"6' 1"""
Cale Steinbaugh,"5' 10"""
Ethan Stewart,"6' 1"""
Jacob Tate,"6' 6"""
Hunter Winston,"6' 4"""
Jackson Bergman,"6' 6"""
Cole Cahill,"6' 2"""
Andrew Clelland,"6' 6"""
Josh Cote,"6' 2"""
Braden Curry,"6' 3"""
Logan Danzeisen,"6' 2"""
Nolan Fogg,"6' 3"""
Cam Gravelle,"5' 8"""
Kaleb Herbert,"5' 11"""
Matt Hubbard,"6' 3"""
Ryan Hughes,"6' 7"""
Brant Hunt,"6' 0"""
Ryan Kennedy,"6' 5"""
Caden Kline,"6' 3"""
Caden Konczak,"5' 9"""
Josh Laisure,"5' 11"""
Nathan Leininger,"6' 5"""
Luke Leto,"6' 3"""
Brandon Lucek,"5' 9"""
Tre Mariano,"6' 6"""
Brennan McCune,"6' 4"""
Tylor Morehouse,"6' 3"""
Brady Sasse,"6' 5"""
Charlie Scholvin,"6' 1"""
RJ Shunck,"6' 7"""
Yianni Skeriotis,"6' 2"""
Troy Sudbrook,"6' 3"""
Jacob Tabor,"6' 4"""
JP Wagner,"6' 2"""
Luke Walton,"6' 0"""
Brayden White,"6' 1"""
Chris Akers,"6' 1"""
Turner Doran,"6' 2"""
Reese Gaber,"6' 2"""
Cole Gebben,"6' 0"""
Jake Gernon,"6' 0"""
Brendan Harrity,"5' 10"""
Aiden Hinds,"6' 0"""
Matt Hoover,"5' 11"""
Cooper Hums,"5' 11"""
Jackson Isaacs,"6' 0"""
Adam Lehmann,"6' 2"""
Tanner Mally,"5' 10"""
Michael Maloney,"5' 10"""
Marwynn Matthews,"5' 10"""
Ty McKinstry,"6' 0"""
Grady Mee,"5' 10"""
Dylan Nevar,"6' 2"""
Connor Ostrander,"5' 11"""
Diego Pena,"6' 2"""
Trevor Raade,"6' 0"""
Lucas Rick,"6' 3"""
Joe Shapiro,"5' 11"""
Avery Thielman,"6' 5"""
DJ Thompson,"5' 11"""
Zach Vriesenga,"6' 6"""
Joey Wizceb,"6' 2"""
Nolan Zajac,"6' 5"""
Evan Adolphus,"6' 3"""
Preston Allen,"6' 2"""
Aren Alvarez,"6' 0"""
Julian Angulo,"6' 3"""
Sebastian Arguelles,"5' 11"""
Beau Betten,"5' 11"""
Andrew Campbell,"6' 0"""
Aaron Ceniceros,"6' 0"""
Tyler Chaffee,"6' 1"""
Anthony Cosme,"6' 0"""
Brent Cota,"6' 1"""
Ruben Del Castillo,"6' 4"""
Dylan Esquival,"6' 3"""
Chris Fields,"6' 3"""
Anthony Gibbons,"5' 9"""
Gage Gonzales,NA
Marco Malerba,"6' 1"""
Johnny Pappas,"5' 10"""
Clay Porter,"5' 11"""
Dominic Porter,NA
Tyler Reiter,"5' 10"""
Joseph Romero,"6' 3"""
Aaron Rosales,"6' 0"""
Jack Sanders,"5' 9"""
Sean Suriyaniel,"6' 2"""
Robbie Treto,"5' 10"""
Colt Tucker,NA
Anthony Vasquez,"6' 1"""
Justin Abercrombie,"5' 10"""
Jared Anderson,"5' 10"""
Emilio Barrera,"6' 1"""
Teige Barrett,NA
Nigel Buckley,"6' 1"""
Brett Castillo,"6' 3"""
Julian Castro,NA
Kaleb Castro,"5' 9"""
Domenik Cervantes,"5' 9"""
Chris Cornelius,"6' 3"""
Dalton Cram,"6' 0"""
Ben Davidson,NA
Trysten Eddy,"6' 3"""
Joel Gaitan,"6' 2"""
Dylan Goodrich,"6' 4"""
Quinn Johnson,"6' 0"""
Noah Karliner,"6' 4"""
Brian Kraft,"6' 4"""
Blake Logan,NA
JJ Nolan,"6' 0"""
Joshua Perez,"6' 0"""
Jacob Pfitzner,"6' 4"""
Ryan Prescott,"6' 3"""
Darren Roberts,"6' 1"""
Derek Ryan,"6' 5"""
Dylan Schumacher,"6' 0"""
Jarrett Segura,"6' 3"""
Alex Sepulveda,"6' 3"""
Dylan Singh,"5' 9"""
Olin Snakenborg,"5' 9"""
Cam Snyder,"5' 10"""
Aiden Taylor,"5' 11"""
Evan Vazquez,"6' 0"""
Peter Werth,"5' 11"""
Trey Winget,"6' 2"""
RJ Aranda,"5' 10"""
Quinn Ayres,"5' 11"""
Nick Balch,"6' 3"""
Sergio Calderon,"6' 1"""
Micah Cervantes,"5' 8"""
Carson Cripe,"6' 0"""
Danelle Daniels,"5' 9"""
Andres De Leon,"5' 11"""
Kyle Dyer,"5' 10"""
Ben Eisenhauer,"6' 0"""
Jackson Ellis,"6' 0"""
Robert Ellwanger,"5' 10"""
Jacob Froess,"5' 11"""
Owen Gallegos,"6' 0"""
Nicholas Goff,"5' 10"""
Max Gonzales,"6' 0"""
Camron Grant,"6' 0"""
Jaylen Hodges,"6' 0"""
William James,"5' 9"""
Ryan Juric,"6' 4"""
Jacob Klinovsky,"6' 2"""
Amayas Lamar,"5' 10"""
Dwyer Lewis,"6' 1"""
Gio Martini,"6' 0"""
Alex Merchant,"6' 0"""
Aidan Morton,"6' 1"""
Stevie Murata,"5' 10"""
Dominick Najar,"6' 0"""
Nate Nordell,"6' 2"""
Steven Palermo,"5' 8"""
Caleb Schaeffer,"6' 3"""
Jake Searles,"5' 10"""
Gabe Tanner,"6' 4"""
Nick Thomson,"5' 10"""
Hunter Timothy,"5' 9"""
Elijah Bobo,"5' 10"""
Kai Butler,"6' 1"""
Cesar Chavez,"6' 0"""
Malik Clayton,"6' 0"""
Anthony Diaz,"5' 10"""
Drew Emmons,"6' 0"""
Moe Escobedo,"6' 3"""
Jack Esguerra,"5' 10"""
Javy Espinoza,"5' 8"""
Patrick Garcia,"6' 5"""
Atticus Gonzalez,"6' 0"""
Ethan Gonzalez,"6' 0"""
Brandon Gutierrez,"5' 11"""
Alejandro Huezo,"6' 1"""
Ben Lee,"5' 10"""
Anthony Lopez,"6' 2"""
Jonathan Manuel,"6' 1"""
Steven Mara,"6' 2"""
Isaiah Marquez,"5' 11"""
Joel Martinez,"6' 3"""
Alejandro Morales,"5' 11"""
Gilbert Morales,"6' 0"""
AJ Moreno,"6' 3"""
Brayan Nunez,"5' 9"""
Jace Paderez,"6' 3"""
Carson Panarisi,"6' 4"""
Kai Penuelas,"6' 2"""
Drew Porter,"6' 0"""
Alberto Prado,"5' 10"""
Isaac Quintero,"5' 9"""
Ismael Quintero,"5' 9"""
Jared Robles,"5' 10"""
Will Schwab,"6' 3"""
Kadyn Victorian,"6' 2"""
Lino Zepeda,"6' 2"""
Drew Aguiar,"6' 3"""
Cody Borraggine,"5' 10"""
Breyon Chavez,"5' 11"""
Vince Cicolello,"5' 9"""
Giovanni Costello,"6' 4"""
Jacob Dressler,"5' 11"""
Kevahn Ebron,"6' 4"""
Max Farfan,"6' 2"""
Dom Felice,"5' 10"""
Javier Felix,"6' 2"""
Daniel Flores,"5' 11"""
Jonas Francovich,"6' 0"""
Jimmy Garcia,"6' 0"""
Dylan Gardner,"6' 5"""
Omar Gastelum,"6' 3"""
Kyle Giovannoni,"5' 11"""
Anthony Gniady,"6' 1"""
Kahle Good,"5' 10"""
Casey Hinojosa,"6' 1"""
Ryan Io,"6' 2"""
Andrew Kotin,"6' 2"""
Aidan Lee,"6' 5"""
Andrew Lehmann,"6' 0"""
Nick Maestas,"5' 10"""
Anthony McFarland,"6' 0"""
Mike McKernan,"6' 0"""
Aidan Mowins,"5' 10"""
Cole Murchison,"6' 0"""
Jacob Parks,"6' 4"""
Michael Potter,"6' 4"""
Henry Proger,"6' 0"""
KW Quilici,"6' 4"""
Nate Rohlicek,"6' 2"""
Joey Rossetti,"6' 2"""
Jaden Sheppard,"6' 6"""
Ryan Sleeman,"6' 3"""
Sergio Solis,"6' 0"""
Evan Stauch,"6' 1"""
Mitchell Torres,"6' 2"""
Antoine Valerio,"5' 10"""
Noah Zertuche,"6' 0"""
Eric Aguayo,"6' 0"""
Jesse Alfaro,"6' 1"""
Conner Batzer,"5' 11"""
Noah Betanco,"6' 1"""
Alec Bressler,"6' 3"""
Roberto Bueno,"6' 0"""
Harrison Cordeiro,"6' 1"""
Dom Dominguez,"6' 0"""
Wyatt Doty,"6' 1"""
Jojo Duran,"6' 0"""
Pollo Flores,"5' 11"""
Patrick Fregoso,"5' 11"""
Brian Garcia,"5' 11"""
Jeremy Giesegh,"6' 1"""
Matt Gonzales,"5' 7"""
Wyatt Hall,"6' 1"""
Carter Herrera,"5' 10"""
Adrian Hinojosa,"5' 11"""
Kyle Larsen,"6' 4"""
Gabino Lopez,"6' 0"""
Greg Luna,"5' 11"""
Jacob Mejia,"6' 0"""
Keedan Nadeau,NA
Dylan O'Connor,"5' 11"""
Brenden Pomerleau,"6' 2"""
Riley Ricken,"6' 6"""
Ivan Rodriguez,"5' 10"""
Tank Rodriguez,"6' 3"""
Matt Romero,"5'11"""
Daryl Ruiz,"6' 2"""
Colby Scheuber,"5' 10"""
Jason Shedlock,"6' 1"""
Benji Solano,"6' 1"""
Quinn Stewart,"6' 2"""
Tyler Vanneste,"5' 10"""
Josh VerKuilen,"6' 2"""
Jesiah Zamora,"6' 2"""
Jake Adams,"5' 9"""
Spencer Anderson,"6' 4"""
Angel Barron,"5' 10"""
Trey Becker,"5' 10"""
Jackson Berry,"5' 10"""
Nate Brouse,"5' 8"""
Blake Browning,"5' 11"""
Jake Callahan,"5' 10"""
Victor Castaneda,"5' 7"""
Zach Coleman,"6' 2"""
Trevor Eby,"6' 2"""
Chris Espinoza,"6' 0"""
Conner Gleissner,"6' 0"""
Mateo Lake,"5' 11"""
Nolan Long,"6' 0"""
Cameron Mahaffy,"6' 1"""
Masen McDonnell,"6' 0"""
Isaiah Monge,"6' 2"""
Sammy Murphy,"6' 4"""
Russ Pettis,"5' 10"""
Marco Pirruccello,"6' 0"""
Fisher Pyatt,"6' 0"""
Ethan Rivera,"6' 1"""
Porter Robinson,"6' 1"""
Evan Scalley,"6' 1"""
Trevor Schott,"6' 2"""
Phoenix Sommay,"5' 10"""
Garrett Teunissen,"5' 9"""
Jake Tirk,"6' 0"""
Jordan Townley,"6' 1"""
Hayden Tregidga,"6' 1"""
Dylan Unangst,"6' 3"""
Nico Vallarelli,"6' 0"""
Zavien Watson,"6' 3"""
Tyler Weaver,"5' 11"""
Dylan Adelman,"6' 2"""
Ernie Arambula,"5' 11"""
Michael Baker,"5' 10"""
Patrick Barnum,"5' 10"""
Rocco Borrelli,"6' 2"""
Hunter Boylan,"6' 3"""
Carson Case,"6' 2"""
Phoenix Casias,"6' 2"""
James Courshon,"6' 0"""
Christian Dijkman,"6' 1"""
Jesse Gadd,"6' 3"""
Aiden Garza,"6' 0"""
Sean Head,"6' 1"""
Marco Ibarra,"6' 1"""
Jeremy Keller,"6' 3"""
Troy Kent,"6' 0"""
Korey Likens,"5' 11"""
Joey Loubert,"6' 3"""
Ramon Macias,"6' 1"""
Lorenzo Mariani,"6' 1"""
Aaron McCurley,"6' 1"""
Thade Miller,"5' 7"""
Ayden Nordby,"5' 10"""
Juan Nunez,"6' 1"""
Tyce Ochs,"6' 1"""
Elijah Pascual,"5' 10"""
Sean Pauly,"6' 3"""
Caden Reitzenstein,"6' 0"""
Drake Richardson,"6' 2"""
Ryan Silvers,"6' 3"""
Evan Tomlinson,"6' 4"""
Daniel Vierra,"6' 0"""
Casey Vogan,"6' 2"""
Dillon Wells,"5' 10"""
Lucas White,"6' 5"""
Brady Wright,"5' 8"""
Nicholas Allred,"6' 1"""
Anthony Alvarez,"6' 0"""
Johnny Alvarez,"6' 2"""
Camden Andrews,"5' 11"""
Jude Atley,"6' 1"""
Nick Bacura,"5' 11"""
Scott Bauman,"6' 0"""
Tyler Byrns,"6' 0"""
Nicholas Cook,"5' 11"""
River Diaz De Leon,"5' 10"""
David Eichhorn,"6' 2"""
Stephen Espinoza,"6' 2"""
Ryan Garza,"6' 0"""
Brandon Gatson,"6' 0"""
Lucas Herrera,"6' 0"""
Nicholas Hughes,"6' 0"""
Derek Laferriere,"5' 9"""
Tony Martinez,"5' 11"""
Daniel Murillo,"5' 11"""
Tyler Ohlson,NA
Kyle Olimpia,"6' 1"""
Colby Rafail,"6' 0"""
Fred Ramos,"5' 10"""
Edrian Rangel,"6' 1"""
Aaron Roberts,"6' 3"""
Daniel Santos,"5' 9"""
AJ Schrader,"6' 3"""
Nathan Shinn,"5' 10"""
Andrew Silva,"6' 3"""
Jake Spence,"6' 1"""
Matt Sugden,"6' 0"""
Ian Sullivan,"6' 3"""
Alek Trukki,"6' 1"""
Jackson Wood,NA
Garret Barto,"6' 4"""
Cooper Callison,"5' 10"""
Shane Callison,"5' 10"""
Dominic Cesario,"6' 0"""
Jacob Courtney,"6' 1"""
Tyler Crudo,"6' 1"""
Eli Hancock,"6' 1"""
Mason Hanshaw,"6' 1"""
Aryonis Harrison,"5' 7"""
Marcellus Henry,"6' 0"""
Hawk Hill,"5' 10"""
David Howard,"6' 4"""
Luke Ivanoff,"6' 7"""
Blake Janowicz,"6' 6"""
Hudson LaBarbera,"6' 3"""
Vinny Lencioni,"6' 1"""
Herman Luna,"6' 0"""
Sean Mann,"6' 3"""
Brandon Marion,"5' 10"""
Bryson McArn,"6' 2"""
Evan Merz,"5' 10"""
Jesse Moore,"6' 2"""
Evan Moyer,"5' 9"""
Chris Ortiz,"6' 0"""
Jackson Ouellette,"5' 10"""
Michael Panichi,"5' 11"""
Jake Paul,"5' 11"""
Riley Phelan,"6' 3"""
Jaden Pickowitz,"6' 1"""
Joey Replogle,"5' 10"""
Kobe Rolling,"5' 8"""
Ben Saitz,"6' 1"""
Braden Sellz,"5' 11"""
Max Shabestari,"6' 1"""
Noah Souza,"6' 4"""
Gabriel Tapia,NA
Ryan Tiger,"6' 0"""
Trey Trias,"6' 2"""
Colt Wuelfing,"6' 2"""
Jacob Baker,"5' 11"""
Austin Balentine,"6' 4"""
Caleb Bertoncini,"5' 11"""
Jackson Brooks,"6' 1"""
Noah Chelberg,"6' 0"""
Adam Davies,"6' 2"""
Luke Davies,"6' 2"""
Jace Eberhardt,"5' 11"""
Zach Geiss,"6' 3"""
Jonluke Goldman,"5' 11"""
Greyson Gregory,"6' 2"""
Rocco Gurrola,"6' 0"""
Luke Leonard,"6' 3"""
Ryan Leonesio,"6' 1"""
JD Madrigal,"6' 0"""
LaKeal Morris,"6' 4"""
Danny Murphy,"5' 11"""
Art Navarette,"6' 3"""
Josh Ochoa,"5' 11"""
Quinn Oliver,"6' 4"""
Flavio Perez,"5' 10"""
Kadon Quitno,"5' 10"""
Reid Rasmussen,"6' 3"""
Jacob Reyes,"5' 8"""
Cam Rosen,"6' 4"""
Pierce Sailer,"6' 3"""
Austin Sargent,"6' 3"""
Jared Sawyer,"5' 10"""
Patrick Sweeney,"6' 1"""
Robert Valdivia,"5' 8"""
Tyler Van Dyk,"6' 1"""
Chase Wilson,"6' 1"""
Cooper Winton,"5' 9"""
Zane Adams,"6' 4"""
Bobby Alcock,"6' 5"""
Connor Ball,"6' 1"""
Hagan Banks,"6' 4"""
JT Blackwood,"6' 2"""
Richie Bonomolo,"5' 11"""
Packy Bradley-Cooney,"6' 2"""
Beau Bryans,"6' 0"""
Coulson Buchanan,"5' 10"""
Ahmaad Duff,"5' 7"""
Tyler Fay,"6' 5"""
Aeden Finateri,"6' 0"""
Bryce Fowler,"6' 2"""
Sean Griggs,"6' 2"""
Matthew Heiberger,"6' 3"""
Will Hodo,"6' 3"""
Jack Ketchum,"6' 3"""
Zach Kittrell,"6' 0"""
Justin Lebron,"6' 2"""
Connor Lehman,"6' 2"""
Coleman Mizell,"6' 3"""
Andre Modugno,"6' 5"""
Austin Morris,"6' 4"""
Aidan Moza,"6' 1"""
Braylon Myers,"6' 2"""
Brady Neal,"5' 10"""
Brennen Norton,"5' 9"""
Carson Ozmer,"6' 2"""
Anthony Pesci,"6' 4"""
Will Plattner,"6' 1"""
Riley Quick,"6' 6"""
Tate Robertson,"6' 0"""
Kade Snell,"6' 1"""
Garrett Staton,"6' 0"""
Peyton Steele,"6' 1"""
Jason Torres,"6' 1"""
Ariston Veasey,"6' 1"""
JoJo Williamson,"5' 8"""
Jon Young,"6' 1"""
Kuhio Aloy,"6' 1"""
Wehiwa Aloy,"6' 2"""
Michael Anderson,"6' 3"""
Zane Becker,"5' 11"""
Landon Beidelschies,"6' 3"""
Carson Boles,"5' 11"""
Ben Bybee,"6' 6"""
Dylan Carter,"6' 2"""
Parker Coil,"6' 3"""
Charles Davalan,"5' 9"""
Hunter Dietz,"6' 6"""
Kendall Diggs,"6' 0"""
Steele Eaves,"6' 0"""
Colin Fisher,"6' 3"""
Christian Foutch,"6' 3"""
Gabe Fraser,"6' 2"""
Gabe Gaeckle,"6' 0"""
Cole Gibler,"6' 2"""
Ryder Helfrick,"6' 1"""
Brent Iredale,"6' 3"""
Aiden Jimenez,"6' 3"""
Cam Kozeal,"5' 10"""
Logan Maxwell,"5' 10"""
Will McEntire,"6' 4"""
Tate McGuire,"6' 3"""
Rocco Peppi,"5' 10"""
Reese Robinett,"6' 3"""
Nolan Souza,"6' 3"""
Justin Thomas,"5' 11"""
Carson Wiggins,"6' 5"""
Gage Wood,"6' 0"""
Andreas Alvarez,"5' 10"""
John Armstrong,"6' 0"""
Cade Belyeu,"6' 3"""
Parker Carlson,"6' 2"""
Bristol Carter,"5' 11"""
Abe Chancellor,"6' 3"""
Christian Chatterton,"6' 0"""
Andrew Dutton,"5' 8"""
Samuel Dutton,"5' 11"""
Cole Edwards,"6' 4"""
Deric Fabian,"6' 3"""
Cade Fisher,"6' 3"""
Chase Fralick,"6' 2"""
Griffin Graves,"5' 10"""
Eric Guevara,"5' 11"""
Ryan Hetzler,"5' 11"""
Ike Irish,"6' 2"""
Jett Johnston,"6' 1"""
Addison Klepsch,"5' 10"""
Mason Koch,"6' 1"""
Cooper McMurray,"6' 4"""
Hayden Murphy,"6' 4"""
Carson Myers,"6' 3"""
Alex Petrovic,"6' 4"""
Chris Rembert,"6' 0"""
Saxon Roberts,"6' 4"""
Jackson Sanders,"6' 3"""
Ben Schorr,"6' 1"""
Eric Snow,"5' 8"""
Lucas Steele,"5' 11"""
Cale Stricklin,"5' 10"""
Bub Terrell,"6' 3"""
Cam Tilly,"6' 2"""
Dylan Watts,"6' 2"""
Jackson Barberi,"6' 4"""
Billy Barlow,"6' 2"""
McCall Biemiller,"6' 2"""
Bobby Boser,"6' 1"""
Blake Brookins,"6' 6"""
Jake Clemente,"6' 3"""
Jacob Comberg,NA
Pierce Coppola,"6' 8"""
Blake Cyr,"5' 11"""
Brody Donay,"6' 5"""
Ty Evans,"6' 2"""
Luke Heyman,"6' 4"""
Niko Janssens,"6' 4"""
Matthew Jenkins,"6' 6"""
Kyle Jones,"6' 3"""
Aidan King,"6' 2"""
Cade Kurland,"5' 11"""
Brendan Lawson,"6' 3"""
Caden McDonald,"6' 3"""
Luke McNeillie,"6' 3"""
Frank Menendez,"6' 1"""
Carson Montsdeoca,"6' 3"""
Justin Nadeau,"6' 0"""
Felix Ong,"6' 4"""
Liam Peterson,"6' 5"""
Alex Philpott,"6' 6"""
Christian Rodriguez,"6' 0"""
Blaine Rowland,"6' 3"""
Colby Shelton,"6' 0"""
Landon Stripling,"6' 0"""
Ashton Wilson,"6' 0"""
Hayden Yost,"6' 1"""
Christian Adams,"6' 2"""
Slate Alford,"6' 3"""
Ryan Black,"6' 1"""
Kolby Branch,"5' 11"""
Cade Brown,"6' 2"""
Zach Brown,"6' 5"""
Robbie Burnett,"5' 10"""
Justin Byrd,"6' 2"""
Collin Caldwell,"5' 11"""
Davis Chastain,"5' 11"""
Bryce Clavon,"6' 0"""
Brian Curley,"5' 10"""
Alton Davis,"6' 5"""
Paul Farley,"6' 1"""
Leighton Finley,"6' 5"""
Charlie Goldstein,"6' 1"""
Eric Hammond,"6' 4"""
Zach Harris,"6' 1"""
Matthew Hoskins,"6' 2"""
Brennan Hudson,"6' 2"""
Henry Hunter,"6' 2"""
Daniel Jackson,"6' 6"""
Trey King,"6' 2"""
Wyatt Land,"6' 3"""
Nolan McCarthy,"6' 0"""
Tyler McLoughlin,"6' 3"""
Lucas Morici,"6' 5"""
Devin Obee,"6' 2"""
Erik Parker,"6' 3"""
Tre Phelps,"6' 2"""
JT Quinn,"6' 6"""
DJ Radtke,"6' 3"""
Kolten Smith,"6' 3"""
Jordan Stephens,"6' 4"""
Nate Taylor,"6' 2"""
Ryland Zaborowski,"6' 5"""
Brian Zeldin,"5' 11"""
Nile Adcock,"6' 2"""
Tyler Bell,"6' 1"""
Hudson Brown,"6' 6"""
Devin Burkes,"6' 3"""
Evan Byers,"5' 11"""
Griffin Cameron,"6' 1"""
Ben Cleaver,"6' 3"""
Bradley Ferrell,"6' 3"""
Kyuss Gargett,"6' 1"""
Simon Gregersen,"6' 3"""
Logan Grubb,"6' 0"""
Cole Hage,"6' 3"""
Carson Hansen,"6' 2"""
Leighton Harris,"6' 3"""
Nate Harris,"6' 4"""
Cole Hentschel,"5' 9"""
Patrick Herrera,"6' 2"""
Ethan Hindle,"6' 1"""
Robert Hogan,"6' 0"""
Tristan Hunter,"6' 2"""
Dylan Koontz,"6' 0"""
Luke Lawrence,"6' 0"""
Will Marcy,"6' 3"""
Nic McCay,"6' 0"""
James McCoy,"6' 4"""
Shaun Montoya,"6' 0"""
Jackson Nove,"6' 5"""
Raphael Pelletier,"6' 0"""
Scott Rouse,"6' 0"""
Ryan Schwartz,"6' 4"""
Tommy Skelding,"6' 3"""
Hayden Smith,"6' 2"""
Zak Spurrier,"6' 2"""
Kade Anderson,"6' 2"""
Cade Arrambide,"6' 3"""
Dalton Beck,"6' 2"""
Connor Benge,"6' 0"""
Michael Braswell,"6' 2"""
Ryan Costello,"6' 3"""
Zac Cowan,"5' 11"""
Derek Curiel,"6' 2"""
Daniel Dickinson,"6' 0"""
Chandler Dorsey,"6' 4"""
Casan Evans,"6' 2"""
Anthony Eyanson,"6' 2"""
Grant Fontenot,"6' 3"""
Ethan Frey,"6' 6"""
Luis Hernandez,"6' 1"""
David Hogg,"6' 2"""
Jared Jones,"6' 4"""
Ashton Larson,"6' 2"""
Jacob Mayers,"6' 5"""
Steven Milam,"5' 8"""
Jaden Noot,"6' 4"""
Mic Paul,"5' 10"""
John Pearson,"6' 0"""
Josh Pearson,"5' 10"""
Blaise Priester,"6' 1"""
D.J. Primeaux,"5' 10"""
Tanner Reaves,"6' 1"""
Mavrick Rizy,"6' 9"""
Mikey Ryan,"6' 0"""
William Schmidt,"6' 4"""
Chase Shores,"6' 8"""
Chris Stanfield,"6' 2"""
Conner Ware,"6' 4"""
Cooper Williams,"5'11"""
Kade Woods,"6' 3"""
Gavin Black,"6' 0"""
Lukas Buckner,"5' 9"""
Dane Burns,"6' 5"""
Bryce Chance,"5' 10"""
Nate Chester,"6' 2"""
Dylan Cupp,"6' 1"""
Landis Davila,"6' 3"""
Ben Davis,"6' 3"""
Luke Dotson,"6' 4"""
Aaron Downs,"6' 0"""
Robert Fortenberry,"6' 0"""
Charlie Foster,"6' 3"""
Gehrig Frei,"6' 1"""
Mikhai Grant,"6' 3"""
Ross Highfill,"6' 0"""
Hunter Hines,"6' 3"""
Chase Hungate,"6' 1"""
Pico Kohn,"6' 4"""
Karson Ligon,"6' 1"""
Kevin Mannell,"6' 4"""
Ryan McPherson,"6' 3"""
Michael O'Brien,"6' 1"""
Cade O'Leary,"6' 4"""
Jackson Owen,"5' 10"""
Joe Powell,"5' 10"""
Jacob Pruitt,"6' 1"""
Ethan Pulliam,"6' 2"""
Ace Reese,"6' 3"""
Sawyer Reeves,"6' 3"""
Gatlin Sanders,"5' 11"""
JT Schnoor,"6' 4"""
Evan Siary,"6' 1"""
Stone Simmons,"6' 4"""
Steven Spalitta,"5' 11"""
Reed Stallman,"6' 3"""
Nolan Stevens,"6' 4"""
Duke Stone,"6' 5"""
Noah Sullivan,"6' 1"""
Nate Williams,"6' 3"""
Peyton Basler,"6' 0"""
Cameron Benson,"6' 3"""
Trey Callaway,"6' 1"""
Victor Christal,"6' 0"""
Jeric Curtis,"6' 0"""
Brock Daniels,"6' 1"""
Kadden Drew,"6' 2"""
Isaiah Frost,"5' 10"""
Gehrig Goldbeck,"6' 1"""
PJ Green,"6' 2"""
Jedier Hernandez,"6' 0"""
Sam Horn,"6' 4"""
Kaden Jacobi,"6' 3"""
Brady Kehlenbrink,"6' 2"""
Josh Kirchhoff,"6' 3"""
Keegan Knutson,"5' 10"""
Trey Lawrence,"6' 3"""
Wil Libbert,"6' 1"""
Ian Lohse,"6' 0"""
Xavier Lovett,"6' 0"""
Jackson Lovich,"6' 4"""
Brock Lucas,"6' 3"""
Tyler Macon,"5' 11"""
Aden Malpass,"6' 0"""
Seth McCartney,"6' 0"""
Josh McDevitt,"6' 2"""
Jaylen Merchant,"6' 0"""
Tony Neubeck,"6' 2"""
Cayden Nicoletto,"6' 0"""
Chris Patterson,"6' 3"""
Kaden Peer,"6' 2"""
Brady Picarelli,"6' 2"""
Pierre Seals,"6' 0"""
Mateo Serna,"6' 0"""
Blake Simpson,"6' 2"""
Nic Smith,"6' 3"""
James Vaughn,"6' 5"""
Daniel Wissler,"6' 2"""
Jaden Barfield,"5' 10"""
Jason Bodin,"6' 3"""
Kyle Branch,"6' 0"""
Brandon Cain,"6' 0"""
Easton Carmichael,"6' 1"""
Michael Catalano,"6' 0"""
Sam Christiansen,"6' 1"""
Dylan Crooks,"6' 1"""
Cade Crossland,"6' 2"""
Drew Dickerson,"6' 4"""
Trey Gambill,"5' 11"""
Jacob Gholston,"6' 6"""
Mason Hamlin,"6' 2"""
Dasan Harris,"6' 0"""
Reid Hensley,"6' 0"""
Jamie Hitt,"6' 0"""
Christian Hoffman,"6' 3"""
Brayden Horton,"5' 11"""
Cam Johnson,"5'11"""
Gavyn Jones,"6' 1"""
Jackson Kircher,"6' 3"""
Scott Mudler,"6' 2"""
Beau Sampson,"6' 6"""
Dayton Tockey,"6' 2"""
Landon Victorian,"6' 3"""
Jason Walk,"5' 10"""
Dawson Willis,"6' 4"""
Jaxon Willits,"6' 0"""
Kyson Witherspoon,"6' 2"""
Malachi Witherspoon,"6' 3"""
Hudson Calhoun,"6' 4"""
Alex Canney,"6' 1"""
Luke Cheng,"6' 0"""
Connor Chisolm,"5' 10"""
Gunnar Dennis,"6' 3"""
Hunter Elliott,"6' 3"""
Austin Fawley,"6' 1"""
Hayden Federico,"5' 10"""
Will Furniss,"6' 4"""
Patrick Galle,"6' 2"""
Owen Hancock,"6' 5"""
Walker Hooks,"6' 4"""
Isaac Humphrey,"6' 2"""
Cooper Johnson,"6' 5"""
Brayden Jones,"6' 0"""
Cole Ketchum,"6' 1"""
Riley Maddox,"6' 1"""
Will McCausland,"6' 0"""
Jackson Miller,"5'11"""
Ryan Moerman,"6' 0"""
Mason Morris,"5'11"""
Mason Nichols,"6' 5"""
Owen Paino,"6' 2"""
Taylor Rabe,"6' 5"""
Brayden Randle,"5' 9"""
Collin Reuter,"6' 2"""
Ryne Rodriguez,"6' 2"""
Mitchell Sanford,"6' 2"""
Campbell Smithwick,"6' 0"""
Connor Spencer,"6' 2"""
Ethan Surowiec,"6' 1"""
Sam Tookoian,"6' 5"""
Cade Townsend,"6' 1"""
Judd Utermark,"6' 5"""
Landon Waters,"6' 1"""
Ryan Bakes,"5' 10"""
Matthew Becker,"6' 3"""
Gavin Braland,"6' 3"""
Jordan Carrion,"6' 1"""
Ashton Crowther,"6' 3"""
Dylan Eskew,"6' 3"""
Jarvis Evans,"6' 4"""
Ryder Garino,"6' 5"""
Cayden Gaskin,"5' 10"""
Nathan Hall,"5'11"""
Beau Hollins,"6' 4"""
Blake Jackson,"6' 0"""
Caleb Jones,"6' 3"""
Kennedy Jones,"6' 1"""
Henry Kaczmar,"5' 10"""
Max Kaufer,"6' 0"""
Roman Kimball,"5' 11"""
Talmadge LeCroy,"6' 2"""
Parker Marlatt,"5' 11"""
Dalton Mashore,"5' 10"""
Jake McCoy,"5'11"""
Nolan Nawrocki,"6' 1"""
Aydin Palmer,"6' 3"""
Cooper Parks,"6' 2"""
Ethan Petry,"6' 4"""
Tyler Pitzer,"6' 2"""
Zach Russell,"6' 1"""
KJ Scobey,"6' 2"""
Jackson Soucie,"6' 4"""
Brandon Stone,"6' 6"""
Evan Stone,"6' 0"""
Brendan Sweeney,"6' 6"""
Will Tippett,"6' 1"""
Jase Woita,"6' 3"""
Jay Abernathy,"5' 10"""
Nic Abraham,"6' 5"""
Ariel Antigua,"5' 8"""
Brandon Arvidson,"6' 5"""
Colby Backus,"6' 4"""
Dalton Bargo,"6' 1"""
Andrew Behnke,"5' 10"""
Austin Breedlove,"6' 3"""
Reese Chapman,"6' 1"""
Levi Clark,"6' 1"""
Ryan Combs,"6' 3"""
Thomas Crabtree,"6' 4"""
Dean Curley,"6' 3"""
Liam Doyle,"6' 2"""
Hunter Ensley,"6' 1"""
Andrew Fischer,"6' 1"""
Tanner Franklin,"6' 5"""
Blake Grimmer,"6' 3"""
Hunter High,"6' 0"""
Austin Hunley,"6' 3"""
Gavin Kilen,"5' 11"""
Brayden Krenzel,"6' 3"""
Tegan Kuhns,"6' 3"""
Stone Lawless,"6' 2"""
Dylan Loy,"6' 0"""
Manny Marin,"6' 1"""
Brayden May,"5' 11"""
Chris Newstrom,"6' 2"""
Luke Payne,"6' 4"""
Cannon Peebles,"5' 11"""
Marcus Phillips,"6' 4"""
AJ Russell,"6' 6"""
Michael Sharman,"6' 1"""
Brayden Sharp,"6' 2"""
Nate Snead,"6' 2"""
Bryson Thacker,"6' 2"""
Tanner Wiggins,"6' 2"""
Ty Baker,"6' 4"""
Matt Bergevin,"6' 4"""
Blake Binderup,"6' 6"""
Jackson Brasseux,"6' 1"""
Hayden Crites,"6' 0"""
Grant Cunningham,"6' 3"""
Sam Erickson,"6' 1"""
Sawyer Farr,"6' 5"""
Clayton Freshcorn,"6' 0"""
Jacob Galloway,"5' 10"""
Jamal George,"5' 11"""
Gavin Grahovac,"6' 2"""
Bear Harrison,"6' 3"""
Wyatt Henseler,"6' 1"""
Luke Jackson,"6' 2"""
Gavin Kash,"6' 3"""
Kaeden Kent,"6' 2"""
Terrence Kiel,"6' 0"""
Justin Lamkin,"6' 4"""
Jace LaViolette,"6' 6"""
Blayne Lyne,"6' 6"""
Gavin Lyons,"6' 3"""
Caden McCoy,"6' 3"""
Isaac Morton,"6' 3"""
Weston Moss,"6' 4"""
Myles Patton,"6' 3"""
Ryan Prager,"6' 3"""
Ben Royo,"6' 2"""
Brad Rudis,"6' 0"""
Hayden Schott,"6' 2"""
Aiden Sims,"6' 1"""
Peyton Smith,"6' 4"""
Caden Sorrell,"6' 3"""
Josh Stewart,"6' 2"""
Nathan Tobin,"5' 11"""
Kaiden Wilson,"6' 2"""
Max Belyeu,"6' 2"""
Kade Bing,"6' 1"""
Casey Borba,"6' 1"""
Thomas Burns,"6' 3"""
Cole Chamberlain,"6' 2"""
Andre Duplantier,"6' 2"""
Jayden Duplantier,"6' 1"""
Tommy Farmer,"6' 3"""
Jalin Flores,"6' 2"""
Jason Flores,"6' 2"""
Rylan Galvan,"6' 0"""
Will Gasparino,"6' 6"""
Max Grubbs,"6' 1"""
Hudson Hamilton,"6' 1"""
Luke Harrison,"6' 2"""
Cody Howard,"6' 1"""
Connor McCreery,"6' 6"""
Ethan Mendoza,"5' 10"""
Will Mercer,"6' 1"""
Aiden Moffett,"6' 3"""
Bryce Navarre,"6' 1"""
Drew Rerick,"6' 5"""
Ruger Riojas,"6' 1"""
Grayson Saunier,"6' 4"""
Kimble Schuessler,"6' 2"""
Matthew Scott,"6' 4"""
Oliver Service,"6' 0"""
Jared Spencer,"6' 3"""
Jaquae Stewart,"5' 10"""
Dylan Volantis,"6' 6"""
Jonah Williams,"6' 3"""
Easton Winfield,"6' 0"""
RJ Austin,"5' 11"""
Colin Barczi,"6' 3"""
Hudson Barton,"6' 3"""
Cody Bowker,"6' 1"""
Tristan Bristow,"6' 2"""
England Bryan,"6' 1"""
Jayden Davis,"5' 10"""
Connor Fennell,"6' 1"""
Ryan Ginther,"5' 11"""
Miller Green,"6' 5"""
Luke Guth,"6' 1"""
RJ Hamilton,"5' 10"""
Sawyer Hawks,"6' 4"""
Braden Holcomb,"6' 5"""
Levi Huesman,"6' 0"""
Jacob Humphrey,"5' 10"""
Brodie Johnston,"6' 2"""
Alex Kranzler,"6' 3"""
Chris Maldonado,"6' 1"""
Mike Mancini,"5' 11"""
Ethan McElvain,"6' 4"""
David Mendez,"5' 11"""
Riley Nelson,"6' 3"""
Austin Nye,"6' 2"""
Aiden O'Connell,"6' 2"""
Tommy O'Rourke,"6' 2"""
Rustan Rigdon,"6' 0"""
JD Rogers,"5' 10"""
Mac Rose,"6' 0"""
Jakob Schulz,"6' 2"""
Brennan Seiber,"6' 6"""
Matthew Shorey,"6' 2"""
JD Thompson,"6' 0"""
Jonathan Vastine,"5' 11"""
Ryker Waite,"5' 10"""
Charlie Atkinson,"6' 5"""
Jake Bennett,"6' 2"""
Adam Berghult,"6' 1"""
Nick Bonn,"6' 1"""
Ryan Borberg,"6' 1"""
Ashton Branson,"5' 11"""
Micah Bucknam,"6' 1"""
Michael Dattalo,"6' 0"""
Avery Duncan,"6' 2"""
James Ellwanger,"6' 4"""
Keaton Grady,"5' 7"""
Cody Grebeck,"5' 7"""
Dillon Haines,"5' 9"""
Luke Heefner,"6' 0"""
Nathan Humphreys,"6' 2"""
Grant Jay,"6' 0"""
Jerrod Jenkins,"6' 3"""
Chayton Krauss,"6' 3"""
Athan Kroll,"6' 4"""
Joey Nerat,"5' 11"""
Mason Peters,"5' 11"""
Luke Pettitte,"6' 2"""
Tom Poole,"6' 2"""
Dylan Schlaegel,"5' 10"""
Tyler Schott,"6' 0"""
Rian Schwede,"6' 2"""
Mason Swinney,"6' 0"""
Zach Todd,"6' 3"""
Ben Tryon,"6' 1"""
Landon Underhill,"6' 0"""
Liam Watt,"6' 3"""
Enrique Alvarez,"6' 3"""
Evan Alwine,"6' 5"""
Derek Bermudez,"5' 9"""
Sebastian Berrios,"5' 9"""
Jaydon Bishop,"6' 0"""
Tracen Cameron,"5' 11"""
Hector Candelas,"6' 0"""
Cole Cleveland,"6' 2"""
Javier Crespo,"6' 0"""
Austin Dearing,"6' 2"""
Tristan Dietrich,"6' 5"""
David Eckaus,"6' 0"""
Samuel Fischer,"6' 2"""
Kishon Frett,"6' 3"""
Bryce Greene,"6' 3"""
Toby Haarer,"6' 0"""
Marc Hersh,"6' 0"""
Ryan Hunter,"5' 11"""
Andrew Ildefonso,"6' 1"""
Kyle Koehler,"6' 2"""
Rene Lastres,"6' 3"""
Easton Marks,"6' 1"""
Kevin Martin,"6' 2"""
Julian Mlodzinski,"6' 3"""
Owen Puk,"6' 5"""
Ryan Reyerson,"6' 3"""
Nelson Rivera,"5' 11"""
Brendan Roney,"5' 10"""
Logan Runde,"6' 1"""
Albert Serrano,"6' 3"""
Imarion Stanberry,"6' 4"""
Shane Tucker,"5' 11"""
Bryce Turner,"6' 7"""
Alex Ulloa,"5' 10"""
Kareh Valentin,"5' 10"""
Adonys Velez,"6' 1"""
Juan Villarreal,"6' 6"""
Logan Voelz,"6' 1"""
Brylan West,"6' 4"""
Jarek Woodward,"6' 3"""
Owen Arndt,"6' 3"""
Grayson Ashe,"6' 0"""
Cooper Blauser,"6' 1"""
Karson Bonaparte,"6' 0"""
Connor Brooks,"6' 0"""
Zander Buchan,"5' 10"""
Trevor Caldwell,"6' 0"""
Fisher Cantrell,"6' 5"""
Matthew Cash,"6' 0"""
Steven Cash,"6' 1"""
Drew Collins,"6' 2"""
Michael Daniel,"6' 2"""
Jaxson Davis,"5'11"""
Brice Deaton,"6' 4"""
Ryan Geraghty,"6' 1"""
Rob Gordon,"6' 1"""
Colton Hegwood,"6' 0"""
Carson Hornung,"6' 3"""
Caleb Johnson,"6' 2"""
Grayson Knight,"6' 4"""
Trey Majette,"6' 2"""
Wade Mann,"6' 1"""
Payton Mansfield,"6' 3"""
Maddox McDougall,"6' 0"""
Cade Miles,"6' 0"""
Jackson Phipps,"6' 4"""
Alex Pipes,"6' 3"""
Rashad Robinson,"5' 10"""
Joe Scarbrough,"6' 3"""
Sam Silas,"6' 0"""
Jackson Sleeper,"6' 7"""
Brody Swindle,"6' 0"""
Brady Thomas,"6' 5"""
Ryan Vermillion,"6' 1"""
Hudson Walburn,"5' 11"""
Ace Williamson,"6' 1"""
James Wilson,"6' 4"""
Gabe Young,"6' 0"""
Jackson Abernathy,"6' 5"""
Wesley Alig,"5' 9"""
Nate Anderson,"5' 8"""
Ty Bayer,"6' 4"""
Corey Berry,"6' 0"""
Jackson Bradfield,"6' 0"""
Jamarie Brooks,"6' 2"""
Kaden Brown,"6' 2"""
Harry Cain,"6' 6"""
Donovan Cash,"6' 0"""
Jackson Chirello,"6' 6"""
Anthony Clavet,"6' 2"""
Chris Cole,"6' 2"""
Payton Doyle,"5' 9"""
Tyler Franks,"6' 5"""
JT Gibson,"6' 4"""
Ryan Gold,"6' 4"""
Halton Hardy,"6' 1"""
Nate Helman,"6' 4"""
Evan Holstein,"6' 2"""
Peter Jezerinac,"6' 1"""
Shamaar McDuffie,"5' 10"""
James McGee,"6' 0"""
Nolan McKinstry,"6' 1"""
Hudson Mimbs,"6' 0"""
Ethan Osada,"6' 7"""
Braden Osbolt,"6' 3"""
Smith Pinson,"6' 8"""
Aaron Posey,"6' 1"""
Daniel Powell,"5'11"""
Agyei Quinichett,"6' 0"""
Ryan Renfroe,"6' 4"""
Bo Rhudy,"6' 4"""
Nolan Sliver,"6' 2"""
Cam Suto,"6' 3"""
Landon Tate,"6' 1"""
Tyler August,"6' 2"""
Nick Barone,"6' 0"""
Ben Blair,"6' 3"""
Charlie Brinkman,"5' 11"""
Seth Christmas,"6' 3"""
Trey Cooper,"6' 0"""
Riley DeCandido,"6' 2"""
Callum Early,"6' 0"""
Jack Frankel,"6' 2"""
Anderson Fulk,"6' 3"""
Michael Gibson,"6' 2"""
Cooper Harrington,"6' 0"""
Bryce Lane,"6' 3"""
Caleb Lingenfelter,"6' 0"""
Tanner Marsh,"5' 10"""
Dylan Mathiesen,"5' 10"""
Josh McCusker,"6' 1"""
Garrett McLaughlin,"5' 10"""
Jack McMullan,"6' 2"""
Tucker Moore,"6' 1"""
Jake Potts,"6' 3"""
Ben Roberts,"6' 4"""
Michael Robertson,"6' 2"""
Landon Scilley,"6' 2"""
John Simmons,"6' 0"""
Jaxon Sorenson,"6' 0"""
Josh Swink,"6' 1"""
Easton Swofford,"5' 10"""
Camden Troyer,"6' 1"""
Joseph Webb,"6' 1"""
Michael Ballard,"6' 0"""
Eli Berch,"5' 11"""
Thaxton Berch,"5' 10"""
Garrison Berkley,"6' 2"""
Colton Coates,"6' 0"""
Grant Comeaux,"6' 1"""
Luke Cooley,"6' 1"""
Nate Crider,"6' 4"""
Bryce Dolby,"6' 5"""
Brody Drost,"6' 3"""
Landon Fontenot,"5' 10"""
Logan Forsythe,"6' 0"""
Ryan Harland,"5' 8"""
Jacob Havern,"6' 6"""
Trey Hawsey,"6' 2"""
Blake Hooks,"6' 0"""
Matt Houston,"6' 2"""
Grant Hubka,"6' 4"""
Noah Magee,"6' 1"""
Sebastian Mexico,"6' 2"""
Connor Nation,"6' 0"""
Slade Netterville,"5' 9"""
Luke Nichols,"6' 2"""
Kade Parker,"6' 2"""
Cade Patterson,"6' 1"""
Brooks Roberson,"6' 4"""
Zeb Ruddell,"6' 0"""
Will Safford,"5' 8"""
Owen Schexnaydre,"6' 5"""
Reid Snider,"6' 2"""
CJ Sturiale,"5' 10"""
Ollie Akens,"6' 1"""
Chandler Alderman,"6' 5"""
Clay Badylak,"6' 0"""
Bryant Beranek,"6' 3"""
Logan Bingham,"6' 7"""
Nathan Brewer,"6' 1"""
Landen Burch,"6' 4"""
Cooper Clapp,"5' 10"""
Matthew Driver,"6' 4"""
Jack Fortner,"6' 0"""
Brady Holloway,"6' 3"""
Drew Horn,"5' 11"""
Ethan Imbimbo,"6' 4"""
Will Jenkins,"5' 10"""
Jaxon Junnila,"6' 2"""
Colin Kerrigan,"6' 6"""
Kenny McKinley,"6' 3"""
Hayden Miller,"5' 11"""
Tyler Minnick,"6' 5"""
Trace Phillips,"6' 3"""
Keaton Ray,"6' 1"""
Brett Rogers,"6' 1"""
Walker Shaw,"6' 6"""
Garrett Sims,"6' 3"""
Eston Snider,"5' 9"""
Jonny Stevens,"6' 1"""
Cole Torbett,"5' 10"""
Cale Vinson,"6' 0"""
Brett Vondohlen,"5' 10"""
Matt Wolfe,"6' 1"""
Ferny Barreda,"6' 0"""
Kade Benavidez,"6' 1"""
Bryce Campbell,"6' 4"""
Cody Carson,"6' 0"""
Jake Carvajal,"6' 2"""
Jonatan Clough,"6' 4"""
Austin Corbett,"5' 10"""
Joey Craig,"6' 2"""
Chris Daniels,"6' 3"""
Jaden Davis,"6' 0"""
Brandon Forrester,"5' 9"""
Tariq Freeny,"6' 2"""
Gianni Horvat,"5' 9"""
Ian Hoslett,"6' 0"""
Cam Kaufman,"6' 1"""
Aidan Lombardi,"6' 1"""
Alejandro Maltos-Garcia,"5' 11"""
Tommy Meluskey,"6' 1"""
Mitch Namie,"6' 2"""
Sheehan O'Connor,"6' 1"""
Cooper Reese,"6' 2"""
Cole Rogers,"5' 9"""
Cade Shumard,"6' 2"""
Colton Sneddon,"6' 3"""
Steve Solorzano,"6' 0"""
Saul Soto,"6' 4"""
Carson Timmons,"6' 1"""
Jack Turner,"6' 1"""
Boston Vest,"5' 11"""
Dylan Weekly,"6' 4"""
Dane Woodcook,"6' 0"""
Hazen Wright,"6' 3"""
Connor Wylde,"6' 7"""
Matthew Yarc,"6' 0"""
Hunter Autrey,"5' 11"""
Garrett Baumann,"6' 0"""
Chris Benavidez,"6' 0"""
Devin Bennett,"6' 2"""
Parker Blackman,"5' 10"""
Blake Brown,"5' 9"""
Brady Christensen,"6' 4"""
Caden Copeland,"6' 2"""
Ethan Coronel,"6' 0"""
Easton Dean,"6' 0"""
Keegan Demmer,"6' 0"""
Cam Diaz,"6' 4"""
Ryan Franden,"6' 0"""
Marshall Hale,"6' 1"""
Tate Hickman,"6' 4"""
Zak Johnson,"6' 0"""
Noah Kendrick,"6' 4"""
Sam Lee,"5' 10"""
Cole Marthiljohni,"6' 2"""
Ty Marthiljohni,"6' 0"""
Jace Martinez,"6' 0"""
Connor Mondey,"6' 2"""
Grant Nottlemann,"5' 8"""
Hudson Pollard,"6' 3"""
Brock Rod,"5' 10"""
Micky Scheetz,"6' 1"""
Felix Schlede,"6' 6"""
Addison Smith,"6' 0"""
Tate Smith,"6' 5"""
Danny Valadez,"6' 2"""
Connor Zaruba,"5' 9"""
Drew Barragan,"6' 0"""
Jack Bennett,"6' 2"""
Henry Brown,"6' 4"""
Dalton Fiveash,"5' 11"""
Dawson Hall,"6' 1"""
Austin Haller,"6' 0"""
Lucas Hartman,"6' 0"""
Kyle Hayes,"6' 1"""
Cole Heath,"6' 3"""
Cal Higgins,"6' 5"""
Reid Howard,"6' 1"""
Kyle Hvidsten,"6' 0"""
Luke Leverton,"6' 1"""
Lucas Litteral,"6' 5"""
Ethan Lizama,"6' 2"""
Zach Lyles,"6' 2"""
Caleb Marmo,"5' 11"""
Thomas Marsala,"6' 3"""
Dominic Monaco,"6' 3"""
Patrick Morris,"6' 2"""
Caleb Niehaus,"6' 1"""
Dylan O'Connell,"5' 10"""
Taylor Penn,"6' 5"""
Gavin Perry,"6' 5"""
Trey Peters,"6' 7"""
Camden Ross,"6' 2"""
Elliott Rossell,"6' 1"""
Joe Siervo,"6' 0"""
Hunter Small,"6' 3"""
Carlos Vasquez,"6' 1"""
Anthony Westbrook,"6' 1"""
Drew Whalen,"6' 1"""
Ryan Wideman,"6' 5"""
Max Winders,"6' 5"""
Luke Wright,"6' 4"""
Zack Allen,"6' 1"""
Felix Arroyo,"6' 0"""
Mason Blocker,"6' 1"""
Jimmy Bruno,"5' 9"""
Mike DaSilva,"6' 2"""
Brandon Delapenha,"6' 3"""
Savi Delgado,"6' 0"""
Aiden Denton,"6' 4"""
Felix Diaz,"5' 11"""
Sean Driscoll,"6' 3"""
Billy Eich,"6' 7"""
Jack Ensell,"6' 3"""
Albert Espinosa,"6' 0"""
Aiden Ewe,"6' 4"""
Daviel Fernandez,"6' 0"""
Malik Foster,"6' 0"""
Zavier Hatfield,"6' 1"""
Dyson Joseph,"6' 0"""
Brady King,"6' 0"""
Daniel Lipka,"5' 11"""
Collin McLaughlin,"5' 9"""
Kevin Mebil,"6' 0"""
Matt Menendez,"6' 2"""
Kendry Noriega,"6' 0"""
Dylan Peck,"5' 11"""
John Perozzi,"6' 3"""
Gavin Pomper,"6' 4"""
Aramis Ramirez,"5' 7"""
Zak Rice,"6' 0"""
Manny Santana,"6' 2"""
Lee-Anthony Santiago,"6' 0"""
Douglas Schapley,"6' 5"""
Nick Toms,"6' 0"""
Anthony Tralongo,"5' 11"""
Murchael Turner,"6' 0"""
Benito Valle-Jhanda,"6' 0"""
Harry Vargas,"6' 3"""
Johnny Vazquez,"6' 1"""
Leo Vazquez,"6' 1"""
Joe Wike,"5' 8"""
Dalton Williams,"6' 6"""
Tyler Altenbaumer,"5' 9"""
Jordan Alzate,"5' 10"""
Joey Bazydlo,"5' 11"""
Christian Cabina,"6' 3"""
Rocco Calise,"6' 3"""
Dearl Edens,"6' 0"""
Dylan Escobar,"5' 7"""
Max Folkman,"5' 11"""
Lane Funneman,"6' 3"""
Ryan Gargett,"6' 2"""
Luis Garrido,"6' 0"""
Kam Gelwick,"5' 10"""
Davian Giles,"6' 3"""
Tripp Haddad,"6' 2"""
Mitch Henneberry,"6' 1"""
Reid Lisle,"6' 2"""
Jack Lizewski,"6' 0"""
Luca Marino,"5' 10"""
Cooper Nelson,"6' 1"""
Nathan Norwood,"6' 4"""
Coltin Pizzio,"5' 9"""
Nick Rainey,"6' 5"""
Nick Romagnola,"6' 3"""
Brady Schumaker,"6' 1"""
Cole Schumaker,"6' 2"""
Zade Stark,"5' 10"""
Sawyer Venditti,"5' 11"""
Carson Womer,"6' 0"""
Timo Aracena,"6' 0"""
Joe Balsam,"6' 0"""
Zack Bennett,"6' 5"""
Jack Beyl,"5' 11"""
Kellen Brown,"6' 0"""
Dylan Bruno,"5' 10"""
Greg Bruno,"6' 0"""
Elias Campbell,"6' 0"""
Brock Chance,"6' 5"""
Drew Clymer,"6' 6"""
Noah Clymer,"6' 3"""
Matthew Coker,"5' 10"""
Tyler Donay,"6' 1"""
Connor Doyle,"5' 10"""
Eric Entrekin,"6' 2"""
Tyler Fritsch,"5' 10"""
Carter Gschwind,"6' 2"""
Tristan Harley,"6' 2"""
Gunnar Harrison,"6' 1"""
Alex Imposimato,"5' 11"""
Max Kops,"6' 2"""
Adam Kuzmicki,"6' 3"""
Richey Lakes,"6' 2"""
Spencer Marinac,"6' 2"""
AJ Marinello,"5' 10"""
Collin Mastromauro,"5' 8"""
Max McClusky,"6' 0"""
Ben McIntire,"6' 2"""
Max Meyer,"6' 0"""
Malachi Peña,"6' 3"""
Keagan Perez,"6' 3"""
Robert Post,"6' 0"""
Nick Rich,"6' 5"""
Trevor Robb,"6' 2"""
Knute Rockey,"6' 2"""
Bailey Russell,"6' 3"""
Brad Salamone,"6' 0"""
Aiken Santana,"6' 0"""
Aiden Schmidt,"5' 9"""
Cooper Schmidt,"5' 9"""
Jon Shields,"6' 3"""
Cole Turner,"6' 1"""
Justin Webster,"6' 5"""
Logan Adams,"6' 3"""
Ty Bradle,"6' 3"""
Ethan Breslin,"6' 4"""
Colby Brewington,"6' 1"""
David Butz,"6' 3"""
Wyatt Campbell,"6' 4"""
Wyatt Clark,"6' 5"""
Adrian Davis,"5' 10"""
Brady Doorey,"5' 10"""
Jack Duffy,"6' 3"""
Cory Filley,"6' 0"""
Ahmad Fitts,"6' 1"""
Jordan Fox,"6' 2"""
Josh Hines,"5' 10"""
Brandon Jung,"6' 2"""
Aidan Kelley,"6' 1"""
Austen Kessler,"6' 4"""
Canyon Marcewicz,"6' 2"""
Chris McKenna,"6' 3"""
Evan Mobley,"6' 0"""
Casey O'Dell,"6' 3"""
Jack Owens,"5' 11"""
Lucas Perez,"5' 9"""
Tanner Quick,"6' 8"""
Noah Rabin,"6' 0"""
Sachem Ramos,"6' 1"""
Jevin Relaford,"5' 10"""
Colby Rice,"6' 0"""
Rohsean Riley,"6' 1"""
BJ Rivera,"6' 1"""
Tanner Rollyson,"6' 1"""
Trey Santana,"6' 2"""
Mikey Scott,"6' 1"""
Cleary Simpson,"6' 0"""
D'Ante Starks,"6' 2"""
Grant Thoroman,"5' 10"""
Rob Tracy,"5' 10"""
Trenten Anderson,"6' 3"""
Josh Beck,"6' 6"""
Jason Blackstone,"5' 8"""
Marshall Burke,"5' 7"""
Noah Burke,"5' 11"""
Brayden DiCerb,"5' 11"""
Dylan Dieguez,"6' 0"""
Tyler Dietz,"6' 2"""
Pedro Figueroa,"6' 3"""
Anthony Fimiano,"6' 0"""
Gabe Garrett,"5' 11"""
BJ Graham,"5' 11"""
Brady Guthrie,"6' 1"""
Jacob Guthrie,"5' 9"""
Carlos Guzman,"5' 11"""
Jaden Hill,"6' 1"""
Preston Houvouras,"6' 1"""
Nicholas Jukovich,"6' 3"""
Brett Kelly,"5' 10"""
Aidan Lenzen,"6' 3"""
Payton McIntosh,"5' 10"""
Sean Means,"6' 4"""
Braden Moon,"6' 4"""
Akhil Nimmala,"6' 3"""
Cole Patrick,"6' 3"""
Joseph Phan,"5' 11"""
Jacob Pino,"5' 10"""
Zach Rodgers,"6' 5"""
Roman Samson,"6' 2"""
Austin Sewell,"6' 4"""
Ridge Skarbek,"5' 8"""
Ryan Spitzer,"6' 0"""
Noah Steckley,"6' 6"""
Ethan Stephens,"5' 10"""
Connor Wiggins,"5' 11"""
Chris Wolf,"6' 1"""
Austin Barnao,"6' 0"""
Seth Bass,"5' 11"""
Cole Beck,"6' 1"""
Sebastian Beimel,"6' 2"""
Brad Benton,"5' 10"""
Juan Carlos Camarena,"6' 0"""
Ahmir Cournier,"6' 1"""
Charlie Devito,"5' 11"""
Ryan DiMaggio,"6' 3"""
Shawn Dougherty,"6' 3"""
Chase Ennis,"6' 5"""
DJ Flowers,"6' 4"""
Cole Fowler,"6' 2"""
Amaris Harrison,"5' 10"""
Justyn Hart,"6' 2"""
Ivan Herrera,"5' 11"""
Ari Isaacson,"5' 10"""
Allan Jorge,"6' 0"""
David Judge,"6' 0"""
Alfonso Lombardi,"6' 3"""
Noah Lucia,"6' 2"""
Blake Mayberry,"6' 1"""
Leon Paulino,"6' 3"""
Nick Petrelli,"6' 0"""
Landon Petrisko,"6' 1"""
Bryce Pratt,"6' 3"""
Jesse Robinson,"6' 3"""
Danny Rogers,"5' 10"""
Hayden See,"5' 9"""
Nate Shane,"6' 4"""
Hunter Shew,"6' 0"""
Devin Sweeney,"6' 4"""
Jared Terefenko,"6' 3"""
Bruce Thornton,"6' 6"""
Mason Tinsley,"6' 6"""
Chase Wills,"5' 9"""
Bryant Zayas,"6' 0"""
Pedro Acosta,"6' 1"""
Edwin Alicea,"6' 6"""
Michael Arnold,"5' 10"""
Richard Benitez,"6' 0"""
Joel Cabrera,"6' 1"""
Ryan Cainzos,"5' 10"""
Chase Campbell,"6' 0"""
Jack Clarke,"5' 11"""
Trevor Corlew,"6' 1"""
Matthew Corpas,"5' 10"""
Jack Cue,"6' 2"""
Jorge De Goti,"6' 1"""
Gabriel Esquivel,"6' 3"""
Keyler Gonzalez,"5' 10"""
JC Hernandez,"6' 1"""
Kyler Heyne,"6' 0"""
Sam Holthaus,"6' 2"""
Anthony Karoly,"6' 0"""
Alexander Llinas,"5' 11"""
Yhirian Marrero,"6' 3"""
Ronny Medina,"5' 10"""
Xavier Moronta,"5' 10"""
Carlos Nolasco,"5' 10"""
Boris Peña,"6' 4"""
Roylan Quevedo,"5' 9"""
Kader Rabagh,"5' 9"""
Nick Rodriguez,"5'11"""
Zeth Rodriguez,"5' 9"""
Anthony Stinson,"6' 1"""
Ty Torti,"6' 0"""
Tyler Venegas,"6' 0"""
Fernando Vila,"6' 1"""
Justin Wachs,"6' 2"""
Federico Zapata,"6' 1"""
Christian Alonso,"5' 10"""
Chris Amparo,"6' 1"""
Luis Azuaje,"5' 10"""
Isaac Beebe,"6' 0"""
Elijah Budiac,"6' 1"""
Jimmie Buhl,"6' 0"""
Giancarlo Chantres,"6' 1"""
Richard Daronco,"6' 3"""
Matthew Faranda,"6' 1"""
Nick Feretic,"6' 1"""
Andrew Fernandez,"5' 10"""
Daniel Foster,"6' 5"""
Ben Green,"5' 8"""
Dane Hall,"6' 6"""
Ray Hawkins,"6' 4"""
Finley Holmes,"6' 1"""
Chip Hoornstra,"6' 4"""
Gavin Ingram,"6' 3"""
Aaron Izquierdo,"6' 0"""
Kody Kelly,"6' 4"""
Derek Langfelder,"6' 2"""
Isaiah Malek,"5' 10"""
Liam Martin,"5' 10"""
Jake McNamara,"5' 11"""
Trey Miranda,"5' 9"""
Jack Mischke,"6' 2"""
Jared Murray,"6' 3"""
Zack Orloff,"6' 2"""
Carter Parent,"5' 11"""
Aidan Pierre,"5' 10"""
A.J. Prendergast,"6' 2"""
Patrick Rakes,"6' 3"""
Santi Scheele,"5' 10"""
Nolan Smoot,"6' 0"""
Steve Trone,"6' 2"""
Aaron Vetter,"5' 11"""
Ethan Beal,"5' 10"""
Nick Berger,"6' 3"""
Edward Berry,"5' 10"""
Austin Biddle,"5' 10"""
Rob Buckley,"6' 0"""
Evan Cornelius,"6' 3"""
Stephen Deans,"6' 0"""
Anthony DeVita,"6' 1"""
Bennett Durkin,"6' 2"""
Jackson Edelman,"6' 0"""
Michael Furry,"6' 0"""
Jack Haynes,"6' 0"""
Connor Hensley,"6' 3"""
Paul Janeczko,"6' 0"""
Connor Mulready,"5' 10"""
Ryan Murphy,"6' 4"""
Robert Ogg,"6' 3"""
David Pereira,"5' 10"""
Dalton Pyzer,"6' 0"""
Angelo Ramirez,"5' 8"""
Douglas Rojas,"5' 11"""
Joey Rubin,"5' 10"""
Jacob Sams,"6' 4"""
AJ Seymour,"6' 0"""
Kyle Singer,"5' 10"""
Chris Sparber,"6' 1"""
Jimmy Thies,"6' 3"""
Nate Tinder,"6' 3"""
Blake Tipmore,"6' 0"""
Tyler Toro,"6' 2"""
Robbie Vitale,NA
Jeslyn Whitehead,"6' 2"""
Mason Wilson,"6' 2"""
Corey Zientek,"6' 1"""
Caleb Adams,"6' 2"""
Kyle Anderson,"6' 2"""
Adam Berry,"6' 2"""
Jake Carillo,"6' 4"""
Grant Carlton,"6' 3"""
Brendan Clarke,"6' 2"""
Ryan Crivello,"5' 10"""
Thomas DeBrower,"6' 2"""
Logan Dichler,"5' 11"""
Wyatt Flack,"6' 3"""
Travis Graves,"5' 10"""
Ryan Jackson,"6' 1"""
Braden Killens,"5' 10"""
Dylan Mass,"6' 0"""
Dylan McDonald,"5' 10"""
Tyler Mecchella,"6' 3"""
Cooper Miles,"6' 0"""
Harrison Miller,"6' 2"""
Roberto Odor,"5' 10"""
Kaiden Perez,"5' 10"""
Peyton Petry,"6' 4"""
Kaelan Racculia,"6' 3"""
Amai Rivera-Martinez,"6' 4"""
Luis Rivero,"6' 1"""
Ryan Robinson,"6' 1"""
Drew Rudsinski,"6' 3"""
Jake Rychter,"6' 1"""
Kyle Scrape,"6' 2"""
Adrian Selles,"5' 11"""
Luis Sostre,"5' 8"""
Drew Stillwell,"6' 7"""
Maddox Sullivan,"6' 1"""
Dawson Turner,"6' 7"""
Eli Vickers,"5' 10"""
Aedan Walter,"6' 2"""
Michael Alfonso,"6' 3"""
Lenny Ashby,"5' 7"""
Carson Caso,"5' 8"""
Jacob Fletcher,"6' 5"""
Matthew Fogel,"6' 2"""
Santiago Garavito,"5' 11"""
Skylar Gonzalez,"6' 2"""
A.J. Graham,"6' 3"""
Jake Griffith,"5' 10"""
Drake Harman,"6' 0"""
Brayden Heidel,"6' 4"""
Jhoander Irigoyen,"6' 1"""
Kevin Karstetter,"6' 3"""
Maddox King,"6' 0"""
Corey Lyle,"6' 2"""
Dennis McCaffery,"6' 1"""
Cole Russo,"6' 2"""
Nico Saladino,"5' 10"""
Robert Satin,"6' 3"""
Ryan Stefiuk,"6' 4"""
Joe Stella,"6' 2"""
Jake Stipp,"6' 2"""
Eli Thurmond,"6' 1"""
Jake Turer,"5' 9"""
J.D. Urso,"6' 1"""
Mike Valdez,"6' 1"""
Edgardo Villegas,"5' 8"""
Logan Wash,"5' 11"""
C.J. Williams,"5' 10"""
Jordan Williams,"5' 11"""
Brayden Woodburn,"6' 0"""
Andrew Armstrong,"6' 3"""
Drew Balestrini,"5' 10"""
Jack Carver,"5' 11"""
Jeremy Cawley,"5' 9"""
Greg Cristino,"6' 2"""
Corey Daniels,"6' 2"""
Brady Ebbert,"6' 1"""
Ryan Flury,"6' 1"""
Scott Gilbert,"6' 1"""
Brock Hammaker,"6' 0"""
Nico Ingalls,"6' 1"""
Ben Jones,"5'11"""
Dansby Keenan,"6' 2"""
Daniel Koppisch,"6' 3"""
Nathan Kress,"6' 3"""
Christian Labarbera,"6' 0"""
Joe Levis,"5' 9"""
Landon Lorson,"5' 11"""
Matthew Marsten,"5' 9"""
Judah Miller,"6' 0"""
Mike Miller,"6' 0"""
Pete Modrovsky,"6' 2"""
Casey O'Brien,"5' 9"""
Travis Peden,"6' 3"""
Kaden Peifer,"6' 0"""
Riley Powers,"6' 0"""
Jacob Reifer,"5' 10"""
Eli Riley,"6' 4"""
James Scott,"5' 11"""
Zach Steen,"6' 2"""
Jeremy Stine,"5' 10"""
Anthony Trommer,"5' 10"""
Nolan Walker,"6' 4"""
Brian Walsh,"5' 11"""
Brandon Wozniak,"6' 1"""
Christian Zito,"6' 0"""
Evan Ables,"6' 5"""
Alex Arrigo,"5' 8"""
Ben Barr,"5' 9"""
Beau Bigam,"6' 1"""
Josh Bryson,"6' 3"""
Conor Carney,"5' 11"""
Caleb Collins,"6' 1"""
Payton Conte,"6' 4"""
Adam Crawford,"6' 2"""
Connor Evans,"6' 6"""
Cole Fleck,"6' 2"""
Coleman Fletcher,"6' 3"""
Peyton Ford,"5' 9"""
Roman Gill,"6' 3"""
Nathan Holmes,"5' 11"""
Ikon Jones,"5' 9"""
Jake Kramer,"6' 3"""
Corey Kuszaj,"5' 10"""
Santino Marra,"5' 11"""
Conner McTighe,"5' 10"""
Nathan Meeks,"6' 0"""
Jason Nuttridge,"5' 11"""
Kyle Rizzo,"5' 6"""
Brandon Robaugh,"5' 10"""
James Salvatori,"6' 0"""
Ryan Sluk,"5' 9"""
Luke Treloar,"6' 2"""
Michael Valente,"6' 0"""
Colin Watson,"6' 5"""
Noah Zadroga,"6' 3"""
Hayden Zaffino,"6' 8"""
Tyler Zallenick,"6' 1"""
Carter Barrett,"6' 0"""
Connor Booth,"6' 1"""
Tyler Boraski,"6' 1"""
Randy Carlo,"6' 2"""
Kaden Clark,"5' 11"""
Caden Contant,"6' 1"""
David DuBray,"5' 8"""
Anthony Duran,"6' 2"""
Jack Edner,"5' 10"""
Max Engel,"6' 2"""
Sam Felner,"6' 3"""
Braden Fetherolf,"6' 3"""
Christian Forgacs,NA
Ryan Gallagher,"5' 11"""
Ethan Giangiulio,"6' 1"""
Tyson Gill,"5' 10"""
Aiden Hartle,"6' 2"""
Brody Hinkle,"6' 1"""
Ryan Hons,"6' 1"""
Jack Hurda,"5' 10"""
Logan Irvin,"6' 2"""
Luke Liptak,"6' 0"""
Doran Mast,"6' 1"""
Robert McCullough,"6' 2"""
Cailin McKnight,"6' 2"""
Ethan McNally,"5' 8"""
Reilly Shafer,"6' 0"""
Tommy Smith,"6' 1"""
Griffin Snyder,"5' 10"""
Austin Winkler,"5' 10"""
Jaxson Wood,"5' 11"""
Easton Albert,"5' 7"""
Jake Albert,"6' 6"""
Chaise Albus,"6' 3"""
Adrian Aleman,"6' 5"""
Jack Bacolo,"6' 2"""
Joel Bonner,"5' 11"""
Peyton Brannock,"6' 1"""
Johansel Brito,"5' 11"""
Aiden Butz,"6' 0"""
Ryan Cavanaugh,"6' 0"""
Joey Crecca,"6' 1"""
Brayden D'Amico,"5' 10"""
Reece D'Amico,"5' 9"""
Troy Davis,"5' 10"""
Ryan Dewees,"6' 5"""
Cole Dymek,"6' 2"""
Parker Frey,"6' 5"""
Andrew Gormley,"6' 0"""
J.J. Hood,"5' 11"""
Cam Hubbard,"5' 11"""
Ben Junker,"5' 10"""
Christian Maccarone,"5' 11"""
Ryan Manning,"6' 4"""
Jaden Newton,"6' 3"""
Greyson Norris,"6' 1"""
Dennis Pierce,"5' 9"""
Connor Reilly,"6' 2"""
Jack Rothenhausler,"6' 0"""
Jackson Rutecki,"6' 1"""
Jalen Soberal,"6' 0"""
Gavin Sopko,"6' 1"""
Francisco Taveras,"5' 11"""
Shanley Wall,"5' 9"""
Ethan Woods,"6' 4"""
Patrick Yoder,"6' 3"""
Walker Zampella,"6' 0"""
Cainen Atherton,"6' 0"""
Logan Ayres,"5' 9"""
Alex Bemis,"5' 11"""
Brady Berdine,"6' 1"""
Blake Bertucci,"6' 1"""
Ryan Bioni,"6' 0"""
Jaret Boyer,"6' 1"""
Jake Boynar,"6' 6"""
Reece Colvin,"5' 9"""
Dom Costello,"6' 3"""
Dylan Crowley,"6' 3"""
Jacob Engel,"6' 5"""
Joey Fazzone,"6' 2"""
Brady Gavula,"6' 5"""
Matt Graeber,"6' 6"""
Nick Harhai,"6' 4"""
Ryan Hood,"6' 5"""
Hayden Jenkins,"6' 2"""
Brendan Koroly,"5' 9"""
Tommy Koroly,"5' 7"""
Frank Kula,"6' 0"""
Gabriel Morales,"5' 10"""
Chris Mullins,"6' 1"""
Logan Oakes,"5' 9"""
Wes Parker,"6' 4"""
Nick Robertson,"6' 2"""
Lance Slater,"5' 10"""
Connor Smith,"6' 2"""
Nolan Smith,"6' 1"""
Ian Soto,"6' 2"""
Drew Stangelo,"5' 10"""
Loghan Strohm,"5' 7"""
Zach Tkatch,"6' 3"""
Hunter Troiano,"5' 9"""
Nick Walker,"6' 0"""
Cam Ward,"6' 1"""
Justin Weaver,"6' 1"""
Ashton Wheelock,"5' 11"""
Carson Whiteman,"6' 5"""
Colton Adams,"6' 3"""
Ricardo Aponte,"5' 8"""
Aidan Barrow-Somers,"5' 10"""
Cayden Bender,"5' 10"""
Jake Black,"6' 1"""
Robert Carfagno,"5' 9"""
Keegan Carr,"5' 10"""
Mateo Cepullio,"5' 10"""
Addison Clymer,"5' 10"""
Cameron Copple,"5' 11"""
Bryce Devan,"6' 0"""
Elijah Dunn,"6' 2"""
Gardner Fravel,"5' 8"""
Luke Goodwin,"6' 0"""
Mitchell Grosch,"5' 8"""
Drew Hildebrand,"5' 10"""
Teague Hoover,"5' 10"""
Mike Huber,"6' 0"""
Jacob Jewett,"6' 2"""
Peyton Johnson,"6' 0"""
Branden Kanick,"5' 10"""
David Kessler,"6' 0"""
Davin Landers,"5' 11"""
Jason Madrak,"6' 2"""
Nathan Mankoski,"5' 10"""
Braydon May,"6' 3"""
Nizeah Mummert,"6' 0"""
Au'sean Owens,"5' 7"""
Camden Rhude,"5' 8"""
Nick Rispoli,"6' 3"""
Sebastian Rosado-Guindin,"6' 3"""
Dane Samartino,"6' 0"""
Casen Sandri,"6' 0"""
Ethan Schimony,"6' 1"""
Eli Shedd,"6' 1"""
Derrick Shields,"5' 10"""
Jimmy Tooley,"6' 0"""
Lucas Whittaker,"6' 0"""
Christan Wilkinson,"6' 3"""
Josh Wolfe,NA
Justin Augustus,"5' 7"""
Cody Barberio,"6' 4"""
Bo Barthol,"5' 8"""
Michael Burns,"6' 2"""
Cam Burr,"5' 9"""
Tyler Cleveland,"5' 11"""
Joe Crist,"6' 2"""
Jeremy Fallon,"6' 1"""
Jared Ferguson,"6' 2"""
Brian Finn,"6' 0"""
Ayden Fitch,"5' 11"""
Eddie Frye,"6' 0"""
Dalton Furst,"6' 0"""
Jimmy Kerley,"6' 1"""
Evan Krippel,"6' 0"""
Paul Moretski,"6' 3"""
Aidan Myers,"5' 9"""
Owen Rector,"5' 10"""
Abel Saft,"6' 4"""
Bryce Schafer,"6' 1"""
Aiden Soumas,"6' 0"""
Zach Tropiano,"5' 7"""
Nick Varda,"5' 11"""
Preston Warne,"5' 10"""
Zack Wertman,"6' 2"""
Drew Wheeler,"5' 10"""
Kannon Zdimal,"6' 3"""
Jake Ambrosio,"5' 11"""
Rylan Bailey,"6' 2"""
Lance Baldensperger,"6' 0"""
Morgan Billotte,"6' 0"""
Brandt Cook,"5' 11"""
Mason Curtier,"6' 0"""
Joseph DeSiena,"5' 11"""
Robert Furino,NA
Cam Gracey,"5' 9"""
Kevin Grenninger,"5' 11"""
Connor Griffin,"6' 0"""
Zach Griffin,"6' 6"""
Andrew Kramer,"6' 0"""
Jason Labrador,"6' 1"""
Will Langdon,"6' 1"""
Matt Lingenfelter,"6' 0"""
Jamie Martoccio,"5' 10"""
Zach McEllroy,"6' 2"""
Keegan McGraw,"6' 0"""
Dylan McKenna,"5' 11"""
Stephen McMillan,"5' 11"""
Brady Myers,"6' 1"""
Ethan Nagy,"6' 3"""
Nick Negola,"5' 10"""
Jaxson Pupo,"5' 10"""
Kaden Rodarmel,"5' 10"""
Tom Rohan,"5' 10"""
Levi Schlesinger,"6' 3"""
Evan Schmelz,"6' 0"""
Will Stambaugh,"6' 2"""
Aiden Starn,"6' 5"""
Garrett Starr,"6' 0"""
Jace Szaflarski,"6' 1"""
Bryce Vincent,"6' 2"""
Nick White,"6' 2"""
Nathan Wise,NA
Caleb Zimmerman,NA
Conner Adams,"5' 7"""
Austin Beauchamp,"6' 0"""
Mike Biuso,NA
Taylor Blevins,"6' 0"""
Alex Bucolo,"5' 10"""
Kahale Burns,"5' 7"""
Jeffrey Coakley,"6' 0"""
Jerry Crispino,"5' 7"""
Garrett Emerick,"6' 1"""
Cael Frame,"6' 1"""
Zack Garrity,NA
Jake Houtz,"6' 2"""
Austin Lewis,"5' 11"""
Mason Pfeil,"6' 0"""
Luke Raho,"5' 8"""
Ryan Sekulski,"6' 3"""
Cole Serfass,"6' 2"""
Quinn Shindler,"6' 2"""
Brett Stewart,"6' 0"""
Shane Stossel,"6' 4"""
Tyler Swineford,NA
Ryan Verbonitz,"5' 10"""
Logan Wells,"6' 0"""
Evan Woznick,"6' 2"""
Garet Blankenbiller,"6' 5"""
Connor Blantz,"6' 0"""
Christian Cerone,"5' 7"""
Troy Chamberlin,"6' 1"""
Tucker Chamberlin,"5' 11"""
Perry Chetney,"6' 2"""
Conor Cook,"6' 2"""
Mike Costello,"6' 1"""
Brady Grimes,"6' 7"""
Luke Helmick,"6' 0"""
Zeb Hufnagle,"6' 2"""
Amani Jones,"6' 1"""
Jimmy Kirk,"6' 2"""
Alex Kuehn,"6' 1"""
Nate Lapp,"6' 0"""
Sammy Laux,"6' 0"""
Gavin Lill,"6' 3"""
Conor McCartney,"5' 11"""
Sam Morris,"6' 0"""
Joe Morrissey,"5' 11"""
Jordan Oliver,"6' 2"""
Marco Pulizzi,"6' 1"""
Evan Rishell,"5' 10"""
Rece Ritchey,"6' 4"""
Donis Rodriguez,"5' 8"""
Jeff Sabater,"5' 10"""
Matt Shamany,"6' 1"""
Xavier Smith,"5' 10"""
Keegan Soltis,"5' 10"""
Hunter Stevens,"6' 1"""
Caleb Sturtevant,"5' 11"""
Bren Taylor,"6' 0"""
Matthew Williams,"6' 5"""
Devon Boyles,"6' 5"""
Nick Calano,"5' 10"""
Antonio Caporossi,"6' 0"""
Aiden Coleman,"5' 11"""
Jacob Cramer,"5' 10"""
Tyler Danko,"6' 1"""
Cam Donaldson,"5' 9"""
Noah Donis,"5' 8"""
Roman Donis,"5' 10"""
Jared Dowey,"5' 11"""
Alex Ebeling,"5' 10"""
Kaden Faychak,"6' 0"""
Logan Ferguson,"5' 7"""
McClain Flinn,"6' 1"""
Zyler Freedman,NA
Nathan Helms,"5' 9"""
Garret Holzapfel,"6' 2"""
Calvin Iseminger,"5' 10"""
Talon Kammermeier,"6' 2"""
Jimmy Kunst,"6' 2"""
Luke Lea,"5' 11"""
Zac LeGars,"6' 0"""
Joey Maun,"5' 11"""
Zach Myers,"5' 11"""
Alex Neidig,"5' 10"""
Brian Pirone,"6' 5"""
Sebastian Ramos,"5' 9"""
Karson Reffner,"6' 0"""
Erik Rhodes,"6' 1"""
Brody Roberts,"5' 11"""
Stephen Rodgers,"5' 8"""
Cole Sansom,"6' 2"""
Seth Shuey,"5' 11"""
Zach Slis,"5' 11"""
Jackson Smetak,"6' 2"""
Aidan Steinbugl,"5' 10"""
Crusen Stover,"5' 9"""
Ben Tomb,"6' 4"""
Justin Turcovski,"5' 11"""
Colin Ahr,"6' 1"""
Mark Black,"5' 11"""
Matthew Blanchard,"6' 2"""
Hayden Boebel,"5' 11"""
Madden Boehm,"5' 10"""
Tony Buttari,"6' 2"""
Cameron Colwell,"5' 11"""
Luke Deschenes,"6' 3"""
Nate Dorinsky,"6' 0"""
Heath Fetchik,"6' 0"""
Joe Fiedor,"6' 0"""
Derek Fravel,"6' 1"""
Matt Frazetta,"6' 3"""
Michael Gregos,"6' 0"""
Jakob Haynes,"6' 3"""
Owen Henne,"6' 3"""
Zach Herb,"5' 10"""
Peter Janoski,"6' 0"""
Ian Korn,"6' 0"""
Brodie Kuzior,"6' 2"""
Max Mandler,"6' 2"""
Owen Mandler,"6' 0"""
Luke McCoy,"6' 2"""
Jon McCullough,"6' 2"""
Brady McGuire,"6' 0"""
Julian Minaya,"6' 1"""
Tate Minich,"5' 11"""
Jack Pletcher,"6' 1"""
Evan Rossi,"6' 3"""
Mark Wechtenhiser,"6' 4"""
Jack Whalen,"5' 10"""
Gage Wheaton,"5'11"""
Austyn Winkleblech,"5' 11"""
Owen Yoder,"5' 10"""
Christian Zilli,"6' 1"""
Colin Ahart,"6' 1"""
Nathaniel Brookshire,"5' 10"""
Cooper Bryan,"6' 3"""
Ethan Burgreen,"6' 2"""
Michael Burnley,"6' 0"""
John Dhima,"6' 3"""
Jake Fix,"5' 9"""
Ethan Ford,NA
Aidan Greaney,"6' 3"""
Mike Guzzardo,"6' 0"""
Thor Hildebrand,"6' 3"""
Ethan Jones,"6' 0"""
Michael Krack,"5' 11"""
Eli Lam,"5' 10"""
Wyatt Lamb,"6' 2"""
Oliver Leonard,"6' 5"""
Brenden Lewis,"5' 8"""
Levi Loughry,"5' 9"""
Wyatt Miles,"5' 11"""
Allen Miller,"6' 5"""
Riley Morgan,"6' 2"""
Bodie Pullen,"6' 2"""
Daniel Quintana,"6' 3"""
Aden Ritenour,"6' 0"""
Nik Rubendall,"6' 2"""
Trevor Sharp,"6' 4"""
Trey Sine,"5' 9"""
Austin Sofran,"5' 10"""
Brayden Stottlemyer,"6' 0"""
Aidan VanVickle,"6' 5"""
Bryce Amos,"6' 5"""
Brenden Anderson,"6' 1"""
Carter Arbuthnot,"6' 0"""
Kyle Ausgotharp,"6' 6"""
Conner Barto,"6' 4"""
Eric Bohenek,"6' 3"""
Drew Brown,"6' 2"""
Gio Calamia,"6' 1"""
Thomas Cano-Piszel,"6' 2"""
Jaxon Dalena,"6' 3"""
Thomas Davenport,"6' 0"""
Jacob Dennis,"6' 3"""
Cameron Goble,"6' 1"""
Mike Heckman,"5' 10"""
Bryce Herb,"6' 1"""
Carter Hinds,"5' 11"""
Franklin Muendel,"6' 3"""
Caleb Newcomer,"5' 10"""
Will Oates,"5' 9"""
Jack Robinson,"6' 2"""
Ty Sherman,"6' 5"""
Evan Shoffler,"5' 10"""
Cole Snyder,"6' 2"""
J.T. Weaver,"6' 0"""
Erby Weller,"6' 3"""
AJ Wenrich,"6' 0"""
Luke Anderton,"5' 10"""
Caelan Bender,"5' 11"""
Brandon Butler,"5' 8"""
Darryn Callahan,"6' 1"""
Tyler Cerame,"5' 9"""
Ethan Edkins,"6' 0"""
Andrew Frye,"6' 3"""
Brett Galcik,"6' 0"""
Gage Gillott,"6' 0"""
Robert Herr,"5' 11"""
Parker Hogge,"6' 4"""
Michael Kitko,"6' 0"""
Hunter Loomis,"6' 0"""
Nate Malak,"6' 3"""
Gino Marra,"5' 8"""
Treston Nemeth,"6' 1"""
Cam Panyko Morris,"6' 2"""
Stone Powell,"6' 3"""
Joe Purcell,"6' 1"""
Jimmy Sadler,"6' 0"""
Zack Streightif,"6' 1"""
Joey Vanzin,"6' 1"""
Kyle Warnsman,"6' 3"""
Clay Wiesen,"5' 8"""
Mark Wilbur,"6' 3"""
Shane Adamski,"5' 11"""
Anthony Boccio,"6' 0"""
Ben Bolhouse,"6' 1"""
Danny Carr,"6' 3"""
Gabe Caso,"5' 10"""
Julian Costa,"6' 1"""
Drew Costello,"6' 2"""
Andrew Dankanich,"5' 7"""
Ryan DeHaven,"6' 3"""
John Dunion,"6' 0"""
Mark Elliott,"5' 10"""
David Ferguson,"6' 6"""
Patrick Gozdan,"5' 9"""
Gannon Kadlecik,"6' 0"""
Kyle Kearns,"6' 1"""
Kyle Lazer,"6' 3"""
Brian Martello,"5' 7"""
Brody Minder,"5' 11"""
Nick Noga,"6' 1"""
Jesse Specter,"5' 10"""
Avery Spencer,"6' 2"""
Austin Stalker,"6' 4"""
Caleb Strawhecker,"6' 0"""
Sean Szestowicki,"5' 9"""
Patrick Taney,"6' 0"""
Darius Troche,"6' 0"""
Casey Vaughan,"6' 3"""
Jake Welsch,"5' 11"""
Evan Wineburg,"5' 11"""
Jason Axelberg,"6' 2"""
Drew Ball,"6' 5"""
Jadon Bast,"6' 0"""
Troy Berg,"5' 9"""
Harry Blum,"6' 7"""
Bryson Bohannon,"5' 8"""
Ryan Clementi,"5' 10"""
Ethan Cole,"6' 2"""
Nate Davis,"6' 4"""
Adam Diedrich,"6' 3"""
Kobe Eikmeier,"6' 0"""
Maddox Foss,"5' 9"""
Cole Goeser,"5' 11"""
Mariano Gomez,"6' 5"""
Reid Hartmann,"6' 3"""
Carter Heinsch,"6' 2"""
J.D. Hennen,"6' 0"""
Will Henry,"6' 3"""
Jack Hines,"6' 2"""
Ethan Hoffman,"6' 2"""
Joe Kolbeck,"6' 0"""
Joshua Koskie,"6' 0"""
Bjorn Lind,"6' 1"""
Jake Lundquist,"5' 10"""
Ashton Michek,"6' 3"""
Caden Oberbroekling,"6' 0"""
Jacob Ornelles,"6' 0"""
Josiah Peterson,"6' 2"""
Ragan Pinnow,"6' 1"""
Cal Schmelzle,"6' 2"""
Sam Siegel,"6' 2"""
Nate Soelter,"5' 11"""
Tom Sun,"6' 1"""
Jack Sutton,"6' 1"""
Kai Taylor,"6' 0"""
Aidan Torpey,"6' 3"""
Joel Van De Stroet,"6' 4"""
Trevor Winterstein,"5' 10"""
Cooper Anderson,"6' 0"""
Jack Barnett,"6' 3"""
Beau Barry,"5' 11"""
Cayden Cincis,"6' 1"""
Devon Cook,"5' 10"""
Ben Corradi,"5' 10"""
Riley Czech,"6' 1"""
Connor Donlin,"6' 0"""
Noah Drusch,"5' 10"""
Nick Ekstrum,"5' 9"""
Zach Evenson,"6' 1"""
Adrian Falcon,"6' 3"""
Jack Feldman,"5' 10"""
Hudson Filippi,"5' 11"""
Matt Filippi,"6' 3"""
Matt Greiner,"5' 10"""
Marcus Haire,"6' 2"""
Josh Haugen,"6' 2"""
Dylan Hedley,"6' 3"""
Derek Hoffman,"6' 2"""
Jack Hoffrogge,"6' 3"""
Hunter Hyden,"6' 1"""
Bret Inman,"5' 8"""
Chris Koscielniak,"5' 11"""
Brandon Lind,"6' 5"""
Chris Lubchuk,"5' 11"""
Lawrence Lubchuk,"5' 10"""
Liam McGrath,"6' 3"""
Cam McRoberts,"6' 3"""
Sawyer Nendick,"6' 0"""
Daniel Pobuda,"6' 2"""
Nolan Reiter,"5' 10"""
Ty Schulte,"6' 2"""
Beau Thoma,"6' 2"""
Will Zellmann,"5' 10"""
Landon Behringer,"6' 0"""
Eric Berg,"6' 2"""
Andrew Boeser,"6' 1"""
Cooper Borchardt,"6' 3"""
Kal Brohmer,"5' 10"""
Leo Bustos,"6' 4"""
Liam Bystol,"6' 2"""
Caden Carsen,"6' 3"""
Sam Cooper,"5'11"""
Korey Dahlberg,"6' 0"""
Blake Eckmann,"6' 0"""
Jack Greenlun,"6' 0"""
Charlie Harms,"6' 3"""
Will Husemann,"6' 3"""
Miles Jensen,"6' 3"""
Kaden Johnson,"6' 0"""
Trett Joles,"5' 10"""
Noah Juliar,"5' 9"""
Tomas Lee,"5' 9"""
Christian Lindow,"5' 10"""
Koby McBroome,"5' 11"""
Bennett McCollow,"5' 10"""
Jeremy McGuigan,"5' 7"""
Jake McNeil,"6' 0"""
Chase McQuade,"5' 10"""
Fritz Meyer,"6' 6"""
Cooper Mollet,"6' 5"""
Eli Nelson,"5' 10"""
Reece Piontek,"6' 3"""
Gavin Rusch,"6' 5"""
Ian Segna,"6' 0"""
Jack Setterlund,"5' 10"""
Ollie Yuhas,"5' 11"""
Colin Anderson,"5' 11"""
Nick Baker,"5'11"""
Jake Berkland,"5' 9"""
Lincoln Berry,"6' 0"""
Aidan Byrne,"6' 1"""
Jaden Case,"5' 10"""
Mack Crowley,"6' 3"""
Nathan Culley,"6' 1"""
Hunter Day,"6' 2"""
Ean DiPasquale,"6' 2"""
Matthew Fleischhacker,"5' 7"""
Jacob Gajic,"5' 10"""
Sam George,"6' 4"""
Mitch Gutknecht,"6' 2"""
Braxton Haggith,"6' 3"""
Ben Irsfeld,"5' 10"""
Brady Jurgella,"6' 0"""
Brady Koeppel,"5' 9"""
Ben Llewellyn,"6' 3"""
Louis Magers,"6' 5"""
Chas Melvin,"6' 0"""
Ike Mezzenga,"6' 1"""
Logan Miller,"5'11"""
Ben Palmer,"6' 3"""
Easton Pratt,"6' 5"""
Cole Ranweiler,"5' 10"""
Jackson Renz,"6' 1"""
Tanner Shumski,"6' 1"""
Ethan Stade,"6' 4"""
Zach Stroh,"6' 1"""
Tanner Thompson,"5' 9"""
Brandon Vlcko,"6' 2"""
Nik Wede,"6' 0"""
Spencer Wright,"6' 2"""
Carsen Barta,"6' 1"""
Aaron Bennett,"6' 3"""
Jaxson Bennett,"6' 3"""
Nate Benning,"6' 2"""
Connor Bushbaum,"5' 11"""
Kayden Camacho,"6' 2"""
Kaylor Chamberlain,"6' 7"""
Joey Connelly,"5' 9"""
Dylan Debilzen,"5' 8"""
Eli Denisen,"6' 0"""
Josh Dykhoff,"6' 2"""
Caden Edwards,"6' 5"""
Sean Felker,"6' 2"""
Jackson Fliflet,"6' 1"""
Nate Grafsgaard,"5' 10"""
Landon Hanson,"6' 0"""
Cole Hebl,"6' 1"""
Jake Jaroszewski,"5' 11"""
Cam Justice,"6' 1"""
Caden Kappes,"5' 11"""
Brock Larsen,"5' 11"""
Grant Lindholm,"6' 0"""
Jacob Mathiason,"6' 1"""
Kodi Miller,"6' 0"""
Kyler Miller,"5' 11"""
Aaron Norland,"5' 9"""
Jonah Norman,"5' 10"""
Kyle Odenbach,"6' 4"""
Isaac Roers,"6' 1"""
Sawyer Satrom,"6' 2"""
Americo Sculati,"6' 2"""
Kobe Senn,"5' 10"""
Jaiden Smith,"5' 10"""
Isaac Telle,"5' 7"""
Aaron Wensloff,"6' 3"""
Danny Wensloff,"6' 1"""
Isaac Wensloff,"6' 1"""
Hayden Anthony,"6' 0"""
Alex Boston,"6' 2"""
Zak Brown,"5' 11"""
Henry Bushey,"6' 0"""
Brayden Buttweiler,"6' 2"""
Blake Eiden,"6' 4"""
Chase Eiden,"6' 3"""
Joey Flom,"5' 11"""
Michael Gabbard,"5' 9"""
Joe Gizzi,"6' 1"""
Thomas Hanson,"6' 0"""
Joe Herrick,"6' 2"""
Caden Klebba,"5' 10"""
Sam Kliber,"6' 0"""
Zach Kuseske,"6' 1"""
Troy Lynch,"6' 2"""
Nathan Maki,"6' 3"""
Alex Minton,"6' 1"""
Connor Nygard,"6' 1"""
Jalen Pascal,"5' 11"""
Kade Peloquin,"5' 10"""
Ethan Pettis,"6' 1"""
Gabe Richardson,"6' 0"""
Nathan Rosenberg,"6' 2"""
Cal Smith,"6' 1"""
Garrett Stauffacher,"6' 3"""
Ethan Swanson,"6' 1"""
Nick Thompson,"5' 10"""
Ryan Wattermann,"6' 2"""
Henry Wilkinson,"6' 4"""
Dylan Wilson,"6' 1"""
Colton Bagshaw,"6' 1"""
Noah Balandran,"6' 1"""
Ian Bauer,"6' 0"""
Hayden Bode,"6' 3"""
Nolan Craddock,"6' 4"""
Josh Czyz,"6' 0"""
Anthony Disantis,"6' 1"""
Gage Eastlick,"6' 2"""
Alex Engel,"6' 0"""
Grant Gabbert,"6' 1"""
Javier Gutierrez,"6' 1"""
Noah Gutierrez,"5' 8"""
Miles Iverson,"5' 11"""
Jack Jahnke,"6' 0"""
Shane Kary,"6' 0"""
Gunnar Kozlowitz,"6' 2"""
Noah Madas,"6' 2"""
Devin Marton,"6' 5"""
Conner Meldrim,"6' 0"""
Kekoa Munos,"5' 11"""
Jake Orthner,"6' 0"""
Oscar Pegg,"6' 1"""
Bryson Reif,"6' 0"""
Brent Riddle,"5' 8"""
Parker Rodgers,"6' 0"""
Ayden Sauerbrei,"6' 0"""
Jack Seibert,"6' 2"""
Griffin Shearon,"6' 0"""
Seungjun Song,"5' 9"""
Cole Talley,"6' 3"""
Jacob Thompson,"6' 3"""
Wyatt Toth,"6' 4"""
Oscar Tucci,"6' 0"""
Jessen West,"5' 9"""
Mike Williamson,"6' 5"""
Blake Ask,"6' 1"""
Nik Bantle,"6' 1"""
Lance Behrens,"6' 0"""
Michael Benevides,"6' 0"""
Drew Benson,"6' 3"""
Palmer Boyd,"6' 1"""
Tyler Boyum,"6' 2"""
Hunter Brown,"5'11"""
Tommy Brown,"6' 3"""
Drew Burkholder,"6' 1"""
Dillon Castellanos,"6' 1"""
Kolby Culbertson,"6' 1"""
Quentin Culbertson,"5' 10"""
Owen Douglas,"5' 11"""
Braden Ebeling,"5' 8"""
Nick Friedges,"6' 1"""
Jake Helleloid,"6' 1"""
Kaleb Hubble,"6' 2"""
Mike Hudson,"6' 0"""
Jordan Hull,"6' 1"""
Kyle Konechne,"6' 1"""
Braxton Kusler,"6' 1"""
Gehrig Larrigan,"6' 0"""
AJ Mendez,"5' 10"""
Christian Mundt,"5' 10"""
Nick Ochoa,"5' 10"""
Carter Ohleen,"5' 11"""
Xander Paar,"5' 9"""
Eddie Peine,"5' 11"""
Easton Rerick,"5' 11"""
Jonah Schmidt,"6' 3"""
Dylan Soulek,"6' 3"""
Josh Steinwandt,"6' 2"""
Luke Stuber,"6' 2"""
Mateo Tahsini,"5' 10"""
Daulton Vanderloo,"5' 10"""
Casey Vining,"6' 1"""
Jack Weidner,"5' 9"""
Phillip Zens,"5' 10"""
Carson Zimmel,"6' 2"""
Blake Ahrenstorff,"6' 2"""
Jake Ammann,"6' 0"""
Reid Barnard,"5' 11"""
Nick Bartels,"5' 7"""
Brady Baur,"6' 1"""
Jonathan Benson,"6' 1"""
Ashton Blomberg,"6' 4"""
Isaac Bonner,"5' 11"""
Johnny Checheris,"6' 2"""
Noah Christenson,"5' 11"""
Jace Coleman,"6' 0"""
Nolan Drossel,"6' 1"""
William Edwards,"6' 3"""
Ryan Gouldin,"5' 11"""
Jaxon Haase,"6' 2"""
Mitch Iliff,"6' 1"""
Dylan Immel,"6' 1"""
Carson Jager,"5' 10"""
Kaleb Klinkhammer,"6' 7"""
Eli Larson,"6' 4"""
Tyler Maeyaert,"6' 0"""
Drew Miller,"6' 3"""
Garrett Oswald,"6' 1"""
Zach Peta,"6' 0"""
Ashton Pick,"6' 3"""
Jake Pruchniak,"6' 0"""
Caden Ransom,"6' 2"""
Myles Rees,"6' 0"""
Jack Richeson,"6' 1"""
Riley Schilling,"6' 3"""
Casey Sehr,"6' 1"""
Ben Serie,"6' 2"""
Dominic Vogel,"6' 2"""
Frank Vogel,"6' 6"""
Owen Weadge,"6' 1"""
Jackson Yeager,"6' 2"""
Cory Bantam,"6' 4"""
Evan Behn,"5' 10"""
Logan Bullock,"6' 0"""
Noah Cekalla,"6' 0"""
Ryan Chmielewski,"5' 10"""
Jared Cortez,"6' 0"""
Jerod Cyrus,"6' 1"""
Austin Dent,"6' 2"""
Shay Endres,"6' 2"""
Cole Frisbie,"5' 8"""
Tyler Froland,"6' 2"""
Caleb Gardow,"5' 9"""
Eli Gibbs,"6' 0"""
Chuck Hackett,"6' 2"""
Henry Hammrich,"6' 0"""
Zach Hoehn,"6' 2"""
Cullen Huppert,"5' 11"""
Levi Iverson,"6' 0"""
Charlie Jacobson,"6' 6"""
Cameron Jensen,"5' 11"""
Bennett Knapper,"6' 4"""
Levi Lampert,"6' 0"""
Carter Lang,"6' 3"""
Owen Latendresse,"6' 2"""
Vinny Mauro,"6' 3"""
Jacob Merrill,"5' 7"""
Brady Petron,"6' 1"""
Carter Petron,"6' 2"""
Jameson Quinn,"6' 3"""
Luke Ruter,"5' 7"""
Nathan Wheeler,"6' 2"""
Cody Wichmann,"5' 10"""
Brock Woitalla,"6' 0"""
Cole Bakkum,"6' 2"""
Austin Baumhover,"6' 0"""
Eric Bello,"6' 0"""
Bryce Brassfield,"6' 4"""
Wilmis Castro,"6' 2"""
Dan Clusiau,"6' 1"""
Connor Doolittle,"6' 1"""
Grayson Fuchs,"6' 0"""
Blaine Guthrie,"6' 1"""
Will Hess,"6' 1"""
Brayden Jacobson,"5' 9"""
Nolan Kahle,"5' 11"""
Kahler Key,"6' 7"""
Taehyung Kim,"6' 0"""
Cael Kolacia,"6' 2"""
Hayden Konkol,"6' 4"""
Ethan Krueger,"6' 2"""
Christian Lessman,"6' 1"""
Drayton Lou,"6' 1"""
Camden Lyke,"6' 3"""
Liam Moreno,"6' 0"""
Ethan Navratil,"6' 4"""
Brady Nelson,"6' 3"""
Jonathan Pribula,"6' 1"""
AJ Price,"5' 11"""
Brody Richardson,"6' 1"""
Reid Tigges,"6' 2"""
Wyatt Tweet,"5' 10"""
Frankie Volkers,"6' 1"""
Wilson Zuck,"5' 11"""
Archer Blumenschine,NA
Jacob Burgess,"5' 11"""
Lucas Burgum,"6' 2"""
Marcus Butts,"6' 1"""
Ryan Chamberlain,"6' 0"""
Rhett Chisholm,"6' 2"""
Chris Compton,"6' 0"""
Blake DeMaria,"5' 11"""
Keegan Drinkle,"6' 2"""
Ryan Facchini,"6' 2"""
Kieran Gaffney,"6' 1"""
Adam Golby,"6' 0"""
Frers Grayson,NA
Hank Griffin,"5' 11"""
Kalem Haney,"5' 11"""
Sam Hayen,"6' 4"""
Noah Hull,"6' 3"""
Aiden Johnson,"6' 6"""
Konnor Kirchoffner,"6' 2"""
Bryce Leafgren,"6' 0"""
Kevin Millar,"6' 8"""
Callum Noonan,"5' 11"""
Krece Papierski,"6' 0"""
Riley Pearce,"6' 2"""
Isaac Pregors,NA
Mikey Ramirez,"6' 0"""
Luke Rhee,"6' 0"""
Carter Shin,"5' 11"""
Jack Thompson,"5'11"""
Jeff Tiw,"6' 2"""
Cru Walker,"5' 10"""
Cullen Wilson,"6' 0"""
Jaxon Zanolli,"6' 3"""
Ben Zehr,"6' 3"""
Clay Beaumont,"6' 0"""
Braden Cannon,"6' 1"""
Brayden Chaney,"6' 0"""
Eli Crnkovich,"5' 11"""
Nate Cunningham,"6' 2"""
Chase Douglas,"5' 10"""
Adam Eggert,"6' 0"""
Clement Febus,"5' 11"""
Taylor Gill,"5' 9"""
Conlin Grady,"6' 0"""
Kyler Hanson,"6' 2"""
Max Heard,"6' 0"""
Connor Hunt,"5' 10"""
Josh Kilzer,"6' 2"""
Brooks Kneifl,"6' 2"""
Jacob Kneifl,"6' 2"""
Keinan Lentell,"6' 2"""
Cam Madsen,"5' 8"""
Quinn McCafferty,"5' 11"""
Keagan McLaughlin,"6' 2"""
Gabe Monosmith,"6' 0"""
Ethan Nguyen,"6' 4"""
Carson Obrecht,"6' 2"""
Tyler Obrecht,"5' 11"""
Casey Prychak,"5' 11"""
Tyson Romero,"6' 4"""
Jackson Shelburne,"6' 5"""
Blake Stanley,"6' 1"""
Noah Strizek,"5' 10"""
Braden Sweet,"6' 1"""
Kadyn Van Hill,"6' 3"""
Kaden Young,"6' 2"""
Easton Arendt,"6' 0"""
Max Aug,"5' 9"""
Mason Beltrand,"6' 5"""
Alex Berreth,"6' 0"""
Payton Beyer,"6' 3"""
Brayden Deering,NA
Joseph Elwell,"6' 8"""
Tyler Flis,"5' 9"""
Cole Fuecker,"6' 2"""
Jack Funke,"6' 2"""
Theo Giedd,"6' 2"""
Pierce Gritzmaker,"6' 3"""
Josh Gullickson,"6' 3"""
Dylan Harer,"6' 1"""
Josh Hatano,"6' 0"""
Klayton Hawkins,"5' 9"""
Joshua Hawksford,"6' 2"""
Ben Hefel,"6' 1"""
George Henkel,"6' 3"""
Garrett Hietpas,"5' 10"""
Sawyer Hoffman,"6' 1"""
Wesley Johnson,"6' 1"""
Boone Kirst,"6' 4"""
Payton Kohnle,"6' 0"""
Jack Langan,"5' 11"""
Peyton Lee,"6' 0"""
Logan LeTourneau,"6' 4"""
Drew Lingen,"6' 2"""
Sean Menzel,"6' 2"""
Cayden Mueller,"6' 2"""
Jess Ondell,"5' 9"""
Ethan Patterson,"6' 0"""
Max Pederson,"5' 10"""
Andrew Regner,"5' 9"""
Dylan Roher,NA
Jaren Schwantz,"6' 0"""
Boyd Skelley,"6' 1"""
Cole Stanchina,"6' 2"""
Max Strecker,NA
Mason Trocke,"6' 0"""
Christian Varsho,"5' 9"""
Nate Vela,"5' 10"""
Adam Wall,"6' 0"""
Ryland Wall,"6' 3"""
Connor Weed,"6' 0"""
Brian Wrenn,"6' 1"""
Kyle Yu,"6' 2"""
Connor Apligian,"6' 1"""
Aidan Arbaugh,"6' 2"""
Joey Barboza,"5' 11"""
Keegan Batka,"6' 2"""
Adam Berghorst,"6' 7"""
Colton Blankstrom,"6' 1"""
Sam Clay,"5' 9"""
Ian Dixon,"6' 1"""
Wyatt Epple,"6' 1"""
Brayden Flanders,"6' 4"""
Conor Gausselin,"6' 2"""
James Geshel,"6' 4"""
Vincent Hardy,"6' 2"""
Mason Hill,"6' 5"""
Zach Hopman,"5' 11"""
Cody Hultink,"6' 0"""
Chase Kemp,"5' 10"""
Darren Kraft,"6' 1"""
Connor Laskey,"5' 10"""
Travis Liford,"6' 1"""
Carson Lindau,"6' 1"""
Parker Neel,"5' 11"""
Dylan Pawenski,"6' 1"""
Xander Reisbig,"6' 3"""
Coltrane Rubner,"6' 0"""
Ivan Salinas,"5' 9"""
Jack Sielatycki,"6' 4"""
Brandon Skorupski,"5' 9"""
Garrett Swan,"5' 11"""
Michael Tchavdarov,"6' 4"""
Logan Todd,"5' 11"""
Austin VanderMarkt,"5' 9"""
Brendan Alvord,"6' 2"""
Nolan Alvord,"5' 10"""
Owen Avery,"6' 2"""
Collin Bradley,"6' 2"""
Jayden Dentler,"6' 0"""
Ryan Dykstra,"6' 0"""
Caleb Estrada,"6' 1"""
Jovi Gill,"6' 3"""
Will Goebel,"6' 2"""
Brendan Guciardo,"6' 0"""
Jonas Gulbrandsen,"6' 3"""
Ethan Houghtaling,"6' 2"""
Colton King,"6' 3"""
Edward Konow,"6' 0"""
Nick Krstich,"6' 1"""
Nolan Laskey,"6' 4"""
Jack LoConte,"5' 11"""
Cole Mason,"5' 9"""
Mike Morawski,"6' 4"""
Evan Morrison,"5' 11"""
John Passinault,"6' 0"""
Colby Phipps,"6' 1"""
Ty Randall,"6' 3"""
Carter Rohman,"6' 3"""
Emmanuel Scott,"6' 0"""
Ryan Stimac,"5' 11"""
Sebastian Talaga,"6' 0"""
Caden Thelen,"6' 0"""
Al Thorington,"5' 9"""
Tanner Tresemer,"5' 11"""
Ayden VanEnkevort,"6' 1"""
Zach Warren,"5' 10"""
Cole Wilhelmi,"6' 4"""
Drake Ballard,"5' 9"""
Ryan Barmes,"5' 11"""
Brayden Barrett,"5' 10"""
Eric Beck,"6' 0"""
Owen Bendis,"5' 11"""
Jacob Chajet,NA
Josh Damian,"5' 11"""
Kam Earley,"5' 10"""
Paul Feret,"5' 11"""
Jake Graniczny,NA
Aiden Green,"6' 4"""
Joey Guiliano,"6' 0"""
Braylon Holland,"5' 11"""
Ethan Imlach,"5' 11"""
Jax Kalemba,"5' 9"""
Ethan Knopf,"6' 4"""
Doug Loden,"6' 1"""
Nick Mangano,"5' 7"""
Bret Matthys,"6' 3"""
Sawyer Meeuwes,"5' 11"""
Blake Newell,"6' 3"""
Jake Nightingale,"6' 2"""
Cole Olson,"6' 0"""
Conor Pangburn,"6' 3"""
Dan Puplava,"6' 1"""
AJ Reid,"6' 2"""
Jermaine Salcedo,"6' 1"""
Tyler Schultz,"6' 0"""
Mitchell Stanton,"6' 3"""
Owen Walkowiak,"6' 5"""
Brady Wall,"6' 1"""
Owen Winters,"6' 2"""
Jorge Zavala,"6' 2"""
Omar Abuelhija,NA
James Berry,NA
Keagan Bobbitt,NA
Nolan Boettcher,NA
Aiden Brushaber,NA
Sebastian Casillas,NA
Connor Collins,NA
Fabian Cruz,NA
Christian Degroot,NA
Kaden Foran,NA
Jake Glickman,NA
AJ Gliwa,NA
Willie Hall,NA
Conrad Heppler,NA
Cole Hofmann,NA
Jack Hoh,NA
Kyle Jannenga,NA
Jack Kieffer,NA
Jason Kosloski,NA
Harrison Kowalski,NA
Griffin Lamarche,NA
Andrew Lucas,NA
Jojo Mack,NA
Kyle Maslan,NA
Gavin Millard,NA
Quinn O'Bryan,NA
Kekoa Ogawa,NA
Trent Ottaviano,NA
Isaic Sanchez,NA
Kevin Schroer,NA
Sam Skirvin,NA
Dimitri Spatharakis,NA
Kellan Turner,NA
Luke Ulbert,NA
William Zalabak,NA
JJ Arbini,"6' 3"""
Brady Baalaer,NA
Jacob Bardwell,NA
Aaron Bess,NA
Brady Carpenter,"6' 1"""
Austin Cicerone,"6' 1"""
Brendan Conkle,"5' 10"""
Drew Cooper,"6' 0"""
Connor Cornwell,"6' 1"""
Jack Decker,"6' 1"""
Steve Getts,"5' 11"""
Ryan Jarvis,"6' 0"""
Casey Joppie,"6' 0"""
Will Juday,"6' 3"""
Ben Kochany,"6' 3"""
Corbin Larkin,"6' 2"""
Nathan Masar,"5' 11"""
Ryan McCartan,NA
Lucas Mead,"6' 3"""
Chase Miller,NA
Chase Raymond,"6' 3"""
Grant Richardson,"6' 0"""
Ethan Rose,"6' 1"""
Ethan Scheib,"5' 8"""
Jake Shelagowski,"6' 3"""
Buck Snabes,"6' 1"""
Henry Stempky,NA
Mitchell Walters,NA
Daniel Wilcome,"6' 2"""
Zane Wilson,NA
Carter Woody,"5' 10"""
Aidan Arbogast,"6' 4"""
Brady Blakita,"5' 9"""
Rocco Cardinale,"6' 2"""
Jacoby Dale,"6' 1"""
Drew Dawson,"6' 3"""
Will DeMasse,"6' 1"""
Ty Garza,"5' 11"""
Ethan Getting,"6' 2"""
Phoenix Guzzi,NA
Tony Hatzigeorgiou,"5' 11"""
Drew Hill,"5' 11"""
Bennett Hitzelberger,"6' 2"""
Miles Jamieson,"6' 4"""
Robert Klann,"6' 4"""
Evan Langlois,"6' 5"""
Braylon Laroo,"5' 10"""
TJ McAllister,"6' 1"""
Mason McGuire,"6' 0"""
Macio Miller,"6' 3"""
Noah Murciano,"6' 3"""
Gavin Nash,"6' 2"""
Gabe Nazelli,"6' 3"""
Oscar Pace,"5' 11"""
Reagan Paulina,"6' 0"""
Coy Plummer,"6' 2"""
Keegan Pulford-Thorpe,"6' 2"""
Carson Tehan,"6' 0"""
Owen Tuccinardi,"6' 2"""
Logan Van Sicklen,"5' 9"""
Zach Warner,"6' 1"""
Gabe Zeldes,"6' 1"""
Jude Allen,"6' 0"""
Aben Beinlich,"5' 11"""
Owen Brock,"5' 10"""
Charlie Campbell,"6' 7"""
Nate Ciemny,"6' 0"""
Maguire Delagrave,"6' 1"""
Austin Drayna,"6' 0"""
Matt Felske,"6' 0"""
Mateo Fuentes,"6' 0"""
Peter Fusek,"6' 0"""
Noah Gerritson,"6' 5"""
Austin Grube,"6' 1"""
Andrew Halser,"6' 0"""
Nathan Hanel,"6' 3"""
William Hyland,"6' 2"""
Camden Kearney,"6' 1"""
Ryan Klukas,"6' 2"""
Allen Leitner,"6' 3"""
Jackson Lindquist,"6' 0"""
Andrew Mack,"6' 0"""
Ryan McGonegle,"5' 9"""
Sam Mommer,"6' 1"""
Jake Petasek,"6' 0"""
Angel Rades,"5' 8"""
Koto Sato,"5' 11"""
Dylan Sayles,"6' 0"""
Ryan Schissler,"6' 1"""
John St. Clair,"5' 11"""
Carter Storti,"6' 0"""
Parker Swanson,"6' 4"""
Isaiah Terrell,"6' 0"""
Nick Tinajero,"6' 2"""
Keegan Waters,"6' 5"""
Josh Wicker,NA
John Wubben,"5' 10"""
Jacob York,"6' 0"""
Tyler Andrews,"6' 1"""
Tristan Arnold,"6' 1"""
Tyler Bickers,"6' 0"""
Parker Bleck,"6' 4"""
Ben Buehring,"6' 3"""
Tyler Deleskiewicz,"6' 5"""
Logan Dobberstein,"6' 6"""
Zach Dohrmann,"6' 3"""
Aric Ehmke,"6' 1"""
Tristan Ellis,"5' 7"""
Aiden Fishnick,"6' 1"""
John Hadley,"6' 3"""
Justin Hausser,"6' 1"""
Caden Headlee,"6' 2"""
Bradyn Horn,"6' 0"""
Keagon Kaufmann,"6' 0"""
DJ Kojis,"6' 3"""
Camden Kuhnke,"6' 3"""
Teige Lethert,"6' 4"""
Charlie Marion,"5' 11"""
Matthew Mueller,"6' 5"""
Eamonn Mulhern,"6' 7"""
Tom Otto,"6' 2"""
Cade Palkowski,"5' 10"""
Riley Peterson,"6' 0"""
Q Phillips,"6' 0"""
Gabe Roessler,"6' 1"""
Tate Schmidt,"6' 0"""
Logan Schulfer,"6' 1"""
Logan Snow,"6' 6"""
Cole Spitzer,"5' 10"""
Mike Sullivan,"6' 2"""
Gavin Theis,"6' 3"""
Mason Weckler,"6' 0"""
Jake Altman,"5' 11"""
Bobby Bartlett,"6' 1"""
Sam Bond,"5' 10"""
Aaron Boster,"6' 3"""
MJ Castaneda,"5' 10"""
Patrick Danforth,"6' 1"""
Logen Devenport,"6' 0"""
Kaden Echeman,"6' 0"""
Carson French,"6' 1"""
Evan Fry,"6' 1"""
Gerald Hanson,"5' 8"""
Braylen Harlamert,"5' 10"""
Marcus Harrison,"6' 2"""
Griffin Howell,"6' 0"""
Peter Krumins,"6' 0"""
Connor Kurki,"6' 2"""
Conner Linn,"6' 3"""
Aaron Massie,"6' 2"""
Gabe Miranda,"6' 3"""
Mark Nowak,"5' 10"""
Shawn Parnell,"5' 10"""
Jake Paulick,"6' 2"""
Ryan Pehrson,"6' 0"""
Braydon Rogers,"6' 1"""
Brennan Rowe,"6' 0"""
Noah Sackenheim,"6' 1"""
Tyler Shaneyfelt,"5' 7"""
Nolan Sparks,"6' 5"""
Jared Teke,"5' 10"""
Logan Wilson,"5'11"""
Cecil Barone,"6' 4"""
Ben Clark,"5' 10"""
Lucas Day,"6' 0"""
Drew DelCollo,"6' 1"""
Ryan Donley,"6' 4"""
Daniel Duley,"6' 5"""
Jaxson Easterlin,"6' 5"""
Brody Fahnestock,NA
Austin Fisher,"6' 5"""
Grant Garman,"6' 0"""
Ethan Glassman,"6' 1"""
Sam Griffith,"5' 10"""
Carter Hain,"6' 3"""
Boston Halloran,"5' 10"""
Ethan Henry,"6' 0"""
Calan Kujawa,"6' 4"""
Andrew Landis,"6' 1"""
John Lauinger,"6' 0"""
Jack Lux,"5' 9"""
Matt McGann,"6' 0"""
Brandon Nigh,"6' 1"""
Aidan Orr,"5' 11"""
Hunter Pidek,"6' 0"""
Liam Pollock,"5' 10"""
Trent Rice,"5' 11"""
Luke Riggs,"5' 11"""
Stephen Ruhle,"6' 5"""
Aidan Schuck,"5' 10"""
Blake Sehlke,"6' 1"""
Gage Smith,"6' 5"""
Taylor Tomlin,"5' 10"""
Ryan Uhlenhake,"6' 2"""
Tanner Ware,"6' 5"""
Sage Adams,"5' 10"""
Carson Caudill,"6' 3"""
Dylan Chargo,"6' 2"""
Joe Chrapliwy,"6' 2"""
Caden Cornett,"6' 5"""
Zane Danielson,"6' 7"""
Dillon Fischer,"6' 5"""
Sam Garland,"6' 0"""
Tyson Greenwood,"6' 2"""
Kevin Hall,"5' 10"""
Drew Helton,"6' 1"""
Nick Hockemeyer,"5' 8"""
Cam Karczewski,"6' 0"""
Ben Kasparie,"5' 11"""
Sean Kasper,"6' 2"""
Mark Luke,"6' 4"""
Garrett Maish,"5' 8"""
Bryce Martens,"6' 0"""
Leo Mcenulty,"6' 3"""
Jackson Micheels,"6' 9"""
Trent Murphy,"6' 4"""
Theo Nagy,"6' 4"""
Cole Newell,"6' 4"""
Carter Orner,"6' 7"""
Justin Osterhouse,"6' 1"""
Aidan Pearson,"6' 0"""
Brooks Sailors,"6' 1"""
Grant Sawa,"5' 11"""
Augusto Schroeder,"5' 11"""
Colton Shirley,"6' 2"""
Rex Stills,"6' 4"""
Gavin Walters,"6' 2"""
Owen Willard,"6' 0"""
Cam Allen,"6' 3"""
Luke Arnold,"6' 3"""
Braylen Blomquist,"6' 0"""
Carson Clark,"5' 9"""
Will Cook,"6' 6"""
Conlan Daniel,"6' 0"""
Caleb Ehling,"6' 1"""
Patrick Fultz,"6' 0"""
Cam Gilkerson,"6' 3"""
Gus Gregory,"5' 10"""
Mychal Grogan,"6' 4"""
Parker Harrison,"6' 1"""
Warren Hartzell,"6' 0"""
Jarrett Heilman,"6' 2"""
Kyle Kesel,"6' 3"""
Chet Lax,"5' 11"""
Nate Manley,"5' 8"""
Griffen Paige,"6' 2"""
Malachi Paplanus,"6' 1"""
JP Peltier,"6' 3"""
Garrett Peters,"6' 0"""
Brayden Schoetzow,"6' 2"""
Nate Shaw,"6' 0"""
Boston Smith,"5' 10"""
Grant Stratton,"6' 2"""
Dane Thomas,"5' 9"""
Parker Thomas,"6' 3"""
J.J. Thompson,"6' 2"""
Joey Valentine,"6' 3"""
Hunter Warren,"6' 0"""
Max Whitesell,"6' 3"""
Noah Williamson,"5' 11"""
Ben Zink,"6' 0"""
Brandin Anderson,"6' 0"""
Nathan Beckley,"6' 0"""
Phil Brennaman,"6' 1"""
Colin Casteel,"6' 4"""
Garrett Cutting,"6' 0"""
Aidan English,"6' 6"""
Kyle Fossum,"6' 3"""
Brayden Foster,"6' 5"""
Thomas Fowler,"6' 4"""
Braden Gebhardt,"6' 2"""
Jacob Gehring,"6' 1"""
Nic Goodwin,"6' 3"""
Caleb Hadley,"6' 2"""
Tyler Heflin,"6' 0"""
Mark Henderson,"6' 4"""
Jack Johnson,"5' 7"""
Nolan Kubilus,"6' 2"""
Brayden Kuriger,"6' 1"""
Brandon McClain-Banks,"5' 10"""
Brandon Mikos,"6' 4"""
Nick Miscavage,"5' 10"""
Harun Pelja,"6' 5"""
Olindo Pezzone,"6' 3"""
Lane Rhodes,"6' 3"""
Mikey Rodriques,"6' 1"""
Tommy Rover,"5' 8"""
Teddy Ruffner,"5' 10"""
Mitchell Seymour,"6' 0"""
Brady Shannon,"6' 2"""
Jed Stange-Tregear,"5' 11"""
JJ Tylicki,"6' 2"""
Sloan Ulrich,"6' 0"""
Gavin Wilms,"6' 3"""
Jay Wrona,"5' 10"""
Yadiel Agosto,"5' 3"""
Will Austin,"5' 9"""
Jordan Batten,"5' 10"""
Jonah Brower,"6' 0"""
Nick Diaz,"5' 10"""
Diego Espada,"6' 2"""
Benny Fiens,NA
James Germosen,"5' 8"""
Jackson Harless,"6' 0"""
Bryce Hunt,"5' 11"""
Angel Martinez,"5' 10"""
Tyson Mickie,"6' 0"""
Anderson Moreno,"5' 11"""
Sebastian Ortega,"5' 9"""
Grayson Peel,"6' 3"""
Daniel Pepke,"6' 2"""
Collin Quandee,NA
Will Ricketts,"5' 11"""
Colton Roberts,"5' 11"""
Kevin Rodriguez,"5' 10"""
Tomás Rodriguez,"6' 3"""
Matthew Roman,"5' 10"""
Caleb Roofe,"5' 8"""
Andrew Scarberry,"6' 0"""
Zach Allen,NA
Luis Angarita,NA
Max Atchison,NA
Max Castro,NA
Ryder Costa,NA
Aiden Eddy,NA
Aaron Forbes,NA
Alex Harper,NA
Jacob Hurley,NA
Kylian Izaguirre,NA
Brian Kendall,NA
Zack Kendall,NA
Eric Kovach,NA
Jared Layfield,NA
Andrew Leginze,NA
Jose Lojo,NA
Aidan McMurdo,NA
Tristan Milik,NA
Richie Preston,NA
Jhayden Raineri,"6' 1"""
Reese Rinna,NA
Hunter Rose,NA
Otho Savage,"6' 2"""
Sam Schmitt,"6' 0"""
Tyson Shumaker,NA
Jacob Stauffer,NA
Conor Thiele,NA
Jackson Thoma,NA
Joe Wintermute,NA
Ein Wolfe,NA
Preston Branzelle,"6' 1"""
Thomas Chandler,"5' 7"""
Noah Darrington,"5' 9"""
Alex Dayle,"5' 10"""
Thomas Ealey,NA
Jaden Guthrie,"5' 10"""
Andrew Jackson,"5' 6"""
Norman Jackson,"5' 8"""
David Johnson,"5' 7"""
Victor Johnson,"5' 9"""
Charles Jones,"5' 10"""
Gene Ligon,"5' 8"""
Josh Mahan,NA
Matthew May,"5' 11"""
TJ McGowan,"6' 0"""
DeCarlos Nora,"5' 8"""
Hector Rivera,"6' 1"""
Ralph Rivera,NA
Erik Romero,"6' 0"""
Marquis Smith,"6' 4"""
Gavin Stevens,"6' 3"""
Jaquan Tucker,"6' 4"""
Julius Turner,"5' 11"""
Jaron Ward,"6' 2"""
Caden Willis-Sagers,"5' 9"""
Ty Allen,"5' 10"""
Blake Barton,"6' 0"""
Cade Batchelor,"6' 1"""
Logan Brock,"6' 1"""
Zane Brown,"6' 4"""
Pete Daniel,"6' 3"""
Charlie Davis,"5' 10"""
Wyatt Fooks,"6' 0"""
Kaden Galason,"6' 0"""
Krish Gandhi,"6' 0"""
Landon Godsey,"6' 0"""
Cade Granzow,"6' 3"""
Caleb Guisewite,"6' 2"""
Ethan Harden,"6' 0"""
Preston Heben,"6' 0"""
Zach Hernandez,"6' 2"""
Michael Lareau,"6' 3"""
Gardner Lawrence,"6' 0"""
Jake Maddox,"6' 5"""
Trey Maeker,"6' 2"""
Owen Marsh,"6' 4"""
Lake Morris,"5' 11"""
Jack Morrissey,"6' 2"""
Andrew Perry,"6' 0"""
Will Pryor,"6' 2"""
Joe Ruzicka,"6' 3"""
Nolan Sergeant,"5' 10"""
Tucker Smith,"5' 11"""
Dean Spoto,"5' 9"""
Mike Sprockett,"5' 10"""
Jake Timbes,"6' 2"""
Jonathon Van Ness,"6' 2"""
Jordan Zuger,"6' 3"""
Dominic Anselmo,"6' 0"""
Bobby Atkinson,"5' 9"""
Mitch Ball,NA
JD Bogart,"6' 2"""
Mason Breidenbach,"6' 3"""
Mikey Brunetti,"5' 10"""
Reece Clapp,"6' 5"""
Beau Durbin,"5' 11"""
Nick Fleckenstein,"5' 8"""
Wes Gingerich,"5' 10"""
Nick Hainline,NA
Ashton Horchem,"5' 10"""
Jackson Horras,"6' 4"""
Nick Hosie,"6' 1"""
Matthew Kitzman,"6' 4"""
Eli Lehrman,"6' 0"""
Cole Luckey,"6' 3"""
Travis Lutz,"6' 4"""
Brayden Marks,"6' 6"""
Timmy O'Brien,NA
Jake Pemble,"6' 0"""
Drew Politte,"6' 0"""
Isaac Sobieszczyk,"6' 3"""
Jack Stellano,NA
Gavin Thompson,"6' 5"""
CJ Trask,"5' 10"""
Kenton Unruh,"6' 1"""
Ethan Bell,"6' 1"""
Owen Byberg,"6' 0"""
Jack Clevidence,NA
Kenton Deverman,"6' 3"""
Andrew Dusablon,"6' 3"""
Drew Fieger,"6' 3"""
Matt Flaherty,"6' 1"""
Elias Hachem,"6' 8"""
Max Hansmann,"6' 1"""
Cole Iantomasi,"6' 1"""
RJ James,NA
Jacob Jarvis,"6' 3"""
Charlie Longmeier,"5' 8"""
Parker MacCauley,"6' 4"""
Drew McConnell,NA
Kevin McCormick,"6' 1"""
Mason McCue,NA
Jake McGhee,"5' 7"""
Cal McGinnis,"5' 11"""
Aaron Nehls,NA
BJ Peart,"6' 4"""
Kevin Reed,NA
Kellen Roberts,"6' 0"""
Ty Rumsey,"5' 11"""
Sam Sandy,NA
Ryan Seddon,NA
Ben Stuart,"6' 3"""
Harrison Taubert,"6' 1"""
Evan Waggoner,"6' 2"""
Kaleb Wilkey,NA
Jack Wills,NA
Michael Addari,"6' 6"""
Brayden Bakes,"5' 9"""
Nolan Barry,"6' 1"""
Leo Berger,"6' 3"""
Tyrelle Chadwick,"6' 4"""
MacCallan Conklin,"6' 1"""
Daniel Contreras,"5' 11"""
Chris Danko,"6' 0"""
Matthew Donnison,"6' 1"""
Jack Finn,"6' 2"""
Kyle Gibson,"5' 11"""
Thomas Harper,"6' 5"""
Cam Hill,"6' 4"""
Joe Husak,"6' 1"""
Karson Kennedy,"5' 10"""
Eric Machej,"6' 2"""
Graham Mastros,"6' 3"""
Lawson Minshew,"6' 0"""
Carter Monke,"6' 2"""
Judah Morris,"6' 3"""
Josh Outlaw,"6' 0"""
Daniel Pacella,"6' 4"""
Anthony Pardo,"6' 2"""
Tanner Perry,"6' 2"""
Shai Robinson,"6' 1"""
Braden Roesch,"6' 2"""
Tresdon Rybarczyk,"5' 10"""
Toby Schriefer,"6' 3"""
Luke Stulga,"6' 3"""
Ryan Weaver,"6' 2"""
Joey Wilmoth,"6' 1"""
Jack Armstrong,"6' 5"""
Jordan Austin,"5' 11"""
Brady Banker,"5' 11"""
Carter Beck,"5' 11"""
Miguel Cantu,"6' 1"""
Jorge Cartagena,"6' 0"""
Cole Chace,"6' 2"""
John Curl,"6' 3"""
Thomas Emerich,"5' 10"""
Emil Estrella,"6' 1"""
Weston Fulk,"6' 4"""
Nomar Garcia,"6' 1"""
Keegan Garis,"6' 3"""
Eli Gipson,"6' 2"""
Zach Henderson,"5' 7"""
Ryan Karst,"6' 3"""
Zac Laird,"5' 7"""
Wes Lyerly,"5' 11"""
Jeremy Martinez,"5' 11"""
Max McEwen,"6' 2"""
Sean McGurk,"5' 11"""
Gavin Morris,"6' 1"""
Colby Morse,"5' 10"""
Aaron Moss,"5' 10"""
Alex Nevils,"5' 11"""
Andrew Ortiz,"5' 10"""
Cole Pacheco,"6' 4"""
Grant Parson,"6' 5"""
Mason Roell,"6' 2"""
Caden Schrader,"5' 9"""
Carson Seeman,"6' 2"""
Jacob Spencer,"6' 4"""
Breyllin Suriel,"5' 11"""
Nick Sutherlin,"6' 1"""
Jackson Taylor,"5' 11"""
Sebastian Torres,"5' 10"""
Ben Waliczek,"5' 10"""
Carter Bergman,"6' 2"""
Caden Bogenpohl,"6' 6"""
Benito Bonilla,"6' 4"""
Tyler Charlton,"6' 2"""
Logan Dunn,"6' 0"""
Tyler Epstein,"5' 10"""
Garrett Ferguson,"6' 1"""
Logan Fyffe,"6' 0"""
Taeg Gollert,"6' 2"""
Jackson Holmes,"6' 4"""
Max Knight,"6' 3"""
Brant Kragel,"6' 4"""
Sam Maclaughlin,"6' 1"""
Jake McCutcheon,"6' 0"""
Brody McNiel,"6' 4"""
Dylan Robertson,"5' 9"""
Jason Schaaf,"5' 11"""
Owen Slater,"6' 3"""
Gabe Smith,"6' 5"""
Charlie Spoonhour,"5' 11"""
Dalen Stewart,"6' 0"""
Zack Stewart,"6' 2"""
Curry Sutherland,"6' 5"""
Jake Syverson,"5' 11"""
Kaleb Thomas,"6' 0"""
Michael Yusypchuk,"6' 2"""
William Zareh,"6' 0"""
Nico Bermeo,"6' 0"""
Gunnar Bingham,"6' 0"""
Reed Braundmeier,"6' 2"""
Preston Chaudoin,"5' 10"""
Chase Clatur,"6' 2"""
Conner Cunningham,"6' 2"""
Dom Decker,"6' 0"""
Jaxon Diamond,"6' 0"""
Kane Elmy,"6' 2"""
Carson Garner,"6' 1"""
Brady Grabowski,"6' 2"""
Kingsley Guthrie,"5' 11"""
Jonathan Hogart,"6' 1"""
Isaac Huettl,"6' 1"""
Jacob Hustedde,"6' 3"""
Charlie Jury,"6' 0"""
Graham Kelham,"6' 4"""
Derek Lebron,"6' 1"""
Ethan Lyke,"6' 0"""
Jackson McCoy,"6' 3"""
Harper McLendon,"5' 11"""
Dustin Mercer,"6' 2"""
Luke Mistone,"6' 2"""
Reese Oakley,"5' 11"""
Matt Parenteau,"6' 6"""
Parker Patterson,"5' 10"""
Danny Rollins,"5' 9"""
Nic Schutte,"6' 1"""
Isaac Silva,"6' 2"""
David Stokely,"6' 4"""
Dan Tauken,"6' 3"""
Jackson Ugo,"6' 1"""
Will Vierling,"6' 1"""
Jack Wajda,"6' 3"""
Dylan Zentko,"6' 1"""
Jordan Bach,"6' 1"""
Griffin Catto,"6' 1"""
Cole Freeman,"6' 0"""
Sam Frizzi,"6' 1"""
Tanner Gerdes,"6' 1"""
Kaleb Hall,"6' 0"""
Blaine Harpenau,"6' 0"""
Jaxon Holder,"5' 10"""
Al Holguin,"6' 2"""
Jordan Huskey,"5' 10"""
Matt Irvine,"6' 2"""
Meade Johnson,"6' 3"""
Justin Keuss,"5' 8"""
Cole Koonce,"6' 0"""
John Lemm,"6' 3"""
Tate Lewis,"6' 1"""
Cecil Lofton,"6' 0"""
Michael Mylott,"6' 4"""
Cade Nelis,"5' 8"""
Alec Nigut,"6' 2"""
Jackson Payne,"6' 5"""
Dylan Petrey,"5' 10"""
Gabe Petrucelli,"5' 8"""
Michael Quick,"6' 0"""
Grant Richars,"6' 0"""
Matt Schark,"6' 4"""
Mason Schwalbach,"6' 0"""
Matt Simay,"6' 3"""
Tim Simay,"6' 0"""
Kristian Sprawling,"5' 8"""
Tyler Timmerman,"6' 0"""
Gavan Wernsing,"6' 0"""
Andrew Yusypchuk,"6' 3"""
Brandon Bak,"6' 1"""
Bobby Barrera,"6' 0"""
Payton Barton,"6' 2"""
Jackson Bessette,"6' 0"""
DJ Butler,"5' 10"""
Vidal Colon,"5' 10"""
Blake Cowans,"5' 10"""
David Cox,"6' 3"""
Thomas Curry,"5' 11"""
Tommy Egan,"6' 0"""
George Eisenhardt,"6' 5"""
Will Flanigan,"5' 11"""
Vincent Gohlke,"6' 2"""
Zak Gould,"6' 4"""
James Harris,"6' 0"""
Colin Hawkins,"5' 11"""
Christian Holmes,"6' 3"""
Colin Husko,NA
Jake Jakubowski,"5' 10"""
Payten Jibben,"6' 4"""
Parker Johnson,"6' 3"""
Reece Lawler,"6' 2"""
Kendall Lyons,"6' 2"""
Zack Millsap,"6' 0"""
Pambos Nicoloudes,"6' 1"""
Luke Nowak,"5' 10"""
Brady Patterson,"6' 1"""
Dillon Schueler,"6' 2"""
Lucas Smith,"5' 11"""
Jack Snyder,"6' 0"""
AJ Taylor,"5' 11"""
Terrick Thompson-Allen,NA
Michael Vitellaro,"5' 11"""
Austin Amburgey,"5' 11"""
Nick Baffa,"6' 0"""
Spencer Boynton,"6' 2"""
Thomas Cooper,"6' 2"""
Josh Cottrill,"6' 2"""
Kolt Davis,"6' 4"""
Harry Deliyannis,"6' 1"""
Kevin Denty,"6' 1"""
Lucas Foley,"6' 3"""
Hunter Frost,"5' 9"""
Evan Fulhorst,"5' 11"""
Javin Gauthier,"6' 2"""
Connor Giusti,"6' 1"""
Adam Guazzo,"6' 2"""
Christian Hack,"6' 3"""
Bryan Hatch,"6' 3"""
Patrick Ilitch,"6' 1"""
Kaden Kiser,"6' 5"""
Ryan Kruse,"6' 1"""
Michael Kuska,"6' 1"""
Connor Lockwood,"6' 0"""
Ryan Maka,"6' 3"""
Alexander Morrison,"6' 0"""
Deuce Musial,"6' 5"""
Bennett Musser,"6' 2"""
Liam Patton,"6' 4"""
Mathew Pigeon,"5' 11"""
Kade Reinertson,"6' 1"""
Bryce Richter,"6' 0"""
Joe Seiber,"5' 11"""
Case Sullivan,"6' 1"""
Aidan Thaxton,"5' 11"""
RJ Thomae,"6' 0"""
Spencer Warfield,"6' 3"""
Luke Agnew,"6' 3"""
Colten Becker,"5' 10"""
Austin Bergum,"6' 2"""
Sam Canton,"5' 10"""
Bennett Freiter,"6' 4"""
Luis Garcia,"6' 0"""
Noah Gordon,"5' 10"""
Evan Gustafson,"6' 0"""
Julien Hachem,"6' 8"""
Davis Hamilton,"6' 0"""
Alex Karns,"6' 4"""
Logan Knight,"6' 6"""
Landon Koenig,"6' 6"""
Danny Lachenmayer,"6' 3"""
Kyle Law,"6' 2"""
Reese Ligtenberg,"6' 5"""
Tyman Long,"6' 1"""
Will Mann,"6' 0"""
Tate Martin,"6' 1"""
Parker Puetz,"6' 3"""
Skyler Riedinger,"6' 1"""
Sam Roberts,"6' 2"""
Matt Sargeant,"6' 2"""
Jake Schaffner,"6' 2"""
Aiden Schenk,"6' 1"""
Luke Shannahan,"6' 4"""
Garrett Shupe,"6' 4"""
Tommy Simon,"6' 0"""
Dante Smith,"5' 11"""
Hayden Sylte,"6' 0"""
Seth Thompson,"6' 4"""
Blake Timmons,"5' 10"""
Alex Urlaub,"6' 1"""
Cade Wiegert,"6' 5"""
Leland Wilson,"6' 5"""
Gus Allred,"6' 3"""
Brett Barber,"5' 10"""
Nick Barber,"5' 11"""
Jeffrey Behrends,"6' 4"""
Wilbur Berrios,"5' 9"""
Mason Bright,"6' 2"""
Jake Bullard,"6' 1"""
AJ Carter,"6' 1"""
Tony Castonguay,"6' 0"""
Keaton Fisher,"6' 5"""
Aiden Gebhard,"5' 9"""
Hunter Gibson,"6' 4"""
Murphy Gienger,"6' 4"""
Luke Guest,"6' 4"""
Zach Hose,"6' 0"""
Brady Hudson,"6' 3"""
Andrew Isdale,"6' 2"""
Craig Kenny,"6' 0"""
Jake King,"5' 10"""
Trevor Landen,"6' 3"""
Ethan Louthan,"6' 4"""
Dalton Miller,"6' 0"""
Carter Monda,"6' 4"""
Ethan Mooser,"6' 2"""
Logan Moser,"6' 5"""
Trey Oblas,"6' 5"""
Brandon Sanchez,"5' 9"""
Anthony Stellato,"6' 0"""
Lucas Stone,"6' 1"""
Jake Storey,"6' 5"""
Jack Tuttle,"6' 2"""
Kai Wagner,"6' 0"""
James Wright,"6' 0"""
Kael Babin,"5' 6"""
Sam Beck,NA
Joel Benes,"6' 2"""
Tyler Bishop,"6' 2"""
Drew Borner,"5' 10"""
Gavin Brummond,"6' 0"""
Trent Burkhalter,"6' 1"""
Brayden Curtis,"6' 1"""
Isaac Cychosz,"6' 1"""
Cardel Dick,"5' 10"""
Matt Dreher,"5' 11"""
Tanner Foertsch,"5' 9"""
Luke Gainer,"6' 0"""
Mason Gaines,"6' 2"""
Noah Greise,"6' 0"""
Eli Hoerner,NA
CJ Hood,"6' 4"""
Tanner Hosick,"5' 7"""
Brady LeJeune-DeAcutis,"6' 6"""
Oliver Mabee,"6' 6"""
Maddox Meyer,"6' 1"""
Carter Mick,NA
Nate Moquin,"6' 4"""
Landon Mueller,"5' 11"""
Tyler Palmer,"6' 0"""
Nick Scanlon,"6' 1"""
Paul Schuyler,"5' 10"""
Reed Scott,"6' 2"""
Grant Sommers,"6' 0"""
Blake Stenger,NA
Cameron Teinert,"6' 2"""
Jackson Trout,"6' 5"""
Grant Wagner,"6' 2"""
Cooper Wesslund,"5' 9"""
Henry Zipay,"6' 2"""
Price Allman,"6' 3"""
Brendan Asher,"6' 0"""
Tyler Brodrick,"6' 0"""
Keaton Campbell,"6' 2"""
Owen Coil,"5' 9"""
Cooper Combs,"5' 11"""
Martell Davis,"6' 2"""
Will Edmunson,"6' 0"""
Ethan Fender,"5' 10"""
Conner Floyd,"6' 3"""
Hudson Hart,"6' 3"""
Jack Hill,"6' 3"""
Conner Johnson,"6' 2"""
Wailele Kane-Yates,"6' 0"""
Nathan Love,NA
Brayden Mackey,"6' 2"""
Matthew Mainord,"6' 0"""
Trent Martin,"6' 3"""
Dalton Patten,"5' 10"""
Luke Puffinbarger,"6' 5"""
Weston Rouse,"6' 5"""
Keaton Ruthardt,"6' 3"""
Braydon Sanford,"6' 4"""
Jack Schark,"5' 10"""
Makani Tanaka,"6' 2"""
Easton Teel,"6' 3"""
Jared Ure,"6' 6"""
Dawson Walls,"6' 2"""
Dylan Wipperman,"6' 0"""
Reece Arbogast,"5' 8"""
Tristan Augedahl,"6' 8"""
Jess Bellows,"5' 10"""
Adam Benes,"5' 11"""
Owen Bishop,"6' 2"""
Brady Brown,"5' 10"""
Davis Carr,"6' 2"""
Alex Clemons,"6' 1"""
Dylan Driessen,"6' 3"""
Caleb Duerr,"6' 4"""
Dayton Franke,"6' 2"""
Colin Gibson,"6' 0"""
Jayden Gibson,"6' 0"""
Jake Goble,"6' 5"""
Nolan Grawe,"6' 3"""
Brady Hawkins,"6' 3"""
Keagen Jirschele,"5' 10"""
Tyson Kogel,"5' 10"""
Jack Kruger,"6' 4"""
Mason Lang,"6' 1"""
Luke Luskey,"5' 10"""
Ty Madison,"6' 2"""
Drew McDowell,"6' 2"""
Arlen Peters,"6' 2"""
Andrew Phillips,"5' 11"""
Dylan Richey,"6' 1"""
Bryce Ronken,"5' 11"""
Sam Schlecht,"6' 6"""
Dagen Schramm,"6' 0"""
Owen Siegert,"5' 9"""
Carter Sintek,"6' 0"""
Jude Sundquist,"6' 5"""
Dane Toman,"6' 2"""
Matthew Werk,"5' 11"""
Nicholas Werk,"5' 10"""
Easton Bobb,NA
Owen Bond,NA
Carl Cano,"6' 1"""
Kody Dalen,"6' 4"""
Zak Endres,NA
Evan Esch,"5' 10"""
Easton Fritcher,"6' 0"""
Alex Hendrickson,"6' 1"""
Tucker Huhn,NA
Evan Jackson,"5' 11"""
Nolan Kemp,"5' 11"""
Marcus Kruzan,"6' 2"""
Bryce Leedle,"5' 11"""
Colin Lewandowski,NA
Matthew Maulik,"6' 0"""
Lucas McNellis,NA
Max Moris,"6' 0"""
Ben Moser,NA
Jacob Mrosko,"6' 2"""
Max Nyrop,NA
Chris Petersen,"6' 4"""
Adam Puder,NA
Tanner Recchio,NA
Walker Retz,NA
Brigs Richartz,"5' 9"""
Riane Ritter,NA
Joe Roder,NA
Max Skilbeck,"6' 5"""
Ben Trucke,NA
Zan Von Schlegell,"5' 11"""
Joe Vos,"6' 2"""
Ben Vujovich,"6' 0"""
Sawyer Allen,"6' 1"""
Nick Beech,"6' 3"""
Ayden Blachowicz,"6' 2"""
Cody Bruss,"6' 3"""
Liam Bryan,"6' 1"""
Austin Buie,"6' 3"""
Kaleb Ceola,"5' 7"""
Cole Funkhouser,"5' 10"""
Brett Grupe,"5' 10"""
Chase Heath,"5' 10"""
Grant Hollister,"5' 10"""
Dayvin Johnson,"6' 0"""
Egan Keeler,"5' 9"""
Isaiah Keller,"6' 0"""
Cole Kreisel,"5' 9"""
Jack Kreisman,"6' 0"""
Will Krzykowski,"6' 1"""
Chris Massey,"5' 9"""
JD McReynolds,"6' 4"""
Payton Messer,"6' 2"""
Cody Moore,"5' 11"""
Evan O'Toole,"6' 2"""
Reid Plum,"6' 5"""
Jack Scott,"6' 4"""
Aiden Smith,"6' 3"""
Jacob Steele,"6' 2"""
Bryce Taylor,"6' 5"""
Chase Taylor,"6' 3"""
Vance Tobol,"6' 1"""
Dawson Torpey,"6' 2"""
Jonah Walker,"6' 3"""
Easton Wasinger,"6' 2"""
Aiden Watson,"5' 10"""
Chase Wilcox,"6' 0"""
Jake Wilson,"6' 0"""
Sam Wyrick,"6' 0"""
Matt Baughn,"6' 0"""
Brody Berlowitz,"6' 2"""
Davan Brady,"6' 1"""
Caleb Burchfield,"6' 3"""
Austin Burda,"5' 10"""
Carson Carpenter,"6' 2"""
Garrett Casey,"5' 10"""
Ty Chapman,"6' 3"""
Valek Cisneros,"6' 5"""
Dylan Darnall,"6' 0"""
John Demcher,"6' 3"""
Dillon Dibrell,"6' 0"""
Trent Gerber,"6' 1"""
Brady Gilmore,"6' 1"""
Preston Giltner,"6' 4"""
Orlando Gonzalez,"6' 0"""
Ty Hammack,"5' 11"""
Drake Lee,"6' 0"""
Garrett Long,"5' 11"""
Michael Lopez,"6' 0"""
Brett McComas,"5' 9"""
Brooks Miller,"5' 11"""
Gage Norvell,"6' 3"""
Austin Oldham,"6' 0"""
Brett Pense,"6' 4"""
Aiden Proctor,"5' 9"""
Grant Randall,"5' 10"""
Joe Ricchio,"5' 10"""
Caden Robertson,"6' 4"""
Danny Satterlee,"6' 3"""
Dax Sharp,"6' 2"""
Luke Stout,"6' 1"""
Andrew Talburt,"6' 2"""
Brayden Thompson,"6' 2"""
Denton Whiteside,"6' 5"""
Tristan Wittau,"6' 2"""
Chase Yarger,"6' 2"""
Spencer Alexander,"6' 1"""
Cade Barton,"6' 0"""
Dylan Brisbois,"5' 10"""
Tanner Dawe,"6' 2"""
Dominic Felix,"6' 0"""
Gerry Grijalva,"6' 5"""
Jose Grijalva,"6' 0"""
Konner Hatfield,"5' 10"""
Eli Hernandez,"6' 1"""
Grant Huffman,"6' 4"""
Gus Keller,"5' 10"""
Ian Lanik,"6' 3"""
Peyton Lewis,"5' 11"""
Austin Lynn,"5' 11"""
Andy Pacheco,"6' 1"""
Sammy Padilla,"6' 0"""
TJ Racherbaumer,"5' 10"""
Elijah Reeves,"5' 10"""
Graeme Rios,"6' 0"""
Coby Rogers,"6' 5"""
Ryan Sauter,"6' 3"""
Cooper Schwindt,"6' 3"""
Noah Steele,"6' 7"""
Seth Stover,"6' 6"""
Jovanni Toledo,"5' 11"""
Brady Unrein,"5' 10"""
Brandon Vassalo,"6' 2"""
Trent Warstler,"6' 0"""
Nick Woodcock,"6' 0"""
Mike Acierno,"6' 2"""
Jamison Armstrong,"5' 10"""
Luis Ayala,"5' 11"""
Trevor Baugh,"6' 1"""
Jeremy Bingesser,"6' 4"""
Sebastian Burgos,"5' 10"""
Kaleb Carpenter,"6' 2"""
DJ Cavazos,"6' 1"""
Brandon Chavez,"6' 2"""
Jose Cintron,"6' 2"""
Trey DeGarmo,"6' 1"""
Nolan Dreher,"6' 0"""
Cade Flaherty,"6' 3"""
Tytin Goebel,"5' 11"""
Dylan Haselhorst,"6' 2"""
Elliott Herrmann,"6' 4"""
Cooper Howell,"5' 10"""
Brett Jacobs,"6' 2"""
Tyson Jimenez,"5' 7"""
Derick Johnson,"6' 3"""
Zane Knox,"6' 0"""
Brady Kreutzer,"5' 8"""
Spencer Maley,"6' 6"""
Kenneth Melendez,"6' 0"""
Tony Moore,"6' 0"""
Paul Panduro,"6' 0"""
Ty Riley,"6' 7"""
Dylan Rinker,"6' 2"""
Cesar Saavedra,"5' 9"""
Landyn Sterling,"6' 1"""
Isaiah Ural,"6' 2"""
Derek Woolwine,"5' 10"""
Alex Baker,"6' 3"""
Chayton Beck,"6' 2"""
Owen Bushnell,"6' 1"""
Caden Carter,"6' 0"""
Lane Chapman,"6' 0"""
Cy Darnell,"6' 3"""
Kaylor Darnell,"6' 1"""
Will Doherty,"5' 9"""
Jacob Filip,"6' 0"""
Cole Gayman,"5' 10"""
Trent Harris,"6' 2"""
Laif Hultine,"6' 3"""
Blake Jones,"6' 1"""
Kyle Kaempf,"6' 1"""
Jake Leeker,"6' 0"""
Brayden Luikart,"6' 0"""
Nate Mieszkowski,"6' 0"""
Kyle Moore,"6' 0"""
Michael Moore,"6' 5"""
Brandon Overman,"6' 0"""
Treghan Parker,"5' 11"""
Drew Piaskowy,"6' 2"""
Will Potter,"5' 11"""
Owen Schneider,"5' 11"""
Casey Stalzer,"5' 11"""
Walker Sweet,"6' 3"""
Drew Townsend,"6' 2"""
Cooper Walkoff,"6' 1"""
Cole White,"5' 10"""
Marcus Young,"6' 1"""
Blake Anderson,"5' 10"""
Rogelio Berumen,"6' 0"""
Lynden Bruegman,"6' 3"""
Gage Busby,"6' 6"""
Cameron Dean,"5' 11"""
Colby Deaver,"6' 3"""
Micah Diamond,"6' 2"""
Kaden Doan,"5' 9"""
Frank Gall,"5' 11"""
Tyson Gerdes,"5' 10"""
Karson Green,"5' 9"""
Jett Grossart,"6' 1"""
Quinn Gundelfinger,"6' 2"""
Nate Herken,"5' 11"""
John Hood,"6' 1"""
Will Kennedy,"6' 2"""
Lou Levy,"6' 3"""
Easton Mains,"6' 0"""
Mitch Mauk,"6' 7"""
Gunnar Nartker,"6' 8"""
Josh Nolte,"6' 2"""
Easton O'Keefe,"5' 9"""
Carson Ripley,"6' 1"""
Quinton Robertson,"6' 0"""
Diego Rodriguez,"5' 11"""
Carson Rosen,"5' 10"""
Jacob Ross,"5' 9"""
Carson Shear,"6' 0"""
Jayson Shorb,"5' 10"""
Jon Stanley,"6' 3"""
Anthony Taggart,"6' 3"""
Chris Thiessen,"6' 0"""
Blake Venneman,"5' 8"""
Jace Weems,"5' 11"""
Logan Winkelman,"6' 3"""
Noah Young,"6' 3"""
Scott Allan,"5' 10"""
Chase Ambuehl,"6' 2"""
Zac Becker,"6' 0"""
Anthony Cannavino,"6' 1"""
Nick Chasey,"6' 1"""
Louis Coca,"6' 2"""
Mac Collins,"6' 4"""
Kellen Curtis,"6' 4"""
Gio de Graauw,"6' 1"""
Lance Elsen,"6' 5"""
Nic Ely,"6' 1"""
Thomas Ford,"6' 2"""
Alex Gillig,"6' 0"""
Pierson Gunnell,"6' 0"""
Andrew Hudson,"6' 0"""
Jack Kiser,"5' 11"""
Micah Kobuszewski,"6' 1"""
Aleks Koppel,"6' 3"""
Cole Landgraf,"6' 2"""
Braden McNeill,"6' 1"""
Blake Mitchell,"6' 5"""
Fran Montanez,"6' 3"""
Maximus Moreno,"6' 0"""
Thomas Munn,"6' 2"""
Jared Newton,"6' 0"""
Caden Poor,"6' 4"""
Brycen Schoenhofer,"6' 3"""
Sutton Titsworth,"6' 0"""
Trent Trammell,"6' 1"""
Gavin Wakefield,"5' 10"""
Eli Wohl,"5' 9"""
Kaden Wright,"5' 10"""
Chan Yoon,"6' 1"""
Austin Albright,"5' 11"""
Tanner Almond,"6' 2"""
Colton Ayres,"6' 0"""
Devin Blayney,"5' 10"""
Brazen Bockius,"6' 4"""
Bryce Bond,"5'11"""
Murphy Bostick,"6' 5"""
Finley Bunch,"5' 10"""
Zach Burnes,"5' 9"""
Gus Collins,"6' 4"""
Jackson Dillingham,"6' 2"""
Ashton Durham,"6' 0"""
Korben Ford,"5' 8"""
Trey Havens,"6' 3"""
Cristian Hernandez,"6' 0"""
Braxton Jones,"6' 6"""
Sullivan Lane,"6' 3"""
Alex Lopez,"6' 0"""
Diego Murillo,"5' 11"""
Kade Norman,"5' 10"""
Joey Perry,"5' 10"""
Austin Rees,"6' 2"""
Caleb Reynolds,"6' 6"""
Mason Ruiz,"6' 0"""
Xavier Sanchez,"6' 2"""
Brodie Scott,"6' 3"""
Gannon Sherl,"6' 1"""
Drake Sisemore,"6' 5"""
Izac Sizemore,"5' 9"""
Sloan Smith,"6' 2"""
Gage Williams,"5' 10"""
Jake Woodring,"5' 11"""
Holden Yaksick,"6' 2"""
Holden Yoder,"6' 0"""
Caden Blair,"6' 0"""
Alex Bowers,"5' 10"""
Logan Brasel,"6' 1"""
Chester Brooks,"5' 10"""
Nick Brubeck,"6' 3"""
Andrew Clark,"6' 2"""
Kayden Cook,"6' 4"""
George Fisher,"6' 2"""
Jayme Fritts,"5' 8"""
Parker Griffith,"6' 0"""
Jaren Guck,"6' 0"""
Cristian Hampton,"5' 11"""
Ben Haug,"6' 1"""
Brody Hufft,"6' 2"""
Dylan Hufft,"5' 11"""
Carter Liezert,"6' 0"""
Leonardo May,"6' 0"""
Jaxon Meyer,"5'11"""
Brady Miles,"6' 0"""
Ashton Neuman,"6' 2"""
Austin O'Gorman,"6' 3"""
Max Pawela,"5' 11"""
Connor Polli,"6' 1"""
Jacob Selock,"5' 10"""
Brock Steggall,"6' 0"""
Garrett Stoll,"5' 9"""
Evan Tocmo,"5' 10"""
Landon Wells,"6' 0"""
Connor Wiese,"6' 2"""
Ryan Williams,"6' 0"""
Sam Wornson,"6' 2"""
Fuga Yambe,"5' 11"""
Kaehukai Young,"6' 1"""
Connor Allen,"6' 1"""
Kobey Allison,"5' 10"""
Cole Askew,"5' 10"""
Ty Blecha,"6' 2"""
Nixon Brannan,"6' 1"""
Andrew Branson,"6' 3"""
Dagen Brewer,"5' 10"""
Owen Bucher,"5' 11"""
Drew Bugner,"6' 2"""
Cadyn Castellanos,"6' 0"""
Karson Coffee,"6' 2"""
Cooper Crouch,"6' 0"""
Ryker Curry,"6' 1"""
Kolby Dougan,"5' 11"""
Boston Dowd,"6' 3"""
Hayden Dyer,"6' 0"""
Braxton Haywood,"6' 4"""
Roy Holcomb,"5' 11"""
Josh Holmes,"6' 1"""
Ryan Leiker,"6' 2"""
Tanner Leslie,"6' 1"""
Brady Pacha,"6' 3"""
Landon Reith,"6' 0"""
Alex Rodgers,"6' 0"""
Sam Russo,"5' 10"""
Rickey Sanchez,"5' 8"""
Brett Sarwinski,"6' 0"""
Elijah Seitz,"6' 3"""
Jake Skaggs,"5' 10"""
Jace Stewart,"6' 3"""
Maddox Thornton,"6' 2"""
Lucas Vanlanduit,"6' 1"""
Austin Warkins,"6' 0"""
Brett Wiemers,"6' 4"""
Kadyn Williams,"5' 9"""
Andrew Wisner,"6' 0"""
Tanner Wright,"6' 2"""
Cole Abbott,"6' 2"""
Colton Anderson,"6' 3"""
Noah Anderson,"5' 11"""
Geovanni Blackshaw,"5' 11"""
Carson Cheatwood,"6' 0"""
Andres Contreras,NA
Ky Decker,"6' 3"""
Luis Fuentes,"5' 7"""
Chris Gaudio,"6' 5"""
Dean Grisham,"5' 11"""
Blake Johnson,"6' 4"""
Ricardo Landeros,"6' 1"""
Andres Mitat,"6' 0"""
Jake Mitchell,"6' 4"""
Tyler Nelson,"6' 1"""
Blake Nichols,"5' 10"""
Wes Peninger,"6' 5"""
Cannon Restine,"6' 3"""
Landon Riley,"6' 5"""
Jackson Romero,"5' 11"""
Mitchell Smith,"6' 0"""
Chris Spry,"6' 2"""
Ramon Torres,"5' 10"""
Royce Tsumura,"5' 8"""
Dylan Weddle,"5' 11"""
Ethan Alexander,"6' 4"""
Logan Bartlett,"5' 11"""
Konnor Becker,"6' 2"""
Kai Bennett,"6' 4"""
Caden Bressler,"5' 11"""
Easton Bruce,"5' 10"""
Jett Buck,"6' 0"""
Cooper Carlgren,"6' 3"""
Max Clark,"6' 1"""
Darian Duhon,"5' 9"""
Kaden Gray,"6' 1"""
Fidel Hatch,"5' 8"""
Griffin Huiatt,"5' 8"""
Cash Jay,"6' 0"""
Ashton Jenkins,"6' 1"""
Kuyper Kendall,"5' 10"""
Owen Laessig,"6' 1"""
Chase Littrell,"5' 7"""
Caleb Lunnon,"6' 1"""
Trevor McCollum,"6' 0"""
Keegan McDonald,"5' 10"""
Piercen McElyea,"6' 4"""
Payton McHarg,"5' 11"""
Jackson Mervosh,"5' 10"""
Rick Powell,"5' 11"""
Blake Priest,"6' 1"""
Hayden Priest,"5' 10"""
Brooks Richardson,"6' 0"""
Blake Scott,"5' 11"""
Connor Scott,"6' 0"""
Kyle Snyder,"6' 1"""
Garrett Springer,"6' 4"""
Chase Torkelson,"6' 2"""
Jacob Trombley,"6' 2"""
Kolby Wheeler,"6' 0"""
Gavin Wilhelm,"6' 6"""
Grant Zwald,"6' 4"""
Reece Bueno,"6' 0"""
Nate Castellon,"5' 9"""
Jack Collins,"6' 0"""
Troy Cooper,"6' 2"""
Zach Daudet,"6' 3"""
Jake Downing,"5' 10"""
Chris Downs,"6' 7"""
Ryan Fenn,"5' 10"""
Alejandro Garza,"5' 10"""
Mack Higuchi,"5' 10"""
Cam Hoiland,"6' 2"""
Luke Kalfsbeek,"6' 3"""
Wyatt King,"5' 9"""
Dylan Knowles,"6' 1"""
Dylan Kordic,"6' 3"""
Luke Kovach,"6' 2"""
Erik Kvidahl,"6' 5"""
Ethan Marmie,"6' 7"""
Henry McDonald,"6' 2"""
Xander McLaurin,"6' 0"""
Paul Montgomery,"6' 4"""
Josh Morano,"6' 4"""
Casey Murray,"6' 2"""
Griffin Naess,"6' 6"""
Caden Pearlman,"6' 3"""
Charlie Royle,"6' 2"""
Tanner Sagouspe,"6' 0"""
Braxton Thomas,"6' 2"""
Jake Torres,"5' 11"""
Carson Turnquist,"6' 5"""
Dante Vachini,"6' 3"""
Vinnie Van der Wel,"6' 2"""
Josh Volmerding,"6' 4"""
Matthew Bardowell,"6' 4"""
Jason Blood,"6' 2"""
Cam Burdick,"6' 3"""
Jack Burke,"5' 10"""
Paul Contreras,"6' 3"""
Brady Dockan,"6' 3"""
Grady Faris,"6' 4"""
Ryan Faulks,"6' 3"""
Dylan Goff,"6' 2"""
Isaiah Gomez,"6' 0"""
Chad Gurnea,"6' 0"""
Jayden Harper,"6' 1"""
Logan Hart,"6' 3"""
Payton Hawkinson,"6' 7"""
Chris Hernandez,"5'11"""
Carter Johnstone,"6' 1"""
Andrew Kirchner,"6' 5"""
Jason Krakoski,"6' 3"""
Maddox Latta,"5' 11"""
Niko Lombardi,"5' 10"""
Eli Lopez,"5' 10"""
Landon Martin,"6' 4"""
Gavin Meyer,"6' 4"""
Nick Miller,"6' 2"""
Mikiah Negrete,"6' 1"""
Max Ortega,"5' 11"""
Waldie Perez,"6' 1"""
Marcos Rosales,"5' 9"""
Jakob Schardt,"6' 1"""
Ryan Seo,"5' 10"""
TJ Stottlemyre,"5' 10"""
Derek Turner,"6' 1"""
Andrew Wright,"6' 1"""
Trent Abel,"5' 11"""
Destin Allen-Fox,"5' 11"""
Calix Armijo,"5' 10"""
Jackson Banuelos,"5' 11"""
Andrew Becker,"6' 1"""
Colton Boardman,"5' 9"""
Cam Calvillo,"5' 10"""
Royce Clayton,"5' 10"""
Angel Cortez,"5' 10"""
Jason Davis,"6' 5"""
Elijah Fairchild,"5' 10"""
Andrew Gauna,"6' 4"""
Roberto Gonzalez,"5' 7"""
Diego Gutierrez,"6' 2"""
Ryan Halamicek,"6' 4"""
Hayden Hall,"5' 11"""
Gabriel Hernandez,"5' 10"""
Luke Honikel,"6' 0"""
Blake Ignaciak,"6' 3"""
Kody King,"6' 3"""
Matt Kurata,"5' 9"""
Jehee Lee,"5' 10"""
Jesus Liera,"5' 10"""
Will Linberg,"6' 2"""
Tyler Mejia,"6' 3"""
Max Mendes,"6' 0"""
Jon Mocherman,"5' 11"""
Kyle Panganiban,"5' 11"""
Matthew Pena,"6' 0"""
Noah Rinehart,"6' 2"""
Xavier Rios,"6' 1"""
Jarren Sanderson,"6' 6"""
Nick Santivanez,"6' 3"""
Bren Wilkinson,"5' 10"""
Dante Zamudio,"6' 1"""
Noah Alvarez,NA
Lewis Barnum,"5' 11"""
Elgin Bennett,"6' 0"""
Logan Borboa,NA
CJ Brown,"6' 2"""
Jared Bujanda-McConnell,"5' 11"""
Evan Cloyd,"6' 1"""
Haldon Craig,"6' 3"""
Matt Dobson,"6' 1"""
Hauze Fragoso,"6' 1"""
Cooper Gerecke,NA
Cody Hendriks,"6' 2"""
Christopher Hund,"5' 9"""
Dante Jackson,NA
Tyrese Johnson,"6' 2"""
Jeremy Jones,"6' 1"""
Jack Leary,NA
Tyler LeRoy,"6' 2"""
Matthew Lopez,"5' 10"""
Nick Mascaro,NA
Shane McAlinden,NA
Kanoa Morisaki,"6' 0"""
Elijah Pelayo,"5' 11"""
Brock Perreira,NA
Nick Perryman,"6' 5"""
Michael Pollard,NA
Ryan Reddemann,"5' 11"""
Logan Rightmyer,"5' 11"""
Michael Riley,"6' 2"""
Ryan Ruch,"5' 10"""
Adam Salazar,NA
Jeter Schuerman,"6' 2"""
Alex Urias-Calvillo,NA
David Villegas,NA
Tai Walton,"6' 0"""
Will White,"6' 0"""
Louie Zulaica,"6' 1"""
Charlie Adamson,"6' 4"""
Anthony Andrews,"5' 11"""
Koen Barton,"6' 5"""
Britton Beeson,"6' 2"""
Will Bowen,"6' 0"""
Kyle Dobyns,"6' 5"""
Jordan Donahue,"5' 10"""
Hunter Faildo,"5' 10"""
Kevin Ferguson,"6' 5"""
Sebastian Gonzalez,"5' 10"""
Elijah Ickes,"6' 0"""
Max Jones,"5' 9"""
Kedren Kinzie,"6' 3"""
Aidan Kuni,"6' 0"""
Xaige Lancaster,"6' 2"""
Isaiah Magdaleno,"6' 3"""
Matt Miura,"5' 11"""
Kamana Nahaku,"5' 10"""
Jarret Nielsen,"5' 11"""
Draven Nushida,"5' 10"""
Liam O'Brien,"6' 5"""
Konnor Palmeira,"6' 0"""
Jared Quandt,"6' 1"""
Kaysen Raineri,"6' 1"""
Cory Ronan,"6' 2"""
Shunsuke Sakaino,"5' 9"""
Jack Salmon,"6' 3"""
Joshua Surigao,"6' 4"""
Itsuki Takemoto,"6' 3"""
Zacary Tenn,"6' 0"""
Jimmy Urban,"6' 8"""
Danny Veloz,"6' 1"""
David Vergel de Dios,"5' 10"""
Dylan Waite,"6' 2"""
Cooper Walls,"6' 5"""
Ben Zeigler-Namoa,"6' 1"""
Kyle Ashworth,"6' 0"""
Cristien Banda,"6' 1"""
Ty Borgogno,"5' 11"""
Armando Briseño,"5' 11"""
Nathan Cadena,"5' 11"""
Alex Champagne,"5' 8"""
Connor Charpiot,"5' 10"""
Erick Diez,"6' 0"""
Josh Donegan,"6' 1"""
Easton Elliot,"6' 2"""
Trotter Enright,"6' 2"""
Jake Evans,"5' 11"""
Jake Fields,"6' 0"""
Tyler Gebb,"6' 6"""
Owen Geiss,"6' 4"""
Landon Greenhouse,"6' 1"""
Joey Iglesias,"5' 10"""
Dylan Jackson,"6' 1"""
Ka'imi Kahalekai,"6' 8"""
Van Larson,"6' 0"""
Dylan Lina,"6' 0"""
Arthur Liu,"5' 11"""
Kellan Montgomery,"6' 0"""
Reid Montgomery,"6' 0"""
Efran Ortega,"5' 11"""
Michael Pirrello,"6' 2"""
Austin Puett,"6' 6"""
Alex Ramos,"5' 10"""
Albert Roblez,"6' 1"""
Justin Roulston,"6' 4"""
Jakob Russell,"6' 0"""
Zech Samayoa,"6' 2"""
Conner Stewart,"6' 3"""
Matt Toomey,"6' 3"""
Riley Acosta,"6' 0"""
Keenan Anzai,"6' 4"""
Matt Barnes,"6' 5"""
Rowen Barnes,"6' 3"""
Sal Batres,"5' 11"""
Matteo Blandino,"6' 2"""
Grayson Bonanno,"6' 3"""
Carter Delaney,"6' 5"""
Ethan Felix,"6' 2"""
Ned Frutchey,"6' 5"""
Evan Gentil,"6' 2"""
Alex Gouveia,"5' 9"""
Bryan Green,"6' 2"""
Jason Hanson,"5' 10"""
Leighton Helfrick,"6' 0"""
Max Hippensteel,"6' 0"""
Holden Hirschkorn,"6' 0"""
Houston Hirschkorn,"6' 3"""
Everet Johnson,"6' 3"""
Nick Leehey,"6' 1"""
Mason Lerma,"5' 9"""
Jack Meek,"5' 10"""
Jaxon Murphy,"6' 0"""
Zach Romero,"6' 5"""
Carter Speights,"6' 3"""
Zach Story,"6' 1"""
Noel Valdez,"6' 0"""
Korey Williams,"6' 0"""
Mark Wolbert,"6' 0"""
Tyler Wood,"6' 3"""
Braydon Wooldridge,"6' 0"""
Joey Wright,"5' 10"""
Jaxton Andeel,"6' 4"""
Will Bermudez,"5' 10"""
Ryder Brooks,"6' 3"""
David Butler,"6' 1"""
Chase Call,"6' 2"""
Frankie Carney,"5' 10"""
James Castagnola,"6' 1"""
Ryan Castro,"6' 0"""
Zach Crandall,"5' 10"""
Davis D'Errico,"5' 11"""
Rowan Felsch,"6' 2"""
Zach Fjelstad,"5' 11"""
Tyler Foster,"6' 1"""
Landon Gaz,"6' 2"""
Andrew Grove,"6' 3"""
Trevor Hansen,"5'11"""
Riley Kelly,"6' 5"""
Theo Kim,"6' 2"""
Ryan Kysar,"6' 0"""
Brandon Luu,"6' 2"""
Max Martin,"6' 5"""
Anthony Martinez,"6' 3"""
Jacob McCombs,"6' 2"""
Ricky Ojeda,"5' 11"""
Blake Penso,"6' 3"""
Alonso Reyes,"5' 10"""
Jack Ross,"6' 3"""
Danny Suarez,"6' 3"""
David Utagawa,"6' 4"""
Finnegan Wall,"6' 2"""
Colin Yeaman,"6' 2"""
Fareed Ahmed,"6' 0"""
James Appleford,"5' 10"""
Jacob Badawi,"5' 9"""
Jack Becker,"6' 1"""
Ethan Bergan,"5' 11"""
Adrian Blanchet,"6' 4"""
Diego Boardman,"6' 2"""
Jaxon Byrd,"6' 3"""
Manoah Chapman,"5' 10"""
Marco DiGirolamo,"6' 2"""
Charlie Dohemann,"6' 4"""
Justin Estrada,"5' 8"""
Kevin Fedoruk,"5' 11"""
Matthew Flores,"6' 0"""
David Gibbs,"6' 0"""
Brent Godina,"6' 4"""
Tyler Gordon,"6' 1"""
Griffin Harrison,"6' 2"""
Isaiah Hernandez,"5' 11"""
Matt Hudson,"5' 10"""
Chris Lozano,"5' 9"""
Joshua Martinez,"6' 1"""
Kurt Marton,"6' 1"""
Nolan Milliman,"6' 3"""
Landon Nunes,"6' 1"""
Matthew O'Brien,"6' 0"""
Robert Pitts,"5' 10"""
Tyson Reis,"6' 0"""
Andrew Rivas,"6' 0"""
Brady Routon,"6' 2"""
Joshua Torres,"6' 0"""
Michael Weber,"6' 1"""
David Whittle,"6' 0"""
J.C. Allen,"6' 3"""
Andy Ambriz,"6' 0"""
Julian Areliz,"6' 2"""
Gabe Camacho,"6' 1"""
Julian Cazares,"6' 0"""
Nick Costello,"5' 11"""
Michael Crossland,"6' 0"""
Julian Custer,"6' 2"""
Matthew Dalquist,"5' 10"""
Garrett Davidson,"5' 11"""
Zack Ernisse,"6' 0"""
Emiliano Gonzalez,"5' 10"""
Nic Gregson,"5' 11"""
Patrick Hackworth,"5' 9"""
Sam Hasegawa,"6' 0"""
Nathan Huy,"6' 2"""
Devon King,"6' 1"""
Delshaun Lanier,"5' 11"""
Noah Lazuka,"6' 1"""
Jayden Lee,"6' 1"""
Alex Leopard,"5' 9"""
Colton Lomanto,"6' 1"""
Thomas Maher,"5' 10"""
Landon Marchetti,"5' 10"""
Trevian Martinez,"6' 0"""
Steele Murdock,"6' 2"""
Trevor Nickerson,NA
Garrett Patterson,"5' 10"""
Harry Pelzman,"6' 3"""
Anthony Potestio,"6' 0"""
Trevor Rector,"6' 1"""
Ethan Remmers,"6' 4"""
Nathan Ries,"6' 2"""
Spencer Seid,"5' 11"""
Cooper Thacker,"6' 0"""
Jake Villar,"5' 9"""
Chapman Weber,"6' 1"""
Nathan Aceves,"6' 3"""
Hudson Barrett,"6' 5"""
Liam Barrett,"6' 0"""
Tyler Bremner,"6' 2"""
Reiss Calvin,"6' 2"""
Frank Camarillo,"6' 4"""
Jeremiah Crain,"6' 1"""
Rex DeAngelis,"6' 4"""
Xavier Esquer,"5' 10"""
Casey Euper,"6' 4"""
Nolan Farley,"6' 4"""
Ian Fernandez,"6' 2"""
Jackson Flora,"6' 5"""
Van Froling,"6' 4"""
Elliot Gallegos,"6' 2"""
Stunner Gonzalez,"6' 7"""
Hayden Hattenbach,"6' 7"""
Jack Holman,"6' 4"""
Chase Hoover,"6' 1"""
Donovann Jackson,"6' 3"""
Rowan Kelly,"5' 10"""
Isaac Kim,"6' 4"""
Cole Kosciusko,"6' 2"""
AJ Krodel,"6' 4"""
LeTrey McCollum,"6' 4"""
Jack Meissner,"6' 2"""
Jonathan Mendez,"6' 1"""
Reed Moring,"6' 1"""
Corey Nunez,"6' 3"""
Raymond Olivas,"6' 1"""
Nic Peterson,"6' 2"""
Calvin Proskey,"6' 3"""
Carson Timothy,"6' 0"""
Cole Tryba,"6' 0"""
Nate Vargas,"6' 3"""
Jimmy Zakhar,"6' 1"""
Levi Abbott,"6' 3"""
Joe Abramson,"5' 9"""
Noah Albano,"6' 2"""
Justin Bremner,"6' 0"""
Mason Cisco,"6' 0"""
Peyton Consigli,"6' 5"""
Bennett Cox,"5' 9"""
Tyler DeBrocky,"6' 3"""
Aaron Duffy,"6' 4"""
Weston Elkovitch,"6' 0"""
William Enright,NA
Clifton Genge,"6' 2"""
Ronan Glassford,"6' 1"""
Tyler Greenleaf,"6' 2"""
Ethan Hennessy,"6' 4"""
Tyler Hoover,"6' 5"""
Brayden Hy,"5' 9"""
Ryan Jones,"5' 11"""
Austin Kutz,"6' 6"""
Joe LoPinto,"6' 0"""
Andrew Marcello,"5' 10"""
Kadin Miller,"5' 9"""
Felix Morin,"6' 4"""
Josh Niles,"6' 3"""
Trent Rumley,"5' 7"""
Tommy Sheridan,"6' 1"""
Owen Silliman,"6' 2"""
Brian Smith,"6' 1"""
JC Spinosa,"5' 10"""
Sam Staerker,"6' 0"""
Connor Waiting,"6' 0"""
Eric Weeks,"6' 0"""
Thomas Zwirecki,"6' 2"""
Ben Alekson,"6' 2"""
Bowen Baker,"6' 2"""
Matthew Bucciero,"6' 2"""
Jack Byrne,"6' 0"""
Nolan Colby,"6' 0"""
Ricky Erbeck,"6' 0"""
Dean Ferrara,"5' 10"""
Will Fox,"6' 3"""
Dominic Gabardi,"6' 3"""
Matt Grabmann,"6' 1"""
Blake Helmstetter,"5' 7"""
Matt Kalfas,"6' 0"""
Kevin Kell,"6' 2"""
Tyler Kipp,"5' 10"""
JP Kuczik,"5' 6"""
Kyle Lesler,"5' 11"""
Matt Lussier,"5' 10"""
Liam McIlroy,"5' 10"""
Jake Memoli,"5' 10"""
Sean Meth,"6' 0"""
Brendon Miller,"6' 3"""
Jimmy Mulvaney,"6' 1"""
Luke Nomura,"6' 0"""
Peter Phillips,"6' 1"""
Connor Scanlan,"6' 0"""
TJ Schmalzle,"5' 10"""
Jack Sheldon,"6' 3"""
Grant Smeltzer,"5' 11"""
Nick Sturino,"6' 0"""
Billy Sullivan,"5' 10"""
Payten Wawruck,"6' 0"""
Will Youngman,"6' 0"""
Joseph Bekios,"6' 0"""
Carson Cahoy,"6' 3"""
Brendan Callanan,"6' 0"""
Nick Chiaia,"5' 10"""
Sean Davis,"6' 0"""
Anthony Febo,"5' 10"""
JC Frias,"5' 8"""
Eric Gialloreto,"5' 10"""
Jayson Gonzalez,"6' 0"""
Kyle Hard,"6' 2"""
Joey Kasper,"6' 0"""
Jim Kemp,"6' 2"""
Jackson Kossow,"6' 1"""
CJ Kuentzel,"5' 8"""
Robert Lasbury,"5' 10"""
Tyler Lender,"6' 2"""
Andrew Lenski,"5' 10"""
Saul Mata,"5' 10"""
Braize Mitchell,"6' 0"""
Nickolas Mora,"5' 10"""
Danny Onorato,"6' 2"""
Jordan Overton,"6' 1"""
Andrelys Payamps,"5' 11"""
Brandon Pettrey,"5' 11"""
Ronald Rockey,"6' 3"""
Damian Rodriguez,"6' 0"""
Sean Stephenson,"6' 0"""
Justin Trinidad,"6' 0"""
Bruce Wadiak,"6' 1"""
Matt Wessels,"6' 1"""
Matt Zguro,"6' 1"""
Anthony Zollo,"5' 10"""
Ryan Ash,"6' 2"""
Colin Basehore,"6' 1"""
Ryan Brader,"6' 3"""
Andrew Brown,"6' 3"""
Josiah Brown,"6' 0"""
Andrew Castelluccio,"6' 3"""
Matthew Corwin,"6' 4"""
Carter Cowburn,"6' 5"""
Joey Craska,"5' 11"""
Peter Daseking,"6' 1"""
Joseph Duffield,"6' 4"""
Chris Fidanza,"6' 6"""
Tyler Galletti,"6' 0"""
Arnav Ghuliani,"6' 0"""
Brad Grasser,"6' 2"""
Jake Hatch,"5' 11"""
Aidan Katzman,"5' 9"""
Jackson Klein,"5' 10"""
Landon Kuntzelman,"6' 1"""
Andreaus Lewis,"5' 10"""
Ryan Lordier,"5' 8"""
Nico Mattera,"6' 0"""
Dylan Mayer,"6' 3"""
Trey Packen,"6' 2"""
Braedon Romero,"6' 5"""
Nate Ryhlick,"6' 1"""
Guriyandel Salva,"5' 10"""
Michael Simone,"6' 1"""
Jacob Smoot,"6' 3"""
Jeremy Sosa,"6' 0"""
JD Stemhagen,"5' 11"""
Hunter Sute,"5' 11"""
Aidan Taclas,"6' 0"""
Preston Tamm,"5' 10"""
Cade Udell,"6' 7"""
Brant Vicini,"6' 3"""
AJ Brotz,"6' 0"""
Jake Burt,"6' 3"""
Colin Carver,"6' 1"""
Jason Claiborn,"6' 0"""
Kai Cottle,"6' 2"""
Zach Donahue,"5' 11"""
Scott Esposito,"5' 9"""
John Hacker,"6' 4"""
Tyler Hartley,"6' 2"""
Cody Heselton,"5' 11"""
Caleb Kempler,"6' 1"""
Bobby LeFevre,"6' 3"""
Nate Lincoln,"5' 11"""
Ethan Marzo,"6' 0"""
Drew McGowan,"5' 9"""
Aydan McNelly,"6' 0"""
Dylan Millman,"5' 11"""
Luke Monico,"5' 11"""
Ty Morris,"6' 4"""
Kyle Pollack,"6' 0"""
Noel Rivera,"5' 10"""
Lewis Rodriguez,"5' 10"""
Logan Scholl,"5' 11"""
Andrew Speranza,"5' 10"""
Brady Steinert,"6' 1"""
Chris Ubner,"5' 9"""
Ryan VanDeWater,"6' 0"""
Jack Andrews,"6' 3"""
George Athanasiadis,"5' 11"""
Oliver Barkal,"5' 10"""
Colby Barker,"6' 5"""
Hayden Bond,"6' 1"""
Timmy Bonin,"5' 10"""
James Borsari,"6' 2"""
Michael Bradshaw,"6' 1"""
Cavan Brady,"6' 2"""
Zach Broderick,"6' 1"""
Campbell Cassidy,"6' 2"""
Logan Castellano,"6' 2"""
Louis Cespedes,"6' 0"""
Brooks Craigue,"5' 10"""
Matt DeShiro,NA
Brian Downing,"6' 1"""
Frankie Ferrentino,"6' 0"""
Samuel Franco,NA
Damon Fuller,"6' 0"""
Chris Goode,"5' 11"""
Jayden Hamilton,"6' 0"""
Andrew Heffernan,"6' 2"""
Flynn Howard,"6' 2"""
Nick Hunkele,"5' 10"""
Luke Linnehan,"6' 3"""
Dawson Logie,"6' 3"""
Bobby Loper,"6' 4"""
Cam Marshall,"6' 3"""
James Nichols,"6' 0"""
Harry Painter,"6' 3"""
Lucas Riley,"6' 0"""
Christian Scanlon,"6' 2"""
Sam Sherman,"5' 10"""
Cole Yennaco,"5' 10"""
Owen Zadrozny,"6' 5"""
Joey Agar,"5' 10"""
Jake Andrews,"6' 1"""
Jake Arnold,"6' 2"""
Nolan Book,"6' 1"""
Maddox Brooks,"6' 4"""
Dom Capperella,"6' 4"""
Andrew Cheripka,"6' 2"""
Kyle Cincinnati,"5' 10"""
Owen Crowe,"6' 2"""
Eli DeRossi-Cytron,"6' 3"""
Sam Dinitz,"6' 2"""
Ethan Flaugher,"5' 8"""
Nick Fleming,"6' 3"""
Jakob Foster,"6' 2"""
Ty Fredo,"6' 0"""
Sam Grube,"6' 3"""
Josh Halcisak,"6' 0"""
Eli Harpalani,"5' 9"""
Patrick Hebda,"6' 0"""
Stephen Katch,"6' 0"""
Kaden Kimble,"6' 0"""
JB Manarchuck,"6' 4"""
Jake Maske,"5' 11"""
Max McCrary,"6' 3"""
Evan Meier,"6' 0"""
Alex Mendes,"5' 10"""
Tommy Moore,"6' 3"""
Brandon Rice,"6' 0"""
Mikey Rodriguez,"5' 9"""
Bryce Rudisill,"6' 0"""
Danny Salisbury,"6' 1"""
Serigne Sarre,"6' 2"""
Jacob Slusarski,"6' 1"""
Logan Yi,"6' 4"""
Mateo Zeppieri,"6' 0"""
Carter Aarts,"6' 3"""
Andrew Baumgart,"6' 4"""
Nate Bennett,"6' 3"""
Jacob Brooks,"6' 0"""
Shawn Cameron,"6' 4"""
Andrew Damiani,"6' 1"""
Matthew DelVecchio,"6' 0"""
Jack Dickinson,"6' 3"""
Eddie Dolansky,"6' 2"""
Bobby Filler,"6' 0"""
Luke Glenn,"6' 1"""
Jason Green,"6' 5"""
Carter Hall,"6' 2"""
Eli Hammill,"6' 0"""
Ian Huang,"5' 10"""
CJ Hurley,"6' 2"""
Rees Kozar,"6' 1"""
Vincent Mauro,"6' 2"""
Curtis McKay,"6' 3"""
Ethan McNish-Heider,"6' 3"""
Nate Milk,"6' 0"""
Johnny Montgomery,"6' 3"""
Hayden Morrison,"6' 3"""
John Ondus,"6' 3"""
Carmen Panaro,"5' 11"""
Max Ramirez,"5' 11"""
Camden Sanders,"6' 2"""
Connor Schramm,"5' 9"""
Tyler ViVacqua,"5' 10"""
Evan Wilde,"6' 7"""
Matt Alduino,"6' 0"""
Sam Ametrano,"5' 7"""
Nick Balcom,"6' 3"""
Jack Bryan,"6' 3"""
Cole Constable,"5' 10"""
James Fahan,"6' 1"""
J.C. Franconere,"6' 3"""
Jack Gannon,"6' 4"""
Kyle Garbowski,"6' 3"""
Ryan Hutchinson,"6' 1"""
Alex Irizarry,"5' 10"""
Jack Kabel,"5' 11"""
Johnny Knox,"5' 10"""
Josh Lajoie,"6' 0"""
James Marino,"6' 3"""
Sean McCulloch,"5' 9"""
Sebastian Mueller,"6' 1"""
Christian Nilsen,"6' 4"""
Ryan O'Connell,"6' 6"""
Mike Poncini,"6' 4"""
Andrew Rubayo,"6' 7"""
Griffin Seibel,"6' 1"""
Gabe Wright,"5' 9"""
Sam Wright,"6' 2"""
Luke Zeisloft,"5' 11"""
Gavin Alloway,"6' 2"""
Kyle Batt,"6' 0"""
Christian Bermudez,"5' 8"""
Austin Cannon,"6' 0"""
PJ Craig,"6' 4"""
Peter Crespo,"5' 11"""
Jake Dorety,"5' 10"""
Will Gallagher,"5' 11"""
Lucas Garton,"6' 4"""
Jared Greenzang,"6' 2"""
Erich Hartmann,"6' 1"""
Gavin Hawkes,"5' 10"""
AJ Labrusciano,"6' 2"""
Matt Leahy,"5' 10"""
Charley Magoulick,"6' 4"""
Mike McGinley,"6' 1"""
Colby McNeely,"6' 4"""
Chris Montone,"6' 0"""
Kyle Neri,"5' 11"""
Frank Papeo,"6' 0"""
Anthony Paskell,"5' 11"""
Clayton Poliey,"6' 0"""
Griffin Puvel,"6' 4"""
Jack Ruditzky,"6' 0"""
Nick Shuhet,"6' 1"""
Richie Sica,"6' 1"""
Zach Silfies,"6' 2"""
Joe Tiroly,"6' 0"""
Brian Young,"6' 0"""
Nathan Bowes,"6' 0"""
Joe Cilea,"5' 11"""
Charlie Costello,"5' 10"""
Dante D'Amore,"6' 0"""
Gavin Donohue,"6' 2"""
Ronan Donohue,"6' 0"""
JW Fitzgerald,"6' 0"""
Elijah Foster,"6' 0"""
Dennis Gamester,"6' 0"""
Paul Glenchur,"5' 11"""
Aidan Gray,"6' 5"""
Mitch Hawkins,"6' 0"""
Nick Kane,"6' 4"""
Zack Kovalchik,"6' 3"""
Peter Link,"6' 7"""
Matt Longo,"6' 3"""
Drew Martin,"5' 10"""
Bryan Matuschat,"6' 4"""
Chris Mazza,"6' 2"""
Tim McGuire,"5' 11"""
Steak Newman,"5' 11"""
Spencer Nicely,"6' 4"""
CJ Nolan,"5' 11"""
Ryan Parker,"6' 1"""
Jonathan Peterson,"6' 3"""
Trent Price,"6' 2"""
Ryan Redmond,"6' 4"""
Dan Rice,"5' 10"""
PJ Rogan,"5' 10"""
Lou Stallone,"6' 9"""
Chuck Tallman,"5' 11"""
Joey Trombley,"6' 6"""
Alex Ungar,"6' 2"""
Dave Yorke,"6' 3"""
Rohan Agarwal,"5' 11"""
Logan Baker,"6' 4"""
Charlie Berryman,"6' 1"""
Tyler Cotten,"6' 0"""
Tyler DeClusin,"5' 10"""
David Delgadillo,"5' 11"""
Mike DiForte,"6' 1"""
James Ellis,"5' 10"""
Jack Fitzharris,"5' 10"""
Zach Frasher,"6' 3"""
Caden Goodwin,"6' 4"""
Garrett Greco,"5' 11"""
Nick Izzo,"6' 3"""
Yash Jain,"6' 0"""
Tommy Kendrick,"5' 11"""
Hunter Lefkus,"6' 0"""
Anthony Mancini,"6' 0"""
Alex Manent,"6' 0"""
Cam Martindale,"6' 1"""
Sean Martinez,"5' 11"""
Lance Mittelman,"5' 11"""
Dominic Morabito,"5' 11"""
Will Paxton,"6' 1"""
Scott Radinsky,"6' 0"""
Alex Rakas,"6' 1"""
Ethan Rowland,"5' 11"""
Wilfred Santiago,"6' 1"""
Luke Schwartz,"5' 9"""
Ethan Starks,"5' 10"""
Kurt Thomas,"6' 1"""
Jackson Thorne,"6' 0"""
Zaine Toneske,"6' 2"""
Ashby Vining,"6' 3"""
John Wade,"6' 0"""
Brendon Wilson,"6' 4"""
Sebastian Bentz,"6' 3"""
Nick Bergamotto,"5' 8"""
Marcus Botelho,"6' 5"""
Noah Brooks,"5' 10"""
Sean Camacho,"5' 9"""
Ramsey Collins,"6' 0"""
Joe D'Elia,"6' 0"""
Hunter Daymond,"5' 10"""
Sam Falace,"6' 3"""
MarkAnthony Glickman,"5' 11"""
JT Gunzy,"6' 2"""
Lawson McIntosh,"6' 3"""
Gunnar Meland,"5' 10"""
Alistair Morin,"6' 4"""
Richie Paltridge,"6' 2"""
Aidan Paradine,"6' 0"""
Louis Percival,"6' 0"""
Holden Phelps,"6' 6"""
Owen Pincince,"6' 0"""
Nolan Puglisi,"6' 5"""
Billy Rice,"6' 1"""
Noah Rodriguez,"5' 10"""
Matt Rowe,"6' 1"""
Jeremy Sangalang,"5' 10"""
Evan Saulys,"6' 1"""
Tyler Sausville,"5' 7"""
Jake Sparks,"6' 1"""
Ryan Taffe,"6' 4"""
Josh Thompson,"6' 0"""
Gavin Thorburn,"6' 0"""
Tyler Tilton,"6' 3"""
Vince Venditti,"6' 0"""
Noah Wieczorek,"6' 4"""
Aisea Ahokovi,"6' 3"""
Aeden Alexander,"5' 8"""
Will Allen,"6' 3"""
Kyle Bender,"6' 3"""
Brody Bluhm,"6' 0"""
Matthew Brock,"6' 3"""
Allan Camarillo,"5' 10"""
Josh Chavez,"6' 1"""
Elijah Cook,"5' 11"""
Luke Denos,"6' 1"""
Mikey Easter,"6' 0"""
Jacob Freer,"6' 0"""
Diego Frey,"6' 2"""
Joey Frey,"6' 2"""
Blake Hagerty,"6' 4"""
Jacob Hayes,"6' 5"""
David Hays,"6' 4"""
Tyler Herges,"6' 1"""
Chris Hernandez-Vides,"6' 2"""
Gavin Hunt,"6' 4"""
Gabe Jacobs,"6' 0"""
Cameron Kessel,"5' 9"""
Antonio Lujan,"5' 11"""
Steven Lukasiewicz,"6' 3"""
Dominic Martinez,"5' 10"""
Will Medina,"5' 11"""
Elijah Morgan,"5' 11"""
Danny O'Neill,"6' 0"""
Michael Padilla,"6' 3"""
Damian Pasillas,"6' 1"""
Doug Pyle,"6' 4"""
Bryce Robinette,"5' 9"""
Keegan Rodin,"6' 0"""
Gavino Rosales,"5' 10"""
Edwin Segovia,"5' 8"""
Casey Spencer,"5' 9"""
Brody Sprinkle,"6' 3"""
Joel Tornero,"6' 0"""
Ethan Toyama,"5' 10"""
Jake Vargas,"6' 5"""
Danny Yanez,"6' 3"""
Dylan Alanis,"6' 0"""
Luke Ballantyne,"5' 10"""
Caleb Bennett,"6' 3"""
Taj Brar,"5' 9"""
Luke Caruso,"5' 11"""
Tristan Cazel,"6' 0"""
Ty Cowley,"6' 4"""
Aidan Cube,"6' 3"""
Josh Eigenbrodt,"6' 0"""
Nico Hagadorn,"5' 10"""
Nathan Hernandez,"6' 2"""
John Iacono,"5' 10"""
Hunter Kaul,"6' 1"""
Tommy Kendlinger,"6' 0"""
Isaiah Leon,"5' 11"""
Sam Lisiak,"6' 3"""
Nick Madole,"5' 11"""
Gabe Magallan,"5' 10"""
Josh McAninch,"6' 1"""
Chris McClean,"6' 0"""
Jack O'Brasky,"6' 0"""
Jack O'Brien,"6' 4"""
Kyle Osterhage,"6' 2"""
Ashton Pass,"5' 6"""
Noah Ruiz,"5' 10"""
Jacob Talbott,"6' 0"""
Jonny Tewinkle,"6' 2"""
Cole Thomson,"6' 0"""
Adiel Torres,"6' 0"""
Blake Wentz,"6' 3"""
Cole Wentz,"5' 10"""
Nicholas Whippo,"6' 0"""
James Whitman,"6' 6"""
Drew Zittel,"6' 4"""
Jaren Banis,"5' 7"""
Hunter Belmodis,"5' 8"""
Brayden Braga,"6' 0"""
Sebastian Castro,"5' 10"""
Rhyn Chambers,"6' 1"""
Harrison Clark,"6' 2"""
Chris Cody,"6' 2"""
Joseph Cossette,"6' 4"""
Jack Dorn,"6' 4"""
Joe DuCoeur,"5' 11"""
Mac Elske,"6' 2"""
Cade Fujii,"5' 10"""
Tyler Geivet,"6' 2"""
Alex Greb,"6' 3"""
Jake Harper,"5' 9"""
Reyn Kapua,"5' 11"""
Andrew Karns,"6' 0"""
Kia'i Kawai,"5' 7"""
Caleb Kim,"6' 1"""
Casey Kudell,"6' 0"""
Skylar Lenihan,"6' 1"""
Aydan Lobetos,"5' 10"""
Jacob Mantiply,"5' 11"""
Trysten Mooney,"6' 0"""
Benny Nazario,"5' 10"""
Anthony Ocanas,"6' 0"""
Zion Palea,"6' 1"""
Brennen Panis,"5' 10"""
Max Patterson,"6' 0"""
Joseph Perez,"6' 3"""
Ace Perry,"6' 0"""
Ryan Shimabukuro,"6' 0"""
Xavier Stoker,"6' 2"""
Neville Till,"6' 6"""
Jace Tsutomi,"5' 8"""
Safea Villaruz-Mauai,"6' 2"""
Brayden Wells,"6' 2"""
Evon Williams,"6' 1"""
Mac Zawistoski,"6' 1"""
Luis Acevedo,"5' 11"""
David Baruch,"5' 11"""
Jordan Bolden,"6' 1"""
Luka Brancato,"6' 1"""
Jake Covey,"6' 4"""
Makamae Du Pont,"6' 1"""
Haku Dudoit,"5' 10"""
Nic Erickson,NA
Tank Espalin,"6' 0"""
Vito Fowler,"5' 10"""
Owen Gott,"5' 10"""
Kaipo Haole,"6' 0"""
Nathan Hunter,NA
Jack Hyde,"6' 2"""
Kaj James,"6' 3"""
Matthew Kaiser,"6' 1"""
Jamison King,"5' 11"""
Richie Kingsborough,"5' 9"""
Evan Langer,"6' 0"""
Wyatt Madison,"5' 11"""
Daniel Madrigal,NA
Troy May,"6' 2"""
Conor Meehan,"6' 1"""
Michael Mira,"5' 9"""
Dominic Nunes,"6' 0"""
Anthony Pacino,NA
Josh Pugh,"6' 2"""
Niko Santamaria,"6' 0"""
Cameron Sims,"6' 0"""
Cameron Slessor,"6' 1"""
Landry Spitler,"5' 11"""
Peyton von Kaenel,"6' 6"""
Sawyer Voortman,"6' 0"""
Isaiah Walz,"5' 10"""
Scott Wood,"6' 2"""
Dalton Alford,NA
Trent Avitia,"6' 1"""
Ethan Baird,"5' 10"""
Andrew Barger,"6' 2"""
Micah Barkenhagen,"6' 0"""
Matt Bettencourt,"6' 0"""
Cole Brincefield,"6' 1"""
Austin Cappas,"5' 9"""
Luke Carr,NA
Bret Carrell,"5' 10"""
Chris Clement,"6' 0"""
Zach Dennis,"6' 5"""
Darryl Dilworth,"6' 1"""
Gavin Enns,"5' 10"""
Evan Fanconi,"5' 11"""
Kolin Fukuki,"5' 10"""
Cameron Gallardo,"6' 2"""
Joseph Gamber,"6' 1"""
Michael Gomez,"6' 1"""
Gabe Henderson,"5' 11"""
Orin Hirschkorn,"6' 3"""
Trent Mallonee,"5' 11"""
Aaron Martinez,"6' 1"""
Derek McNary,"6' 3"""
Josh Moreno,"5' 11"""
Josh Nixon,"6' 2"""
Josiah O'Bannon,"6' 2"""
Garrett Perkins,"6' 3"""
Shane Pursell,"5' 11"""
Roman Rosales,NA
Tim Ruiz,"5' 11"""
Carson Sandoval,"6' 1"""
Connor Semone,"6' 5"""
Dylan Senneway,"6' 0"""
Tejean Smith,"5' 10"""
Jacob Solorio,"6' 2"""
Cade Stuart,"5' 10"""
Harry Tooze,"6' 0"""
Ethan Tsui,"5' 10"""
Jake Turley,"6' 4"""
Bodhi Verners,"6' 0"""
Jordan VerSteeg,"6' 2"""
Austin Watson,"6' 0"""
Eric Wilson,"6' 0"""
Craig Yanagihara,"6' 4"""
Skyler Agnew,"6' 1"""
Jett Ah Sam,"5' 10"""
Luigi Albano-Dito,"6' 4"""
Landen Argabright,"5' 10"""
Tyler Arnold,"5' 10"""
Shea Blanchard,"6' 0"""
Noah Blythe,"6' 3"""
Kaimana Burgo,"5' 7"""
Cooper Donlin,"6' 0"""
Steven Escarcega,"6' 0"""
Enrique Espinoza,"6' 3"""
Jayden Gabrillo,"5' 8"""
Troy Harding,"6' 0"""
Noah Hata,"5' 9"""
Kainoa Holt,"6' 1"""
Conor Hourigan,"6' 2"""
Ryan Inouye,"5' 9"""
Daniel Johnson,"5' 11"""
Carter Jones,"6' 1"""
Brennan Kettle,"6' 0"""
Vicente Molina,"6' 0"""
Ethan Murakoshi,"5' 10"""
Andrew Nykoluk,"5' 10"""
Jordan Otjen,"6' 2"""
Cristian Padilla,"6' 0"""
Frankie Peralez,"5' 7"""
Makana Quia,"6' 2"""
Bronson Rivera,"6' 3"""
Drew Sanidad,"5' 9"""
Ryan Schuelke,"6' 3"""
Keanu Spenser,"6' 1"""
Kan Taguchi,"6' 0"""
Jacob Vanek,"6' 1"""
Owen Wessel,"5' 8"""
Kalei Alana,"5' 11"""
Michael Bonenfant,"6' 7"""
Kyle Casados,"5' 10"""
David Celoski,"6' 1"""
Mason Cook,"5' 11"""
Luke Dickson,"6' 4"""
Christian Dominno,"5' 10"""
Mark Fedro,"6' 2"""
Sebastian Garcia,"6' 2"""
Nate Gray,"6' 0"""
Logan Groff,"6' 2"""
Elias Harrington,"6' 0"""
Devin Hayashi,"5' 6"""
Brayden Hiraki,"5' 9"""
Tui Ickes,"5' 11"""
Reece Kadota,"5' 5"""
Noah Lane,"6' 2"""
Bryce Lindberg,"6' 0"""
Braden Lowe,"6' 1"""
Devin Meyer,"5' 9"""
Cody Min,"5' 9"""
Braeden Mondeau,"5' 10"""
Noah Nakaoka,"5' 11"""
John Navarro,"5' 11"""
Evan Odin,"6' 1"""
Vance Oshiro,"5' 9"""
Dane Palimo'o,"5' 8"""
Noah Pang,"5' 9"""
Xavier Pressley,"5' 11"""
Ethan Salscheider,"5' 10"""
Arthur Soto,"5' 11"""
Sy Stephens,"6' 0"""
Tyrus Stephens,"6' 0"""
Chris Varljen,"5' 9"""
Brandon Wada,"5' 10"""
Chris Albee,"5' 10"""
Cole Anderson,"5' 10"""
Drew Andrews,"5' 8"""
Cody Antone,"5' 11"""
Diego Chavez,"6' 1"""
Jerry Coakley,"6' 2"""
Kyle Deering,"6' 1"""
Blake Geffert,"6' 1"""
Jack Grant,"6' 0"""
Gavin Guard,"5' 11"""
Gabe Harris,"5' 9"""
Cole Hazel,"6' 2"""
Riley Houghtby,"6' 0"""
Kade Hue,"5' 10"""
Kayde Iranon,"6' 2"""
Ryan Irvine,"6' 2"""
Aiden Isola,"6' 0"""
Loren Iwata,"5' 9"""
Tyler Lamperti,"6' 1"""
Mike Lavigne,"5' 7"""
Caleb Markwith,"6' 3"""
Micah Marquez,"5' 10"""
Donald Miller,"6' 2"""
Joey Miller,"6' 2"""
Tyler Moore,"6' 0"""
Jake Morell,"6' 4"""
Tony Otis,"6' 0"""
Dominic Ott,"5' 10"""
Bryce Petrilla,"6' 2"""
Nick Poss,"5' 11"""
Jason Riviello,"6' 2"""
Rudy Rodriguez,"6' 1"""
Ryan Stone,"6' 2"""
Hailama Swartman,"6' 5"""
Mason Tassano,"5' 9"""
Nolan Thebiay,"6' 4"""
Eric Vasser,"6' 2"""
Richie Vidal,"6' 2"""
Landon Weiss,"5' 9"""
Evan Williams,"6' 0"""
Koby Williams,"6' 3"""
Beau Yasui,"5' 9"""
Braydon Allie,"5' 10"""
Lakin Anderson,"6' 2"""
Chase Barsotti,"5' 11"""
Scott Beadles,"6' 1"""
Tyler Brazil,"6' 1"""
Samuel Brewer,"6' 2"""
Zach Dyer,"5' 10"""
Justin Flannery,"5' 10"""
Jaden Fulsher,"6' 0"""
Jackson Gomes,"6' 1"""
Sam Grannes,"6' 3"""
Carter Harris,"5' 7"""
Chase Hilde,"5' 11"""
Donovan Kerr,"5' 10"""
Richard Kiel,"6' 5"""
Nick Liechty,"5' 10"""
Brandon Moreno,"6' 0"""
Bradley Morris,"5' 10"""
Matt Morrison,"6' 2"""
Wesley Payne,"6' 6"""
Nolan Rodriguez,"6' 1"""
Landon Rowland,"6' 3"""
Keenan Shaw,"5' 11"""
Trey Silva,"6' 4"""
Anthony Tellez,"6' 1"""
Sam Thawley,"6' 0"""
Ramone Valenzuela,"6' 0"""
Matthew Verdugo,"6' 1"""
Jake Warkentien,"6' 1"""
Charlie Williams,"6' 8"""
Brayden Wilson,"5' 10"""
Jayshaun Wise,"6' 2"""
Matthew Zarriello,"6' 2"""
Aiden Arriaga,"5' 10"""
Matt Bernath,"5' 10"""
Bobby Brown,"6' 1"""
Jack Bunnell,"5' 9"""
Ray Cebulski,"6' 1"""
Darren Cho,"6' 1"""
Colin Driscoll,"6' 2"""
Jake Entrekin,"6' 1"""
Kenny Esposito,"6' 2"""
Tanner Forbus,"5' 11"""
Jordan Green,"5' 11"""
Levi Ham,"6' 3"""
Bryson Hashimoto,"6' 0"""
Branden Jackel,"6' 3"""
Jonathan Kozasky,"6' 1"""
Chris Larkin,"5' 11"""
Kaden Lewis,"6' 0"""
Owen May,"6' 1"""
Brock Mayer,"6' 1"""
Noah Meffert,"6' 1"""
Tommy Molina,"5' 11"""
Owen Peake,"6' 4"""
Luke Reece,"5' 11"""
Josiah Rodriguez,"6' 0"""
Mike Sarhatt,"6' 6"""
Jake Schwartz,"6' 0"""
Nate Ward,"6' 8"""
Zak White,"6' 4"""
Nathan Woodside,"5' 7"""
Khoi Anderson,"5' 10"""
Evan Avitia,"6' 0"""
Jesus Barreto,"6' 0"""
Fred Buckson,"5' 10"""
Christopher Ceballos,"6' 5"""
Joey Cordola,"6' 2"""
Jacob Cuculich,"6' 5"""
Chase Easter-Hairston,"5' 10"""
Spencer Edmondson,"6' 4"""
Christopher Famolaro,"6' 1"""
Tristan Gallegos,"6' 0"""
Levi Hall,"6' 1"""
Dakota Henson,"6' 5"""
Dylan Henson,"6' 7"""
Abe Hernandez,"6' 0"""
Jake Hiner,"6' 4"""
Mitch Hunter,"6' 5"""
Noah Madole,"5' 10"""
Jarred Mazzaferro,"5' 7"""
Max Montplaisir,"6' 4"""
Jacob Morales,"6' 0"""
Chris Paruleski,"6' 3"""
Brian Paymard,"6' 1"""
Angel Perez,"5' 10"""
Colton Perez,"6' 5"""
Zach Saufl,"6' 3"""
Josh Schleichardt,"6' 0"""
Tyler Shigenaka,"5' 10"""
Pablo Small,"6' 1"""
Trevor Steele,"6' 1"""
Parker Sterton,"5' 10"""
Kegan Wentz,"6' 4"""
Caden Beloian,"5' 10"""
Tanner Beltowski,"6' 1"""
Jack Bollengier,"6' 0"""
Colin Callahan,"5' 11"""
Darian Choi,"5' 11"""
Jesse Di Maggio,"6' 1"""
Trey Dunn,"6' 3"""
Kade Fujioka,"5' 10"""
Chase Goddard,"6' 3"""
Andrew Guidara,"6' 1"""
Hunter Hammond,"6' 5"""
Josh Hickey,"6' 1"""
Shane Hofstadler,"6' 1"""
Tim Horsey,"6' 0"""
Ryan Humphreys,"6' 0"""
Evan Johnson,"5' 11"""
Willis Lacy,"6' 2"""
Tyler McEvoy,"6' 2"""
Bryce McFeely,"6' 1"""
Orion Medeiros,"6' 0"""
Zach Mora,"5' 11"""
AJ Newell,NA
Evan Otte,"6' 3"""
Daniel Patterson,"6' 1"""
Bryan Peck,"6' 2"""
Gavin Reeve,"5' 11"""
Joey Rico,"6' 0"""
Gary Scannavino,"5' 9"""
Dusty Schraeder,"5' 8"""
Michael Soper,"6' 0"""
Brady Spencer,"6' 0"""
Brandon Tatch,"5' 9"""
Isaac Veal,"6' 1"""
Zach Yates,"6' 2"""
Grant Yzermans,"5' 9"""
Alex Adams,"6' 0"""
Cam Anstey,"6' 1"""
Landon Boyd,"6' 0"""
Kayden Bradshaw,"6' 1"""
Bo Brantingham,"6' 5"""
Joey Collier,"6' 0"""
Patrick Davidson,"6' 4"""
Ethan Dillinger,"6' 1"""
Marcus Downing,"6' 3"""
Gaines Estridge,"6' 3"""
Tripp Garrish,"6' 1"""
Gunner Gilmore,"6' 2"""
Sam Hentges,"6' 2"""
Cole Jenkins,"5' 10"""
Van Klein,"6' 0"""
Easton Miller,"6' 1"""
John Mitchell,"6' 1"""
Ben Niednagel,"5' 9"""
T.J. Oster,"5' 9"""
Zach Peters,"5' 9"""
Aaron Reyes,"5' 11"""
Davis Rhyne,"6' 5"""
Charlie Russell,"6' 5"""
Gio Sambito,"6' 2"""
Josh Shropshire,"6' 1"""
Cranz Smelcer,"6' 6"""
Chase Spencer,"6' 1"""
Christian Taylor,"5' 11"""
Dawson Thrush,"6' 0"""
Brooks Ward,"6' 1"""
Cooper Winchester,"5' 11"""
J.D. Wolff,"5' 8"""
Walker Zapp,"5' 11"""
Jack Anker,"6' 2"""
Bryce Armstrong,"6' 4"""
Vic Arreola,"6' 0"""
Cooper Bergman,"6' 2"""
Bobby Blandford,"6' 2"""
Sky Collins,"6' 1"""
Aidan Cremarosa,"6' 3"""
Hayden Crews,"6' 4"""
Owen Faust,"6' 0"""
Jared Galang,"6' 0"""
Murf Gray,"6' 4"""
JT Guerrero,"5' 11"""
Vance Haskins,"6' 1"""
Kaleb Hay,"6' 0"""
Cayden Munster,"6' 3"""
Jacob Pappas,"6' 0"""
Tyler Patrick,"6' 2"""
BJ Rodriguez,"5' 11"""
Jett Ruby,"6' 0"""
Eddie Saldivar,"5' 11"""
Cam Schneider,"6' 3"""
Max Shor,"5' 10"""
Garrett Sinfield,"6' 1"""
Griffen Sotomayor,"6' 0"""
Justin Stransky,"6' 1"""
Drew Townson,"6' 0"""
Lee Treviño,"5' 11"""
Antonio Avila,"6' 2"""
Michael Ball,"5' 10"""
Casey Burfield,"6' 3"""
Alessandro Castro,"6' 0"""
Jake Cumming,"6' 4"""
Dom Desch,"6' 2"""
Jayce Dobie,"6' 2"""
Jacob Doyle,"6' 7"""
Peyton Fosher,"6' 0"""
Zach Garber,"6' 3"""
Billy Ham,"6' 1"""
Jake Harvey,"6' 0"""
Jack Helmholz,"5' 10"""
Mason Hirata,"5' 10"""
Taylor Holder,"6' 1"""
Ian Hughes,"6' 4"""
Jackson Kemmerer,"5' 9"""
Caedon Kottinger,"6' 0"""
Jun Hyuk Kwon,"6' 1"""
Jaden Mason,"6' 2"""
Jack Metcho,"6' 1"""
Ethan O'Neal,"6' 5"""
Ryan Oakes,"6' 2"""
Jack Perotti,"5' 11"""
Donovan Ratfield,"6' 1"""
Logan Saloman,"6' 5"""
Nate Snakenborg,"6' 3"""
Eddie Tierney,"6' 2"""
Daniel Tovar,"5' 11"""
Eric Valdez,"6' 1"""
Jackson Waller,"6' 0"""
Sean Yamaguchi,"5' 10"""
Diego Alvarez,"5' 10"""
Will Asby,"5' 11"""
Ben Baker-Livingston,"6' 2"""
Luke Banister,"5' 10"""
Josh Barnhouse,"6' 6"""
Blake Bell,"6' 4"""
Cooper Brass,"5' 10"""
Akili Carris,"6' 2"""
Ryan Castillo,"6' 2"""
Matt Cornelius,"6' 0"""
Caleb Herd,"5' 9"""
Blake Lehmbeck,"6' 1"""
David Lopez,"6' 2"""
Luke Mansy,"5' 10"""
Josh McAlister,"6' 2"""
Brian McBroom,"6' 0"""
Jack Messmore,"6' 1"""
Shane Miller,"6' 1"""
Cristian Mogen,"6' 0"""
Presley Monteforte,"6' 0"""
Andrew Neil,"5' 11"""
Jordy Oriach,"6' 5"""
Grant Origer,"6' 3"""
Ethan Ott,"6' 2"""
Dayne Pengelly,"6' 3"""
Daxton Purser,"6' 2"""
Justin Still,"6' 3"""
Gene Trujillo,"6' 6"""
Khalil Walker,"5' 10"""
Karsen Waslefsky,"6' 0"""
Tommy White,"6' 4"""
Brodey Williams,"6' 0"""
Luke Wiseman,"6' 0"""
Tye Wood,"5' 10"""
Gage Adams,"6' 0"""
Issac Araiza,"6' 5"""
Daniel Arambula,"6' 0"""
Finley Bates,"5' 10"""
Chris Canada,"6' 7"""
Chris Canavan,"6' 6"""
Xavier Cardenas,"6' 6"""
Evan Escobar,"5' 10"""
Xavier Farnum,"5' 10"""
Keynen Gomez,"6' 1"""
Luke Hayhow,"6' 2"""
Jake Jackson,"6' 6"""
Sammy Kahler,"6' 0"""
Zane Kelly,"6' 0"""
Aaron Kniffin,"6' 0"""
Cody Liscio,"6' 0"""
Dillon Marrisett,"6' 1"""
Alito McBean,"6' 2"""
Evan Miranda,"6' 2"""
CJ Moran,"6' 0"""
Nevan Noonan,"6' 0"""
Kyle Pettigrew,"6' 3"""
Luka Pintar,"6' 2"""
Josh Quezada,"5' 10"""
Peyton Rodgers,"5' 11"""
Garvey Rumary,"6' 3"""
Aidan Russell,"5' 11"""
Drew Rutter,"6' 1"""
Eli Selga,"6' 0"""
Omar Serrano,"6' 4"""
Connor Shaw,"6' 1"""
Evan Sipe,"5' 10"""
Marko Sipila,"6' 4"""
Jonathan Smith,"6' 4"""
Hank Tripaldi,"5' 10"""
Thomas Young,"6' 1"""
Tyler Albanese,"6' 6"""
Dominic Brassesco,"6' 0"""
Trey Brooks,"6' 2"""
Rocco Caballero,"5' 10"""
Kyle Calzadiaz,"6' 3"""
Joey Cammarata,"6' 2"""
Jacob Campagna,"6' 0"""
Zach Chamizo,"5' 11"""
Cade Cushing,"6' 3"""
Raoul Fabian,"6' 0"""
Alex Fernandes,"5' 11"""
Nolan George,"6' 1"""
Drew Giannini,"6' 2"""
Jesse Gutierrez,"6' 0"""
Hunter Hanes,"6' 4"""
Neil Jansen,"5' 10"""
Ishaan Khambal,"5' 11"""
Jared Lewis,"5' 11"""
Jeriah Lewis,"6' 1"""
Jake Maroney,"5' 10"""
EJ McGrew,"6' 1"""
Matteo Mendoza,"6' 0"""
Wade Mountz,"6' 7"""
Antonio Nanez,"5' 11"""
JC Osorio-Agard,"6' 1"""
Brady Pavlovsky,"6' 0"""
Tyson Pereira,"6' 4"""
Emmitt Phinney,"6' 3"""
Timmy Reeve,"6' 0"""
Win Scott,"6' 2"""
Luca Staiano,"6' 6"""
Zach Tallerman,"6' 5"""
David Thomas,"6' 4"""
Jack Vanoncini,"6' 2"""
Cody Albright,"6' 3"""
Dwight Allen,"6' 1"""
Caden Byers,"6' 3"""
Mason Dillow,"6' 1"""
Chase Ditmar,"6' 1"""
Ross Fowler,"6' 3"""
Chase Gallegos,"6' 1"""
Vince Gamberdella,"5' 10"""
Nicky Garritano,"5' 11"""
Jordan Hanson,"6' 6"""
JP Hefft,"5' 9"""
Jayden Hertel,"6' 1"""
Cole Koniarsky,"6' 4"""
Carson Lane,"6' 2"""
Reese Lueck,"6' 1"""
Will Marquart,"6' 0"""
Gio Melchione,"6' 0"""
LJ Mercurius,"6' 4"""
Gunnar Myro,"6' 0"""
Paul Myro,"5' 9"""
Alex Navarrete,"5' 11"""
Brendan O'Sullivan,"6' 1"""
Alex Overbay,"6' 2"""
Isaac Rodriguez,"5' 10"""
Cooper Sheff,"6' 4"""
Sam Simon,"6' 3"""
Colton Sundloff,"6' 5"""
Connor Tallakson,"5' 10"""
Michael Taylor,"6' 2"""
Dean Toigo,"6' 3"""
Evan Vasiliou,"6' 1"""
Bryce Chambers,"6' 0"""
Miles Chandler,"6' 3"""
Will Cresswell,"6' 0"""
Gavin Derr,"6' 1"""
Nick Fazio,"6' 5"""
Emerson Fleck,"6' 2"""
Rylan Haider,"6' 2"""
Max Hartman,"6' 3"""
Ingmar Hutzezon,"6' 4"""
Logan Johnstone,"5' 11"""
Kooper Jones,"6' 1"""
Ely Kennel,"6' 0"""
Nick Lewis,"6' 1"""
Ricco Longo,"5' 9"""
Luke Meyers,"6' 1"""
Griffin Myers,"6' 4"""
Kyler Northrop,"6' 4"""
Ollie Obenour,"5' 11"""
Gavin Roy,"5' 9"""
Gabe Schneider,"6' 5"""
Troy Shepard,"6' 2"""
Jonah Shull,"6' 0"""
Ryan Skjonsby,"6' 3"""
Griffin Smith,"6' 1"""
Trevor Stowe,"6' 1"""
Jake Tedesco,"6' 5"""
Noah Thein,"5' 9"""
Luke Thiele,"6' 0"""
Cole Watterson,"5' 9"""
Jack Weise,"6' 2"""
Kaden Wickersham,"6' 2"""
Kellen Berg,"5' 11"""
Justin Birch,"6' 2"""
Logan Blank,"6' 0"""
Max Bledy,"6' 0"""
Gabe Bustamante,"6' 2"""
Daniel Charron,"5' 10"""
Jake Felton,"6' 0"""
Andre Garza,"5' 10"""
Jonathan Garza,"6' 0"""
Kaden Haffner,"5' 11"""
Garet Hagy,"6' 1"""
Travis Helm,"5' 11"""
Brady Hinkle,"6' 0"""
Noah Juarez,"6' 1"""
Dallas Kaili,"6' 0"""
Ben Leid,"6' 2"""
Trenton Love,"5' 8"""
Devin MacWatters,"6' 3"""
Marcus Manzardo,"6' 0"""
Nolan Mowry,"5' 11"""
Nate Nadeau,"6' 3"""
Logan Pierce,"6' 2"""
Brandham Ponce,"6' 3"""
Joe Rajo,"5' 11"""
Blake Reece,"6' 2"""
Andrew Sharp,"6' 0"""
Logan Thompson,"6' 4"""
Dakota Todd,"6' 1"""
Baba Varner,"5' 11"""
Luke VonGoedert,"6' 3"""
Braden Zadow,"5' 11"""
Scott Artzer,"6' 1"""
Cole Ayala,"5' 10"""
Cole Bakker,"6' 1"""
Malcolm Bartholomew,"6' 3"""
Cole Bertram,"5' 11"""
Kaden Bertram,"6' 3"""
Jackson Betancourt,"6' 1"""
Zack Blaszak,"6' 0"""
Parker Bleggi,"5' 8"""
Mason Brosseau,"6' 1"""
Brennen Chappell,"6' 2"""
Sam Coxen,"6' 2"""
Jarret Elmer,"6' 0"""
Andy Evans,"6' 2"""
Brinkley Evans,"5' 9"""
Espn Fisher,"6' 0"""
Ryker Fortier,"6' 0"""
Ryan Jeffrey,"6' 0"""
Satch Kawakami,"6' 0"""
Kaden Kirshenbaum,"6' 0"""
Nate May,"6' 1"""
Kevin McClellan,"6' 5"""
Nate McDonald,"6' 0"""
Cy Miller,"6' 1"""
Hayden Mullins,"6' 0"""
Jack Nehler,"6' 0"""
Thomas O'Connell,"5' 10"""
Lance Schaaf,"5' 9"""
Lane Seim,"6' 3"""
River Smith,"6' 3"""
Gunner Thompson,"5' 10"""
Bodee Wright,"5' 9"""
Jason Wright,"6' 0"""
Adrian Arechiga,"5' 11"""
Jason Bell,"6' 4"""
Hunter Bennett,"6' 3"""
Josh Bishopp,"6' 2"""
Adam Brooks,"6' 3"""
Gavin Brubaker,"6' 0"""
Carson Burns,"6' 1"""
Nin Burns,"6' 0"""
Cole Calnon,"5' 10"""
Drew Deal,"5' 7"""
Wade Duncan,"6' 0"""
Dillon Eden,"6' 3"""
Cris Enriquez,"6' 0"""
Jett Hamilton,"5' 8"""
Blake Hammond,"6' 3"""
Connor Harrison,"5' 10"""
Jaxon Henderson,"6' 2"""
Liam Herrera,"5' 11"""
Joe Ihli,"6' 2"""
Jeremiah Jacobo,"5' 10"""
Kaleb Karpstein,"6' 0"""
Ernesto Lugo-Canchola,"6' 5"""
Jake Mestas,"5' 8"""
Kellen Newsome,"5' 8"""
Noah Palomares,"5' 7"""
Landen Parker,"6' 0"""
Jakob Rochelle,"6' 0"""
Bryan Rojas,"6' 3"""
Tyson Rutherford,"6' 1"""
Kailer Saunders,"6' 1"""
CD Sharples,"6' 1"""
Tyler Stolfich,"6' 5"""
Carter Walsh,"5' 9"""
Casey Wayne,"6' 4"""
Holt Williams,"6' 4"""
Jonathan Zayas,"6' 0"""
Alohi Arecchi,"5' 6"""
Collin Bell,"6' 1"""
Luke Fulkerson,"6' 4"""
Cade Gibson,"6' 0"""
Tate Gilberts,"5' 9"""
Michael Grubb,"5' 9"""
Alex Hartnett,"6' 2"""
Isaac Hoag,"5' 10"""
Peter Hollabaugh,"6' 0"""
Damon Ingram,"6' 0"""
Wyatt Ishii,"5' 10"""
Aidan Kelly,"5' 10"""
AJ Killion,"5' 10"""
Isaiah Mayfield-Prieto,"6' 3"""
Rylen Miyasaki,"5' 10"""
Bryson Nakamoto,"5' 9"""
Aaron Nease,"6' 3"""
Evan Nicol,"6' 5"""
Luke Petrie,"6' 3"""
EJ Ramones,"5' 8"""
Hunter Sasaki,"5' 10"""
Kyle Schabot,"6' 1"""
Caiden Schultz,"6' 2"""
Jake Schumacher,"5' 11"""
Nikki Scott,"5' 9"""
Spencer Siegel,"6' 5"""
Reilly Smalling,"6' 0"""
Zen Staszkow,"5' 7"""
Kelton Tom,"5' 10"""
Raige Velez,"5' 11"""
Blaze Wong,"6' 2"""
Cole Yonamine,"5' 9"""
Tyler Young,"5' 10"""
Shane Bailey,"6' 3"""
Devin Bell,"6' 4"""
Owen Bischoff,"5' 11"""
Ruben Cedillo,"5' 10"""
Darin Chapman,"5' 10"""
Kade Coombe,"6' 0"""
Ben Edwards,"6' 0"""
Zane Garvey,"6' 4"""
Cedric Gatter,"5' 9"""
Ayden Holker,"6' 5"""
Collin Irwin,"6' 0"""
Andre Jackson,"6' 2"""
Kaynan Kaku,"5' 11"""
Carson Kruckman,"6' 0"""
Logan Larrance,"6' 1"""
Caleb Malloy,"6' 8"""
Aiden Melendrez,"6' 0"""
Jacob Memmott,"6' 5"""
Dylan Mohler,"5' 10"""
Tyler Mohler,"6' 0"""
Owen Murdock,"5' 11"""
Trey Nelson,"6' 4"""
John Oleson,"6' 4"""
Ivan Ruiz,"5' 10"""
Danner Salisbury,"5' 7"""
Robby Shepherd,"6' 2"""
Gunnar Shiotani,"6' 0"""
Grafton Stroup,"6' 0"""
Randy Stultz,"5' 11"""
Dominic Tatone,"5' 8"""
Calvin Tenorio,"5' 7"""
