team_id,team_short,team_full_name,nickname,team_abbrev,location,association,level_group,division,conf_id,conf_name,conf_short,region,logo_url,conf_missing,abbrev_not_unique,source_file
730329600,Cal Poly-Pomona,Cal Poly-Pomona,,CP,Cal Poly-Pomona,NCAA,D2,NCAA D2,d2-california-collegiate-athletic-association,D2 California Collegiate Athletic Association,California Collegiate Athletic Association,,https://static.trumedianetworks.com/images/ncaabaseball/teams/730329600.png?v=2,False,False,D2andD3TeamBio.csv
523800626,Cal State East Bay,California State University  East Bay,Pioneers,CSEB,Cal State East Bay,NCAA,D2,NCAA D2,d2-california-collegiate-athletic-association,D2 California Collegiate Athletic Association,California Collegiate Athletic Association,,https://static.trumedianetworks.com/images/ncaabaseball/teams/523800626.png?v=2,False,False,D2andD3TeamBio.csv
618871964,Cal State San Marcos,Cal State San Marcos,Cougars,CSSM,Cal State San Marcos,NCAA,D2,NCAA D2,d2-california-collegiate-athletic-association,D2 California Collegiate Athletic Association,California Collegiate Athletic Association,,https://static.trumedianetworks.com/images/ncaabaseball/teams/618871964.png?v=2,False,False,D2andD3TeamBio.csv
797746294,Cal State Stanislaus,California State University  Stanislaus,Warriors,CSS,Cal State Stanislaus,NCAA,D2,NCAA D2,d2-california-collegiate-athletic-association,D2 California Collegiate Athletic Association,California Collegiate Athletic Association,,https://static.trumedianetworks.com/images/ncaabaseball/teams/797746294.png?v=2,False,True,D2andD3TeamBio.csv
730200576,Cal State-Dominguez Hills,Cal State-Dominguez Hills,,CSH,Cal State-Dominguez Hills,NCAA,D2,NCAA D2,d2-california-collegiate-athletic-association,D2 California Collegiate Athletic Association,California Collegiate Athletic Association,,https://static.trumedianetworks.com/images/ncaabaseball/teams/730200576.png?v=2,False,False,D2andD3TeamBio.csv
730205952,Cal State-Los Angeles,Cal State-Los Angeles,,CSA,Cal State-Los Angeles,NCAA,D2,NCAA D2,d2-california-collegiate-athletic-association,D2 California Collegiate Athletic Association,California Collegiate Athletic Association,,https://static.trumedianetworks.com/images/ncaabaseball/teams/730205952.png?v=2,False,False,D2andD3TeamBio.csv
730350336,Cal State-Monterey Bay,Cal State-Monterey Bay,,CSB,Cal State-Monterey Bay,NCAA,D2,NCAA D2,d2-california-collegiate-athletic-association,D2 California Collegiate Athletic Association,California Collegiate Athletic Association,,https://static.trumedianetworks.com/images/ncaabaseball/teams/730350336.png?v=2,False,True,D2andD3TeamBio.csv
730239488,Cal State-San Bernardino,Cal State-San Bernardino,,CSB,Cal State-San Bernardino,NCAA,D2,NCAA D2,d2-california-collegiate-athletic-association,D2 California Collegiate Athletic Association,California Collegiate Athletic Association,,https://static.trumedianetworks.com/images/ncaabaseball/teams/730239488.png?v=2,False,True,D2andD3TeamBio.csv
730145536,"California State University, Chico","California State University, Chico",,CSUC,"California State University, Chico",NCAA,D2,NCAA D2,d2-california-collegiate-athletic-association,D2 California Collegiate Athletic Association,California Collegiate Athletic Association,,https://static.trumedianetworks.com/images/ncaabaseball/teams/730145536.png?v=2,False,False,D2andD3TeamBio.csv
730291968,Menlo,Menlo College,,MC,Menlo,NCAA,D2,NCAA D2,d2-california-collegiate-athletic-association,D2 California Collegiate Athletic Association,California Collegiate Athletic Association,,https://static.trumedianetworks.com/images/ncaabaseball/teams/730291968.png?v=2,False,True,D2andD3TeamBio.csv
730224896,Caldwell,Caldwell University,,CU,Caldwell,NCAA,D2,NCAA D2,d2-central-atlantic-collegiate-conference,D2 Central Atlantic Collegiate Conference,Central Atlantic Collegiate Conference,,https://static.trumedianetworks.com/images/ncaabaseball/teams/730224896.png?v=2,False,True,D2andD3TeamBio.csv
730274304,Chestnut Hill,Chestnut Hill College,,CHC,Chestnut Hill,NCAA,D2,NCAA D2,d2-central-atlantic-collegiate-conference,D2 Central Atlantic Collegiate Conference,Central Atlantic Collegiate Conference,,https://static.trumedianetworks.com/images/ncaabaseball/teams/730274304.png?v=2,False,False,D2andD3TeamBio.csv
730387200,Dominican College (N.Y.),Dominican College (N.Y.),,DC,Dominican College (N.Y.),NCAA,D2,NCAA D2,d2-central-atlantic-collegiate-conference,D2 Central Atlantic Collegiate Conference,Central Atlantic Collegiate Conference,,https://static.trumedianetworks.com/images/ncaabaseball/teams/730387200.png?v=2,False,False,D2andD3TeamBio.csv
730282240,Felician,Felician College,,FC,Felician,NCAA,D2,NCAA D2,d2-central-atlantic-collegiate-conference,D2 Central Atlantic Collegiate Conference,Central Atlantic Collegiate Conference,,https://static.trumedianetworks.com/images/ncaabaseball/teams/730282240.png?v=2,False,True,D2andD3TeamBio.csv
514984079,Georgian Court,Georgian Court,Lions,GEOR,Georgian Court,NCAA,D2,NCAA D2,d2-central-atlantic-collegiate-conference,D2 Central Atlantic Collegiate Conference,Central Atlantic Collegiate Conference,,https://static.trumedianetworks.com/images/ncaabaseball/teams/514984079.png?v=2,False,True,D2andD3TeamBio.csv
577494016,Goldey-Beacom,Goldey-Beacom College,,GBC,Goldey-Beacom,NCAA,D2,NCAA D2,d2-central-atlantic-collegiate-conference,D2 Central Atlantic Collegiate Conference,Central Atlantic Collegiate Conference,,https://static.trumedianetworks.com/images/ncaabaseball/teams/577494016.png?v=2,False,False,D2andD3TeamBio.csv
799059612,Holy Family,Holy Family,Tigers,HOLY,Holy Family,NCAA,D2,NCAA D2,d2-central-atlantic-collegiate-conference,D2 Central Atlantic Collegiate Conference,Central Atlantic Collegiate Conference,,https://static.trumedianetworks.com/images/ncaabaseball/teams/799059612.png?v=2,False,False,D2andD3TeamBio.csv
730223360,Post,Post University,,PU,Post,NCAA,D2,NCAA D2,d2-central-atlantic-collegiate-conference,D2 Central Atlantic Collegiate Conference,Central Atlantic Collegiate Conference,,https://static.trumedianetworks.com/images/ncaabaseball/teams/730223360.png?v=2,False,True,D2andD3TeamBio.csv
730377984,The Lincoln University (Pa.),The Lincoln University (Pa.),,TLU,The Lincoln University (Pa.),NCAA,D2,NCAA D2,d2-central-atlantic-collegiate-conference,D2 Central Atlantic Collegiate Conference,Central Atlantic Collegiate Conference,,https://static.trumedianetworks.com/images/ncaabaseball/teams/730377984.png?v=2,False,True,D2andD3TeamBio.csv
626284544,Thomas Jefferson,Thomas Jefferson University,,TJU,Thomas Jefferson,NCAA,D2,NCAA D2,d2-central-atlantic-collegiate-conference,D2 Central Atlantic Collegiate Conference,Central Atlantic Collegiate Conference,,https://static.trumedianetworks.com/images/ncaabaseball/teams/626284544.png?v=2,False,False,D2andD3TeamBio.csv
730376960,University of Bridgeport,University of Bridgeport,,UOB,University of Bridgeport,NCAA,D2,NCAA D2,d2-central-atlantic-collegiate-conference,D2 Central Atlantic Collegiate Conference,Central Atlantic Collegiate Conference,,https://static.trumedianetworks.com/images/ncaabaseball/teams/730376960.png?v=2,False,False,D2andD3TeamBio.csv
730193152,Wilmington,Wilmington University,,WU,Wilmington,NCAA,D2,NCAA D2,d2-central-atlantic-collegiate-conference,D2 Central Atlantic Collegiate Conference,Central Atlantic Collegiate Conference,,https://static.trumedianetworks.com/images/ncaabaseball/teams/730193152.png?v=2,False,True,D2andD3TeamBio.csv
730188800,Barton,Barton College,,BC,Barton,NCAA,D2,NCAA D2,d2-conference-carolinas,D2 Conference Carolinas,Conference Carolinas,,https://static.trumedianetworks.com/images/ncaabaseball/teams/730188800.png?v=2,False,True,D2andD3TeamBio.csv
730285824,Belmont Abbey,Belmont Abbey College,,BAC,Belmont Abbey,NCAA,D2,NCAA D2,d2-conference-carolinas,D2 Conference Carolinas,Conference Carolinas,,https://static.trumedianetworks.com/images/ncaabaseball/teams/730285824.png?v=2,False,False,D2andD3TeamBio.csv
730278912,Chowan,Chowan University,,CU,Chowan,NCAA,D2,NCAA D2,d2-conference-carolinas,D2 Conference Carolinas,Conference Carolinas,,https://static.trumedianetworks.com/images/ncaabaseball/teams/730278912.png?v=2,False,True,D2andD3TeamBio.csv
730345728,Emmanuel College (Ga.),Emmanuel College (Ga.),,EC,Emmanuel College (Ga.),NCAA,D2,NCAA D2,d2-conference-carolinas,D2 Conference Carolinas,Conference Carolinas,,https://static.trumedianetworks.com/images/ncaabaseball/teams/730345728.png?v=2,False,True,D2andD3TeamBio.csv
730241280,Erskine,Erskine College,,EC,Erskine,NCAA,D2,NCAA D2,d2-conference-carolinas,D2 Conference Carolinas,Conference Carolinas,,https://static.trumedianetworks.com/images/ncaabaseball/teams/730241280.png?v=2,False,True,D2andD3TeamBio.csv
783524464,Ferrum College,Ferrum College,Panthers,FERR,Ferrum College,NCAA,D2,NCAA D2,d2-conference-carolinas,D2 Conference Carolinas,Conference Carolinas,,https://static.trumedianetworks.com/images/ncaabaseball/teams/783524464.png?v=2,False,False,D2andD3TeamBio.csv
730185472,Francis Marion,Francis Marion University,,FMU,Francis Marion,NCAA,D2,NCAA D2,d2-conference-carolinas,D2 Conference Carolinas,Conference Carolinas,,https://static.trumedianetworks.com/images/ncaabaseball/teams/730185472.png?v=2,False,False,D2andD3TeamBio.csv
730228992,King,King University,,KU,King,NCAA,D2,NCAA D2,d2-conference-carolinas,D2 Conference Carolinas,Conference Carolinas,,https://static.trumedianetworks.com/images/ncaabaseball/teams/730228992.png?v=2,False,True,D2andD3TeamBio.csv
730268416,North Greenville,North Greenville University,,NGU,North Greenville,NCAA,D2,NCAA D2,d2-conference-carolinas,D2 Conference Carolinas,Conference Carolinas,,https://static.trumedianetworks.com/images/ncaabaseball/teams/730268416.png?v=2,False,False,D2andD3TeamBio.csv
730160896,Shorter,Shorter University,,SU,Shorter,NCAA,D2,NCAA D2,d2-conference-carolinas,D2 Conference Carolinas,Conference Carolinas,,https://static.trumedianetworks.com/images/ncaabaseball/teams/730160896.png?v=2,False,True,D2andD3TeamBio.csv
730313728,Southern Wesleyan,Southern Wesleyan University,,SWU,Southern Wesleyan,NCAA,D2,NCAA D2,d2-conference-carolinas,D2 Conference Carolinas,Conference Carolinas,,https://static.trumedianetworks.com/images/ncaabaseball/teams/730313728.png?v=2,False,False,D2andD3TeamBio.csv
730326528,UNC Pembroke,UNC Pembroke,,UP,UNC Pembroke,NCAA,D2,NCAA D2,d2-conference-carolinas,D2 Conference Carolinas,Conference Carolinas,,https://static.trumedianetworks.com/images/ncaabaseball/teams/730326528.png?v=2,False,False,D2andD3TeamBio.csv
730179072,University of Mount Olive,University of Mount Olive,,MOC,University of Mount Olive,NCAA,D2,NCAA D2,d2-conference-carolinas,D2 Conference Carolinas,Conference Carolinas,,https://static.trumedianetworks.com/images/ncaabaseball/teams/730179072.png?v=2,False,False,D2andD3TeamBio.csv
730244608,Young Harris,Young Harris College,,YHC,Young Harris,NCAA,D2,NCAA D2,d2-conference-carolinas,D2 Conference Carolinas,Conference Carolinas,,https://static.trumedianetworks.com/images/ncaabaseball/teams/730244608.png?v=2,False,False,D2andD3TeamBio.csv
730359296,College of Staten Island,College of Staten Island,,COSI,College of Staten Island,NCAA,D2,NCAA D2,d2-east-coast-conference,D2 East Coast Conference,East Coast Conference,,https://static.trumedianetworks.com/images/ncaabaseball/teams/730359296.png?v=2,False,False,D2andD3TeamBio.csv
504543443,D'Youville College,D'Youville College,Spartans,DYC,D'Youville College,NCAA,D2,NCAA D2,d2-east-coast-conference,D2 East Coast Conference,East Coast Conference,,https://static.trumedianetworks.com/images/ncaabaseball/teams/504543443.png?v=2,False,False,D2andD3TeamBio.csv
730314752,Mercy,Mercy College,,MC,Mercy,NCAA,D2,NCAA D2,d2-east-coast-conference,D2 East Coast Conference,East Coast Conference,,https://static.trumedianetworks.com/images/ncaabaseball/teams/730314752.png?v=2,False,True,D2andD3TeamBio.csv
730320128,Molloy,Molloy College,,MC,Molloy,NCAA,D2,NCAA D2,d2-east-coast-conference,D2 East Coast Conference,East Coast Conference,,https://static.trumedianetworks.com/images/ncaabaseball/teams/730320128.png?v=2,False,True,D2andD3TeamBio.csv
730156800,Queens,Queens College,,QC,Queens,NCAA,D2,NCAA D2,d2-east-coast-conference,D2 East Coast Conference,East Coast Conference,,https://static.trumedianetworks.com/images/ncaabaseball/teams/730156800.png?v=2,False,False,D2andD3TeamBio.csv
730287872,St. Thomas Aquinas,St. Thomas Aquinas College,Spartans,STAC,St. Thomas Aquinas,NCAA,D2,NCAA D2,d2-east-coast-conference,D2 East Coast Conference,East Coast Conference,,https://static.trumedianetworks.com/images/ncaabaseball/teams/730287872.png?v=2,False,False,D2andD3TeamBio.csv
730305536,Arkansas Tech,Arkansas Tech University,,ATU,Arkansas Tech,NCAA,D2,NCAA D2,d2-great-american-conference,D2 Great American Conference,Great American Conference,,https://static.trumedianetworks.com/images/ncaabaseball/teams/730305536.png?v=2,False,False,D2andD3TeamBio.csv
730167808,East Central,East Central University,,ECU,East Central,NCAA,D2,NCAA D2,d2-great-american-conference,D2 Great American Conference,Great American Conference,,https://static.trumedianetworks.com/images/ncaabaseball/teams/730167808.png?v=2,False,False,D2andD3TeamBio.csv
730195968,Harding,Harding University,,HU,Harding,NCAA,D2,NCAA D2,d2-great-american-conference,D2 Great American Conference,Great American Conference,,https://static.trumedianetworks.com/images/ncaabaseball/teams/730195968.png?v=2,False,True,D2andD3TeamBio.csv
730286848,Henderson State,Henderson State University,,HSU,Henderson State,NCAA,D2,NCAA D2,d2-great-american-conference,D2 Great American Conference,Great American Conference,,https://static.trumedianetworks.com/images/ncaabaseball/teams/730286848.png?v=2,False,True,D2andD3TeamBio.csv
730173184,Northwestern Oklahoma State Univ.,Northwestern Oklahoma State Univ.,,NOSU,Northwestern Oklahoma State Univ.,NCAA,D2,NCAA D2,d2-great-american-conference,D2 Great American Conference,Great American Conference,,https://static.trumedianetworks.com/images/ncaabaseball/teams/730173184.png?v=2,False,False,D2andD3TeamBio.csv
608977152,Oklahoma Baptist,Oklahoma Baptist University,,OKB,Oklahoma Baptist,NCAA,D2,NCAA D2,d2-great-american-conference,D2 Great American Conference,Great American Conference,,https://static.trumedianetworks.com/images/ncaabaseball/teams/608977152.png?v=2,False,False,D2andD3TeamBio.csv
730269184,Ouachita Baptist,Ouachita Baptist University,,OBU,Ouachita Baptist,NCAA,D2,NCAA D2,d2-great-american-conference,D2 Great American Conference,Great American Conference,,https://static.trumedianetworks.com/images/ncaabaseball/teams/730269184.png?v=2,False,False,D2andD3TeamBio.csv
730243328,Southeastern Oklahoma State Univ.,Southeastern Oklahoma State Univ.,,SOSU,Southeastern Oklahoma State Univ.,NCAA,D2,NCAA D2,d2-great-american-conference,D2 Great American Conference,Great American Conference,,https://static.trumedianetworks.com/images/ncaabaseball/teams/730243328.png?v=2,False,True,D2andD3TeamBio.csv
730339584,Southern Arkansas,Southern Arkansas University,,SAU,Southern Arkansas,NCAA,D2,NCAA D2,d2-great-american-conference,D2 Great American Conference,Great American Conference,,https://static.trumedianetworks.com/images/ncaabaseball/teams/730339584.png?v=2,False,False,D2andD3TeamBio.csv
730195200,Southern Nazarene,Southern Nazarene University,,SNU,Southern Nazarene,NCAA,D2,NCAA D2,d2-great-american-conference,D2 Great American Conference,Great American Conference,,https://static.trumedianetworks.com/images/ncaabaseball/teams/730195200.png?v=2,False,False,D2andD3TeamBio.csv
730181632,Southwestern Oklahoma State Univ.,Southwestern Oklahoma State Univ.,,SOSU,Southwestern Oklahoma State Univ.,NCAA,D2,NCAA D2,d2-great-american-conference,D2 Great American Conference,Great American Conference,,https://static.trumedianetworks.com/images/ncaabaseball/teams/730181632.png?v=2,False,True,D2andD3TeamBio.csv
730326016,University of Arkansas-Monticello,University of Arkansas-Monticello,,UOA,University of Arkansas-Monticello,NCAA,D2,NCAA D2,d2-great-american-conference,D2 Great American Conference,Great American Conference,,https://static.trumedianetworks.com/images/ncaabaseball/teams/730326016.png?v=2,False,True,D2andD3TeamBio.csv
577507072,Davenport,Davenport University,Panthers,DVNPT,Davenport,NCAA,D2,NCAA D2,d2-great-lakes-intercollegiate-athletic-conference,D2 Great Lakes Intercollegiate Athletic Conference,Great Lakes Intercollegiate Athletic Conference,,https://static.trumedianetworks.com/images/ncaabaseball/teams/577507072.png?v=2,False,False,D2andD3TeamBio.csv
730342912,Grand Valley State,Grand Valley State University,,GVSU,Grand Valley State,NCAA,D2,NCAA D2,d2-great-lakes-intercollegiate-athletic-conference,D2 Great Lakes Intercollegiate Athletic Conference,Great Lakes Intercollegiate Athletic Conference,,https://static.trumedianetworks.com/images/ncaabaseball/teams/730342912.png?v=2,False,False,D2andD3TeamBio.csv
576590080,Purdue University Northwest,Purdue University Northwest,,PNW,Purdue University Northwest,NCAA,D2,NCAA D2,d2-great-lakes-intercollegiate-athletic-conference,D2 Great Lakes Intercollegiate Athletic Conference,Great Lakes Intercollegiate Athletic Conference,,https://static.trumedianetworks.com/images/ncaabaseball/teams/576590080.png?v=2,False,False,D2andD3TeamBio.csv
605673472,Roosevelt Lakers,Roosevelt Lakers,,ROO,Roosevelt Lakers,NCAA,D2,NCAA D2,d2-great-lakes-intercollegiate-athletic-conference,D2 Great Lakes Intercollegiate Athletic Conference,Great Lakes Intercollegiate Athletic Conference,,https://static.trumedianetworks.com/images/ncaabaseball/teams/605673472.png?v=2,False,False,D2andD3TeamBio.csv
730204416,Saginaw Valley State,Saginaw Valley State University,,SVSU,Saginaw Valley State,NCAA,D2,NCAA D2,d2-great-lakes-intercollegiate-athletic-conference,D2 Great Lakes Intercollegiate Athletic Conference,Great Lakes Intercollegiate Athletic Conference,,https://static.trumedianetworks.com/images/ncaabaseball/teams/730204416.png?v=2,False,False,D2andD3TeamBio.csv
730369792,UW-Parkside,University of Wisconsin-Parkside,Rangers,UWPS,UW-Parkside,NCAA,D2,NCAA D2,d2-great-lakes-intercollegiate-athletic-conference,D2 Great Lakes Intercollegiate Athletic Conference,Great Lakes Intercollegiate Athletic Conference,,https://static.trumedianetworks.com/images/ncaabaseball/teams/730369792.png?v=2,False,False,D2andD3TeamBio.csv
730351104,Wayne State,Wayne State University,,WSU,Wayne State,NCAA,D2,NCAA D2,d2-great-lakes-intercollegiate-athletic-conference,D2 Great Lakes Intercollegiate Athletic Conference,Great Lakes Intercollegiate Athletic Conference,,https://static.trumedianetworks.com/images/ncaabaseball/teams/730351104.png?v=2,False,True,D2andD3TeamBio.csv
730254080,Drury,Drury University,,DU,Drury,NCAA,D2,NCAA D2,d2-great-lakes-valley-conference,D2 Great Lakes Valley Conference,Great Lakes Valley Conference,,https://static.trumedianetworks.com/images/ncaabaseball/teams/730254080.png?v=2,False,True,D2andD3TeamBio.csv
730147328,Lewis,Lewis University,,LU,Lewis,NCAA,D2,NCAA D2,d2-great-lakes-valley-conference,D2 Great Lakes Valley Conference,Great Lakes Valley Conference,,https://static.trumedianetworks.com/images/ncaabaseball/teams/730147328.png?v=2,False,True,D2andD3TeamBio.csv
778445908,Lincoln (MO),Lincoln University (Missouri),Blue Tigers,LMO,Lincoln (MO),NCAA,D2,NCAA D2,d2-great-lakes-valley-conference,D2 Great Lakes Valley Conference,Great Lakes Valley Conference,,https://static.trumedianetworks.com/images/ncaabaseball/teams/778445908.png?v=2,False,False,D2andD3TeamBio.csv
730161408,Maryville University of Saint Louis,Maryville University of Saint Louis,,MUOSL,Maryville University of Saint Louis,NCAA,D2,NCAA D2,d2-great-lakes-valley-conference,D2 Great Lakes Valley Conference,Great Lakes Valley Conference,,https://static.trumedianetworks.com/images/ncaabaseball/teams/730161408.png?v=2,False,False,D2andD3TeamBio.csv
730371328,McKendree,McKendree University,Bearcats,MCKN,McKendree,NCAA,D2,NCAA D2,d2-great-lakes-valley-conference,D2 Great Lakes Valley Conference,Great Lakes Valley Conference,,https://static.trumedianetworks.com/images/ncaabaseball/teams/730371328.png?v=2,False,False,D2andD3TeamBio.csv
730264320,Missouri S&T,Missouri S&T,,MS,Missouri S&T,NCAA,D2,NCAA D2,d2-great-lakes-valley-conference,D2 Great Lakes Valley Conference,Great Lakes Valley Conference,,https://static.trumedianetworks.com/images/ncaabaseball/teams/730264320.png?v=2,False,False,D2andD3TeamBio.csv
730305792,Quincy,Quincy University,,QU,Quincy,NCAA,D2,NCAA D2,d2-great-lakes-valley-conference,D2 Great Lakes Valley Conference,Great Lakes Valley Conference,,https://static.trumedianetworks.com/images/ncaabaseball/teams/730305792.png?v=2,False,False,D2andD3TeamBio.csv
730294272,Rockhurst,Rockhurst University,Hawks,ROCK,Rockhurst,NCAA,D2,NCAA D2,d2-great-lakes-valley-conference,D2 Great Lakes Valley Conference,Great Lakes Valley Conference,,https://static.trumedianetworks.com/images/ncaabaseball/teams/730294272.png?v=2,False,True,D2andD3TeamBio.csv
730382080,Southwest Baptist,Southwest Baptist University,,SBU,Southwest Baptist,NCAA,D2,NCAA D2,d2-great-lakes-valley-conference,D2 Great Lakes Valley Conference,Great Lakes Valley Conference,,https://static.trumedianetworks.com/images/ncaabaseball/teams/730382080.png?v=2,False,False,D2andD3TeamBio.csv
730304512,Truman State,Truman State University,,TSU,Truman State,NCAA,D2,NCAA D2,d2-great-lakes-valley-conference,D2 Great Lakes Valley Conference,Great Lakes Valley Conference,,https://static.trumedianetworks.com/images/ncaabaseball/teams/730304512.png?v=2,False,False,D2andD3TeamBio.csv
730380800,University of Illinois-Springfield,University of Illinois-Springfield,,UOI,University of Illinois-Springfield,NCAA,D2,NCAA D2,d2-great-lakes-valley-conference,D2 Great Lakes Valley Conference,Great Lakes Valley Conference,,https://static.trumedianetworks.com/images/ncaabaseball/teams/730380800.png?v=2,False,True,D2andD3TeamBio.csv
730222080,University of Indianapolis,University of Indianapolis,,UOI,University of Indianapolis,NCAA,D2,NCAA D2,d2-great-lakes-valley-conference,D2 Great Lakes Valley Conference,Great Lakes Valley Conference,,https://static.trumedianetworks.com/images/ncaabaseball/teams/730222080.png?v=2,False,True,D2andD3TeamBio.csv
730279168,University of Missouri-St. Louis,University of Missouri-St. Louis,,UOML,University of Missouri-St. Louis,NCAA,D2,NCAA D2,d2-great-lakes-valley-conference,D2 Great Lakes Valley Conference,Great Lakes Valley Conference,,https://static.trumedianetworks.com/images/ncaabaseball/teams/730279168.png?v=2,False,False,D2andD3TeamBio.csv
730171136,Upper Iowa,Upper Iowa University,,UIU,Upper Iowa,NCAA,D2,NCAA D2,d2-great-lakes-valley-conference,D2 Great Lakes Valley Conference,Great Lakes Valley Conference,,https://static.trumedianetworks.com/images/ncaabaseball/teams/730171136.png?v=2,False,False,D2andD3TeamBio.csv
730175744,William Jewell,William Jewell College,,WJC,William Jewell,NCAA,D2,NCAA D2,d2-great-lakes-valley-conference,D2 Great Lakes Valley Conference,Great Lakes Valley Conference,,https://static.trumedianetworks.com/images/ncaabaseball/teams/730175744.png?v=2,False,False,D2andD3TeamBio.csv
730205696,Ashland,Ashland University,,AU,Ashland,NCAA,D2,NCAA D2,d2-great-midwest-athletic-conference,D2 Great Midwest Athletic Conference,Great Midwest Athletic Conference,,https://static.trumedianetworks.com/images/ncaabaseball/teams/730205696.png?v=2,False,True,D2andD3TeamBio.csv
730336768,Cedarville,Cedarville University,,CU,Cedarville,NCAA,D2,NCAA D2,d2-great-midwest-athletic-conference,D2 Great Midwest Athletic Conference,Great Midwest Athletic Conference,,https://static.trumedianetworks.com/images/ncaabaseball/teams/730336768.png?v=2,False,True,D2andD3TeamBio.csv
730308608,Hillsdale,Hillsdale College,,HC,Hillsdale,NCAA,D2,NCAA D2,d2-great-midwest-athletic-conference,D2 Great Midwest Athletic Conference,Great Midwest Athletic Conference,,https://static.trumedianetworks.com/images/ncaabaseball/teams/730308608.png?v=2,False,True,D2andD3TeamBio.csv
730269952,Kentucky Wesleyan,Kentucky Wesleyan College,,KWC,Kentucky Wesleyan,NCAA,D2,NCAA D2,d2-great-midwest-athletic-conference,D2 Great Midwest Athletic Conference,Great Midwest Athletic Conference,,https://static.trumedianetworks.com/images/ncaabaseball/teams/730269952.png?v=2,False,False,D2andD3TeamBio.csv
730332928,Lake Erie,Lake Erie College,,LEC,Lake Erie,NCAA,D2,NCAA D2,d2-great-midwest-athletic-conference,D2 Great Midwest Athletic Conference,Great Midwest Athletic Conference,,https://static.trumedianetworks.com/images/ncaabaseball/teams/730332928.png?v=2,False,False,D2andD3TeamBio.csv
730188544,Malone,Malone University,Pioneers,MU,Malone,NCAA,D2,NCAA D2,d2-great-midwest-athletic-conference,D2 Great Midwest Athletic Conference,Great Midwest Athletic Conference,,https://static.trumedianetworks.com/images/ncaabaseball/teams/730188544.png?v=2,False,True,D2andD3TeamBio.csv
730312960,Northwood,Northwood University (Michigan),Timberwolves,NWOOD,Northwood,NCAA,D2,NCAA D2,d2-great-midwest-athletic-conference,D2 Great Midwest Athletic Conference,Great Midwest Athletic Conference,,https://static.trumedianetworks.com/images/ncaabaseball/teams/730312960.png?v=2,False,False,D2andD3TeamBio.csv
730222848,Ohio Dominican,Ohio Dominican University,,ODU,Ohio Dominican,NCAA,D2,NCAA D2,d2-great-midwest-athletic-conference,D2 Great Midwest Athletic Conference,Great Midwest Athletic Conference,,https://static.trumedianetworks.com/images/ncaabaseball/teams/730222848.png?v=2,False,False,D2andD3TeamBio.csv
730226176,Thomas More,Thomas More College,,TMC,Thomas More,NCAA,D2,NCAA D2,d2-great-midwest-athletic-conference,D2 Great Midwest Athletic Conference,Great Midwest Athletic Conference,,https://static.trumedianetworks.com/images/ncaabaseball/teams/730226176.png?v=2,False,True,D2andD3TeamBio.csv
730358272,Tiffin,Tiffin University,Dragons,TIFF,Tiffin,NCAA,D2,NCAA D2,d2-great-midwest-athletic-conference,D2 Great Midwest Athletic Conference,Great Midwest Athletic Conference,,https://static.trumedianetworks.com/images/ncaabaseball/teams/730358272.png?v=2,False,False,D2andD3TeamBio.csv
730162176,University of Findlay,University of Findlay,,UOF,University of Findlay,NCAA,D2,NCAA D2,d2-great-midwest-athletic-conference,D2 Great Midwest Athletic Conference,Great Midwest Athletic Conference,,https://static.trumedianetworks.com/images/ncaabaseball/teams/730162176.png?v=2,False,False,D2andD3TeamBio.csv
730377472,Walsh,Walsh University,,WU,Walsh,NCAA,D2,NCAA D2,d2-great-midwest-athletic-conference,D2 Great Midwest Athletic Conference,Great Midwest Athletic Conference,,https://static.trumedianetworks.com/images/ncaabaseball/teams/730377472.png?v=2,False,True,D2andD3TeamBio.csv
730337280,Central Washington,Central Washington University,,CWU,Central Washington,NCAA,D2,NCAA D2,d2-great-northwest-athletic-conference,D2 Great Northwest Athletic Conference,Great Northwest Athletic Conference,,https://static.trumedianetworks.com/images/ncaabaseball/teams/730337280.png?v=2,False,False,D2andD3TeamBio.csv
730262784,Montana St. University Billings,Montana St. University Billings,,MSUB,Montana St. University Billings,NCAA,D2,NCAA D2,d2-great-northwest-athletic-conference,D2 Great Northwest Athletic Conference,Great Northwest Athletic Conference,,https://static.trumedianetworks.com/images/ncaabaseball/teams/730262784.png?v=2,False,False,D2andD3TeamBio.csv
730385152,Northwest Nazarene,Northwest Nazarene University,,NNU,Northwest Nazarene,NCAA,D2,NCAA D2,d2-great-northwest-athletic-conference,D2 Great Northwest Athletic Conference,Great Northwest Athletic Conference,,https://static.trumedianetworks.com/images/ncaabaseball/teams/730385152.png?v=2,False,False,D2andD3TeamBio.csv
730355968,Saint Martin's,Saint Martin's University,,SMU,Saint Martin's,NCAA,D2,NCAA D2,d2-great-northwest-athletic-conference,D2 Great Northwest Athletic Conference,Great Northwest Athletic Conference,,https://static.trumedianetworks.com/images/ncaabaseball/teams/730355968.png?v=2,False,True,D2andD3TeamBio.csv
730149632,Western Oregon,Western Oregon University,,WOU,Western Oregon,NCAA,D2,NCAA D2,d2-great-northwest-athletic-conference,D2 Great Northwest Athletic Conference,Great Northwest Athletic Conference,,https://static.trumedianetworks.com/images/ncaabaseball/teams/730149632.png?v=2,False,False,D2andD3TeamBio.csv
774756608,Auburn Montgomery,Auburn Montgomery,,AUBMNT,Auburn Montgomery,NCAA,D2,NCAA D2,d2-gulf-south-conference,D2 Gulf South Conference,Gulf South Conference,,https://static.trumedianetworks.com/images/ncaabaseball/teams/774756608.png?v=2,False,False,D2andD3TeamBio.csv
730330368,Christian Brothers,Christian Brothers University,Bucs,CHB,Christian Brothers,NCAA,D2,NCAA D2,d2-gulf-south-conference,D2 Gulf South Conference,Gulf South Conference,,https://static.trumedianetworks.com/images/ncaabaseball/teams/730330368.png?v=2,False,False,D2andD3TeamBio.csv
730183424,Delta State,Delta State University,Statesmen,DLTA,Delta State,NCAA,D2,NCAA D2,d2-gulf-south-conference,D2 Gulf South Conference,Gulf South Conference,,https://static.trumedianetworks.com/images/ncaabaseball/teams/730183424.png?v=2,False,False,D2andD3TeamBio.csv
730319360,Lee,Lee University,,LU,Lee,NCAA,D2,NCAA D2,d2-gulf-south-conference,D2 Gulf South Conference,Gulf South Conference,,https://static.trumedianetworks.com/images/ncaabaseball/teams/730319360.png?v=2,False,True,D2andD3TeamBio.csv
730204160,Mississippi,Mississippi College,,MC,Mississippi,NCAA,D2,NCAA D2,d2-gulf-south-conference,D2 Gulf South Conference,Gulf South Conference,,https://static.trumedianetworks.com/images/ncaabaseball/teams/730204160.png?v=2,False,True,D2andD3TeamBio.csv
730340864,Trevecca Nazarene,Trevecca Nazarene University,,TNU,Trevecca Nazarene,NCAA,D2,NCAA D2,d2-gulf-south-conference,D2 Gulf South Conference,Gulf South Conference,,https://static.trumedianetworks.com/images/ncaabaseball/teams/730340864.png?v=2,False,False,D2andD3TeamBio.csv
730266368,Union (TN),Union University (Tenn.),Bulldogs,UNIO,Union (TN),NCAA,D2,NCAA D2,d2-gulf-south-conference,D2 Gulf South Conference,Gulf South Conference,,https://static.trumedianetworks.com/images/ncaabaseball/teams/730266368.png?v=2,False,True,D2andD3TeamBio.csv
730160384,University of Alabama-Huntsville,University of Alabama-Huntsville,,UOA,University of Alabama-Huntsville,NCAA,D2,NCAA D2,d2-gulf-south-conference,D2 Gulf South Conference,Gulf South Conference,,https://static.trumedianetworks.com/images/ncaabaseball/teams/730160384.png?v=2,False,True,D2andD3TeamBio.csv
730370816,University of Montevallo,University of Montevallo,,UOM,University of Montevallo,NCAA,D2,NCAA D2,d2-gulf-south-conference,D2 Gulf South Conference,Gulf South Conference,,https://static.trumedianetworks.com/images/ncaabaseball/teams/730370816.png?v=2,False,True,D2andD3TeamBio.csv
730360576,University of West Alabama,University of West Alabama,,UOWA,University of West Alabama,NCAA,D2,NCAA D2,d2-gulf-south-conference,D2 Gulf South Conference,Gulf South Conference,,https://static.trumedianetworks.com/images/ncaabaseball/teams/730360576.png?v=2,False,False,D2andD3TeamBio.csv
730338048,University of West Florida,University of West Florida,,UOWF,University of West Florida,NCAA,D2,NCAA D2,d2-gulf-south-conference,D2 Gulf South Conference,Gulf South Conference,,https://static.trumedianetworks.com/images/ncaabaseball/teams/730338048.png?v=2,False,False,D2andD3TeamBio.csv
730219008,Valdosta State,Valdosta State University,,VSU,Valdosta State,NCAA,D2,NCAA D2,d2-gulf-south-conference,D2 Gulf South Conference,Gulf South Conference,,https://static.trumedianetworks.com/images/ncaabaseball/teams/730219008.png?v=2,False,True,D2andD3TeamBio.csv
730242816,Bluefield State,Bluefield State College,,BSC,Bluefield State,NCAA,D2,NCAA D2,d2-independent,D2 Independent,Independent,,https://static.trumedianetworks.com/images/ncaabaseball/teams/730242816.png?v=2,False,True,D2andD3TeamBio.csv
730192384,Salem International,Salem International University,,SIU,Salem International,NCAA,D2,NCAA D2,d2-independent,D2 Independent,Independent,,https://static.trumedianetworks.com/images/ncaabaseball/teams/730192384.png?v=2,False,False,D2andD3TeamBio.csv
730358528,Virginia State,Virginia State University,,VSU,Virginia State,NCAA,D2,NCAA D2,d2-independent,D2 Independent,Independent,,https://static.trumedianetworks.com/images/ncaabaseball/teams/730358528.png?v=2,False,True,D2andD3TeamBio.csv
730381568,Angelo State,Angelo State University,,ASU,Angelo State,NCAA,D2,NCAA D2,d2-lone-star-conference,D2 Lone Star Conference,Lone Star Conference,,https://static.trumedianetworks.com/images/ncaabaseball/teams/730381568.png?v=2,False,True,D2andD3TeamBio.csv
730180352,Cameron,Cameron University,,CU,Cameron,NCAA,D2,NCAA D2,d2-lone-star-conference,D2 Lone Star Conference,Lone Star Conference,,https://static.trumedianetworks.com/images/ncaabaseball/teams/730180352.png?v=2,False,True,D2andD3TeamBio.csv
730182400,Eastern New Mexico,Eastern New Mexico University,,ENMU,Eastern New Mexico,NCAA,D2,NCAA D2,d2-lone-star-conference,D2 Lone Star Conference,Lone Star Conference,,https://static.trumedianetworks.com/images/ncaabaseball/teams/730182400.png?v=2,False,False,D2andD3TeamBio.csv
730277888,Lubbock Christian,Lubbock Christian University,,LCU,Lubbock Christian,NCAA,D2,NCAA D2,d2-lone-star-conference,D2 Lone Star Conference,Lone Star Conference,,https://static.trumedianetworks.com/images/ncaabaseball/teams/730277888.png?v=2,False,False,D2andD3TeamBio.csv
730301184,Oklahoma Christian,Oklahoma Christian University,,OCU,Oklahoma Christian,NCAA,D2,NCAA D2,d2-lone-star-conference,D2 Lone Star Conference,Lone Star Conference,,https://static.trumedianetworks.com/images/ncaabaseball/teams/730301184.png?v=2,False,True,D2andD3TeamBio.csv
730237696,St. Edward's University Hilltoppers,St. Edward's University Hilltoppers,,SEU,St. Edward's University Hilltoppers,NCAA,D2,NCAA D2,d2-lone-star-conference,D2 Lone Star Conference,Lone Star Conference,,https://static.trumedianetworks.com/images/ncaabaseball/teams/730237696.png?v=2,False,True,D2andD3TeamBio.csv
730191104,St. Mary's University (TX),St. Mary's University (TX),,SMU,St. Mary's University (TX),NCAA,D2,NCAA D2,d2-lone-star-conference,D2 Lone Star Conference,Lone Star Conference,,https://static.trumedianetworks.com/images/ncaabaseball/teams/730191104.png?v=2,False,True,D2andD3TeamBio.csv
730276096,Sul Ross State,Sul Ross State University,,SRSU,Sul Ross State,NCAA,D2,NCAA D2,d2-lone-star-conference,D2 Lone Star Conference,Lone Star Conference,,https://static.trumedianetworks.com/images/ncaabaseball/teams/730276096.png?v=2,False,False,D2andD3TeamBio.csv
730260480,Texas A&M International,Texas A&M International University,,TAIU,Texas A&M International,NCAA,D2,NCAA D2,d2-lone-star-conference,D2 Lone Star Conference,Lone Star Conference,,https://static.trumedianetworks.com/images/ncaabaseball/teams/730260480.png?v=2,False,False,D2andD3TeamBio.csv
730350848,Texas A&M-Kingsville,Texas A&M-Kingsville,,TA,Texas A&M-Kingsville,NCAA,D2,NCAA D2,d2-lone-star-conference,D2 Lone Star Conference,Lone Star Conference,,https://static.trumedianetworks.com/images/ncaabaseball/teams/730350848.png?v=2,False,False,D2andD3TeamBio.csv
714643885,Texas Dallas,University of Texas at Dallas,Comets,TEXA,Texas Dallas,NCAA,D2,NCAA D2,d2-lone-star-conference,D2 Lone Star Conference,Lone Star Conference,,https://static.trumedianetworks.com/images/ncaabaseball/teams/714643885.png?v=2,False,True,D2andD3TeamBio.csv
730328064,UT Permian Basin,"University of Texas, Permian Basin",Falcons,UTPB,UT Permian Basin,NCAA,D2,NCAA D2,d2-lone-star-conference,D2 Lone Star Conference,Lone Star Conference,,https://static.trumedianetworks.com/images/ncaabaseball/teams/730328064.png?v=2,False,False,D2andD3TeamBio.csv
730241536,University of Texas-Tyler,University of Texas-Tyler,,UOT,University of Texas-Tyler,NCAA,D2,NCAA D2,d2-lone-star-conference,D2 Lone Star Conference,Lone Star Conference,,https://static.trumedianetworks.com/images/ncaabaseball/teams/730241536.png?v=2,False,True,D2andD3TeamBio.csv
690388992,West Texas A&M,West Texas A&M University,,WTA,West Texas A&M,NCAA,D2,NCAA D2,d2-lone-star-conference,D2 Lone Star Conference,Lone Star Conference,,https://static.trumedianetworks.com/images/ncaabaseball/teams/690388992.png?v=2,False,False,D2andD3TeamBio.csv
730286080,Emporia State,Emporia State University,,ESU,Emporia State,NCAA,D2,NCAA D2,d2-mid-america-intercollegiate-athletics-association,D2 Mid-America Intercollegiate Athletics Association,Mid-America Intercollegiate Athletics Association,,https://static.trumedianetworks.com/images/ncaabaseball/teams/730286080.png?v=2,False,True,D2andD3TeamBio.csv
730256384,Fort Hays State,Fort Hays State University,,FHSU,Fort Hays State,NCAA,D2,NCAA D2,d2-mid-america-intercollegiate-athletics-association,D2 Mid-America Intercollegiate Athletics Association,Mid-America Intercollegiate Athletics Association,,https://static.trumedianetworks.com/images/ncaabaseball/teams/730256384.png?v=2,False,False,D2andD3TeamBio.csv
730186240,Missouri Southern St.,Missouri Southern St. University,,MSSU,Missouri Southern St.,NCAA,D2,NCAA D2,d2-mid-america-intercollegiate-athletics-association,D2 Mid-America Intercollegiate Athletics Association,Mid-America Intercollegiate Athletics Association,,https://static.trumedianetworks.com/images/ncaabaseball/teams/730186240.png?v=2,False,False,D2andD3TeamBio.csv
730317568,Missouri Western St.,Missouri Western St. University,,MWSU,Missouri Western St.,NCAA,D2,NCAA D2,d2-mid-america-intercollegiate-athletics-association,D2 Mid-America Intercollegiate Athletics Association,Mid-America Intercollegiate Athletics Association,,https://static.trumedianetworks.com/images/ncaabaseball/teams/730317568.png?v=2,False,False,D2andD3TeamBio.csv
730321920,Newman,Newman University,,NU,Newman,NCAA,D2,NCAA D2,d2-mid-america-intercollegiate-athletics-association,D2 Mid-America Intercollegiate Athletics Association,Mid-America Intercollegiate Athletics Association,,https://static.trumedianetworks.com/images/ncaabaseball/teams/730321920.png?v=2,False,False,D2andD3TeamBio.csv
730274816,Northeastern State,Northeastern State University,,NSU,Northeastern State,NCAA,D2,NCAA D2,d2-mid-america-intercollegiate-athletics-association,D2 Mid-America Intercollegiate Athletics Association,Mid-America Intercollegiate Athletics Association,,https://static.trumedianetworks.com/images/ncaabaseball/teams/730274816.png?v=2,False,True,D2andD3TeamBio.csv
730322432,Northwest Missouri State,Northwest Missouri State University,,NMSU,Northwest Missouri State,NCAA,D2,NCAA D2,d2-mid-america-intercollegiate-athletics-association,D2 Mid-America Intercollegiate Athletics Association,Mid-America Intercollegiate Athletics Association,,https://static.trumedianetworks.com/images/ncaabaseball/teams/730322432.png?v=2,False,False,D2andD3TeamBio.csv
730157056,Pittsburg State,Pittsburg State University,,PSU,Pittsburg State,NCAA,D2,NCAA D2,d2-mid-america-intercollegiate-athletics-association,D2 Mid-America Intercollegiate Athletics Association,Mid-America Intercollegiate Athletics Association,,https://static.trumedianetworks.com/images/ncaabaseball/teams/730157056.png?v=2,False,False,D2andD3TeamBio.csv
730366208,Rogers State,Rogers State University,,RSU,Rogers State,NCAA,D2,NCAA D2,d2-mid-america-intercollegiate-athletics-association,D2 Mid-America Intercollegiate Athletics Association,Mid-America Intercollegiate Athletics Association,,https://static.trumedianetworks.com/images/ncaabaseball/teams/730366208.png?v=2,False,False,D2andD3TeamBio.csv
730251008,University of Arkansas-Fort Smith,University of Arkansas-Fort Smith,,UOAS,University of Arkansas-Fort Smith,NCAA,D2,NCAA D2,d2-mid-america-intercollegiate-athletics-association,D2 Mid-America Intercollegiate Athletics Association,Mid-America Intercollegiate Athletics Association,,https://static.trumedianetworks.com/images/ncaabaseball/teams/730251008.png?v=2,False,False,D2andD3TeamBio.csv
730376704,University of Central Missouri,University of Central Missouri,,UOCM,University of Central Missouri,NCAA,D2,NCAA D2,d2-mid-america-intercollegiate-athletics-association,D2 Mid-America Intercollegiate Athletics Association,Mid-America Intercollegiate Athletics Association,,https://static.trumedianetworks.com/images/ncaabaseball/teams/730376704.png?v=2,False,False,D2andD3TeamBio.csv
730197760,University of Central Oklahoma,University of Central Oklahoma,,UOCO,University of Central Oklahoma,NCAA,D2,NCAA D2,d2-mid-america-intercollegiate-athletics-association,D2 Mid-America Intercollegiate Athletics Association,Mid-America Intercollegiate Athletics Association,,https://static.trumedianetworks.com/images/ncaabaseball/teams/730197760.png?v=2,False,False,D2andD3TeamBio.csv
730384128,Washburn University of Topeka,Washburn University of Topeka,,WUOT,Washburn University of Topeka,NCAA,D2,NCAA D2,d2-mid-america-intercollegiate-athletics-association,D2 Mid-America Intercollegiate Athletics Association,Mid-America Intercollegiate Athletics Association,,https://static.trumedianetworks.com/images/ncaabaseball/teams/730384128.png?v=2,False,False,D2andD3TeamBio.csv
730255360,Concord,Concord University,,CU,Concord,NCAA,D2,NCAA D2,d2-mountain-east-conference,D2 Mountain East Conference,Mountain East Conference,,https://static.trumedianetworks.com/images/ncaabaseball/teams/730255360.png?v=2,False,True,D2andD3TeamBio.csv
730244352,Davis and Elkins,Davis and Elkins College,,DAEC,Davis and Elkins,NCAA,D2,NCAA D2,d2-mountain-east-conference,D2 Mountain East Conference,Mountain East Conference,,https://static.trumedianetworks.com/images/ncaabaseball/teams/730244352.png?v=2,False,False,D2andD3TeamBio.csv
730207744,Fairmont State,Fairmont State University,,FSU,Fairmont State,NCAA,D2,NCAA D2,d2-mountain-east-conference,D2 Mountain East Conference,Mountain East Conference,,https://static.trumedianetworks.com/images/ncaabaseball/teams/730207744.png?v=2,False,True,D2andD3TeamBio.csv
730316288,Frostburg State,Frostburg State University,,FSU,Frostburg State,NCAA,D2,NCAA D2,d2-mountain-east-conference,D2 Mountain East Conference,Mountain East Conference,,https://static.trumedianetworks.com/images/ncaabaseball/teams/730316288.png?v=2,False,True,D2andD3TeamBio.csv
730273536,Glenville State,Glenville State College,,GSC,Glenville State,NCAA,D2,NCAA D2,d2-mountain-east-conference,D2 Mountain East Conference,Mountain East Conference,,https://static.trumedianetworks.com/images/ncaabaseball/teams/730273536.png?v=2,False,True,D2andD3TeamBio.csv
609124096,Point Park University (PA),Point Park University (PA),,PPU,Point Park University (PA),NCAA,D2,NCAA D2,d2-mountain-east-conference,D2 Mountain East Conference,Mountain East Conference,,https://static.trumedianetworks.com/images/ncaabaseball/teams/609124096.png?v=2,False,False,D2andD3TeamBio.csv
730364416,University of Charleston,University of Charleston,,UOC,University of Charleston,NCAA,D2,NCAA D2,d2-mountain-east-conference,D2 Mountain East Conference,Mountain East Conference,,https://static.trumedianetworks.com/images/ncaabaseball/teams/730364416.png?v=2,False,False,D2andD3TeamBio.csv
730207488,West Liberty,West Liberty University,,WLU,West Liberty,NCAA,D2,NCAA D2,d2-mountain-east-conference,D2 Mountain East Conference,Mountain East Conference,,https://static.trumedianetworks.com/images/ncaabaseball/teams/730207488.png?v=2,False,False,D2andD3TeamBio.csv
730274048,West Virginia State,West Virginia State University,,WVSU,West Virginia State,NCAA,D2,NCAA D2,d2-mountain-east-conference,D2 Mountain East Conference,Mountain East Conference,,https://static.trumedianetworks.com/images/ncaabaseball/teams/730274048.png?v=2,False,False,D2andD3TeamBio.csv
730316800,West Virginia Wesleyan,West Virginia Wesleyan College,,WVWC,West Virginia Wesleyan,NCAA,D2,NCAA D2,d2-mountain-east-conference,D2 Mountain East Conference,Mountain East Conference,,https://static.trumedianetworks.com/images/ncaabaseball/teams/730316800.png?v=2,False,False,D2andD3TeamBio.csv
730214912,Wheeling,Wheeling University,,WU,Wheeling,NCAA,D2,NCAA D2,d2-mountain-east-conference,D2 Mountain East Conference,Mountain East Conference,,https://static.trumedianetworks.com/images/ncaabaseball/teams/730214912.png?v=2,False,True,D2andD3TeamBio.csv
730145280,Adelphi,Adelphi University,,AU,Adelphi,NCAA,D2,NCAA D2,d2-northeast-10-conference,D2 Northeast-10 Conference,Northeast-10 Conference,,https://static.trumedianetworks.com/images/ncaabaseball/teams/730145280.png?v=2,False,True,D2andD3TeamBio.csv
730210816,American International,American International College,,AIC,American International,NCAA,D2,NCAA D2,d2-northeast-10-conference,D2 Northeast-10 Conference,Northeast-10 Conference,,https://static.trumedianetworks.com/images/ncaabaseball/teams/730210816.png?v=2,False,False,D2andD3TeamBio.csv
730383872,Assumption,Assumption College,,AC,Assumption,NCAA,D2,NCAA D2,d2-northeast-10-conference,D2 Northeast-10 Conference,Northeast-10 Conference,,https://static.trumedianetworks.com/images/ncaabaseball/teams/730383872.png?v=2,False,True,D2andD3TeamBio.csv
730147072,Bentley,Bentley University,,BU,Bentley,NCAA,D2,NCAA D2,d2-northeast-10-conference,D2 Northeast-10 Conference,Northeast-10 Conference,,https://static.trumedianetworks.com/images/ncaabaseball/teams/730147072.png?v=2,False,True,D2andD3TeamBio.csv
730265856,Franklin Pierce,Franklin Pierce University,,FPU,Franklin Pierce,NCAA,D2,NCAA D2,d2-northeast-10-conference,D2 Northeast-10 Conference,Northeast-10 Conference,,https://static.trumedianetworks.com/images/ncaabaseball/teams/730265856.png?v=2,False,True,D2andD3TeamBio.csv
730202368,Pace,Pace University,,PU,Pace,NCAA,D2,NCAA D2,d2-northeast-10-conference,D2 Northeast-10 Conference,Northeast-10 Conference,,https://static.trumedianetworks.com/images/ncaabaseball/teams/730202368.png?v=2,False,True,D2andD3TeamBio.csv
730344704,Saint Anselm,Saint Anselm College,,SAC,Saint Anselm,NCAA,D2,NCAA D2,d2-northeast-10-conference,D2 Northeast-10 Conference,Northeast-10 Conference,,https://static.trumedianetworks.com/images/ncaabaseball/teams/730344704.png?v=2,False,False,D2andD3TeamBio.csv
730236672,Saint Michael's,Saint Michael's College,,SMC,Saint Michael's,NCAA,D2,NCAA D2,d2-northeast-10-conference,D2 Northeast-10 Conference,Northeast-10 Conference,,https://static.trumedianetworks.com/images/ncaabaseball/teams/730236672.png?v=2,False,False,D2andD3TeamBio.csv
730305024,Southern Connecticut St.,Southern Connecticut St. University,,SCSU,Southern Connecticut St.,NCAA,D2,NCAA D2,d2-northeast-10-conference,D2 Northeast-10 Conference,Northeast-10 Conference,,https://static.trumedianetworks.com/images/ncaabaseball/teams/730305024.png?v=2,False,True,D2andD3TeamBio.csv
730204928,Southern New Hampshire,Southern New Hampshire University,,SNHU,Southern New Hampshire,NCAA,D2,NCAA D2,d2-northeast-10-conference,D2 Northeast-10 Conference,Northeast-10 Conference,,https://static.trumedianetworks.com/images/ncaabaseball/teams/730204928.png?v=2,False,False,D2andD3TeamBio.csv
730185984,Augustana University (SD),Augustana University (SD),,AU,Augustana University (SD),NCAA,D2,NCAA D2,d2-northern-sun-intercollegiate-conference,D2 Northern Sun Intercollegiate Conference,Northern Sun Intercollegiate Conference,,https://static.trumedianetworks.com/images/ncaabaseball/teams/730185984.png?v=2,False,True,D2andD3TeamBio.csv
730376448,Bemidji State,Bemidji State University,,BSU,Bemidji State,NCAA,D2,NCAA D2,d2-northern-sun-intercollegiate-conference,D2 Northern Sun Intercollegiate Conference,Northern Sun Intercollegiate Conference,,https://static.trumedianetworks.com/images/ncaabaseball/teams/730376448.png?v=2,False,False,D2andD3TeamBio.csv
730344192,Concordia University (MN),"Concordia University, St. Paul",Golden Bears,CUSP,Concordia University (MN),NCAA,D2,NCAA D2,d2-northern-sun-intercollegiate-conference,D2 Northern Sun Intercollegiate Conference,Northern Sun Intercollegiate Conference,,https://static.trumedianetworks.com/images/ncaabaseball/teams/730344192.png?v=2,False,False,D2andD3TeamBio.csv
669114198,Jamestown,Jamestown,Jimmies,JAME,Jamestown,NCAA,D2,NCAA D2,d2-northern-sun-intercollegiate-conference,D2 Northern Sun Intercollegiate Conference,Northern Sun Intercollegiate Conference,,https://static.trumedianetworks.com/images/ncaabaseball/teams/669114198.png?v=2,False,False,D2andD3TeamBio.csv
730334208,Minnesota State University-Mankato,Minnesota State University-Mankato,,MSU,Minnesota State University-Mankato,NCAA,D2,NCAA D2,d2-northern-sun-intercollegiate-conference,D2 Northern Sun Intercollegiate Conference,Northern Sun Intercollegiate Conference,,https://static.trumedianetworks.com/images/ncaabaseball/teams/730334208.png?v=2,False,True,D2andD3TeamBio.csv
730259968,Minot State,Minot State University,,MSU,Minot State,NCAA,D2,NCAA D2,d2-northern-sun-intercollegiate-conference,D2 Northern Sun Intercollegiate Conference,Northern Sun Intercollegiate Conference,,https://static.trumedianetworks.com/images/ncaabaseball/teams/730259968.png?v=2,False,True,D2andD3TeamBio.csv
730340352,Northern State,Northern State University,,NSU,Northern State,NCAA,D2,NCAA D2,d2-northern-sun-intercollegiate-conference,D2 Northern Sun Intercollegiate Conference,Northern Sun Intercollegiate Conference,,https://static.trumedianetworks.com/images/ncaabaseball/teams/730340352.png?v=2,False,True,D2andD3TeamBio.csv
730361344,Sioux Falls,University of Sioux Falls,Cougars,SIOU,Sioux Falls,NCAA,D2,NCAA D2,d2-northern-sun-intercollegiate-conference,D2 Northern Sun Intercollegiate Conference,Northern Sun Intercollegiate Conference,,https://static.trumedianetworks.com/images/ncaabaseball/teams/730361344.png?v=2,False,False,D2andD3TeamBio.csv
730202112,Southwest Minnesota State,Southwest Minnesota State University,,SMSU,Southwest Minnesota State,NCAA,D2,NCAA D2,d2-northern-sun-intercollegiate-conference,D2 Northern Sun Intercollegiate Conference,Northern Sun Intercollegiate Conference,,https://static.trumedianetworks.com/images/ncaabaseball/teams/730202112.png?v=2,False,False,D2andD3TeamBio.csv
730144768,St. Cloud State,St. Cloud State University,,SCSU,St. Cloud State,NCAA,D2,NCAA D2,d2-northern-sun-intercollegiate-conference,D2 Northern Sun Intercollegiate Conference,Northern Sun Intercollegiate Conference,,https://static.trumedianetworks.com/images/ncaabaseball/teams/730144768.png?v=2,False,True,D2andD3TeamBio.csv
730316032,University of Mary,University of Mary,,UOM,University of Mary,NCAA,D2,NCAA D2,d2-northern-sun-intercollegiate-conference,D2 Northern Sun Intercollegiate Conference,Northern Sun Intercollegiate Conference,,https://static.trumedianetworks.com/images/ncaabaseball/teams/730316032.png?v=2,False,True,D2andD3TeamBio.csv
730327296,University of Minnesota-Crookston,University of Minnesota-Crookston,,UOM,University of Minnesota-Crookston,NCAA,D2,NCAA D2,d2-northern-sun-intercollegiate-conference,D2 Northern Sun Intercollegiate Conference,Northern Sun Intercollegiate Conference,,https://static.trumedianetworks.com/images/ncaabaseball/teams/730327296.png?v=2,False,True,D2andD3TeamBio.csv
730248192,University of Minnesota-Duluth,University of Minnesota-Duluth,,UOM,University of Minnesota-Duluth,NCAA,D2,NCAA D2,d2-northern-sun-intercollegiate-conference,D2 Northern Sun Intercollegiate Conference,Northern Sun Intercollegiate Conference,,https://static.trumedianetworks.com/images/ncaabaseball/teams/730248192.png?v=2,False,True,D2andD3TeamBio.csv
730186496,Wayne State,Wayne State College,,WSC,Wayne State,NCAA,D2,NCAA D2,d2-northern-sun-intercollegiate-conference,D2 Northern Sun Intercollegiate Conference,Northern Sun Intercollegiate Conference,,https://static.trumedianetworks.com/images/ncaabaseball/teams/730186496.png?v=2,False,True,D2andD3TeamBio.csv
730227712,Winona State,Winona State University,,WSU,Winona State,NCAA,D2,NCAA D2,d2-northern-sun-intercollegiate-conference,D2 Northern Sun Intercollegiate Conference,Northern Sun Intercollegiate Conference,,https://static.trumedianetworks.com/images/ncaabaseball/teams/730227712.png?v=2,False,True,D2andD3TeamBio.csv
730174464,Azusa Pacific,Azusa Pacific University,,APU,Azusa Pacific,NCAA,D2,NCAA D2,d2-pacific-west-conference,D2 Pacific West Conference,Pacific West Conference,,https://static.trumedianetworks.com/images/ncaabaseball/teams/730174464.png?v=2,False,False,D2andD3TeamBio.csv
742533120,Biola,Biola University,,BIO,Biola,NCAA,D2,NCAA D2,d2-pacific-west-conference,D2 Pacific West Conference,Pacific West Conference,,https://static.trumedianetworks.com/images/ncaabaseball/teams/742533120.png?v=2,False,False,D2andD3TeamBio.csv
718806784,Chaminade,Chaminade University,Silverswords,CSS,Chaminade,NCAA,D2,NCAA D2,d2-pacific-west-conference,D2 Pacific West Conference,Pacific West Conference,,https://static.trumedianetworks.com/images/ncaabaseball/teams/718806784.png?v=2,False,True,D2andD3TeamBio.csv
782546176,Concordia University Irvine,Concordia University Irvine,,CUI,Concordia University Irvine,NCAA,D2,NCAA D2,d2-pacific-west-conference,D2 Pacific West Conference,Pacific West Conference,,https://static.trumedianetworks.com/images/ncaabaseball/teams/782546176.png?v=2,False,False,D2andD3TeamBio.csv
730272000,Fresno Pacific,Fresno Pacific University,,FPU,Fresno Pacific,NCAA,D2,NCAA D2,d2-pacific-west-conference,D2 Pacific West Conference,Pacific West Conference,,https://static.trumedianetworks.com/images/ncaabaseball/teams/730272000.png?v=2,False,True,D2andD3TeamBio.csv
730309632,Hawaii Pacific,Hawaii Pacific University,,HPU,Hawaii Pacific,NCAA,D2,NCAA D2,d2-pacific-west-conference,D2 Pacific West Conference,Pacific West Conference,,https://static.trumedianetworks.com/images/ncaabaseball/teams/730309632.png?v=2,False,True,D2andD3TeamBio.csv
777752536,Jessup,Jessup,Warriors,JESS,Jessup,NCAA,D2,NCAA D2,d2-pacific-west-conference,D2 Pacific West Conference,Pacific West Conference,,https://static.trumedianetworks.com/images/ncaabaseball/teams/777752536.png?v=2,False,False,D2andD3TeamBio.csv
730367488,Point Loma,Point Loma,,PL,Point Loma,NCAA,D2,NCAA D2,d2-pacific-west-conference,D2 Pacific West Conference,Pacific West Conference,,https://static.trumedianetworks.com/images/ncaabaseball/teams/730367488.png?v=2,False,False,D2andD3TeamBio.csv
730184448,University of Hawaii at Hilo,University of Hawaii at Hilo,,UOHAH,University of Hawaii at Hilo,NCAA,D2,NCAA D2,d2-pacific-west-conference,D2 Pacific West Conference,Pacific West Conference,,https://static.trumedianetworks.com/images/ncaabaseball/teams/730184448.png?v=2,False,False,D2andD3TeamBio.csv
746499607,Vanguard,Vanguard,Lions,VANG,Vanguard,NCAA,D2,NCAA D2,d2-pacific-west-conference,D2 Pacific West Conference,Pacific West Conference,,https://static.trumedianetworks.com/images/ncaabaseball/teams/746499607.png?v=2,False,False,D2andD3TeamBio.csv
650031616,Westmont College,Westmont College,,WSTMT,Westmont College,NCAA,D2,NCAA D2,d2-pacific-west-conference,D2 Pacific West Conference,Pacific West Conference,,https://static.trumedianetworks.com/images/ncaabaseball/teams/650031616.png?v=2,False,False,D2andD3TeamBio.csv
730275328,Augusta,Augusta University,,AU,Augusta,NCAA,D2,NCAA D2,d2-peach-belt-conference,D2 Peach Belt Conference,Peach Belt Conference,,https://static.trumedianetworks.com/images/ncaabaseball/teams/730275328.png?v=2,False,True,D2andD3TeamBio.csv
687190241,Claflin,Claflin University,Panthers,CLAF,Claflin,NCAA,D2,NCAA D2,d2-peach-belt-conference,D2 Peach Belt Conference,Peach Belt Conference,,https://static.trumedianetworks.com/images/ncaabaseball/teams/687190241.png?v=2,False,False,D2andD3TeamBio.csv
730150912,Columbus State,Columbus State University,,CSU,Columbus State,NCAA,D2,NCAA D2,d2-peach-belt-conference,D2 Peach Belt Conference,Peach Belt Conference,,https://static.trumedianetworks.com/images/ncaabaseball/teams/730150912.png?v=2,False,False,D2andD3TeamBio.csv
730184960,Flagler,Flagler College,,FC,Flagler,NCAA,D2,NCAA D2,d2-peach-belt-conference,D2 Peach Belt Conference,Peach Belt Conference,,https://static.trumedianetworks.com/images/ncaabaseball/teams/730184960.png?v=2,False,True,D2andD3TeamBio.csv
730266112,Georgia,Georgia College,,GC,Georgia,NCAA,D2,NCAA D2,d2-peach-belt-conference,D2 Peach Belt Conference,Peach Belt Conference,,https://static.trumedianetworks.com/images/ncaabaseball/teams/730266112.png?v=2,False,False,D2andD3TeamBio.csv
730308096,Georgia Southwestern State,Georgia Southwestern State Univ.,Hurricanes,GSW,Georgia Southwestern State,NCAA,D2,NCAA D2,d2-peach-belt-conference,D2 Peach Belt Conference,Peach Belt Conference,,https://static.trumedianetworks.com/images/ncaabaseball/teams/730308096.png?v=2,False,False,D2andD3TeamBio.csv
730165760,Lander,Lander University,,LU,Lander,NCAA,D2,NCAA D2,d2-peach-belt-conference,D2 Peach Belt Conference,Peach Belt Conference,,https://static.trumedianetworks.com/images/ncaabaseball/teams/730165760.png?v=2,False,True,D2andD3TeamBio.csv
803923968,Middle Georgia State,Middle Georgia State University,,MGS,Middle Georgia State,NCAA,D2,NCAA D2,d2-peach-belt-conference,D2 Peach Belt Conference,Peach Belt Conference,,https://static.trumedianetworks.com/images/ncaabaseball/teams/803923968.png?v=2,False,False,D2andD3TeamBio.csv
550573312,USC Beaufort,USC Beaufort,,USCBF,USC Beaufort,NCAA,D2,NCAA D2,d2-peach-belt-conference,D2 Peach Belt Conference,Peach Belt Conference,,https://static.trumedianetworks.com/images/ncaabaseball/teams/550573312.png?v=2,False,False,D2andD3TeamBio.csv
730327040,University of North Georgia,University of North Georgia,,UONG,University of North Georgia,NCAA,D2,NCAA D2,d2-peach-belt-conference,D2 Peach Belt Conference,Peach Belt Conference,,https://static.trumedianetworks.com/images/ncaabaseball/teams/730327040.png?v=2,False,False,D2andD3TeamBio.csv
730234112,University of South Carolina Aiken,University of South Carolina Aiken,,UOSCA,University of South Carolina Aiken,NCAA,D2,NCAA D2,d2-peach-belt-conference,D2 Peach Belt Conference,Peach Belt Conference,,https://static.trumedianetworks.com/images/ncaabaseball/teams/730234112.png?v=2,False,False,D2andD3TeamBio.csv
702750133,Bloomsburg,Bloomsburg,Huskies,BLOO,Bloomsburg,NCAA,D2,NCAA D2,d2-pennsylvania-state-athletic-conference,D2 Pennsylvania State Athletic Conference,Pennsylvania State Athletic Conference,,https://static.trumedianetworks.com/images/ncaabaseball/teams/702750133.png?v=2,False,False,D2andD3TeamBio.csv
730230784,California University of Pennsylvania,California University of Pennsylvania,,CUOP,California University of Pennsylvania,NCAA,D2,NCAA D2,d2-pennsylvania-state-athletic-conference,D2 Pennsylvania State Athletic Conference,Pennsylvania State Athletic Conference,,https://static.trumedianetworks.com/images/ncaabaseball/teams/730230784.png?v=2,False,True,D2andD3TeamBio.csv
730341120,Clarion University of Pennsylvania,Clarion University of Pennsylvania,,CUOP,Clarion University of Pennsylvania,NCAA,D2,NCAA D2,d2-pennsylvania-state-athletic-conference,D2 Pennsylvania State Athletic Conference,Pennsylvania State Athletic Conference,,https://static.trumedianetworks.com/images/ncaabaseball/teams/730341120.png?v=2,False,True,D2andD3TeamBio.csv
730288128,East Stroudsburg,East Stroudsburg University,,ESU,East Stroudsburg,NCAA,D2,NCAA D2,d2-pennsylvania-state-athletic-conference,D2 Pennsylvania State Athletic Conference,Pennsylvania State Athletic Conference,,https://static.trumedianetworks.com/images/ncaabaseball/teams/730288128.png?v=2,False,True,D2andD3TeamBio.csv
730295296,Gannon,Gannon University,,GU,Gannon,NCAA,D2,NCAA D2,d2-pennsylvania-state-athletic-conference,D2 Pennsylvania State Athletic Conference,Pennsylvania State Athletic Conference,,https://static.trumedianetworks.com/images/ncaabaseball/teams/730295296.png?v=2,False,False,D2andD3TeamBio.csv
730314496,Indiana University of Pennsylvania,Indiana University of Pennsylvania,,IUOP,Indiana University of Pennsylvania,NCAA,D2,NCAA D2,d2-pennsylvania-state-athletic-conference,D2 Pennsylvania State Athletic Conference,Pennsylvania State Athletic Conference,,https://static.trumedianetworks.com/images/ncaabaseball/teams/730314496.png?v=2,False,False,D2andD3TeamBio.csv
730151936,Kutztown,Kutztown University,,KU,Kutztown,NCAA,D2,NCAA D2,d2-pennsylvania-state-athletic-conference,D2 Pennsylvania State Athletic Conference,Pennsylvania State Athletic Conference,,https://static.trumedianetworks.com/images/ncaabaseball/teams/730151936.png?v=2,False,True,D2andD3TeamBio.csv
730171392,Lock Haven,Lock Haven University,,LHU,Lock Haven,NCAA,D2,NCAA D2,d2-pennsylvania-state-athletic-conference,D2 Pennsylvania State Athletic Conference,Pennsylvania State Athletic Conference,,https://static.trumedianetworks.com/images/ncaabaseball/teams/730171392.png?v=2,False,False,D2andD3TeamBio.csv
730224384,Mansfield Univ. of Pennsylvania,Mansfield Univ. of Pennsylvania,,MUOP,Mansfield Univ. of Pennsylvania,NCAA,D2,NCAA D2,d2-pennsylvania-state-athletic-conference,D2 Pennsylvania State Athletic Conference,Pennsylvania State Athletic Conference,,https://static.trumedianetworks.com/images/ncaabaseball/teams/730224384.png?v=2,False,False,D2andD3TeamBio.csv
730357504,Millersville,Millersville University,,MU,Millersville,NCAA,D2,NCAA D2,d2-pennsylvania-state-athletic-conference,D2 Pennsylvania State Athletic Conference,Pennsylvania State Athletic Conference,,https://static.trumedianetworks.com/images/ncaabaseball/teams/730357504.png?v=2,False,True,D2andD3TeamBio.csv
730384896,Seton Hill,Seton Hill University,,SHU,Seton Hill,NCAA,D2,NCAA D2,d2-pennsylvania-state-athletic-conference,D2 Pennsylvania State Athletic Conference,Pennsylvania State Athletic Conference,,https://static.trumedianetworks.com/images/ncaabaseball/teams/730384896.png?v=2,False,False,D2andD3TeamBio.csv
730248704,Shepherd,Shepherd University,,SU,Shepherd,NCAA,D2,NCAA D2,d2-pennsylvania-state-athletic-conference,D2 Pennsylvania State Athletic Conference,Pennsylvania State Athletic Conference,,https://static.trumedianetworks.com/images/ncaabaseball/teams/730248704.png?v=2,False,True,D2andD3TeamBio.csv
730354944,Shippensburg,Shippensburg University,,SU,Shippensburg,NCAA,D2,NCAA D2,d2-pennsylvania-state-athletic-conference,D2 Pennsylvania State Athletic Conference,Pennsylvania State Athletic Conference,,https://static.trumedianetworks.com/images/ncaabaseball/teams/730354944.png?v=2,False,True,D2andD3TeamBio.csv
730276864,Slippery Rock,Slippery Rock University,,SRU,Slippery Rock,NCAA,D2,NCAA D2,d2-pennsylvania-state-athletic-conference,D2 Pennsylvania State Athletic Conference,Pennsylvania State Athletic Conference,,https://static.trumedianetworks.com/images/ncaabaseball/teams/730276864.png?v=2,False,False,D2andD3TeamBio.csv
730208000,University of Pittsburgh-Johnstown,University of Pittsburgh-Johnstown,,UOP,University of Pittsburgh-Johnstown,NCAA,D2,NCAA D2,d2-pennsylvania-state-athletic-conference,D2 Pennsylvania State Athletic Conference,Pennsylvania State Athletic Conference,,https://static.trumedianetworks.com/images/ncaabaseball/teams/730208000.png?v=2,False,False,D2andD3TeamBio.csv
730162688,West Chester Univ. of Pennsylvania,West Chester Univ. of Pennsylvania,,WCUOP,West Chester Univ. of Pennsylvania,NCAA,D2,NCAA D2,d2-pennsylvania-state-athletic-conference,D2 Pennsylvania State Athletic Conference,Pennsylvania State Athletic Conference,,https://static.trumedianetworks.com/images/ncaabaseball/teams/730162688.png?v=2,False,False,D2andD3TeamBio.csv
730224640,Adams State,Adams State College,,ASC,Adams State,NCAA,D2,NCAA D2,d2-rocky-mountain-athletic-conference,D2 Rocky Mountain Athletic Conference,Rocky Mountain Athletic Conference,,https://static.trumedianetworks.com/images/ncaabaseball/teams/730224640.png?v=2,False,True,D2andD3TeamBio.csv
730210560,Colorado Christian,Colorado Christian University,,CCU,Colorado Christian,NCAA,D2,NCAA D2,d2-rocky-mountain-athletic-conference,D2 Rocky Mountain Athletic Conference,Rocky Mountain Athletic Conference,,https://static.trumedianetworks.com/images/ncaabaseball/teams/730210560.png?v=2,False,False,D2andD3TeamBio.csv
730365184,Colorado Mesa,Colorado Mesa University,,CMU,Colorado Mesa,NCAA,D2,NCAA D2,d2-rocky-mountain-athletic-conference,D2 Rocky Mountain Athletic Conference,Rocky Mountain Athletic Conference,,https://static.trumedianetworks.com/images/ncaabaseball/teams/730365184.png?v=2,False,False,D2andD3TeamBio.csv
730252800,Colorado School of Mines,Colorado School of Mines,,CSOM,Colorado School of Mines,NCAA,D2,NCAA D2,d2-rocky-mountain-athletic-conference,D2 Rocky Mountain Athletic Conference,Rocky Mountain Athletic Conference,,https://static.trumedianetworks.com/images/ncaabaseball/teams/730252800.png?v=2,False,False,D2andD3TeamBio.csv
645227672,Colorado State Pueblo,Colorado State University Pueblo,Thunderwolves,CSP,Colorado State Pueblo,NCAA,D2,NCAA D2,d2-rocky-mountain-athletic-conference,D2 Rocky Mountain Athletic Conference,Rocky Mountain Athletic Conference,,https://static.trumedianetworks.com/images/ncaabaseball/teams/645227672.png?v=2,False,False,D2andD3TeamBio.csv
730199552,MSU Denver,Metropolitan St. University of Denver,Roadrunners,METS,MSU Denver,NCAA,D2,NCAA D2,d2-rocky-mountain-athletic-conference,D2 Rocky Mountain Athletic Conference,Rocky Mountain Athletic Conference,,https://static.trumedianetworks.com/images/ncaabaseball/teams/730199552.png?v=2,False,False,D2andD3TeamBio.csv
730248448,New Mexico Highlands,New Mexico Highlands University,,NMHU,New Mexico Highlands,NCAA,D2,NCAA D2,d2-rocky-mountain-athletic-conference,D2 Rocky Mountain Athletic Conference,Rocky Mountain Athletic Conference,,https://static.trumedianetworks.com/images/ncaabaseball/teams/730248448.png?v=2,False,False,D2andD3TeamBio.csv
730209536,Regis,Regis University,Rangers,RU,Regis,NCAA,D2,NCAA D2,d2-rocky-mountain-athletic-conference,D2 Rocky Mountain Athletic Conference,Rocky Mountain Athletic Conference,,https://static.trumedianetworks.com/images/ncaabaseball/teams/730209536.png?v=2,False,True,D2andD3TeamBio.csv
576632832,University of Colorado(Colorado Springs),University of Colorado(Colorado Springs),,UCCS,University of Colorado(Colorado Springs),NCAA,D2,NCAA D2,d2-rocky-mountain-athletic-conference,D2 Rocky Mountain Athletic Conference,Rocky Mountain Athletic Conference,,https://static.trumedianetworks.com/images/ncaabaseball/teams/576632832.png?v=2,False,False,D2andD3TeamBio.csv
730336512,Anderson University (S.C.),Anderson University (S.C.),,AU,Anderson University (S.C.),NCAA,D2,NCAA D2,d2-south-atlantic-conference,D2 South Atlantic Conference,South Atlantic Conference,,https://static.trumedianetworks.com/images/ncaabaseball/teams/730336512.png?v=2,False,True,D2andD3TeamBio.csv
730297344,Carson-Newman,Carson-Newman College,,CC,Carson-Newman,NCAA,D2,NCAA D2,d2-south-atlantic-conference,D2 South Atlantic Conference,South Atlantic Conference,,https://static.trumedianetworks.com/images/ncaabaseball/teams/730297344.png?v=2,False,True,D2andD3TeamBio.csv
730268928,Catawba,Catawba College,,CC,Catawba,NCAA,D2,NCAA D2,d2-south-atlantic-conference,D2 South Atlantic Conference,South Atlantic Conference,,https://static.trumedianetworks.com/images/ncaabaseball/teams/730268928.png?v=2,False,True,D2andD3TeamBio.csv
730255104,Coker,Coker College,,CC,Coker,NCAA,D2,NCAA D2,d2-south-atlantic-conference,D2 South Atlantic Conference,South Atlantic Conference,,https://static.trumedianetworks.com/images/ncaabaseball/teams/730255104.png?v=2,False,True,D2andD3TeamBio.csv
730385664,Emory and Henry,Emory and Henry College,,EAHC,Emory and Henry,NCAA,D2,NCAA D2,d2-south-atlantic-conference,D2 South Atlantic Conference,South Atlantic Conference,,https://static.trumedianetworks.com/images/ncaabaseball/teams/730385664.png?v=2,False,False,D2andD3TeamBio.csv
730198528,Lenoir-Rhyne,Lenoir-Rhyne University,,LU,Lenoir-Rhyne,NCAA,D2,NCAA D2,d2-south-atlantic-conference,D2 South Atlantic Conference,South Atlantic Conference,,https://static.trumedianetworks.com/images/ncaabaseball/teams/730198528.png?v=2,False,True,D2andD3TeamBio.csv
730339072,Lincoln Memorial,Lincoln Memorial University,,LMU,Lincoln Memorial,NCAA,D2,NCAA D2,d2-south-atlantic-conference,D2 South Atlantic Conference,South Atlantic Conference,,https://static.trumedianetworks.com/images/ncaabaseball/teams/730339072.png?v=2,False,False,D2andD3TeamBio.csv
730181120,Mars Hill,Mars Hill University,,MHU,Mars Hill,NCAA,D2,NCAA D2,d2-south-atlantic-conference,D2 South Atlantic Conference,South Atlantic Conference,,https://static.trumedianetworks.com/images/ncaabaseball/teams/730181120.png?v=2,False,False,D2andD3TeamBio.csv
730343680,Newberry,Newberry College,,NC,Newberry,NCAA,D2,NCAA D2,d2-south-atlantic-conference,D2 South Atlantic Conference,South Atlantic Conference,,https://static.trumedianetworks.com/images/ncaabaseball/teams/730343680.png?v=2,False,False,D2andD3TeamBio.csv
730175488,Tusculum,Tusculum College,,TC,Tusculum,NCAA,D2,NCAA D2,d2-south-atlantic-conference,D2 South Atlantic Conference,South Atlantic Conference,,https://static.trumedianetworks.com/images/ncaabaseball/teams/730175488.png?v=2,False,True,D2andD3TeamBio.csv
730251776,Virginia's College at Wise,Virginia's College at Wise,,VCAW,Virginia's College at Wise,NCAA,D2,NCAA D2,d2-south-atlantic-conference,D2 South Atlantic Conference,South Atlantic Conference,,https://static.trumedianetworks.com/images/ncaabaseball/teams/730251776.png?v=2,False,False,D2andD3TeamBio.csv
730197248,Wingate,Wingate University,,WU,Wingate,NCAA,D2,NCAA D2,d2-south-atlantic-conference,D2 South Atlantic Conference,South Atlantic Conference,,https://static.trumedianetworks.com/images/ncaabaseball/teams/730197248.png?v=2,False,True,D2andD3TeamBio.csv
730370048,Albany State,Albany State University,,ASU,Albany State,NCAA,D2,NCAA D2,d2-southern-intercol-ath-conf,D2 Southern Intercol. Ath. Conf.,Southern Intercol. Ath. Conf.,,https://static.trumedianetworks.com/images/ncaabaseball/teams/730370048.png?v=2,False,True,D2andD3TeamBio.csv
730223104,Benedict,Benedict College,,BC,Benedict,NCAA,D2,NCAA D2,d2-southern-intercol-ath-conf,D2 Southern Intercol. Ath. Conf.,Southern Intercol. Ath. Conf.,,https://static.trumedianetworks.com/images/ncaabaseball/teams/730223104.png?v=2,False,True,D2andD3TeamBio.csv
514359582,Clark Atlanta,Clark Atlanta University,Panthers,CLAR,Clark Atlanta,NCAA,D2,NCAA D2,d2-southern-intercol-ath-conf,D2 Southern Intercol. Ath. Conf.,Southern Intercol. Ath. Conf.,,https://static.trumedianetworks.com/images/ncaabaseball/teams/514359582.png?v=2,False,True,D2andD3TeamBio.csv
632347648,Edward Waters,Edward Waters,,EDW,Edward Waters,NCAA,D2,NCAA D2,d2-southern-intercol-ath-conf,D2 Southern Intercol. Ath. Conf.,Southern Intercol. Ath. Conf.,,https://static.trumedianetworks.com/images/ncaabaseball/teams/632347648.png?v=2,False,False,D2andD3TeamBio.csv
730313472,Kentucky State,Kentucky State University,Thorobreds,KTS,Kentucky State,NCAA,D2,NCAA D2,d2-southern-intercol-ath-conf,D2 Southern Intercol. Ath. Conf.,Southern Intercol. Ath. Conf.,,https://static.trumedianetworks.com/images/ncaabaseball/teams/730313472.png?v=2,False,False,D2andD3TeamBio.csv
730268160,Lane,Lane College,,LC,Lane,NCAA,D2,NCAA D2,d2-southern-intercol-ath-conf,D2 Southern Intercol. Ath. Conf.,Southern Intercol. Ath. Conf.,,https://static.trumedianetworks.com/images/ncaabaseball/teams/730268160.png?v=2,False,True,D2andD3TeamBio.csv
662024311,Lemoyne Owen College,LeMoyneOwen College,Magicians,LOC,Lemoyne Owen College,NCAA,D2,NCAA D2,d2-southern-intercol-ath-conf,D2 Southern Intercol. Ath. Conf.,Southern Intercol. Ath. Conf.,,https://static.trumedianetworks.com/images/ncaabaseball/teams/662024311.png?v=2,False,False,D2andD3TeamBio.csv
730280192,Miles,Miles College,,MC,Miles,NCAA,D2,NCAA D2,d2-southern-intercol-ath-conf,D2 Southern Intercol. Ath. Conf.,Southern Intercol. Ath. Conf.,,https://static.trumedianetworks.com/images/ncaabaseball/teams/730280192.png?v=2,False,True,D2andD3TeamBio.csv
568519009,Morehouse,Morehouse College,Maroon Tigers,MORE,Morehouse,NCAA,D2,NCAA D2,d2-southern-intercol-ath-conf,D2 Southern Intercol. Ath. Conf.,Southern Intercol. Ath. Conf.,,https://static.trumedianetworks.com/images/ncaabaseball/teams/568519009.png?v=2,False,True,D2andD3TeamBio.csv
730263040,Savannah State,Savannah State University,Tigers,SAV,Savannah State,NCAA,D2,NCAA D2,d2-southern-intercol-ath-conf,D2 Southern Intercol. Ath. Conf.,Southern Intercol. Ath. Conf.,,https://static.trumedianetworks.com/images/ncaabaseball/teams/730263040.png?v=2,False,False,D2andD3TeamBio.csv
730187520,Spring Hill,Spring Hill College,,SHC,Spring Hill,NCAA,D2,NCAA D2,d2-southern-intercol-ath-conf,D2 Southern Intercol. Ath. Conf.,Southern Intercol. Ath. Conf.,,https://static.trumedianetworks.com/images/ncaabaseball/teams/730187520.png?v=2,False,False,D2andD3TeamBio.csv
761442356,Tuskegee,Tuskegee University,Golden Tigers,TUSK,Tuskegee,NCAA,D2,NCAA D2,d2-southern-intercol-ath-conf,D2 Southern Intercol. Ath. Conf.,Southern Intercol. Ath. Conf.,,https://static.trumedianetworks.com/images/ncaabaseball/teams/761442356.png?v=2,False,False,D2andD3TeamBio.csv
730174720,Barry,Barry University,,BU,Barry,NCAA,D2,NCAA D2,d2-sunshine-state-conference,D2 Sunshine State Conference,Sunshine State Conference,,https://static.trumedianetworks.com/images/ncaabaseball/teams/730174720.png?v=2,False,True,D2andD3TeamBio.csv
730259456,Eckerd,Eckerd College,,EC,Eckerd,NCAA,D2,NCAA D2,d2-sunshine-state-conference,D2 Sunshine State Conference,Sunshine State Conference,,https://static.trumedianetworks.com/images/ncaabaseball/teams/730259456.png?v=2,False,True,D2andD3TeamBio.csv
674823680,Embry-Riddle,Embry-Riddle University,,ERAU,Embry-Riddle,NCAA,D2,NCAA D2,d2-sunshine-state-conference,D2 Sunshine State Conference,Sunshine State Conference,,https://static.trumedianetworks.com/images/ncaabaseball/teams/674823680.png?v=2,False,False,D2andD3TeamBio.csv
730161920,Florida Southern,Florida Southern College,,FSC,Florida Southern,NCAA,D2,NCAA D2,d2-sunshine-state-conference,D2 Sunshine State Conference,Sunshine State Conference,,https://static.trumedianetworks.com/images/ncaabaseball/teams/730161920.png?v=2,False,True,D2andD3TeamBio.csv
730243072,Florida Tech,Florida Tech,,FT,Florida Tech,NCAA,D2,NCAA D2,d2-sunshine-state-conference,D2 Sunshine State Conference,Sunshine State Conference,,https://static.trumedianetworks.com/images/ncaabaseball/teams/730243072.png?v=2,False,False,D2andD3TeamBio.csv
730379008,Lynn,Lynn University,Fighting Knights,LYNN,Lynn,NCAA,D2,NCAA D2,d2-sunshine-state-conference,D2 Sunshine State Conference,Sunshine State Conference,,https://static.trumedianetworks.com/images/ncaabaseball/teams/730379008.png?v=2,False,False,D2andD3TeamBio.csv
730162944,Nova Southeastern,Nova Southeastern University,,NSU,Nova Southeastern,NCAA,D2,NCAA D2,d2-sunshine-state-conference,D2 Sunshine State Conference,Sunshine State Conference,,https://static.trumedianetworks.com/images/ncaabaseball/teams/730162944.png?v=2,False,True,D2andD3TeamBio.csv
730302464,Palm Beach Atlantic,Palm Beach Atlantic University,,PBAU,Palm Beach Atlantic,NCAA,D2,NCAA D2,d2-sunshine-state-conference,D2 Sunshine State Conference,Sunshine State Conference,,https://static.trumedianetworks.com/images/ncaabaseball/teams/730302464.png?v=2,False,False,D2andD3TeamBio.csv
730366464,Rollins,Rollins College,,RC,Rollins,NCAA,D2,NCAA D2,d2-sunshine-state-conference,D2 Sunshine State Conference,Sunshine State Conference,,https://static.trumedianetworks.com/images/ncaabaseball/teams/730366464.png?v=2,False,True,D2andD3TeamBio.csv
730235136,Saint Leo,Saint Leo University,,SLU,Saint Leo,NCAA,D2,NCAA D2,d2-sunshine-state-conference,D2 Sunshine State Conference,Sunshine State Conference,,https://static.trumedianetworks.com/images/ncaabaseball/teams/730235136.png?v=2,False,True,D2andD3TeamBio.csv
730247168,University of Tampa,University of Tampa,,UOT,University of Tampa,NCAA,D2,NCAA D2,d2-sunshine-state-conference,D2 Sunshine State Conference,Sunshine State Conference,,https://static.trumedianetworks.com/images/ncaabaseball/teams/730247168.png?v=2,False,True,D2andD3TeamBio.csv
544838279,Alfred State College,Alfred State College,Pioneers,ASC,Alfred State College,NCAA,D3,NCAA D3,d3-allegheny-mountain-collegiate-conference,D3 Allegheny Mountain Collegiate Conference,Allegheny Mountain Collegiate Conference,,https://static.trumedianetworks.com/images/ncaabaseball/teams/544838279.png?v=2,False,True,D2andD3TeamBio.csv
709174932,Hilbert College,Hilbert College,Hawks,HILB,Hilbert College,NCAA,D3,NCAA D3,d3-allegheny-mountain-collegiate-conference,D3 Allegheny Mountain Collegiate Conference,Allegheny Mountain Collegiate Conference,,https://static.trumedianetworks.com/images/ncaabaseball/teams/709174932.png?v=2,False,False,D2andD3TeamBio.csv
502497555,La Roche (PA),La Roche College,Red Hawks,LRPA,La Roche (PA),NCAA,D3,NCAA D3,d3-allegheny-mountain-collegiate-conference,D3 Allegheny Mountain Collegiate Conference,Allegheny Mountain Collegiate Conference,,https://static.trumedianetworks.com/images/ncaabaseball/teams/502497555.png?v=2,False,False,D2andD3TeamBio.csv
755218852,Mount Aloysius,Mount Aloysius College,Victory,MOUN,Mount Aloysius,NCAA,D3,NCAA D3,d3-allegheny-mountain-collegiate-conference,D3 Allegheny Mountain Collegiate Conference,Allegheny Mountain Collegiate Conference,,https://static.trumedianetworks.com/images/ncaabaseball/teams/755218852.png?v=2,False,True,D2andD3TeamBio.csv
632759116,Penn State Altoona,Penn State University  Altoona,Nittany Lions,PSA,Penn State Altoona,NCAA,D3,NCAA D3,d3-allegheny-mountain-collegiate-conference,D3 Allegheny Mountain Collegiate Conference,Allegheny Mountain Collegiate Conference,,https://static.trumedianetworks.com/images/ncaabaseball/teams/632759116.png?v=2,False,True,D2andD3TeamBio.csv
528895644,Penn State Erie,Pennsylvania State Univ. Erie  the Behrend College,Behrend Lions,PSE,Penn State Erie,NCAA,D3,NCAA D3,d3-allegheny-mountain-collegiate-conference,D3 Allegheny Mountain Collegiate Conference,Allegheny Mountain Collegiate Conference,,https://static.trumedianetworks.com/images/ncaabaseball/teams/528895644.png?v=2,False,False,D2andD3TeamBio.csv
587482582,Pittsburgh Bradford,University of Pittsburgh  Bradford,Panthers,PITT,Pittsburgh Bradford,NCAA,D3,NCAA D3,d3-allegheny-mountain-collegiate-conference,D3 Allegheny Mountain Collegiate Conference,Allegheny Mountain Collegiate Conference,,https://static.trumedianetworks.com/images/ncaabaseball/teams/587482582.png?v=2,False,True,D2andD3TeamBio.csv
686806432,Pittsburgh Greensburg,University of Pittsburgh  Greensburg,Bobcats,PITT,Pittsburgh Greensburg,NCAA,D3,NCAA D3,d3-allegheny-mountain-collegiate-conference,D3 Allegheny Mountain Collegiate Conference,Allegheny Mountain Collegiate Conference,,https://static.trumedianetworks.com/images/ncaabaseball/teams/686806432.png?v=2,False,True,D2andD3TeamBio.csv
682655006,Buena Vista University,Buena Vista University,Beavers,BVU,Buena Vista University,NCAA,D3,NCAA D3,d3-american-rivers-conference,D3 American Rivers Conference,American Rivers Conference,,https://static.trumedianetworks.com/images/ncaabaseball/teams/682655006.png?v=2,False,False,D2andD3TeamBio.csv
669768443,Central College (Iowa),Central College (Iowa),Dutch,CCI,Central College (Iowa),NCAA,D3,NCAA D3,d3-american-rivers-conference,D3 American Rivers Conference,American Rivers Conference,,https://static.trumedianetworks.com/images/ncaabaseball/teams/669768443.png?v=2,False,False,D2andD3TeamBio.csv
566984419,Coe College,Coe College,Kohawks,COE,Coe College,NCAA,D3,NCAA D3,d3-american-rivers-conference,D3 American Rivers Conference,American Rivers Conference,,https://static.trumedianetworks.com/images/ncaabaseball/teams/566984419.png?v=2,False,False,D2andD3TeamBio.csv
730321664,Loras,Loras College,,LC,Loras,NCAA,D3,NCAA D3,d3-american-rivers-conference,D3 American Rivers Conference,American Rivers Conference,,https://static.trumedianetworks.com/images/ncaabaseball/teams/730321664.png?v=2,False,True,D2andD3TeamBio.csv
726465526,Luther College,Luther College,Norse,LUTH,Luther College,NCAA,D3,NCAA D3,d3-american-rivers-conference,D3 American Rivers Conference,American Rivers Conference,,https://static.trumedianetworks.com/images/ncaabaseball/teams/726465526.png?v=2,False,False,D2andD3TeamBio.csv
731821191,Nebraska Wesleyan University,Nebraska Wesleyan University,Prairie Wolves,NWU,Nebraska Wesleyan University,NCAA,D3,NCAA D3,d3-american-rivers-conference,D3 American Rivers Conference,American Rivers Conference,,https://static.trumedianetworks.com/images/ncaabaseball/teams/731821191.png?v=2,False,False,D2andD3TeamBio.csv
730381824,Simpson,Simpson College,,SC,Simpson,NCAA,D3,NCAA D3,d3-american-rivers-conference,D3 American Rivers Conference,American Rivers Conference,,https://static.trumedianetworks.com/images/ncaabaseball/teams/730381824.png?v=2,False,True,D2andD3TeamBio.csv
525469690,University of Dubuque,University of Dubuque,Spartans,UNIV,University of Dubuque,NCAA,D3,NCAA D3,d3-american-rivers-conference,D3 American Rivers Conference,American Rivers Conference,,https://static.trumedianetworks.com/images/ncaabaseball/teams/525469690.png?v=2,False,True,D2andD3TeamBio.csv
732355642,Wartburg College,Wartburg College,Knights,WART,Wartburg College,NCAA,D3,NCAA D3,d3-american-rivers-conference,D3 American Rivers Conference,American Rivers Conference,,https://static.trumedianetworks.com/images/ncaabaseball/teams/732355642.png?v=2,False,False,D2andD3TeamBio.csv
694879601,East Texas Baptist,East Texas Baptist University,Tigers,ETB,East Texas Baptist,NCAA,D3,NCAA D3,d3-american-southwest-conference,D3 American Southwest Conference,American Southwest Conference,,https://static.trumedianetworks.com/images/ncaabaseball/teams/694879601.png?v=2,False,False,D2andD3TeamBio.csv
759941094,Hardin-Simmons,Hardin-Simmons University,Cowboys,HARD,Hardin-Simmons,NCAA,D3,NCAA D3,d3-american-southwest-conference,D3 American Southwest Conference,American Southwest Conference,,https://static.trumedianetworks.com/images/ncaabaseball/teams/759941094.png?v=2,False,False,D2andD3TeamBio.csv
742527545,Howard Payne University,Howard Payne University,Yellow Jackets,HPU,Howard Payne University,NCAA,D3,NCAA D3,d3-american-southwest-conference,D3 American Southwest Conference,American Southwest Conference,,https://static.trumedianetworks.com/images/ncaabaseball/teams/742527545.png?v=2,False,True,D2andD3TeamBio.csv
793646040,Mary Hardin-Baylor,University of Mary Hardin-Baylor,Crusaders,MHB,Mary Hardin-Baylor,NCAA,D3,NCAA D3,d3-american-southwest-conference,D3 American Southwest Conference,American Southwest Conference,,https://static.trumedianetworks.com/images/ncaabaseball/teams/793646040.png?v=2,False,False,D2andD3TeamBio.csv
659749395,Centenary College,Centenary College (New Jersey),Cyclones,CENT,Centenary College,NCAA,D3,NCAA D3,d3-atlantic-east-conference,D3 Atlantic East Conference,Atlantic East Conference,,https://static.trumedianetworks.com/images/ncaabaseball/teams/659749395.png?v=2,False,True,D2andD3TeamBio.csv
658675715,GwyneddMercy College,Gwynedd-Mercy College,Griffins,GMC,GwyneddMercy College,NCAA,D3,NCAA D3,d3-atlantic-east-conference,D3 Atlantic East Conference,Atlantic East Conference,,https://static.trumedianetworks.com/images/ncaabaseball/teams/658675715.png?v=2,False,False,D2andD3TeamBio.csv
603635670,Immaculata,Immaculata University,Mighty Macs,IMMA,Immaculata,NCAA,D3,NCAA D3,d3-atlantic-east-conference,D3 Atlantic East Conference,Atlantic East Conference,,https://static.trumedianetworks.com/images/ncaabaseball/teams/603635670.png?v=2,False,False,D2andD3TeamBio.csv
510732452,Marymount,Marymount,Saints,MARY,Marymount,NCAA,D3,NCAA D3,d3-atlantic-east-conference,D3 Atlantic East Conference,Atlantic East Conference,,https://static.trumedianetworks.com/images/ncaabaseball/teams/510732452.png?v=2,False,True,D2andD3TeamBio.csv
628499707,Marywood University,Marywood University,Pacers,MARY,Marywood University,NCAA,D3,NCAA D3,d3-atlantic-east-conference,D3 Atlantic East Conference,Atlantic East Conference,,https://static.trumedianetworks.com/images/ncaabaseball/teams/628499707.png?v=2,False,True,D2andD3TeamBio.csv
793550477,Neumann College,Neumann College,Knights,NEUM,Neumann College,NCAA,D3,NCAA D3,d3-atlantic-east-conference,D3 Atlantic East Conference,Atlantic East Conference,,https://static.trumedianetworks.com/images/ncaabaseball/teams/793550477.png?v=2,False,False,D2andD3TeamBio.csv
541476369,Saint Elizabeth,Saint Elizabeth,Eagles,SAIN,Saint Elizabeth,NCAA,D3,NCAA D3,d3-atlantic-east-conference,D3 Atlantic East Conference,Atlantic East Conference,,https://static.trumedianetworks.com/images/ncaabaseball/teams/541476369.png?v=2,False,True,D2andD3TeamBio.csv
538036915,Dickinson,Dickinson College,Red Devils,DICK,Dickinson,NCAA,D3,NCAA D3,d3-centennial-conference,D3 Centennial Conference,Centennial Conference,,https://static.trumedianetworks.com/images/ncaabaseball/teams/538036915.png?v=2,False,False,D2andD3TeamBio.csv
536071854,Franklin and Marshall,Franklin & Marshall College,Diplomats,FRAN,Franklin and Marshall,NCAA,D3,NCAA D3,d3-centennial-conference,D3 Centennial Conference,Centennial Conference,,https://static.trumedianetworks.com/images/ncaabaseball/teams/536071854.png?v=2,False,True,D2andD3TeamBio.csv
657396052,Gettysburg College,Gettysburg College,Bullets,GETT,Gettysburg College,NCAA,D3,NCAA D3,d3-centennial-conference,D3 Centennial Conference,Centennial Conference,,https://static.trumedianetworks.com/images/ncaabaseball/teams/657396052.png?v=2,False,False,D2andD3TeamBio.csv
714249909,Haverford,Haverford College,Black Squirrels,HAVE,Haverford,NCAA,D3,NCAA D3,d3-centennial-conference,D3 Centennial Conference,Centennial Conference,,https://static.trumedianetworks.com/images/ncaabaseball/teams/714249909.png?v=2,False,False,D2andD3TeamBio.csv
648271806,Johns Hopkins,Johns Hopkins University,Blue Jays,JOHN,Johns Hopkins,NCAA,D3,NCAA D3,d3-centennial-conference,D3 Centennial Conference,Centennial Conference,,https://static.trumedianetworks.com/images/ncaabaseball/teams/648271806.png?v=2,False,True,D2andD3TeamBio.csv
729427222,McDaniel,McDaniel College,Green Terror,MCDA,McDaniel,NCAA,D3,NCAA D3,d3-centennial-conference,D3 Centennial Conference,Centennial Conference,,https://static.trumedianetworks.com/images/ncaabaseball/teams/729427222.png?v=2,False,False,D2andD3TeamBio.csv
625624818,Muhlenberg,Muhlenberg College,Mules,MUHL,Muhlenberg,NCAA,D3,NCAA D3,d3-centennial-conference,D3 Centennial Conference,Centennial Conference,,https://static.trumedianetworks.com/images/ncaabaseball/teams/625624818.png?v=2,False,False,D2andD3TeamBio.csv
546082919,Swarthmore,Swarthmore College,Garnet,SWAR,Swarthmore,NCAA,D3,NCAA D3,d3-centennial-conference,D3 Centennial Conference,Centennial Conference,,https://static.trumedianetworks.com/images/ncaabaseball/teams/546082919.png?v=2,False,False,D2andD3TeamBio.csv
788615649,Ursinus,Ursinus College,Bears,URSI,Ursinus,NCAA,D3,NCAA D3,d3-centennial-conference,D3 Centennial Conference,Centennial Conference,,https://static.trumedianetworks.com/images/ncaabaseball/teams/788615649.png?v=2,False,False,D2andD3TeamBio.csv
733174844,Washington (MD),Washington College (Maryland),Goose,WMD,Washington (MD),NCAA,D3,NCAA D3,d3-centennial-conference,D3 Centennial Conference,Centennial Conference,,https://static.trumedianetworks.com/images/ncaabaseball/teams/733174844.png?v=2,False,False,D2andD3TeamBio.csv
599844191,Baruch College,Baruch College,Bearcats,BARU,Baruch College,NCAA,D3,NCAA D3,d3-city-university-of-new-york-athletic-conference,D3 City University of New York Athletic Conference,City University of New York Athletic Conference,,https://static.trumedianetworks.com/images/ncaabaseball/teams/599844191.png?v=2,False,False,D2andD3TeamBio.csv
542451770,City College of New York,City College of New York,Beavers,CCNY,City College of New York,NCAA,D3,NCAA D3,d3-city-university-of-new-york-athletic-conference,D3 City University of New York Athletic Conference,City University of New York Athletic Conference,,https://static.trumedianetworks.com/images/ncaabaseball/teams/542451770.png?v=2,False,False,D2andD3TeamBio.csv
701799299,John Jay College of Criminal Justice,John Jay College of Criminal Justice,Bloodhounds,JJCC,John Jay College of Criminal Justice,NCAA,D3,NCAA D3,d3-city-university-of-new-york-athletic-conference,D3 City University of New York Athletic Conference,City University of New York Athletic Conference,,https://static.trumedianetworks.com/images/ncaabaseball/teams/701799299.png?v=2,False,False,D2andD3TeamBio.csv
516506906,Lehman College City University of New York,Lehman College  City University of New York,Lightning,LCCU,Lehman College City University of New York,NCAA,D3,NCAA D3,d3-city-university-of-new-york-athletic-conference,D3 City University of New York Athletic Conference,City University of New York Athletic Conference,,https://static.trumedianetworks.com/images/ncaabaseball/teams/516506906.png?v=2,False,False,D2andD3TeamBio.csv
529129468,Christopher Newport,Christopher Newport University,Captains,CHRI,Christopher Newport,NCAA,D3,NCAA D3,d3-coast-to-coast-athletic-conference,D3 Coast to Coast Athletic Conference,Coast to Coast Athletic Conference,,https://static.trumedianetworks.com/images/ncaabaseball/teams/529129468.png?v=2,False,False,D2andD3TeamBio.csv
998008116,Johnson and Wales Charlotte,Johnson and Wales Charlotte,Wildcats,JWC,Johnson and Wales Charlotte,NCAA,D3,NCAA D3,d3-coast-to-coast-athletic-conference,D3 Coast to Coast Athletic Conference,Coast to Coast Athletic Conference,,https://static.trumedianetworks.com/images/ncaabaseball/teams/998008116.png?v=2,False,False,D2andD3TeamBio.csv
659681757,Mary Washington,University of Mary Washington,Eagles,MARY,Mary Washington,NCAA,D3,NCAA D3,d3-coast-to-coast-athletic-conference,D3 Coast to Coast Athletic Conference,Coast to Coast Athletic Conference,,https://static.trumedianetworks.com/images/ncaabaseball/teams/659681757.png?v=2,False,True,D2andD3TeamBio.csv
768106547,Regent,Regent,Royals,REGE,Regent,NCAA,D3,NCAA D3,d3-coast-to-coast-athletic-conference,D3 Coast to Coast Athletic Conference,Coast to Coast Athletic Conference,,https://static.trumedianetworks.com/images/ncaabaseball/teams/768106547.png?v=2,False,False,D2andD3TeamBio.csv
627305229,Salisbury,Salisbury University,Seagulls,SALI,Salisbury,NCAA,D3,NCAA D3,d3-coast-to-coast-athletic-conference,D3 Coast to Coast Athletic Conference,Coast to Coast Athletic Conference,,https://static.trumedianetworks.com/images/ncaabaseball/teams/627305229.png?v=2,False,False,D2andD3TeamBio.csv
730188288,Augustana College (IL),Augustana College (IL),,AC,Augustana College (IL),NCAA,D3,NCAA D3,d3-college-conference-of-illinois-wisconsin,D3 College Conference of Illinois & Wisconsin,College Conference of Illinois & Wisconsin,,https://static.trumedianetworks.com/images/ncaabaseball/teams/730188288.png?v=2,False,True,D2andD3TeamBio.csv
730227968,Carroll,Carroll University,,CU,Carroll,NCAA,D3,NCAA D3,d3-college-conference-of-illinois-wisconsin,D3 College Conference of Illinois & Wisconsin,College Conference of Illinois & Wisconsin,,https://static.trumedianetworks.com/images/ncaabaseball/teams/730227968.png?v=2,False,True,D2andD3TeamBio.csv
798377853,Carthage College,Carthage College,Red Men,CART,Carthage College,NCAA,D3,NCAA D3,d3-college-conference-of-illinois-wisconsin,D3 College Conference of Illinois & Wisconsin,College Conference of Illinois & Wisconsin,,https://static.trumedianetworks.com/images/ncaabaseball/teams/798377853.png?v=2,False,False,D2andD3TeamBio.csv
672654920,Elmhurst,Elmhurst College,Bluejays,ELMH,Elmhurst,NCAA,D3,NCAA D3,d3-college-conference-of-illinois-wisconsin,D3 College Conference of Illinois & Wisconsin,College Conference of Illinois & Wisconsin,,https://static.trumedianetworks.com/images/ncaabaseball/teams/672654920.png?v=2,False,False,D2andD3TeamBio.csv
730331392,Illinois Wesleyan,Illinois Wesleyan University,,IWU,Illinois Wesleyan,NCAA,D3,NCAA D3,d3-college-conference-of-illinois-wisconsin,D3 College Conference of Illinois & Wisconsin,College Conference of Illinois & Wisconsin,,https://static.trumedianetworks.com/images/ncaabaseball/teams/730331392.png?v=2,False,False,D2andD3TeamBio.csv
609058451,Milliken,Millikin University,Big Blue,MILL,Milliken,NCAA,D3,NCAA D3,d3-college-conference-of-illinois-wisconsin,D3 College Conference of Illinois & Wisconsin,College Conference of Illinois & Wisconsin,,https://static.trumedianetworks.com/images/ncaabaseball/teams/609058451.png?v=2,False,False,D2andD3TeamBio.csv
636709794,North Central College,North Central College,Cardinals,NCC,North Central College,NCAA,D3,NCAA D3,d3-college-conference-of-illinois-wisconsin,D3 College Conference of Illinois & Wisconsin,College Conference of Illinois & Wisconsin,,https://static.trumedianetworks.com/images/ncaabaseball/teams/636709794.png?v=2,False,False,D2andD3TeamBio.csv
730378752,North Park,North Park University,,NPU,North Park,NCAA,D3,NCAA D3,d3-college-conference-of-illinois-wisconsin,D3 College Conference of Illinois & Wisconsin,College Conference of Illinois & Wisconsin,,https://static.trumedianetworks.com/images/ncaabaseball/teams/730378752.png?v=2,False,False,D2andD3TeamBio.csv
730300160,Wheaton College (IL),Wheaton College (IL),,WC,Wheaton College (IL),NCAA,D3,NCAA D3,d3-college-conference-of-illinois-wisconsin,D3 College Conference of Illinois & Wisconsin,College Conference of Illinois & Wisconsin,,https://static.trumedianetworks.com/images/ncaabaseball/teams/730300160.png?v=2,False,True,D2andD3TeamBio.csv
540191349,Belhaven,Belhaven,Blazers,BELH,Belhaven,NCAA,D3,NCAA D3,d3-collegiate-conference-of-the-south,D3 Collegiate Conference of the South,Collegiate Conference of the South,,https://static.trumedianetworks.com/images/ncaabaseball/teams/540191349.png?v=2,False,False,D2andD3TeamBio.csv
779342271,Covenant College,Covenant College,Scots,COVE,Covenant College,NCAA,D3,NCAA D3,d3-collegiate-conference-of-the-south,D3 Collegiate Conference of the South,Collegiate Conference of the South,,https://static.trumedianetworks.com/images/ncaabaseball/teams/779342271.png?v=2,False,False,D2andD3TeamBio.csv
615693366,Huntingdon,Huntingdon College,Hawks,HUNT,Huntingdon,NCAA,D3,NCAA D3,d3-collegiate-conference-of-the-south,D3 Collegiate Conference of the South,Collegiate Conference of the South,,https://static.trumedianetworks.com/images/ncaabaseball/teams/615693366.png?v=2,False,True,D2andD3TeamBio.csv
586508319,LaGrange College (GA),La Grange College,Panthers,LGCG,LaGrange College (GA),NCAA,D3,NCAA D3,d3-collegiate-conference-of-the-south,D3 Collegiate Conference of the South,Collegiate Conference of the South,,https://static.trumedianetworks.com/images/ncaabaseball/teams/586508319.png?v=2,False,False,D2andD3TeamBio.csv
789721823,Maryville College (TN),Maryville College (Tennessee),Scots,MCTN,Maryville College (TN),NCAA,D3,NCAA D3,d3-collegiate-conference-of-the-south,D3 Collegiate Conference of the South,Collegiate Conference of the South,,https://static.trumedianetworks.com/images/ncaabaseball/teams/789721823.png?v=2,False,False,D2andD3TeamBio.csv
888080019,Piedmont College,Piedmont College,Lions,PIED,Piedmont College,NCAA,D3,NCAA D3,d3-collegiate-conference-of-the-south,D3 Collegiate Conference of the South,Collegiate Conference of the South,,https://static.trumedianetworks.com/images/ncaabaseball/teams/888080019.png?v=2,False,False,D2andD3TeamBio.csv
781656511,Curry College,Curry College,Colonels,CURR,Curry College,NCAA,D3,NCAA D3,d3-commonwealth-coast-conference,D3 Commonwealth Coast Conference,Commonwealth Coast Conference,,https://static.trumedianetworks.com/images/ncaabaseball/teams/781656511.png?v=2,False,False,D2andD3TeamBio.csv
566131870,Endicott College,Endicott College,Gulls,ENDI,Endicott College,NCAA,D3,NCAA D3,d3-commonwealth-coast-conference,D3 Commonwealth Coast Conference,Commonwealth Coast Conference,,https://static.trumedianetworks.com/images/ncaabaseball/teams/566131870.png?v=2,False,False,D2andD3TeamBio.csv
628981901,Gordon College,Gordon College,Fighting Scots,GORD,Gordon College,NCAA,D3,NCAA D3,d3-commonwealth-coast-conference,D3 Commonwealth Coast Conference,Commonwealth Coast Conference,,https://static.trumedianetworks.com/images/ncaabaseball/teams/628981901.png?v=2,False,False,D2andD3TeamBio.csv
730212352,Hartford,University of Hartford,Hawks,HART,Hartford,NCAA,D3,NCAA D3,d3-commonwealth-coast-conference,D3 Commonwealth Coast Conference,Commonwealth Coast Conference,,https://static.trumedianetworks.com/images/ncaabaseball/teams/730212352.png?v=2,False,False,D2andD3TeamBio.csv
598844146,Johnson and Wales University,Johnson and Wales University,Wildcats,JWU,Johnson and Wales University,NCAA,D3,NCAA D3,d3-commonwealth-coast-conference,D3 Commonwealth Coast Conference,Commonwealth Coast Conference,,https://static.trumedianetworks.com/images/ncaabaseball/teams/598844146.png?v=2,False,False,D2andD3TeamBio.csv
503247880,Nichols College,Nichols College,Bison,NICH,Nichols College,NCAA,D3,NCAA D3,d3-commonwealth-coast-conference,D3 Commonwealth Coast Conference,Commonwealth Coast Conference,,https://static.trumedianetworks.com/images/ncaabaseball/teams/503247880.png?v=2,False,False,D2andD3TeamBio.csv
623076813,Roger Williams,Roger Williams University,Hawks,ROGE,Roger Williams,NCAA,D3,NCAA D3,d3-commonwealth-coast-conference,D3 Commonwealth Coast Conference,Commonwealth Coast Conference,,https://static.trumedianetworks.com/images/ncaabaseball/teams/623076813.png?v=2,False,False,D2andD3TeamBio.csv
595016608,Suffolk,Suffolk University,Rams,SUFF,Suffolk,NCAA,D3,NCAA D3,d3-commonwealth-coast-conference,D3 Commonwealth Coast Conference,Commonwealth Coast Conference,,https://static.trumedianetworks.com/images/ncaabaseball/teams/595016608.png?v=2,False,False,D2andD3TeamBio.csv
575341133,Wentworth Institute of Technology,Wentworth Institute of Technology,Leopards,WIT,Wentworth Institute of Technology,NCAA,D3,NCAA D3,d3-commonwealth-coast-conference,D3 Commonwealth Coast Conference,Commonwealth Coast Conference,,https://static.trumedianetworks.com/images/ncaabaseball/teams/575341133.png?v=2,False,False,D2andD3TeamBio.csv
544332995,Western New England,Western New England College,Golden Bears,WNE,Western New England,NCAA,D3,NCAA D3,d3-commonwealth-coast-conference,D3 Commonwealth Coast Conference,Commonwealth Coast Conference,,https://static.trumedianetworks.com/images/ncaabaseball/teams/544332995.png?v=2,False,False,D2andD3TeamBio.csv
518050633,Alfred,Alfred,Saxons,ALFR,Alfred,NCAA,D3,NCAA D3,d3-empire-8,D3 Empire 8,Empire 8,,https://static.trumedianetworks.com/images/ncaabaseball/teams/518050633.png?v=2,False,False,D2andD3TeamBio.csv
524291940,Brockport,State University College at Brockport,Golden Eagles,BROC,Brockport,NCAA,D3,NCAA D3,d3-empire-8,D3 Empire 8,Empire 8,,https://static.trumedianetworks.com/images/ncaabaseball/teams/524291940.png?v=2,False,False,D2andD3TeamBio.csv
522013806,Elmira,Elmira,Soaring Eagles,ELMI,Elmira,NCAA,D3,NCAA D3,d3-empire-8,D3 Empire 8,Empire 8,,https://static.trumedianetworks.com/images/ncaabaseball/teams/522013806.png?v=2,False,False,D2andD3TeamBio.csv
617822899,Houghton College,Houghton College,Highlanders,HOUG,Houghton College,NCAA,D3,NCAA D3,d3-empire-8,D3 Empire 8,Empire 8,,https://static.trumedianetworks.com/images/ncaabaseball/teams/617822899.png?v=2,False,False,D2andD3TeamBio.csv
689574746,Keuka College,Keuka College,Storm,KEUK,Keuka College,NCAA,D3,NCAA D3,d3-empire-8,D3 Empire 8,Empire 8,,https://static.trumedianetworks.com/images/ncaabaseball/teams/689574746.png?v=2,False,False,D2andD3TeamBio.csv
737063226,Russell Sage College,Russell Sage College,Gators,RSC,Russell Sage College,NCAA,D3,NCAA D3,d3-empire-8,D3 Empire 8,Empire 8,,https://static.trumedianetworks.com/images/ncaabaseball/teams/737063226.png?v=2,False,True,D2andD3TeamBio.csv
662196183,SUNY Poly,State University of New York Institute of Technolo,Wildcats,SUNY,SUNY Poly,NCAA,D3,NCAA D3,d3-empire-8,D3 Empire 8,Empire 8,,https://static.trumedianetworks.com/images/ncaabaseball/teams/662196183.png?v=2,False,True,D2andD3TeamBio.csv
567935582,St. John Fisher,St. John Fisher College,Red Storm,SJF,St. John Fisher,NCAA,D3,NCAA D3,d3-empire-8,D3 Empire 8,Empire 8,,https://static.trumedianetworks.com/images/ncaabaseball/teams/567935582.png?v=2,False,False,D2andD3TeamBio.csv
749692828,Utica College,Utica College,Pioneers,UTIC,Utica College,NCAA,D3,NCAA D3,d3-empire-8,D3 Empire 8,Empire 8,,https://static.trumedianetworks.com/images/ncaabaseball/teams/749692828.png?v=2,False,False,D2andD3TeamBio.csv
546337953,Albertus Magnus College,Albertus Magnus College,Falcons,AMC,Albertus Magnus College,NCAA,D3,NCAA D3,d3-great-northeast-athletic-conference,D3 Great Northeast Athletic Conference,Great Northeast Athletic Conference,,https://static.trumedianetworks.com/images/ncaabaseball/teams/546337953.png?v=2,False,True,D2andD3TeamBio.csv
701721511,Colby Sawyer College,Colby-Sawyer College,Chargers,CSC,Colby Sawyer College,NCAA,D3,NCAA D3,d3-great-northeast-athletic-conference,D3 Great Northeast Athletic Conference,Great Northeast Athletic Conference,,https://static.trumedianetworks.com/images/ncaabaseball/teams/701721511.png?v=2,False,True,D2andD3TeamBio.csv
709595488,Dean College,Dean College,Bulldogs,DEAN,Dean College,NCAA,D3,NCAA D3,d3-great-northeast-athletic-conference,D3 Great Northeast Athletic Conference,Great Northeast Athletic Conference,,https://static.trumedianetworks.com/images/ncaabaseball/teams/709595488.png?v=2,False,False,D2andD3TeamBio.csv
648324536,Elms College,Elms College,Blazers,ELMS,Elms College,NCAA,D3,NCAA D3,d3-great-northeast-athletic-conference,D3 Great Northeast Athletic Conference,Great Northeast Athletic Conference,,https://static.trumedianetworks.com/images/ncaabaseball/teams/648324536.png?v=2,False,False,D2andD3TeamBio.csv
707015785,Lasell,Lasell College,Lasers,LASE,Lasell,NCAA,D3,NCAA D3,d3-great-northeast-athletic-conference,D3 Great Northeast Athletic Conference,Great Northeast Athletic Conference,,https://static.trumedianetworks.com/images/ncaabaseball/teams/707015785.png?v=2,False,False,D2andD3TeamBio.csv
730180864,Mitchell,Mitchell College,,MC,Mitchell,NCAA,D3,NCAA D3,d3-great-northeast-athletic-conference,D3 Great Northeast Athletic Conference,Great Northeast Athletic Conference,,https://static.trumedianetworks.com/images/ncaabaseball/teams/730180864.png?v=2,False,True,D2andD3TeamBio.csv
748435520,New England College,New England College,Pilgrims,NEC,New England College,NCAA,D3,NCAA D3,d3-great-northeast-athletic-conference,D3 Great Northeast Athletic Conference,Great Northeast Athletic Conference,,https://static.trumedianetworks.com/images/ncaabaseball/teams/748435520.png?v=2,False,False,D2andD3TeamBio.csv
666218733,Norwich University,Norwich University,Cadets,NORW,Norwich University,NCAA,D3,NCAA D3,d3-great-northeast-athletic-conference,D3 Great Northeast Athletic Conference,Great Northeast Athletic Conference,,https://static.trumedianetworks.com/images/ncaabaseball/teams/666218733.png?v=2,False,False,D2andD3TeamBio.csv
571081578,Rivier College,Rivier College,Raiders,RIVI,Rivier College,NCAA,D3,NCAA D3,d3-great-northeast-athletic-conference,D3 Great Northeast Athletic Conference,Great Northeast Athletic Conference,,https://static.trumedianetworks.com/images/ncaabaseball/teams/571081578.png?v=2,False,False,D2andD3TeamBio.csv
627666402,Saint Joseph,Saint Joseph,Blue Jays,SAIN,Saint Joseph,NCAA,D3,NCAA D3,d3-great-northeast-athletic-conference,D3 Great Northeast Athletic Conference,Great Northeast Athletic Conference,,https://static.trumedianetworks.com/images/ncaabaseball/teams/627666402.png?v=2,False,True,D2andD3TeamBio.csv
683004922,Saint Joseph's College (Maine),Saint Joseph's College (Maine),Monks,SJCM,Saint Joseph's College (Maine),NCAA,D3,NCAA D3,d3-great-northeast-athletic-conference,D3 Great Northeast Athletic Conference,Great Northeast Athletic Conference,,https://static.trumedianetworks.com/images/ncaabaseball/teams/683004922.png?v=2,False,False,D2andD3TeamBio.csv
577162405,Anderson (IN),Anderson University (Indiana),Ravens,AIN,Anderson (IN),NCAA,D3,NCAA D3,d3-heartland-collegiate-athletic-conference,D3 Heartland Collegiate Athletic Conference,Heartland Collegiate Athletic Conference,,https://static.trumedianetworks.com/images/ncaabaseball/teams/577162405.png?v=2,False,False,D2andD3TeamBio.csv
547512281,Berea College,Berea College,Mountaineers,BERE,Berea College,NCAA,D3,NCAA D3,d3-heartland-collegiate-athletic-conference,D3 Heartland Collegiate Athletic Conference,Heartland Collegiate Athletic Conference,,https://static.trumedianetworks.com/images/ncaabaseball/teams/547512281.png?v=2,False,False,D2andD3TeamBio.csv
564841459,Bluffton University,Bluffton University,Beavers,BLUF,Bluffton University,NCAA,D3,NCAA D3,d3-heartland-collegiate-athletic-conference,D3 Heartland Collegiate Athletic Conference,Heartland Collegiate Athletic Conference,,https://static.trumedianetworks.com/images/ncaabaseball/teams/564841459.png?v=2,False,False,D2andD3TeamBio.csv
713210860,Earlham College,Earlham College,Quakers,EARL,Earlham College,NCAA,D3,NCAA D3,d3-heartland-collegiate-athletic-conference,D3 Heartland Collegiate Athletic Conference,Heartland Collegiate Athletic Conference,,https://static.trumedianetworks.com/images/ncaabaseball/teams/713210860.png?v=2,False,False,D2andD3TeamBio.csv
688532626,Franklin,Franklin College,Grizzlies,FRAN,Franklin,NCAA,D3,NCAA D3,d3-heartland-collegiate-athletic-conference,D3 Heartland Collegiate Athletic Conference,Heartland Collegiate Athletic Conference,,https://static.trumedianetworks.com/images/ncaabaseball/teams/688532626.png?v=2,False,True,D2andD3TeamBio.csv
726466086,Hanover College,Hanover College,Panthers,HANO,Hanover College,NCAA,D3,NCAA D3,d3-heartland-collegiate-athletic-conference,D3 Heartland Collegiate Athletic Conference,Heartland Collegiate Athletic Conference,,https://static.trumedianetworks.com/images/ncaabaseball/teams/726466086.png?v=2,False,False,D2andD3TeamBio.csv
730347008,Manchester,Manchester University,,MU,Manchester,NCAA,D3,NCAA D3,d3-heartland-collegiate-athletic-conference,D3 Heartland Collegiate Athletic Conference,Heartland Collegiate Athletic Conference,,https://static.trumedianetworks.com/images/ncaabaseball/teams/730347008.png?v=2,False,True,D2andD3TeamBio.csv
629172965,Mount St. Joseph,College of Mount St. Joseph,Lions,MSJ,Mount St. Joseph,NCAA,D3,NCAA D3,d3-heartland-collegiate-athletic-conference,D3 Heartland Collegiate Athletic Conference,Heartland Collegiate Athletic Conference,,https://static.trumedianetworks.com/images/ncaabaseball/teams/629172965.png?v=2,False,False,D2andD3TeamBio.csv
780749446,Rose Hulman,RoseHulman Institute of Technology,Fightin' Engineers,ROSE,Rose Hulman,NCAA,D3,NCAA D3,d3-heartland-collegiate-athletic-conference,D3 Heartland Collegiate Athletic Conference,Heartland Collegiate Athletic Conference,,https://static.trumedianetworks.com/images/ncaabaseball/teams/780749446.png?v=2,False,True,D2andD3TeamBio.csv
684897841,Transylvania (KY),Transylvania University,Pioneers,TKY,Transylvania (KY),NCAA,D3,NCAA D3,d3-heartland-collegiate-athletic-conference,D3 Heartland Collegiate Athletic Conference,Heartland Collegiate Athletic Conference,,https://static.trumedianetworks.com/images/ncaabaseball/teams/684897841.png?v=2,False,False,D2andD3TeamBio.csv
631641343,Maranatha Baptist Bible College,Maranatha Baptist Bible College,Sabercats,MBBC,Maranatha Baptist Bible College,NCAA,D3,NCAA D3,d3-independent,D3 Independent,Independent,,https://static.trumedianetworks.com/images/ncaabaseball/teams/631641343.png?v=2,False,False,D2andD3TeamBio.csv
684763535,Catholic,Catholic University,Cardinals,CATH,Catholic,NCAA,D3,NCAA D3,d3-landmark-conference,D3 Landmark Conference,Landmark Conference,,https://static.trumedianetworks.com/images/ncaabaseball/teams/684763535.png?v=2,False,False,D2andD3TeamBio.csv
765706096,Drew,Drew University,Rangers,DREW,Drew,NCAA,D3,NCAA D3,d3-landmark-conference,D3 Landmark Conference,Landmark Conference,,https://static.trumedianetworks.com/images/ncaabaseball/teams/765706096.png?v=2,False,False,D2andD3TeamBio.csv
587440773,Elizabethtown College,Elizabethtown College,Blue Jays,ELIZ,Elizabethtown College,NCAA,D3,NCAA D3,d3-landmark-conference,D3 Landmark Conference,Landmark Conference,,https://static.trumedianetworks.com/images/ncaabaseball/teams/587440773.png?v=2,False,False,D2andD3TeamBio.csv
738205044,Juniata College,Juniata College,Eagles,JUNI,Juniata College,NCAA,D3,NCAA D3,d3-landmark-conference,D3 Landmark Conference,Landmark Conference,,https://static.trumedianetworks.com/images/ncaabaseball/teams/738205044.png?v=2,False,False,D2andD3TeamBio.csv
730997958,Lycoming College,Lycoming College,Warriors,LYCO,Lycoming College,NCAA,D3,NCAA D3,d3-landmark-conference,D3 Landmark Conference,Landmark Conference,,https://static.trumedianetworks.com/images/ncaabaseball/teams/730997958.png?v=2,False,False,D2andD3TeamBio.csv
568636371,Moravian College,Moravian College,Greyhounds,MORA,Moravian College,NCAA,D3,NCAA D3,d3-landmark-conference,D3 Landmark Conference,Landmark Conference,,https://static.trumedianetworks.com/images/ncaabaseball/teams/568636371.png?v=2,False,False,D2andD3TeamBio.csv
666763567,Scranton,University of Scranton,Royals,SCRA,Scranton,NCAA,D3,NCAA D3,d3-landmark-conference,D3 Landmark Conference,Landmark Conference,,https://static.trumedianetworks.com/images/ncaabaseball/teams/666763567.png?v=2,False,False,D2andD3TeamBio.csv
691254315,Susquehanna,Susquehanna University,River Hawks,SUSQ,Susquehanna,NCAA,D3,NCAA D3,d3-landmark-conference,D3 Landmark Conference,Landmark Conference,,https://static.trumedianetworks.com/images/ncaabaseball/teams/691254315.png?v=2,False,False,D2andD3TeamBio.csv
635541563,Wilkes University,Wilkes University,Colonels,WILK,Wilkes University,NCAA,D3,NCAA D3,d3-landmark-conference,D3 Landmark Conference,Landmark Conference,,https://static.trumedianetworks.com/images/ncaabaseball/teams/635541563.png?v=2,False,False,D2andD3TeamBio.csv
628809746,Bard College,Bard College,Raptors,BARD,Bard College,NCAA,D3,NCAA D3,d3-liberty-league,D3 Liberty League,Liberty League,,https://static.trumedianetworks.com/images/ncaabaseball/teams/628809746.png?v=2,False,False,D2andD3TeamBio.csv
676224661,Clarkson,Clarkson University,Golden Knights,CLAR,Clarkson,NCAA,D3,NCAA D3,d3-liberty-league,D3 Liberty League,Liberty League,,https://static.trumedianetworks.com/images/ncaabaseball/teams/676224661.png?v=2,False,True,D2andD3TeamBio.csv
717370784,Hobart and William Smith,Hobart and William Smith,Statesmen,HWS,Hobart and William Smith,NCAA,D3,NCAA D3,d3-liberty-league,D3 Liberty League,Liberty League,,https://static.trumedianetworks.com/images/ncaabaseball/teams/717370784.png?v=2,False,False,D2andD3TeamBio.csv
730159104,Ithaca,Ithaca College,,IC,Ithaca,NCAA,D3,NCAA D3,d3-liberty-league,D3 Liberty League,Liberty League,,https://static.trumedianetworks.com/images/ncaabaseball/teams/730159104.png?v=2,False,False,D2andD3TeamBio.csv
515364302,Rensselaer Polytechnic,Rensselaer Polytechnic Institute,Engineers,RENS,Rensselaer Polytechnic,NCAA,D3,NCAA D3,d3-liberty-league,D3 Liberty League,Liberty League,,https://static.trumedianetworks.com/images/ncaabaseball/teams/515364302.png?v=2,False,False,D2andD3TeamBio.csv
653195880,Rochester,University of Rochester,Yellowjackets,ROCH,Rochester,NCAA,D3,NCAA D3,d3-liberty-league,D3 Liberty League,Liberty League,,https://static.trumedianetworks.com/images/ncaabaseball/teams/653195880.png?v=2,False,True,D2andD3TeamBio.csv
780337998,Rochester Institute of Technology,Rochester Institute of Technology,Tigers,RIT,Rochester Institute of Technology,NCAA,D3,NCAA D3,d3-liberty-league,D3 Liberty League,Liberty League,,https://static.trumedianetworks.com/images/ncaabaseball/teams/780337998.png?v=2,False,False,D2andD3TeamBio.csv
545181106,Skidmore College,Skidmore College,Thoroughbreds,SKID,Skidmore College,NCAA,D3,NCAA D3,d3-liberty-league,D3 Liberty League,Liberty League,,https://static.trumedianetworks.com/images/ncaabaseball/teams/545181106.png?v=2,False,False,D2andD3TeamBio.csv
789937706,St. Lawrence University,St. Lawrence University,Saints,SLU,St. Lawrence University,NCAA,D3,NCAA D3,d3-liberty-league,D3 Liberty League,Liberty League,,https://static.trumedianetworks.com/images/ncaabaseball/teams/789937706.png?v=2,False,True,D2andD3TeamBio.csv
690396672,Union,Union College,,UC,Union,NCAA,D3,NCAA D3,d3-liberty-league,D3 Liberty League,Liberty League,,https://static.trumedianetworks.com/images/ncaabaseball/teams/690396672.png?v=2,False,True,D2andD3TeamBio.csv
794448481,Vassar College,Vassar College,Brewers,VASS,Vassar College,NCAA,D3,NCAA D3,d3-liberty-league,D3 Liberty League,Liberty League,,https://static.trumedianetworks.com/images/ncaabaseball/teams/794448481.png?v=2,False,False,D2andD3TeamBio.csv
720495744,Eastern Connecticut State,Eastern Connecticut State University,Warriors,ECS,Eastern Connecticut State,NCAA,D3,NCAA D3,d3-little-east-conference,D3 Little East Conference,Little East Conference,,https://static.trumedianetworks.com/images/ncaabaseball/teams/720495744.png?v=2,False,False,D2andD3TeamBio.csv
788512627,Keene State,Keene State College,Owls,KEEN,Keene State,NCAA,D3,NCAA D3,d3-little-east-conference,D3 Little East Conference,Little East Conference,,https://static.trumedianetworks.com/images/ncaabaseball/teams/788512627.png?v=2,False,True,D2andD3TeamBio.csv
633230237,Massachusetts Boston,University of Massachusetts  Boston,Beacons,MASS,Massachusetts Boston,NCAA,D3,NCAA D3,d3-little-east-conference,D3 Little East Conference,Little East Conference,,https://static.trumedianetworks.com/images/ncaabaseball/teams/633230237.png?v=2,False,True,D2andD3TeamBio.csv
651012631,Massachusetts Dartmouth,University of Massachusetts  Dartmouth,Corsairs,MASS,Massachusetts Dartmouth,NCAA,D3,NCAA D3,d3-little-east-conference,D3 Little East Conference,Little East Conference,,https://static.trumedianetworks.com/images/ncaabaseball/teams/651012631.png?v=2,False,True,D2andD3TeamBio.csv
751602446,Plymouth State,Plymouth State University,Panthers,PLYM,Plymouth State,NCAA,D3,NCAA D3,d3-little-east-conference,D3 Little East Conference,Little East Conference,,https://static.trumedianetworks.com/images/ncaabaseball/teams/751602446.png?v=2,False,False,D2andD3TeamBio.csv
732942630,Rhode Island College,Rhode Island College,Anchormen,RIC,Rhode Island College,NCAA,D3,NCAA D3,d3-little-east-conference,D3 Little East Conference,Little East Conference,,https://static.trumedianetworks.com/images/ncaabaseball/teams/732942630.png?v=2,False,False,D2andD3TeamBio.csv
664822330,Southern Maine,University of Southern Maine,Huskies,SOUT,Southern Maine,NCAA,D3,NCAA D3,d3-little-east-conference,D3 Little East Conference,Little East Conference,,https://static.trumedianetworks.com/images/ncaabaseball/teams/664822330.png?v=2,False,True,D2andD3TeamBio.csv
536689920,Vermont State Castleton,Castleton State College,Spartans,VSC,Vermont State Castleton,NCAA,D3,NCAA D3,d3-little-east-conference,D3 Little East Conference,Little East Conference,,https://static.trumedianetworks.com/images/ncaabaseball/teams/536689920.png?v=2,False,False,D2andD3TeamBio.csv
605897651,Western Connecticut State,Western Connecticut State University,Colonials,WCS,Western Connecticut State,NCAA,D3,NCAA D3,d3-little-east-conference,D3 Little East Conference,Little East Conference,,https://static.trumedianetworks.com/images/ncaabaseball/teams/605897651.png?v=2,False,False,D2andD3TeamBio.csv
571542574,Anna Maria College,Anna Maria College,Amcats,AMC,Anna Maria College,NCAA,D3,NCAA D3,d3-massachusetts-state-college-athletic-conference,D3 Massachusetts State College Athletic Conference,Massachusetts State College Athletic Conference,,https://static.trumedianetworks.com/images/ncaabaseball/teams/571542574.png?v=2,False,True,D2andD3TeamBio.csv
561232848,Bridgewater State,Bridgewater State College,Bears,BRID,Bridgewater State,NCAA,D3,NCAA D3,d3-massachusetts-state-college-athletic-conference,D3 Massachusetts State College Athletic Conference,Massachusetts State College Athletic Conference,,https://static.trumedianetworks.com/images/ncaabaseball/teams/561232848.png?v=2,False,False,D2andD3TeamBio.csv
514356638,Fitchburg State College,Fitchburg State College,Falcons,FSC,Fitchburg State College,NCAA,D3,NCAA D3,d3-massachusetts-state-college-athletic-conference,D3 Massachusetts State College Athletic Conference,Massachusetts State College Athletic Conference,,https://static.trumedianetworks.com/images/ncaabaseball/teams/514356638.png?v=2,False,True,D2andD3TeamBio.csv
561539265,Framingham State,Framingham State College,Rams,FRAM,Framingham State,NCAA,D3,NCAA D3,d3-massachusetts-state-college-athletic-conference,D3 Massachusetts State College Athletic Conference,Massachusetts State College Athletic Conference,,https://static.trumedianetworks.com/images/ncaabaseball/teams/561539265.png?v=2,False,False,D2andD3TeamBio.csv
704549751,Massachusetts College of Liberal Arts,Massachusetts College of Liberal Arts,Trailblazers,MCLA,Massachusetts College of Liberal Arts,NCAA,D3,NCAA D3,d3-massachusetts-state-college-athletic-conference,D3 Massachusetts State College Athletic Conference,Massachusetts State College Athletic Conference,,https://static.trumedianetworks.com/images/ncaabaseball/teams/704549751.png?v=2,False,False,D2andD3TeamBio.csv
685528895,Massachusetts Maritime Academy,Massachusetts Maritime Academy,Buccaneers,MMA,Massachusetts Maritime Academy,NCAA,D3,NCAA D3,d3-massachusetts-state-college-athletic-conference,D3 Massachusetts State College Athletic Conference,Massachusetts State College Athletic Conference,,https://static.trumedianetworks.com/images/ncaabaseball/teams/685528895.png?v=2,False,False,D2andD3TeamBio.csv
556683045,Salem State College,Salem State College,Vikings,SSC,Salem State College,NCAA,D3,NCAA D3,d3-massachusetts-state-college-athletic-conference,D3 Massachusetts State College Athletic Conference,Massachusetts State College Athletic Conference,,https://static.trumedianetworks.com/images/ncaabaseball/teams/556683045.png?v=2,False,True,D2andD3TeamBio.csv
576196809,Westfield State College,Westfield State College,Owls,WSC,Westfield State College,NCAA,D3,NCAA D3,d3-massachusetts-state-college-athletic-conference,D3 Massachusetts State College Athletic Conference,Massachusetts State College Athletic Conference,,https://static.trumedianetworks.com/images/ncaabaseball/teams/576196809.png?v=2,False,True,D2andD3TeamBio.csv
753162370,Worcester State,Worcester State College,Lancers,WORC,Worcester State,NCAA,D3,NCAA D3,d3-massachusetts-state-college-athletic-conference,D3 Massachusetts State College Athletic Conference,Massachusetts State College Athletic Conference,,https://static.trumedianetworks.com/images/ncaabaseball/teams/753162370.png?v=2,False,False,D2andD3TeamBio.csv
580267315,Adrian College,Adrian College,Bulldogs,ADRI,Adrian College,NCAA,D3,NCAA D3,d3-michigan-intercol-ath-assn,D3 Michigan Intercol. Ath. Assn.,Michigan Intercol. Ath. Assn.,,https://static.trumedianetworks.com/images/ncaabaseball/teams/580267315.png?v=2,False,False,D2andD3TeamBio.csv
680925999,Albion,Albion College,Brits,ALBI,Albion,NCAA,D3,NCAA D3,d3-michigan-intercol-ath-assn,D3 Michigan Intercol. Ath. Assn.,Michigan Intercol. Ath. Assn.,,https://static.trumedianetworks.com/images/ncaabaseball/teams/680925999.png?v=2,False,False,D2andD3TeamBio.csv
730233856,Alma,Alma College,,AC,Alma,NCAA,D3,NCAA D3,d3-michigan-intercol-ath-assn,D3 Michigan Intercol. Ath. Assn.,Michigan Intercol. Ath. Assn.,,https://static.trumedianetworks.com/images/ncaabaseball/teams/730233856.png?v=2,False,True,D2andD3TeamBio.csv
650434317,Calvin,Calvin College,Knights,CALV,Calvin,NCAA,D3,NCAA D3,d3-michigan-intercol-ath-assn,D3 Michigan Intercol. Ath. Assn.,Michigan Intercol. Ath. Assn.,,https://static.trumedianetworks.com/images/ncaabaseball/teams/650434317.png?v=2,False,False,D2andD3TeamBio.csv
730159360,Hope,Hope College,,HC,Hope,NCAA,D3,NCAA D3,d3-michigan-intercol-ath-assn,D3 Michigan Intercol. Ath. Assn.,Michigan Intercol. Ath. Assn.,,https://static.trumedianetworks.com/images/ncaabaseball/teams/730159360.png?v=2,False,True,D2andD3TeamBio.csv
764315275,Kalamazoo College,Kalamazoo College,Hornets,KALA,Kalamazoo College,NCAA,D3,NCAA D3,d3-michigan-intercol-ath-assn,D3 Michigan Intercol. Ath. Assn.,Michigan Intercol. Ath. Assn.,,https://static.trumedianetworks.com/images/ncaabaseball/teams/764315275.png?v=2,False,True,D2andD3TeamBio.csv
730246400,Olivet,Olivet College,,OC,Olivet,NCAA,D3,NCAA D3,d3-michigan-intercol-ath-assn,D3 Michigan Intercol. Ath. Assn.,Michigan Intercol. Ath. Assn.,,https://static.trumedianetworks.com/images/ncaabaseball/teams/730246400.png?v=2,False,False,D2andD3TeamBio.csv
716004597,Trine,Trine University,Thunder,TRIN,Trine,NCAA,D3,NCAA D3,d3-michigan-intercol-ath-assn,D3 Michigan Intercol. Ath. Assn.,Michigan Intercol. Ath. Assn.,,https://static.trumedianetworks.com/images/ncaabaseball/teams/716004597.png?v=2,False,True,D2andD3TeamBio.csv
570533322,Albright,Albright College,Lions,ALBR,Albright,NCAA,D3,NCAA D3,d3-middle-atlantic-commonwealth-conference,D3 Middle Atlantic Commonwealth Conference,Middle Atlantic Commonwealth Conference,,https://static.trumedianetworks.com/images/ncaabaseball/teams/570533322.png?v=2,False,False,D2andD3TeamBio.csv
602148996,Alvernia College,Alvernia College,Crusaders,ALVE,Alvernia College,NCAA,D3,NCAA D3,d3-middle-atlantic-commonwealth-conference,D3 Middle Atlantic Commonwealth Conference,Middle Atlantic Commonwealth Conference,,https://static.trumedianetworks.com/images/ncaabaseball/teams/602148996.png?v=2,False,False,D2andD3TeamBio.csv
542072750,Eastern University,Eastern University,Eagles,EAST,Eastern University,NCAA,D3,NCAA D3,d3-middle-atlantic-commonwealth-conference,D3 Middle Atlantic Commonwealth Conference,Middle Atlantic Commonwealth Conference,,https://static.trumedianetworks.com/images/ncaabaseball/teams/542072750.png?v=2,False,True,D2andD3TeamBio.csv
507798810,Hood College,Hood College,Blazers,HOOD,Hood College,NCAA,D3,NCAA D3,d3-middle-atlantic-commonwealth-conference,D3 Middle Atlantic Commonwealth Conference,Middle Atlantic Commonwealth Conference,,https://static.trumedianetworks.com/images/ncaabaseball/teams/507798810.png?v=2,False,False,D2andD3TeamBio.csv
537365668,Messiah,Messiah College,Falcons,MESS,Messiah,NCAA,D3,NCAA D3,d3-middle-atlantic-commonwealth-conference,D3 Middle Atlantic Commonwealth Conference,Middle Atlantic Commonwealth Conference,,https://static.trumedianetworks.com/images/ncaabaseball/teams/537365668.png?v=2,False,False,D2andD3TeamBio.csv
550106018,Stevenson University,Stevenson University,Mustangs,STEV,Stevenson University,NCAA,D3,NCAA D3,d3-middle-atlantic-commonwealth-conference,D3 Middle Atlantic Commonwealth Conference,Middle Atlantic Commonwealth Conference,,https://static.trumedianetworks.com/images/ncaabaseball/teams/550106018.png?v=2,False,False,D2andD3TeamBio.csv
724160555,Widener,Widener University,Pride,WIDE,Widener,NCAA,D3,NCAA D3,d3-middle-atlantic-commonwealth-conference,D3 Middle Atlantic Commonwealth Conference,Middle Atlantic Commonwealth Conference,,https://static.trumedianetworks.com/images/ncaabaseball/teams/724160555.png?v=2,False,False,D2andD3TeamBio.csv
641830231,York,York College (Pennsylvania),Spartans,YORK,York,NCAA,D3,NCAA D3,d3-middle-atlantic-commonwealth-conference,D3 Middle Atlantic Commonwealth Conference,Middle Atlantic Commonwealth Conference,,https://static.trumedianetworks.com/images/ncaabaseball/teams/641830231.png?v=2,False,True,D2andD3TeamBio.csv
735055765,Arcadia,Arcadia University,Knights,ARCA,Arcadia,NCAA,D3,NCAA D3,d3-middle-atlantic-freedom-conference,D3 Middle Atlantic Freedom Conference,Middle Atlantic Freedom Conference,,https://static.trumedianetworks.com/images/ncaabaseball/teams/735055765.png?v=2,False,False,D2andD3TeamBio.csv
636733935,DeSales,DeSales University,Bulldogs,DESA,DeSales,NCAA,D3,NCAA D3,d3-middle-atlantic-freedom-conference,D3 Middle Atlantic Freedom Conference,Middle Atlantic Freedom Conference,,https://static.trumedianetworks.com/images/ncaabaseball/teams/636733935.png?v=2,False,False,D2andD3TeamBio.csv
683496902,Delaware Valley College,Delaware Valley College,Aggies,DVC,Delaware Valley College,NCAA,D3,NCAA D3,d3-middle-atlantic-freedom-conference,D3 Middle Atlantic Freedom Conference,Middle Atlantic Freedom Conference,,https://static.trumedianetworks.com/images/ncaabaseball/teams/683496902.png?v=2,False,False,D2andD3TeamBio.csv
594231732,Fairleigh Dickinson Florham,Fairleigh Dickinson University  Florham,Devils,FDF,Fairleigh Dickinson Florham,NCAA,D3,NCAA D3,d3-middle-atlantic-freedom-conference,D3 Middle Atlantic Freedom Conference,Middle Atlantic Freedom Conference,,https://static.trumedianetworks.com/images/ncaabaseball/teams/594231732.png?v=2,False,False,D2andD3TeamBio.csv
523274783,King's College,King's College (Pennsylvania),Monarchs,KING,King's College,NCAA,D3,NCAA D3,d3-middle-atlantic-freedom-conference,D3 Middle Atlantic Freedom Conference,Middle Atlantic Freedom Conference,,https://static.trumedianetworks.com/images/ncaabaseball/teams/523274783.png?v=2,False,False,D2andD3TeamBio.csv
685894005,Lebanon Valley College,Lebanon Valley College,Flying Dutchmen,LVC,Lebanon Valley College,NCAA,D3,NCAA D3,d3-middle-atlantic-freedom-conference,D3 Middle Atlantic Freedom Conference,Middle Atlantic Freedom Conference,,https://static.trumedianetworks.com/images/ncaabaseball/teams/685894005.png?v=2,False,False,D2andD3TeamBio.csv
797670397,Misericordia University,Misericordia University,Cougars,MISE,Misericordia University,NCAA,D3,NCAA D3,d3-middle-atlantic-freedom-conference,D3 Middle Atlantic Freedom Conference,Middle Atlantic Freedom Conference,,https://static.trumedianetworks.com/images/ncaabaseball/teams/797670397.png?v=2,False,False,D2andD3TeamBio.csv
649145905,Stevens Institute of Technology,Stevens Institute of Technology,Ducks,SIT,Stevens Institute of Technology,NCAA,D3,NCAA D3,d3-middle-atlantic-freedom-conference,D3 Middle Atlantic Freedom Conference,Middle Atlantic Freedom Conference,,https://static.trumedianetworks.com/images/ncaabaseball/teams/649145905.png?v=2,False,False,D2andD3TeamBio.csv
502923156,Beloit College,Beloit College,Buccaneers,BELO,Beloit College,NCAA,D3,NCAA D3,d3-midwest-conference,D3 Midwest Conference,Midwest Conference,,https://static.trumedianetworks.com/images/ncaabaseball/teams/502923156.png?v=2,False,False,D2andD3TeamBio.csv
730223616,Cornell,Cornell College,,CC,Cornell,NCAA,D3,NCAA D3,d3-midwest-conference,D3 Midwest Conference,Midwest Conference,,https://static.trumedianetworks.com/images/ncaabaseball/teams/730223616.png?v=2,False,True,D2andD3TeamBio.csv
689972030,Grinnell College,Grinnell College,Pioneers,GRIN,Grinnell College,NCAA,D3,NCAA D3,d3-midwest-conference,D3 Midwest Conference,Midwest Conference,,https://static.trumedianetworks.com/images/ncaabaseball/teams/689972030.png?v=2,False,False,D2andD3TeamBio.csv
666821657,Illinois College,Illinois College,Blueboys,ILLI,Illinois College,NCAA,D3,NCAA D3,d3-midwest-conference,D3 Midwest Conference,Midwest Conference,,https://static.trumedianetworks.com/images/ncaabaseball/teams/666821657.png?v=2,False,True,D2andD3TeamBio.csv
693512261,Knox College,Knox College,Prairie Fire,KNOX,Knox College,NCAA,D3,NCAA D3,d3-midwest-conference,D3 Midwest Conference,Midwest Conference,,https://static.trumedianetworks.com/images/ncaabaseball/teams/693512261.png?v=2,False,False,D2andD3TeamBio.csv
797073193,Lawrence University,Lawrence University,Vikings,LAWR,Lawrence University,NCAA,D3,NCAA D3,d3-midwest-conference,D3 Midwest Conference,Midwest Conference,,https://static.trumedianetworks.com/images/ncaabaseball/teams/797073193.png?v=2,False,False,D2andD3TeamBio.csv
771935949,Monmouth (IL),Monmouth College (Illinois),Scots,MIL,Monmouth (IL),NCAA,D3,NCAA D3,d3-midwest-conference,D3 Midwest Conference,Midwest Conference,,https://static.trumedianetworks.com/images/ncaabaseball/teams/771935949.png?v=2,False,False,D2andD3TeamBio.csv
538714226,Ripon,Ripon College,Red Hawks,RIPO,Ripon,NCAA,D3,NCAA D3,d3-midwest-conference,D3 Midwest Conference,Midwest Conference,,https://static.trumedianetworks.com/images/ncaabaseball/teams/538714226.png?v=2,False,False,D2andD3TeamBio.csv
710400022,Augsburg College,Augsburg College,Auggies,AUGS,Augsburg College,NCAA,D3,NCAA D3,d3-minnesota-intercollegiate-athletic-conference,D3 Minnesota Intercollegiate Athletic Conference,Minnesota Intercollegiate Athletic Conference,,https://static.trumedianetworks.com/images/ncaabaseball/teams/710400022.png?v=2,False,False,D2andD3TeamBio.csv
509620441,Bethel (MN),Bethel University (Minnesota),Royals,BMN,Bethel (MN),NCAA,D3,NCAA D3,d3-minnesota-intercollegiate-athletic-conference,D3 Minnesota Intercollegiate Athletic Conference,Minnesota Intercollegiate Athletic Conference,,https://static.trumedianetworks.com/images/ncaabaseball/teams/509620441.png?v=2,False,False,D2andD3TeamBio.csv
656308156,Carleton College,Carleton College,Knights,CARL,Carleton College,NCAA,D3,NCAA D3,d3-minnesota-intercollegiate-athletic-conference,D3 Minnesota Intercollegiate Athletic Conference,Minnesota Intercollegiate Athletic Conference,,https://static.trumedianetworks.com/images/ncaabaseball/teams/656308156.png?v=2,False,False,D2andD3TeamBio.csv
783755641,Concordia Moorhead,Concordia College  Moorhead,Cobbers,CONC,Concordia Moorhead,NCAA,D3,NCAA D3,d3-minnesota-intercollegiate-athletic-conference,D3 Minnesota Intercollegiate Athletic Conference,Minnesota Intercollegiate Athletic Conference,,https://static.trumedianetworks.com/images/ncaabaseball/teams/783755641.png?v=2,False,False,D2andD3TeamBio.csv
675290752,Gustavus Adolphus College,Gustavus Adolphus College,Gusties,GAC,Gustavus Adolphus College,NCAA,D3,NCAA D3,d3-minnesota-intercollegiate-athletic-conference,D3 Minnesota Intercollegiate Athletic Conference,Minnesota Intercollegiate Athletic Conference,,https://static.trumedianetworks.com/images/ncaabaseball/teams/675290752.png?v=2,False,False,D2andD3TeamBio.csv
774900197,Hamline,Hamline University,Pipers,HAML,Hamline,NCAA,D3,NCAA D3,d3-minnesota-intercollegiate-athletic-conference,D3 Minnesota Intercollegiate Athletic Conference,Minnesota Intercollegiate Athletic Conference,,https://static.trumedianetworks.com/images/ncaabaseball/teams/774900197.png?v=2,False,False,D2andD3TeamBio.csv
599724490,Macalester College,Macalester College,Scots,MACA,Macalester College,NCAA,D3,NCAA D3,d3-minnesota-intercollegiate-athletic-conference,D3 Minnesota Intercollegiate Athletic Conference,Minnesota Intercollegiate Athletic Conference,,https://static.trumedianetworks.com/images/ncaabaseball/teams/599724490.png?v=2,False,False,D2andD3TeamBio.csv
774245196,Saint Mary's (MN),Saint Mary's University of Minnesota,Cardinals,SMMN,Saint Mary's (MN),NCAA,D3,NCAA D3,d3-minnesota-intercollegiate-athletic-conference,D3 Minnesota Intercollegiate Athletic Conference,Minnesota Intercollegiate Athletic Conference,,https://static.trumedianetworks.com/images/ncaabaseball/teams/774245196.png?v=2,False,False,D2andD3TeamBio.csv
649677062,St. John's (MN),St. John's University (Minnesota),Johnnies,SJMN,St. John's (MN),NCAA,D3,NCAA D3,d3-minnesota-intercollegiate-athletic-conference,D3 Minnesota Intercollegiate Athletic Conference,Minnesota Intercollegiate Athletic Conference,,https://static.trumedianetworks.com/images/ncaabaseball/teams/649677062.png?v=2,False,False,D2andD3TeamBio.csv
730180608,St. Olaf,St. Olaf College,,SOC,St. Olaf,NCAA,D3,NCAA D3,d3-minnesota-intercollegiate-athletic-conference,D3 Minnesota Intercollegiate Athletic Conference,Minnesota Intercollegiate Athletic Conference,,https://static.trumedianetworks.com/images/ncaabaseball/teams/730180608.png?v=2,False,False,D2andD3TeamBio.csv
528646540,St. Scholastica,College of St. Scholastica,Saints,ST.,St. Scholastica,NCAA,D3,NCAA D3,d3-minnesota-intercollegiate-athletic-conference,D3 Minnesota Intercollegiate Athletic Conference,Minnesota Intercollegiate Athletic Conference,,https://static.trumedianetworks.com/images/ncaabaseball/teams/528646540.png?v=2,False,True,D2andD3TeamBio.csv
778612450,Amherst College,Amherst College,Mammoths,AMHE,Amherst College,NCAA,D3,NCAA D3,d3-new-england-small-college-athletic-conference,D3 New England Small College Athletic Conference,New England Small College Athletic Conference,,https://static.trumedianetworks.com/images/ncaabaseball/teams/778612450.png?v=2,False,False,D2andD3TeamBio.csv
668194971,Bates College,Bates College,Bobcats,BATE,Bates College,NCAA,D3,NCAA D3,d3-new-england-small-college-athletic-conference,D3 New England Small College Athletic Conference,New England Small College Athletic Conference,,https://static.trumedianetworks.com/images/ncaabaseball/teams/668194971.png?v=2,False,False,D2andD3TeamBio.csv
730149376,Bowdoin,Bowdoin College,,BC,Bowdoin,NCAA,D3,NCAA D3,d3-new-england-small-college-athletic-conference,D3 New England Small College Athletic Conference,New England Small College Athletic Conference,,https://static.trumedianetworks.com/images/ncaabaseball/teams/730149376.png?v=2,False,True,D2andD3TeamBio.csv
730250752,Colby,Colby College,,CC,Colby,NCAA,D3,NCAA D3,d3-new-england-small-college-athletic-conference,D3 New England Small College Athletic Conference,New England Small College Athletic Conference,,https://static.trumedianetworks.com/images/ncaabaseball/teams/730250752.png?v=2,False,True,D2andD3TeamBio.csv
561461634,Hamilton,Hamilton College,Continentals,HAMI,Hamilton,NCAA,D3,NCAA D3,d3-new-england-small-college-athletic-conference,D3 New England Small College Athletic Conference,New England Small College Athletic Conference,,https://static.trumedianetworks.com/images/ncaabaseball/teams/561461634.png?v=2,False,False,D2andD3TeamBio.csv
730226688,Middlebury,Middlebury College,,MC,Middlebury,NCAA,D3,NCAA D3,d3-new-england-small-college-athletic-conference,D3 New England Small College Athletic Conference,New England Small College Athletic Conference,,https://static.trumedianetworks.com/images/ncaabaseball/teams/730226688.png?v=2,False,True,D2andD3TeamBio.csv
626671273,Trinity College (CT),Trinity College (Connecticut),Bantams,TCCT,Trinity College (CT),NCAA,D3,NCAA D3,d3-new-england-small-college-athletic-conference,D3 New England Small College Athletic Conference,New England Small College Athletic Conference,,https://static.trumedianetworks.com/images/ncaabaseball/teams/626671273.png?v=2,False,False,D2andD3TeamBio.csv
772232009,Tufts,Tufts University,Jumbos,TUFT,Tufts,NCAA,D3,NCAA D3,d3-new-england-small-college-athletic-conference,D3 New England Small College Athletic Conference,New England Small College Athletic Conference,,https://static.trumedianetworks.com/images/ncaabaseball/teams/772232009.png?v=2,False,False,D2andD3TeamBio.csv
606755690,Wesleyan,Wesleyan University (Connecticut),Cardinals,WESL,Wesleyan,NCAA,D3,NCAA D3,d3-new-england-small-college-athletic-conference,D3 New England Small College Athletic Conference,New England Small College Athletic Conference,,https://static.trumedianetworks.com/images/ncaabaseball/teams/606755690.png?v=2,False,False,D2andD3TeamBio.csv
730292992,Williams,Williams College,,WC,Williams,NCAA,D3,NCAA D3,d3-new-england-small-college-athletic-conference,D3 New England Small College Athletic Conference,New England Small College Athletic Conference,,https://static.trumedianetworks.com/images/ncaabaseball/teams/730292992.png?v=2,False,True,D2andD3TeamBio.csv
775102560,Babson College,Babson College,Beavers,BABS,Babson College,NCAA,D3,NCAA D3,d3-new-england-women-s-men-s-athletic-conference,D3 New England Women's & Men's Athletic Conference,New England Women's & Men's Athletic Conference,,https://static.trumedianetworks.com/images/ncaabaseball/teams/775102560.png?v=2,False,False,D2andD3TeamBio.csv
673098016,Clark (MA),Clark University (Massachusetts),Cougars,CMA,Clark (MA),NCAA,D3,NCAA D3,d3-new-england-women-s-men-s-athletic-conference,D3 New England Women's & Men's Athletic Conference,New England Women's & Men's Athletic Conference,,https://static.trumedianetworks.com/images/ncaabaseball/teams/673098016.png?v=2,False,False,D2andD3TeamBio.csv
556046065,Emerson College,Emerson College,Lions,EMER,Emerson College,NCAA,D3,NCAA D3,d3-new-england-women-s-men-s-athletic-conference,D3 New England Women's & Men's Athletic Conference,New England Women's & Men's Athletic Conference,,https://static.trumedianetworks.com/images/ncaabaseball/teams/556046065.png?v=2,False,False,D2andD3TeamBio.csv
547773069,Massachusetts Institute of Technology,Massachusetts Institute of Technology,Engineers,MIT,Massachusetts Institute of Technology,NCAA,D3,NCAA D3,d3-new-england-women-s-men-s-athletic-conference,D3 New England Women's & Men's Athletic Conference,New England Women's & Men's Athletic Conference,,https://static.trumedianetworks.com/images/ncaabaseball/teams/547773069.png?v=2,False,False,D2andD3TeamBio.csv
743834092,Salve Regina,Salve Regina University,Seahawks,SALV,Salve Regina,NCAA,D3,NCAA D3,d3-new-england-women-s-men-s-athletic-conference,D3 New England Women's & Men's Athletic Conference,New England Women's & Men's Athletic Conference,,https://static.trumedianetworks.com/images/ncaabaseball/teams/743834092.png?v=2,False,False,D2andD3TeamBio.csv
532094669,Springfield College,Springfield College,Pride,SPRI,Springfield College,NCAA,D3,NCAA D3,d3-new-england-women-s-men-s-athletic-conference,D3 New England Women's & Men's Athletic Conference,New England Women's & Men's Athletic Conference,,https://static.trumedianetworks.com/images/ncaabaseball/teams/532094669.png?v=2,False,True,D2andD3TeamBio.csv
641565404,U.S. Coast Guard Academy,U.S. Coast Guard Academy,Bears,USCG,U.S. Coast Guard Academy,NCAA,D3,NCAA D3,d3-new-england-women-s-men-s-athletic-conference,D3 New England Women's & Men's Athletic Conference,New England Women's & Men's Athletic Conference,,https://static.trumedianetworks.com/images/ncaabaseball/teams/641565404.png?v=2,False,False,D2andD3TeamBio.csv
517522550,Wheaton (MA),Wheaton College (Massachusetts),Lyons,WMA,Wheaton (MA),NCAA,D3,NCAA D3,d3-new-england-women-s-men-s-athletic-conference,D3 New England Women's & Men's Athletic Conference,New England Women's & Men's Athletic Conference,,https://static.trumedianetworks.com/images/ncaabaseball/teams/517522550.png?v=2,False,False,D2andD3TeamBio.csv
508225353,Worcester Polytechnic Institute,Worcester Polytechnic Institute,Engineers,WPI,Worcester Polytechnic Institute,NCAA,D3,NCAA D3,d3-new-england-women-s-men-s-athletic-conference,D3 New England Women's & Men's Athletic Conference,New England Women's & Men's Athletic Conference,,https://static.trumedianetworks.com/images/ncaabaseball/teams/508225353.png?v=2,False,False,D2andD3TeamBio.csv
535234825,College of New Jersey,The College of New Jersey,Lions,CNJ,College of New Jersey,NCAA,D3,NCAA D3,d3-new-jersey-athletic-conference,D3 New Jersey Athletic Conference,New Jersey Athletic Conference,,https://static.trumedianetworks.com/images/ncaabaseball/teams/535234825.png?v=2,False,False,D2andD3TeamBio.csv
663357642,Kean,Kean University,Cougars,KEAN,Kean,NCAA,D3,NCAA D3,d3-new-jersey-athletic-conference,D3 New Jersey Athletic Conference,New Jersey Athletic Conference,,https://static.trumedianetworks.com/images/ncaabaseball/teams/663357642.png?v=2,False,False,D2andD3TeamBio.csv
744340779,Montclair State,Montclair State University,Red Hawks,MONT,Montclair State,NCAA,D3,NCAA D3,d3-new-jersey-athletic-conference,D3 New Jersey Athletic Conference,New Jersey Athletic Conference,,https://static.trumedianetworks.com/images/ncaabaseball/teams/744340779.png?v=2,False,True,D2andD3TeamBio.csv
650486872,New Jersey City,New Jersey City University,Gothic Knights,NJC,New Jersey City,NCAA,D3,NCAA D3,d3-new-jersey-athletic-conference,D3 New Jersey Athletic Conference,New Jersey Athletic Conference,,https://static.trumedianetworks.com/images/ncaabaseball/teams/650486872.png?v=2,False,True,D2andD3TeamBio.csv
581321873,Ramapo College,Ramapo College,Roadrunners,RAMA,Ramapo College,NCAA,D3,NCAA D3,d3-new-jersey-athletic-conference,D3 New Jersey Athletic Conference,New Jersey Athletic Conference,,https://static.trumedianetworks.com/images/ncaabaseball/teams/581321873.png?v=2,False,False,D2andD3TeamBio.csv
537421401,Richard Stockton,Richard Stockton College of New Jersey,Ospreys,RICH,Richard Stockton,NCAA,D3,NCAA D3,d3-new-jersey-athletic-conference,D3 New Jersey Athletic Conference,New Jersey Athletic Conference,,https://static.trumedianetworks.com/images/ncaabaseball/teams/537421401.png?v=2,False,True,D2andD3TeamBio.csv
550841745,Rowan,Rowan University,Profs,ROWA,Rowan,NCAA,D3,NCAA D3,d3-new-jersey-athletic-conference,D3 New Jersey Athletic Conference,New Jersey Athletic Conference,,https://static.trumedianetworks.com/images/ncaabaseball/teams/550841745.png?v=2,False,False,D2andD3TeamBio.csv
571015756,Rutgers Camden,Rutgers  The State Univ. of New Jersey  Camden,Scarlet Raptors,RUTG,Rutgers Camden,NCAA,D3,NCAA D3,d3-new-jersey-athletic-conference,D3 New Jersey Athletic Conference,New Jersey Athletic Conference,,https://static.trumedianetworks.com/images/ncaabaseball/teams/571015756.png?v=2,False,True,D2andD3TeamBio.csv
671096519,Rutgers Newark,Rutgers  The State Univ. of New Jersey  Newark,Scarlet Raiders,RUTG,Rutgers Newark,NCAA,D3,NCAA D3,d3-new-jersey-athletic-conference,D3 New Jersey Athletic Conference,New Jersey Athletic Conference,,https://static.trumedianetworks.com/images/ncaabaseball/teams/671096519.png?v=2,False,True,D2andD3TeamBio.csv
681453418,William Paterson,William Paterson University of New Jersey,Pioneers,WILL,William Paterson,NCAA,D3,NCAA D3,d3-new-jersey-athletic-conference,D3 New Jersey Athletic Conference,New Jersey Athletic Conference,,https://static.trumedianetworks.com/images/ncaabaseball/teams/681453418.png?v=2,False,True,D2andD3TeamBio.csv
611599890,Cobleskill State,Cobleskill State,Fighting Tigers,COBL,Cobleskill State,NCAA,D3,NCAA D3,d3-north-atlantic-conference,D3 North Atlantic Conference,North Atlantic Conference,,https://static.trumedianetworks.com/images/ncaabaseball/teams/611599890.png?v=2,False,False,D2andD3TeamBio.csv
730146560,Husson,Husson University,,HU,Husson,NCAA,D3,NCAA D3,d3-north-atlantic-conference,D3 North Atlantic Conference,North Atlantic Conference,,https://static.trumedianetworks.com/images/ncaabaseball/teams/730146560.png?v=2,False,True,D2andD3TeamBio.csv
661742312,Lesley,Lesley University,Lynx,LESL,Lesley,NCAA,D3,NCAA D3,d3-north-atlantic-conference,D3 North Atlantic Conference,North Atlantic Conference,,https://static.trumedianetworks.com/images/ncaabaseball/teams/661742312.png?v=2,False,False,D2andD3TeamBio.csv
556193615,Maine Farmington,University of Maine  Farmington,Beavers,MAIN,Maine Farmington,NCAA,D3,NCAA D3,d3-north-atlantic-conference,D3 North Atlantic Conference,North Atlantic Conference,,https://static.trumedianetworks.com/images/ncaabaseball/teams/556193615.png?v=2,False,False,D2andD3TeamBio.csv
679158751,Maine Presque Isle,University of Maine at Presque Isle,Owls,MPI,Maine Presque Isle,NCAA,D3,NCAA D3,d3-north-atlantic-conference,D3 North Atlantic Conference,North Atlantic Conference,,https://static.trumedianetworks.com/images/ncaabaseball/teams/679158751.png?v=2,False,False,D2andD3TeamBio.csv
793224612,Northern Vermont Lyndon,Lyndon State College,Hornets,NVL,Northern Vermont Lyndon,NCAA,D3,NCAA D3,d3-north-atlantic-conference,D3 North Atlantic Conference,North Atlantic Conference,,https://static.trumedianetworks.com/images/ncaabaseball/teams/793224612.png?v=2,False,False,D2andD3TeamBio.csv
603199701,Thomas,Thomas College,Terriers,THOM,Thomas,NCAA,D3,NCAA D3,d3-north-atlantic-conference,D3 North Atlantic Conference,North Atlantic Conference,,https://static.trumedianetworks.com/images/ncaabaseball/teams/603199701.png?v=2,False,False,D2andD3TeamBio.csv
730268672,DePauw,DePauw University,,DU,DePauw,NCAA,D3,NCAA D3,d3-north-coast-athletic-conference,D3 North Coast Athletic Conference,North Coast Athletic Conference,,https://static.trumedianetworks.com/images/ncaabaseball/teams/730268672.png?v=2,False,True,D2andD3TeamBio.csv
647371208,Denison,Denison University,Big Red,DENI,Denison,NCAA,D3,NCAA D3,d3-north-coast-athletic-conference,D3 North Coast Athletic Conference,North Coast Athletic Conference,,https://static.trumedianetworks.com/images/ncaabaseball/teams/647371208.png?v=2,False,False,D2andD3TeamBio.csv
554238651,John Carroll,John Carroll University,Blue Streaks,JOHN,John Carroll,NCAA,D3,NCAA D3,d3-north-coast-athletic-conference,D3 North Coast Athletic Conference,North Coast Athletic Conference,,https://static.trumedianetworks.com/images/ncaabaseball/teams/554238651.png?v=2,False,True,D2andD3TeamBio.csv
547034330,Kenyon,Kenyon College,Lords,KENY,Kenyon,NCAA,D3,NCAA D3,d3-north-coast-athletic-conference,D3 North Coast Athletic Conference,North Coast Athletic Conference,,https://static.trumedianetworks.com/images/ncaabaseball/teams/547034330.png?v=2,False,False,D2andD3TeamBio.csv
710430520,Oberlin,Oberlin College,Yeomen,OBER,Oberlin,NCAA,D3,NCAA D3,d3-north-coast-athletic-conference,D3 North Coast Athletic Conference,North Coast Athletic Conference,,https://static.trumedianetworks.com/images/ncaabaseball/teams/710430520.png?v=2,False,False,D2andD3TeamBio.csv
711856769,Ohio Wesleyan,Ohio Wesleyan,Bishops,OHIO,Ohio Wesleyan,NCAA,D3,NCAA D3,d3-north-coast-athletic-conference,D3 North Coast Athletic Conference,North Coast Athletic Conference,,https://static.trumedianetworks.com/images/ncaabaseball/teams/711856769.png?v=2,False,True,D2andD3TeamBio.csv
628218352,Wabash,Wabash College,Little Giants,WABA,Wabash,NCAA,D3,NCAA D3,d3-north-coast-athletic-conference,D3 North Coast Athletic Conference,North Coast Athletic Conference,,https://static.trumedianetworks.com/images/ncaabaseball/teams/628218352.png?v=2,False,False,D2andD3TeamBio.csv
730262016,Wittenberg,Wittenberg University,,WU,Wittenberg,NCAA,D3,NCAA D3,d3-north-coast-athletic-conference,D3 North Coast Athletic Conference,North Coast Athletic Conference,,https://static.trumedianetworks.com/images/ncaabaseball/teams/730262016.png?v=2,False,True,D2andD3TeamBio.csv
627016626,Wooster,College of Wooster,Scots,WOOS,Wooster,NCAA,D3,NCAA D3,d3-north-coast-athletic-conference,D3 North Coast Athletic Conference,North Coast Athletic Conference,,https://static.trumedianetworks.com/images/ncaabaseball/teams/627016626.png?v=2,False,False,D2andD3TeamBio.csv
516556216,Aurora,Aurora University,Spartans,AURO,Aurora,NCAA,D3,NCAA D3,d3-northern-athletics-conference,D3 Northern Athletics Conference,Northern Athletics Conference,,https://static.trumedianetworks.com/images/ncaabaseball/teams/516556216.png?v=2,False,False,D2andD3TeamBio.csv
548794592,Benedictine (IL),Benedictine University (Illinois),Eagles,BIL,Benedictine (IL),NCAA,D3,NCAA D3,d3-northern-athletics-conference,D3 Northern Athletics Conference,Northern Athletics Conference,,https://static.trumedianetworks.com/images/ncaabaseball/teams/548794592.png?v=2,False,False,D2andD3TeamBio.csv
732487431,Concordia (IL),Concordia University Chicago,Cougars,CIL,Concordia (IL),NCAA,D3,NCAA D3,d3-northern-athletics-conference,D3 Northern Athletics Conference,Northern Athletics Conference,,https://static.trumedianetworks.com/images/ncaabaseball/teams/732487431.png?v=2,False,False,D2andD3TeamBio.csv
730284800,Concordia University Wisconsin,Concordia University Wisconsin,,CUW,Concordia University Wisconsin,NCAA,D3,NCAA D3,d3-northern-athletics-conference,D3 Northern Athletics Conference,Northern Athletics Conference,,https://static.trumedianetworks.com/images/ncaabaseball/teams/730284800.png?v=2,False,False,D2andD3TeamBio.csv
781887413,Dominican University (Illinois),Dominican University (Illinois),Stars,DUI,Dominican University (Illinois),NCAA,D3,NCAA D3,d3-northern-athletics-conference,D3 Northern Athletics Conference,Northern Athletics Conference,,https://static.trumedianetworks.com/images/ncaabaseball/teams/781887413.png?v=2,False,False,D2andD3TeamBio.csv
795808534,Edgewood College,Edgewood College,Eagles,EDGE,Edgewood College,NCAA,D3,NCAA D3,d3-northern-athletics-conference,D3 Northern Athletics Conference,Northern Athletics Conference,,https://static.trumedianetworks.com/images/ncaabaseball/teams/795808534.png?v=2,False,False,D2andD3TeamBio.csv
608625962,Illinois Tech,Illinois Tech,Scarlet Hawks,ILLI,Illinois Tech,NCAA,D3,NCAA D3,d3-northern-athletics-conference,D3 Northern Athletics Conference,Northern Athletics Conference,,https://static.trumedianetworks.com/images/ncaabaseball/teams/608625962.png?v=2,False,True,D2andD3TeamBio.csv
744971562,Lakeland,Lakeland College,Muskies,LAKE,Lakeland,NCAA,D3,NCAA D3,d3-northern-athletics-conference,D3 Northern Athletics Conference,Northern Athletics Conference,,https://static.trumedianetworks.com/images/ncaabaseball/teams/744971562.png?v=2,False,True,D2andD3TeamBio.csv
534286718,Marian,Marian College (Wisconsin),Sabres,MARI,Marian,NCAA,D3,NCAA D3,d3-northern-athletics-conference,D3 Northern Athletics Conference,Northern Athletics Conference,,https://static.trumedianetworks.com/images/ncaabaseball/teams/534286718.png?v=2,False,True,D2andD3TeamBio.csv
730215936,Milwaukee School of Engineering,Milwaukee School of Engineering,,MSOE,Milwaukee School of Engineering,NCAA,D3,NCAA D3,d3-northern-athletics-conference,D3 Northern Athletics Conference,Northern Athletics Conference,,https://static.trumedianetworks.com/images/ncaabaseball/teams/730215936.png?v=2,False,False,D2andD3TeamBio.csv
502633579,Rockford,Rockford College,Regents,ROCK,Rockford,NCAA,D3,NCAA D3,d3-northern-athletics-conference,D3 Northern Athletics Conference,Northern Athletics Conference,,https://static.trumedianetworks.com/images/ncaabaseball/teams/502633579.png?v=2,False,True,D2andD3TeamBio.csv
615060990,St. Norbert's,St. Norbert College,Green Knights,ST.,St. Norbert's,NCAA,D3,NCAA D3,d3-northern-athletics-conference,D3 Northern Athletics Conference,Northern Athletics Conference,,https://static.trumedianetworks.com/images/ncaabaseball/teams/615060990.png?v=2,False,True,D2andD3TeamBio.csv
506433859,Wisconsin Lutheran College,Wisconsin Lutheran College,Warriors,WLC,Wisconsin Lutheran College,NCAA,D3,NCAA D3,d3-northern-athletics-conference,D3 Northern Athletics Conference,Northern Athletics Conference,,https://static.trumedianetworks.com/images/ncaabaseball/teams/506433859.png?v=2,False,True,D2andD3TeamBio.csv
730348288,George Fox,George Fox University,,GFU,George Fox,NCAA,D3,NCAA D3,d3-northwest-conference,D3 Northwest Conference,Northwest Conference,,https://static.trumedianetworks.com/images/ncaabaseball/teams/730348288.png?v=2,False,False,D2andD3TeamBio.csv
747434427,Lewis and Clark,Lewis & Clark College,Pioneers,LEWI,Lewis and Clark,NCAA,D3,NCAA D3,d3-northwest-conference,D3 Northwest Conference,Northwest Conference,,https://static.trumedianetworks.com/images/ncaabaseball/teams/747434427.png?v=2,False,False,D2andD3TeamBio.csv
730192896,Linfield,Linfield College,,LC,Linfield,NCAA,D3,NCAA D3,d3-northwest-conference,D3 Northwest Conference,Northwest Conference,,https://static.trumedianetworks.com/images/ncaabaseball/teams/730192896.png?v=2,False,True,D2andD3TeamBio.csv
799684915,Pacific (OR),Pacific University (Oregon),Boxers,POR,Pacific (OR),NCAA,D3,NCAA D3,d3-northwest-conference,D3 Northwest Conference,Northwest Conference,,https://static.trumedianetworks.com/images/ncaabaseball/teams/799684915.png?v=2,False,False,D2andD3TeamBio.csv
730235904,Pacific Lutheran,Pacific Lutheran University,,PLU,Pacific Lutheran,NCAA,D3,NCAA D3,d3-northwest-conference,D3 Northwest Conference,Northwest Conference,,https://static.trumedianetworks.com/images/ncaabaseball/teams/730235904.png?v=2,False,False,D2andD3TeamBio.csv
553875501,University of Puget Sound,University of Puget Sound,Loggers,UPS,University of Puget Sound,NCAA,D3,NCAA D3,d3-northwest-conference,D3 Northwest Conference,Northwest Conference,,https://static.trumedianetworks.com/images/ncaabaseball/teams/553875501.png?v=2,False,False,D2andD3TeamBio.csv
563744209,Whitman College,Whitman College,Missionaries,WHIT,Whitman College,NCAA,D3,NCAA D3,d3-northwest-conference,D3 Northwest Conference,Northwest Conference,,https://static.trumedianetworks.com/images/ncaabaseball/teams/563744209.png?v=2,False,True,D2andD3TeamBio.csv
673453101,Whitworth,Whitworth University,Pirates,WHIT,Whitworth,NCAA,D3,NCAA D3,d3-northwest-conference,D3 Northwest Conference,Northwest Conference,,https://static.trumedianetworks.com/images/ncaabaseball/teams/673453101.png?v=2,False,True,D2andD3TeamBio.csv
501313607,Willamette University,Willamette University,Bearcats,WILL,Willamette University,NCAA,D3,NCAA D3,d3-northwest-conference,D3 Northwest Conference,Northwest Conference,,https://static.trumedianetworks.com/images/ncaabaseball/teams/501313607.png?v=2,False,True,D2andD3TeamBio.csv
730334976,Baldwin Wallace,Baldwin Wallace University,,BWU,Baldwin Wallace,NCAA,D3,NCAA D3,d3-ohio-athletic-conference,D3 Ohio Athletic Conference,Ohio Athletic Conference,,https://static.trumedianetworks.com/images/ncaabaseball/teams/730334976.png?v=2,False,False,D2andD3TeamBio.csv
693770159,Capital,Capital University,Crusaders,CAPI,Capital,NCAA,D3,NCAA D3,d3-ohio-athletic-conference,D3 Ohio Athletic Conference,Ohio Athletic Conference,,https://static.trumedianetworks.com/images/ncaabaseball/teams/693770159.png?v=2,False,False,D2andD3TeamBio.csv
552281146,Heidelberg,Heidelberg College,Student Princes,HEID,Heidelberg,NCAA,D3,NCAA D3,d3-ohio-athletic-conference,D3 Ohio Athletic Conference,Ohio Athletic Conference,,https://static.trumedianetworks.com/images/ncaabaseball/teams/552281146.png?v=2,False,False,D2andD3TeamBio.csv
544740934,Marietta,Marietta College,Blue Devils,MARI,Marietta,NCAA,D3,NCAA D3,d3-ohio-athletic-conference,D3 Ohio Athletic Conference,Ohio Athletic Conference,,https://static.trumedianetworks.com/images/ncaabaseball/teams/544740934.png?v=2,False,True,D2andD3TeamBio.csv
610411285,Mount Union,Mount Union College,Purple Raiders,MOUN,Mount Union,NCAA,D3,NCAA D3,d3-ohio-athletic-conference,D3 Ohio Athletic Conference,Ohio Athletic Conference,,https://static.trumedianetworks.com/images/ncaabaseball/teams/610411285.png?v=2,False,True,D2andD3TeamBio.csv
775751514,Muskingum,Muskingum College,Fighting Muskies,MUSK,Muskingum,NCAA,D3,NCAA D3,d3-ohio-athletic-conference,D3 Ohio Athletic Conference,Ohio Athletic Conference,,https://static.trumedianetworks.com/images/ncaabaseball/teams/775751514.png?v=2,False,False,D2andD3TeamBio.csv
796651510,Ohio Northern,Ohio Northern University,Polar Bears,OHIO,Ohio Northern,NCAA,D3,NCAA D3,d3-ohio-athletic-conference,D3 Ohio Athletic Conference,Ohio Athletic Conference,,https://static.trumedianetworks.com/images/ncaabaseball/teams/796651510.png?v=2,False,True,D2andD3TeamBio.csv
534400618,Otterbein College,Otterbein College,Cardinals,OTTE,Otterbein College,NCAA,D3,NCAA D3,d3-ohio-athletic-conference,D3 Ohio Athletic Conference,Ohio Athletic Conference,,https://static.trumedianetworks.com/images/ncaabaseball/teams/534400618.png?v=2,False,False,D2andD3TeamBio.csv
726363161,Wilmington College,Wilmington College (Ohio),Fightin' Quakers,WILM,Wilmington College,NCAA,D3,NCAA D3,d3-ohio-athletic-conference,D3 Ohio Athletic Conference,Ohio Athletic Conference,,https://static.trumedianetworks.com/images/ncaabaseball/teams/726363161.png?v=2,False,True,D2andD3TeamBio.csv
630703733,Averett University,Averett University,Cougars,AVER,Averett University,NCAA,D3,NCAA D3,d3-old-dominion-athletic-conf,D3 Old Dominion Athletic Conf.,Old Dominion Athletic Conf.,,https://static.trumedianetworks.com/images/ncaabaseball/teams/630703733.png?v=2,False,False,D2andD3TeamBio.csv
749282839,Bridgewater College (VA),Bridgewater College (Virginia),Eagles,BCVA,Bridgewater College (VA),NCAA,D3,NCAA D3,d3-old-dominion-athletic-conf,D3 Old Dominion Athletic Conf.,Old Dominion Athletic Conf.,,https://static.trumedianetworks.com/images/ncaabaseball/teams/749282839.png?v=2,False,False,D2andD3TeamBio.csv
616347577,Eastern Mennonite University,Eastern Mennonite University,Royals,EMU,Eastern Mennonite University,NCAA,D3,NCAA D3,d3-old-dominion-athletic-conf,D3 Old Dominion Athletic Conf.,Old Dominion Athletic Conf.,,https://static.trumedianetworks.com/images/ncaabaseball/teams/616347577.png?v=2,False,False,D2andD3TeamBio.csv
634703603,Guilford College,Guilford College,Quakers,GUIL,Guilford College,NCAA,D3,NCAA D3,d3-old-dominion-athletic-conf,D3 Old Dominion Athletic Conf.,Old Dominion Athletic Conf.,,https://static.trumedianetworks.com/images/ncaabaseball/teams/634703603.png?v=2,False,False,D2andD3TeamBio.csv
625202324,Hampden-Sydney College,HampdenSydney College,Marlins,HSC,Hampden-Sydney College,NCAA,D3,NCAA D3,d3-old-dominion-athletic-conf,D3 Old Dominion Athletic Conf.,Old Dominion Athletic Conf.,,https://static.trumedianetworks.com/images/ncaabaseball/teams/625202324.png?v=2,False,False,D2andD3TeamBio.csv
730277632,Lynchburg,Lynchburg College,,LC,Lynchburg,NCAA,D3,NCAA D3,d3-old-dominion-athletic-conf,D3 Old Dominion Athletic Conf.,Old Dominion Athletic Conf.,,https://static.trumedianetworks.com/images/ncaabaseball/teams/730277632.png?v=2,False,True,D2andD3TeamBio.csv
563851884,Randolph Macon,RandolphMacon College,Yellow Jackets,RAND,Randolph Macon,NCAA,D3,NCAA D3,d3-old-dominion-athletic-conf,D3 Old Dominion Athletic Conf.,Old Dominion Athletic Conf.,,https://static.trumedianetworks.com/images/ncaabaseball/teams/563851884.png?v=2,False,False,D2andD3TeamBio.csv
632983821,Roanoke College,Roanoke College,Maroons,ROAN,Roanoke College,NCAA,D3,NCAA D3,d3-old-dominion-athletic-conf,D3 Old Dominion Athletic Conf.,Old Dominion Athletic Conf.,,https://static.trumedianetworks.com/images/ncaabaseball/teams/632983821.png?v=2,False,False,D2andD3TeamBio.csv
703669609,Shenandoah,Shenandoah University,Hornets,SHEN,Shenandoah,NCAA,D3,NCAA D3,d3-old-dominion-athletic-conf,D3 Old Dominion Athletic Conf.,Old Dominion Athletic Conf.,,https://static.trumedianetworks.com/images/ncaabaseball/teams/703669609.png?v=2,False,False,D2andD3TeamBio.csv
610254632,Virginia Wesleyan College,Virginia Wesleyan College,Marlins,VWC,Virginia Wesleyan College,NCAA,D3,NCAA D3,d3-old-dominion-athletic-conf,D3 Old Dominion Athletic Conf.,Old Dominion Athletic Conf.,,https://static.trumedianetworks.com/images/ncaabaseball/teams/610254632.png?v=2,False,False,D2andD3TeamBio.csv
736786179,Washington and Lee,Washington and Lee University,Generals,WASH,Washington and Lee,NCAA,D3,NCAA D3,d3-old-dominion-athletic-conf,D3 Old Dominion Athletic Conf.,Old Dominion Athletic Conf.,,https://static.trumedianetworks.com/images/ncaabaseball/teams/736786179.png?v=2,False,True,D2andD3TeamBio.csv
658883067,Allegheny,Allegheny College,Gators,ALLE,Allegheny,NCAA,D3,NCAA D3,d3-presidents-athletic-conference,D3 Presidents' Athletic Conference,Presidents' Athletic Conference,,https://static.trumedianetworks.com/images/ncaabaseball/teams/658883067.png?v=2,False,False,D2andD3TeamBio.csv
644040395,Bethany (WV),Bethany College (West Virginia),Bison,BWV,Bethany (WV),NCAA,D3,NCAA D3,d3-presidents-athletic-conference,D3 Presidents' Athletic Conference,Presidents' Athletic Conference,,https://static.trumedianetworks.com/images/ncaabaseball/teams/644040395.png?v=2,False,False,D2andD3TeamBio.csv
535519823,Chatham,Chatham,Cougars,CHAT,Chatham,NCAA,D3,NCAA D3,d3-presidents-athletic-conference,D3 Presidents' Athletic Conference,Presidents' Athletic Conference,,https://static.trumedianetworks.com/images/ncaabaseball/teams/535519823.png?v=2,False,True,D2andD3TeamBio.csv
632548022,Franciscan University of Steubenville,Franciscan University of Steubenville,Barons,FUS,Franciscan University of Steubenville,NCAA,D3,NCAA D3,d3-presidents-athletic-conference,D3 Presidents' Athletic Conference,Presidents' Athletic Conference,,https://static.trumedianetworks.com/images/ncaabaseball/teams/632548022.png?v=2,False,False,D2andD3TeamBio.csv
688942812,Geneva College,Geneva College,Golden Tornadoes,GENE,Geneva College,NCAA,D3,NCAA D3,d3-presidents-athletic-conference,D3 Presidents' Athletic Conference,Presidents' Athletic Conference,,https://static.trumedianetworks.com/images/ncaabaseball/teams/688942812.png?v=2,False,False,D2andD3TeamBio.csv
781733874,Grove City College,Grove City College,Greyhounds,GCC,Grove City College,NCAA,D3,NCAA D3,d3-presidents-athletic-conference,D3 Presidents' Athletic Conference,Presidents' Athletic Conference,,https://static.trumedianetworks.com/images/ncaabaseball/teams/781733874.png?v=2,False,True,D2andD3TeamBio.csv
696521389,Hiram,Hiram College,Terriers,HIRA,Hiram,NCAA,D3,NCAA D3,d3-presidents-athletic-conference,D3 Presidents' Athletic Conference,Presidents' Athletic Conference,,https://static.trumedianetworks.com/images/ncaabaseball/teams/696521389.png?v=2,False,False,D2andD3TeamBio.csv
670551277,Saint Vincent College,Saint Vincent College,Bearcats,SVC,Saint Vincent College,NCAA,D3,NCAA D3,d3-presidents-athletic-conference,D3 Presidents' Athletic Conference,Presidents' Athletic Conference,,https://static.trumedianetworks.com/images/ncaabaseball/teams/670551277.png?v=2,False,False,D2andD3TeamBio.csv
792838125,Thiel College,Thiel College,Tomcats,THIE,Thiel College,NCAA,D3,NCAA D3,d3-presidents-athletic-conference,D3 Presidents' Athletic Conference,Presidents' Athletic Conference,,https://static.trumedianetworks.com/images/ncaabaseball/teams/792838125.png?v=2,False,False,D2andD3TeamBio.csv
521887367,Washington and Jefferson,Washington and Jefferson College,Presidents,WASH,Washington and Jefferson,NCAA,D3,NCAA D3,d3-presidents-athletic-conference,D3 Presidents' Athletic Conference,Presidents' Athletic Conference,,https://static.trumedianetworks.com/images/ncaabaseball/teams/521887367.png?v=2,False,True,D2andD3TeamBio.csv
596815716,Waynesburg University,Waynesburg University,Yellow Jackets,WAYN,Waynesburg University,NCAA,D3,NCAA D3,d3-presidents-athletic-conference,D3 Presidents' Athletic Conference,Presidents' Athletic Conference,,https://static.trumedianetworks.com/images/ncaabaseball/teams/596815716.png?v=2,False,False,D2andD3TeamBio.csv
750986471,Westminster College (Pennsylvania),Westminster College (Pennsylvania),Titans,WCP,Westminster College (Pennsylvania),NCAA,D3,NCAA D3,d3-presidents-athletic-conference,D3 Presidents' Athletic Conference,Presidents' Athletic Conference,,https://static.trumedianetworks.com/images/ncaabaseball/teams/750986471.png?v=2,False,False,D2andD3TeamBio.csv
674179359,Farmingdale State,State University of New York at Farmingdale,Rams,FARM,Farmingdale State,NCAA,D3,NCAA D3,d3-skyline-conference,D3 Skyline Conference,Skyline Conference,,https://static.trumedianetworks.com/images/ncaabaseball/teams/674179359.png?v=2,False,False,D2andD3TeamBio.csv
783738236,Manhattanville,Manhattanville College,Valiants,MANH,Manhattanville,NCAA,D3,NCAA D3,d3-skyline-conference,D3 Skyline Conference,Skyline Conference,,https://static.trumedianetworks.com/images/ncaabaseball/teams/783738236.png?v=2,False,False,D2andD3TeamBio.csv
546422130,Mount Saint Mary College (New York),Mount Saint Mary College (New York),Knights,MSMC,Mount Saint Mary College (New York),NCAA,D3,NCAA D3,d3-skyline-conference,D3 Skyline Conference,Skyline Conference,,https://static.trumedianetworks.com/images/ncaabaseball/teams/546422130.png?v=2,False,False,D2andD3TeamBio.csv
651366068,Mount St. Vincent,College of Mount St. Vincent,Dolphins,MSV,Mount St. Vincent,NCAA,D3,NCAA D3,d3-skyline-conference,D3 Skyline Conference,Skyline Conference,,https://static.trumedianetworks.com/images/ncaabaseball/teams/651366068.png?v=2,False,False,D2andD3TeamBio.csv
743166862,Old Westbury,State University College at Old Westbury,Panthers,OLD,Old Westbury,NCAA,D3,NCAA D3,d3-skyline-conference,D3 Skyline Conference,Skyline Conference,,https://static.trumedianetworks.com/images/ncaabaseball/teams/743166862.png?v=2,False,False,D2andD3TeamBio.csv
643820437,Purchase,Purchase College  State University of New York,Panthers,PURC,Purchase,NCAA,D3,NCAA D3,d3-skyline-conference,D3 Skyline Conference,Skyline Conference,,https://static.trumedianetworks.com/images/ncaabaseball/teams/643820437.png?v=2,False,False,D2andD3TeamBio.csv
718269954,SUNY Maritime College,State University of New York Maritime College,Privateers,SUNY,SUNY Maritime College,NCAA,D3,NCAA D3,d3-skyline-conference,D3 Skyline Conference,Skyline Conference,,https://static.trumedianetworks.com/images/ncaabaseball/teams/718269954.png?v=2,False,True,D2andD3TeamBio.csv
575813766,St. Joseph's (Brooklyn),St. Joseph's College (Brooklyn),Bears,SJB,St. Joseph's (Brooklyn),NCAA,D3,NCAA D3,d3-skyline-conference,D3 Skyline Conference,Skyline Conference,,https://static.trumedianetworks.com/images/ncaabaseball/teams/575813766.png?v=2,False,False,D2andD3TeamBio.csv
539223615,St. Joseph's (NY-LI),St. Joseph's College (Long Island),Eagles,SJNY,St. Joseph's (NY-LI),NCAA,D3,NCAA D3,d3-skyline-conference,D3 Skyline Conference,Skyline Conference,,https://static.trumedianetworks.com/images/ncaabaseball/teams/539223615.png?v=2,False,False,D2andD3TeamBio.csv
754629068,U.S. Merchant Marine Academy,U.S. Merchant Marine Academy,Mariners,USMM,U.S. Merchant Marine Academy,NCAA,D3,NCAA D3,d3-skyline-conference,D3 Skyline Conference,Skyline Conference,,https://static.trumedianetworks.com/images/ncaabaseball/teams/754629068.png?v=2,False,False,D2andD3TeamBio.csv
556317313,Yeshiva University,Yeshiva University,Maccabees,YESH,Yeshiva University,NCAA,D3,NCAA D3,d3-skyline-conference,D3 Skyline Conference,Skyline Conference,,https://static.trumedianetworks.com/images/ncaabaseball/teams/556317313.png?v=2,False,False,D2andD3TeamBio.csv
787533932,Berry College,Berry College,Vikings,BERR,Berry College,NCAA,D3,NCAA D3,d3-southern-athletic-association,D3 Southern Athletic Association,Southern Athletic Association,,https://static.trumedianetworks.com/images/ncaabaseball/teams/787533932.png?v=2,False,False,D2andD3TeamBio.csv
762535794,Centre College (KY),Centre College,Colonels,CCKY,Centre College (KY),NCAA,D3,NCAA D3,d3-southern-athletic-association,D3 Southern Athletic Association,Southern Athletic Association,,https://static.trumedianetworks.com/images/ncaabaseball/teams/762535794.png?v=2,False,False,D2andD3TeamBio.csv
730346752,Millsaps,Millsaps College,,MC,Millsaps,NCAA,D3,NCAA D3,d3-southern-athletic-association,D3 Southern Athletic Association,Southern Athletic Association,,https://static.trumedianetworks.com/images/ncaabaseball/teams/730346752.png?v=2,False,True,D2andD3TeamBio.csv
542760493,Oglethorpe (GA),Oglethorpe University,Petrels,OGA,Oglethorpe (GA),NCAA,D3,NCAA D3,d3-southern-athletic-association,D3 Southern Athletic Association,Southern Athletic Association,,https://static.trumedianetworks.com/images/ncaabaseball/teams/542760493.png?v=2,False,False,D2andD3TeamBio.csv
730315264,Rhodes,Rhodes College,,RC,Rhodes,NCAA,D3,NCAA D3,d3-southern-athletic-association,D3 Southern Athletic Association,Southern Athletic Association,,https://static.trumedianetworks.com/images/ncaabaseball/teams/730315264.png?v=2,False,True,D2andD3TeamBio.csv
730171648,Southwestern,Southwestern University,,SU,Southwestern,NCAA,D3,NCAA D3,d3-southern-athletic-association,D3 Southern Athletic Association,Southern Athletic Association,,https://static.trumedianetworks.com/images/ncaabaseball/teams/730171648.png?v=2,False,True,D2andD3TeamBio.csv
625211752,Trinity (TX),Trinity University (Texas),Tigers,TTX,Trinity (TX),NCAA,D3,NCAA D3,d3-southern-athletic-association,D3 Southern Athletic Association,Southern Athletic Association,,https://static.trumedianetworks.com/images/ncaabaseball/teams/625211752.png?v=2,False,False,D2andD3TeamBio.csv
528263855,University of the South,University of the South,Tigers,UNIV,University of the South,NCAA,D3,NCAA D3,d3-southern-athletic-association,D3 Southern Athletic Association,Southern Athletic Association,,https://static.trumedianetworks.com/images/ncaabaseball/teams/528263855.png?v=2,False,True,D2andD3TeamBio.csv
707935036,Cal Tech,California Institute of Technology,Beavers,CAL,Cal Tech,NCAA,D3,NCAA D3,d3-southern-california-intercollegiate-athletic-conf,D3 Southern California Intercollegiate Athletic Conf.,Southern California Intercollegiate Athletic Conf.,,https://static.trumedianetworks.com/images/ncaabaseball/teams/707935036.png?v=2,False,False,D2andD3TeamBio.csv
555452996,California Lutheran,California Lutheran University,Kingsmen,CALI,California Lutheran,NCAA,D3,NCAA D3,d3-southern-california-intercollegiate-athletic-conf,D3 Southern California Intercollegiate Athletic Conf.,Southern California Intercollegiate Athletic Conf.,,https://static.trumedianetworks.com/images/ncaabaseball/teams/555452996.png?v=2,False,False,D2andD3TeamBio.csv
603371503,Chapman,Chapman University,Panthers,CHAP,Chapman,NCAA,D3,NCAA D3,d3-southern-california-intercollegiate-athletic-conf,D3 Southern California Intercollegiate Athletic Conf.,Southern California Intercollegiate Athletic Conf.,,https://static.trumedianetworks.com/images/ncaabaseball/teams/603371503.png?v=2,False,False,D2andD3TeamBio.csv
523444307,Claremont,Claremont McKennaHarvey MuddScripps Colleges,Stags,CLAR,Claremont,NCAA,D3,NCAA D3,d3-southern-california-intercollegiate-athletic-conf,D3 Southern California Intercollegiate Athletic Conf.,Southern California Intercollegiate Athletic Conf.,,https://static.trumedianetworks.com/images/ncaabaseball/teams/523444307.png?v=2,False,True,D2andD3TeamBio.csv
727165325,La Verne,University of La Verne,Leopards,LA V,La Verne,NCAA,D3,NCAA D3,d3-southern-california-intercollegiate-athletic-conf,D3 Southern California Intercollegiate Athletic Conf.,Southern California Intercollegiate Athletic Conf.,,https://static.trumedianetworks.com/images/ncaabaseball/teams/727165325.png?v=2,False,False,D2andD3TeamBio.csv
739404224,Occidental,Occidental College,Tigers,OCCI,Occidental,NCAA,D3,NCAA D3,d3-southern-california-intercollegiate-athletic-conf,D3 Southern California Intercollegiate Athletic Conf.,Southern California Intercollegiate Athletic Conf.,,https://static.trumedianetworks.com/images/ncaabaseball/teams/739404224.png?v=2,False,False,D2andD3TeamBio.csv
544796882,Pomona Pitzer,Pomona-Pitzer Colleges,Sagehens,POMO,Pomona Pitzer,NCAA,D3,NCAA D3,d3-southern-california-intercollegiate-athletic-conf,D3 Southern California Intercollegiate Athletic Conf.,Southern California Intercollegiate Athletic Conf.,,https://static.trumedianetworks.com/images/ncaabaseball/teams/544796882.png?v=2,False,False,D2andD3TeamBio.csv
692970945,Redlands,University of Redlands,Bulldogs,REDL,Redlands,NCAA,D3,NCAA D3,d3-southern-california-intercollegiate-athletic-conf,D3 Southern California Intercollegiate Athletic Conf.,Southern California Intercollegiate Athletic Conf.,,https://static.trumedianetworks.com/images/ncaabaseball/teams/692970945.png?v=2,False,False,D2andD3TeamBio.csv
670134159,Whittier,Whittier College,Poets,WHIT,Whittier,NCAA,D3,NCAA D3,d3-southern-california-intercollegiate-athletic-conf,D3 Southern California Intercollegiate Athletic Conf.,Southern California Intercollegiate Athletic Conf.,,https://static.trumedianetworks.com/images/ncaabaseball/teams/670134159.png?v=2,False,True,D2andD3TeamBio.csv
610500417,Austin College,Austin College,Kangaroos,AUST,Austin College,NCAA,D3,NCAA D3,d3-southern-collegiate-athletic-conference,D3 Southern Collegiate Athletic Conference,Southern Collegiate Athletic Conference,,https://static.trumedianetworks.com/images/ncaabaseball/teams/610500417.png?v=2,False,False,D2andD3TeamBio.csv
709458879,Centenary,Centenary College (Louisiana),Gents,CENT,Centenary,NCAA,D3,NCAA D3,d3-southern-collegiate-athletic-conference,D3 Southern Collegiate Athletic Conference,Southern Collegiate Athletic Conference,,https://static.trumedianetworks.com/images/ncaabaseball/teams/709458879.png?v=2,False,True,D2andD3TeamBio.csv
563003640,Concordia (TX),Concordia University Texas,Tornados,CTX,Concordia (TX),NCAA,D3,NCAA D3,d3-southern-collegiate-athletic-conference,D3 Southern Collegiate Athletic Conference,Southern Collegiate Athletic Conference,,https://static.trumedianetworks.com/images/ncaabaseball/teams/563003640.png?v=2,False,False,D2andD3TeamBio.csv
717407305,Dallas,University of Dallas,Crusaders,DALL,Dallas,NCAA,D3,NCAA D3,d3-southern-collegiate-athletic-conference,D3 Southern Collegiate Athletic Conference,Southern Collegiate Athletic Conference,,https://static.trumedianetworks.com/images/ncaabaseball/teams/717407305.png?v=2,False,False,D2andD3TeamBio.csv
551148623,Hendrix,Hendrix College,Warriors,HEND,Hendrix,NCAA,D3,NCAA D3,d3-southern-collegiate-athletic-conference,D3 Southern Collegiate Athletic Conference,Southern Collegiate Athletic Conference,,https://static.trumedianetworks.com/images/ncaabaseball/teams/551148623.png?v=2,False,False,D2andD3TeamBio.csv
730189824,LeTourneau,LeTourneau University,,LU,LeTourneau,NCAA,D3,NCAA D3,d3-southern-collegiate-athletic-conference,D3 Southern Collegiate Athletic Conference,Southern Collegiate Athletic Conference,,https://static.trumedianetworks.com/images/ncaabaseball/teams/730189824.png?v=2,False,True,D2andD3TeamBio.csv
730307840,McMurry,McMurry University,,MU,McMurry,NCAA,D3,NCAA D3,d3-southern-collegiate-athletic-conference,D3 Southern Collegiate Athletic Conference,Southern Collegiate Athletic Conference,,https://static.trumedianetworks.com/images/ncaabaseball/teams/730307840.png?v=2,False,True,D2andD3TeamBio.csv
578767855,Ozarks,University of the Ozarks,Eagles,OZAR,Ozarks,NCAA,D3,NCAA D3,d3-southern-collegiate-athletic-conference,D3 Southern Collegiate Athletic Conference,Southern Collegiate Athletic Conference,,https://static.trumedianetworks.com/images/ncaabaseball/teams/578767855.png?v=2,False,False,D2andD3TeamBio.csv
544274011,Schreiner,Schreiner University,Mountaineers,SCHR,Schreiner,NCAA,D3,NCAA D3,d3-southern-collegiate-athletic-conference,D3 Southern Collegiate Athletic Conference,Southern Collegiate Athletic Conference,,https://static.trumedianetworks.com/images/ncaabaseball/teams/544274011.png?v=2,False,False,D2andD3TeamBio.csv
768445056,Texas Lutheran University,Texas Lutheran University,Bulldogs,TLU,Texas Lutheran University,NCAA,D3,NCAA D3,d3-southern-collegiate-athletic-conference,D3 Southern Collegiate Athletic Conference,Southern Collegiate Athletic Conference,,https://static.trumedianetworks.com/images/ncaabaseball/teams/768445056.png?v=2,False,True,D2andD3TeamBio.csv
630445824,University of St. Thomas,University of St. Thomas,,UST,University of St. Thomas,NCAA,D3,NCAA D3,d3-southern-collegiate-athletic-conference,D3 Southern Collegiate Athletic Conference,Southern Collegiate Athletic Conference,,https://static.trumedianetworks.com/images/ncaabaseball/teams/630445824.png?v=2,False,False,D2andD3TeamBio.csv
730211328,Blackburn,Blackburn College,,BC,Blackburn,NCAA,D3,NCAA D3,d3-st-louis-intercollegiate-athletic-conference,D3 St. Louis Intercollegiate Athletic Conference,St. Louis Intercollegiate Athletic Conference,,https://static.trumedianetworks.com/images/ncaabaseball/teams/730211328.png?v=2,False,True,D2andD3TeamBio.csv
730373632,Eureka,Eureka College,Red Devils,EC,Eureka,NCAA,D3,NCAA D3,d3-st-louis-intercollegiate-athletic-conference,D3 St. Louis Intercollegiate Athletic Conference,St. Louis Intercollegiate Athletic Conference,,https://static.trumedianetworks.com/images/ncaabaseball/teams/730373632.png?v=2,False,True,D2andD3TeamBio.csv
640929182,Greenville,Greenville College,Panthers,GREE,Greenville,NCAA,D3,NCAA D3,d3-st-louis-intercollegiate-athletic-conference,D3 St. Louis Intercollegiate Athletic Conference,St. Louis Intercollegiate Athletic Conference,,https://static.trumedianetworks.com/images/ncaabaseball/teams/640929182.png?v=2,False,True,D2andD3TeamBio.csv
528691639,Lyon,Lyon,Scots,LYON,Lyon,NCAA,D3,NCAA D3,d3-st-louis-intercollegiate-athletic-conference,D3 St. Louis Intercollegiate Athletic Conference,St. Louis Intercollegiate Athletic Conference,,https://static.trumedianetworks.com/images/ncaabaseball/teams/528691639.png?v=2,False,False,D2andD3TeamBio.csv
564460895,Mississippi Women,Mississippi Women,Owls,MISS,Mississippi Women,NCAA,D3,NCAA D3,d3-st-louis-intercollegiate-athletic-conference,D3 St. Louis Intercollegiate Athletic Conference,St. Louis Intercollegiate Athletic Conference,,https://static.trumedianetworks.com/images/ncaabaseball/teams/564460895.png?v=2,False,True,D2andD3TeamBio.csv
730176256,Principia,Principia College,,PC,Principia,NCAA,D3,NCAA D3,d3-st-louis-intercollegiate-athletic-conference,D3 St. Louis Intercollegiate Athletic Conference,St. Louis Intercollegiate Athletic Conference,,https://static.trumedianetworks.com/images/ncaabaseball/teams/730176256.png?v=2,False,False,D2andD3TeamBio.csv
750327339,Spalding,Spalding University,Eagles,SPAL,Spalding,NCAA,D3,NCAA D3,d3-st-louis-intercollegiate-athletic-conference,D3 St. Louis Intercollegiate Athletic Conference,St. Louis Intercollegiate Athletic Conference,,https://static.trumedianetworks.com/images/ncaabaseball/teams/750327339.png?v=2,False,False,D2andD3TeamBio.csv
723814266,Webster,Webster University,Gorloks,WEBS,Webster,NCAA,D3,NCAA D3,d3-st-louis-intercollegiate-athletic-conference,D3 St. Louis Intercollegiate Athletic Conference,St. Louis Intercollegiate Athletic Conference,,https://static.trumedianetworks.com/images/ncaabaseball/teams/723814266.png?v=2,False,False,D2andD3TeamBio.csv
543372354,Westminster College (Missouri),Westminster College (Missouri),Blue Jays,WCM,Westminster College (Missouri),NCAA,D3,NCAA D3,d3-st-louis-intercollegiate-athletic-conference,D3 St. Louis Intercollegiate Athletic Conference,St. Louis Intercollegiate Athletic Conference,,https://static.trumedianetworks.com/images/ncaabaseball/teams/543372354.png?v=2,False,False,D2andD3TeamBio.csv
630535078,Canton,SUNY Canton,Kangaroos,CANT,Canton,NCAA,D3,NCAA D3,d3-state-university-of-new-york-athletic-conference,D3 State University of New York Athletic Conference,State University of New York Athletic Conference,,https://static.trumedianetworks.com/images/ncaabaseball/teams/630535078.png?v=2,False,False,D2andD3TeamBio.csv
709907469,Cortland State,State University College at Cortland,Red Dragons,CORT,Cortland State,NCAA,D3,NCAA D3,d3-state-university-of-new-york-athletic-conference,D3 State University of New York Athletic Conference,State University of New York Athletic Conference,,https://static.trumedianetworks.com/images/ncaabaseball/teams/709907469.png?v=2,False,False,D2andD3TeamBio.csv
580393686,Fredonia,State University College at Fredonia,Blue Devils,FRED,Fredonia,NCAA,D3,NCAA D3,d3-state-university-of-new-york-athletic-conference,D3 State University of New York Athletic Conference,State University of New York Athletic Conference,,https://static.trumedianetworks.com/images/ncaabaseball/teams/580393686.png?v=2,False,False,D2andD3TeamBio.csv
578194919,New Paltz,State University College at New Paltz,Hawks,NEW,New Paltz,NCAA,D3,NCAA D3,d3-state-university-of-new-york-athletic-conference,D3 State University of New York Athletic Conference,State University of New York Athletic Conference,,https://static.trumedianetworks.com/images/ncaabaseball/teams/578194919.png?v=2,False,False,D2andD3TeamBio.csv
685830073,Oneonta,State University College at Oneonta,Red Dragons,ONEO,Oneonta,NCAA,D3,NCAA D3,d3-state-university-of-new-york-athletic-conference,D3 State University of New York Athletic Conference,State University of New York Athletic Conference,,https://static.trumedianetworks.com/images/ncaabaseball/teams/685830073.png?v=2,False,False,D2andD3TeamBio.csv
685650710,Oswego,State University of New York at Oswego,Lakers,OSWE,Oswego,NCAA,D3,NCAA D3,d3-state-university-of-new-york-athletic-conference,D3 State University of New York Athletic Conference,State University of New York Athletic Conference,,https://static.trumedianetworks.com/images/ncaabaseball/teams/685650710.png?v=2,False,False,D2andD3TeamBio.csv
548226374,Plattsburgh State,Plattsburgh State University of New York,Cardinals,PLAT,Plattsburgh State,NCAA,D3,NCAA D3,d3-state-university-of-new-york-athletic-conference,D3 State University of New York Athletic Conference,State University of New York Athletic Conference,,https://static.trumedianetworks.com/images/ncaabaseball/teams/548226374.png?v=2,False,False,D2andD3TeamBio.csv
730234624,Brevard,Brevard College,,BC,Brevard,NCAA,D3,NCAA D3,d3-usa-south-athletic-conference,D3 USA South Athletic Conference,USA South Athletic Conference,,https://static.trumedianetworks.com/images/ncaabaseball/teams/730234624.png?v=2,False,True,D2andD3TeamBio.csv
650374217,Greensboro College (NC),Greensboro College,Pride,GCNC,Greensboro College (NC),NCAA,D3,NCAA D3,d3-usa-south-athletic-conference,D3 USA South Athletic Conference,USA South Athletic Conference,,https://static.trumedianetworks.com/images/ncaabaseball/teams/650374217.png?v=2,False,False,D2andD3TeamBio.csv
619400827,Mary Baldwin,Mary Baldwin,Fighting Squirrels,MARY,Mary Baldwin,NCAA,D3,NCAA D3,d3-usa-south-athletic-conference,D3 USA South Athletic Conference,USA South Athletic Conference,,https://static.trumedianetworks.com/images/ncaabaseball/teams/619400827.png?v=2,False,True,D2andD3TeamBio.csv
730230528,Methodist,Methodist University,,MU,Methodist,NCAA,D3,NCAA D3,d3-usa-south-athletic-conference,D3 USA South Athletic Conference,USA South Athletic Conference,,https://static.trumedianetworks.com/images/ncaabaseball/teams/730230528.png?v=2,False,True,D2andD3TeamBio.csv
674608014,North Carolina Wesleyan,North Carolina Wesleyan College,Bishops,NCW,North Carolina Wesleyan,NCAA,D3,NCAA D3,d3-usa-south-athletic-conference,D3 USA South Athletic Conference,USA South Athletic Conference,,https://static.trumedianetworks.com/images/ncaabaseball/teams/674608014.png?v=2,False,False,D2andD3TeamBio.csv
730190592,Pfeiffer,Pfeiffer University,,PU,Pfeiffer,NCAA,D3,NCAA D3,d3-usa-south-athletic-conference,D3 USA South Athletic Conference,USA South Athletic Conference,,https://static.trumedianetworks.com/images/ncaabaseball/teams/730190592.png?v=2,False,True,D2andD3TeamBio.csv
686232871,Southern Virginia,Southern Virginia,Knights,SOUT,Southern Virginia,NCAA,D3,NCAA D3,d3-usa-south-athletic-conference,D3 USA South Athletic Conference,USA South Athletic Conference,,https://static.trumedianetworks.com/images/ncaabaseball/teams/686232871.png?v=2,False,True,D2andD3TeamBio.csv
509088102,William Peace,William Peace,Pacers,WILL,William Peace,NCAA,D3,NCAA D3,d3-usa-south-athletic-conference,D3 USA South Athletic Conference,USA South Athletic Conference,,https://static.trumedianetworks.com/images/ncaabaseball/teams/509088102.png?v=2,False,True,D2andD3TeamBio.csv
730159872,Cairn,Cairn University,,CU,Cairn,NCAA,D3,NCAA D3,d3-united-east-conference,D3 United East Conference,United East Conference,,https://static.trumedianetworks.com/images/ncaabaseball/teams/730159872.png?v=2,False,True,D2andD3TeamBio.csv
602779764,Keystone,Keystone College,Giants,KEYS,Keystone,NCAA,D3,NCAA D3,d3-united-east-conference,D3 United East Conference,United East Conference,,https://static.trumedianetworks.com/images/ncaabaseball/teams/602779764.png?v=2,False,False,D2andD3TeamBio.csv
733125529,Lancaster Bible College,Lancaster Bible College,Chargers,LBC,Lancaster Bible College,NCAA,D3,NCAA D3,d3-united-east-conference,D3 United East Conference,United East Conference,,https://static.trumedianetworks.com/images/ncaabaseball/teams/733125529.png?v=2,False,False,D2andD3TeamBio.csv
641411517,Notre Dame of Maryland,Notre Dame of Maryland,Gators,NDM,Notre Dame of Maryland,NCAA,D3,NCAA D3,d3-united-east-conference,D3 United East Conference,United East Conference,,https://static.trumedianetworks.com/images/ncaabaseball/teams/641411517.png?v=2,False,False,D2andD3TeamBio.csv
718081507,Penn College,Pennsylvania College of Technology,Wildcats,PENN,Penn College,NCAA,D3,NCAA D3,d3-united-east-conference,D3 United East Conference,United East Conference,,https://static.trumedianetworks.com/images/ncaabaseball/teams/718081507.png?v=2,False,False,D2andD3TeamBio.csv
542406494,Penn State Abington,Penn State Abington,Nittany Lions,PSA,Penn State Abington,NCAA,D3,NCAA D3,d3-united-east-conference,D3 United East Conference,United East Conference,,https://static.trumedianetworks.com/images/ncaabaseball/teams/542406494.png?v=2,False,True,D2andD3TeamBio.csv
590076486,Penn State Berks College,Penn State Berks College,Defenders,PSBC,Penn State Berks College,NCAA,D3,NCAA D3,d3-united-east-conference,D3 United East Conference,United East Conference,,https://static.trumedianetworks.com/images/ncaabaseball/teams/590076486.png?v=2,False,False,D2andD3TeamBio.csv
721197005,Penn State Brandywine,Penn State Brandywine,Nittany Lions,PSB,Penn State Brandywine,NCAA,D3,NCAA D3,d3-united-east-conference,D3 United East Conference,United East Conference,,https://static.trumedianetworks.com/images/ncaabaseball/teams/721197005.png?v=2,False,False,D2andD3TeamBio.csv
673735220,Penn State Harrisburg,Penn State Harrisburg,Nittany Lions,PSH,Penn State Harrisburg,NCAA,D3,NCAA D3,d3-united-east-conference,D3 United East Conference,United East Conference,,https://static.trumedianetworks.com/images/ncaabaseball/teams/673735220.png?v=2,False,False,D2andD3TeamBio.csv
567353879,Rosemont College,Rosemont College,Ravens,ROSE,Rosemont College,NCAA,D3,NCAA D3,d3-united-east-conference,D3 United East Conference,United East Conference,,https://static.trumedianetworks.com/images/ncaabaseball/teams/567353879.png?v=2,False,True,D2andD3TeamBio.csv
714857008,St. Mary's College of Maryland,St. Mary's College of Maryland,Seahawks,SMCM,St. Mary's College of Maryland,NCAA,D3,NCAA D3,d3-united-east-conference,D3 United East Conference,United East Conference,,https://static.trumedianetworks.com/images/ncaabaseball/teams/714857008.png?v=2,False,False,D2andD3TeamBio.csv
697225439,Valley Forge Christian,Valley Forge Christian,Patriots,VFC,Valley Forge Christian,NCAA,D3,NCAA D3,d3-united-east-conference,D3 United East Conference,United East Conference,,https://static.trumedianetworks.com/images/ncaabaseball/teams/697225439.png?v=2,False,False,D2andD3TeamBio.csv
676070462,Wilson College,Wilson College,Phoenix,WILS,Wilson College,NCAA,D3,NCAA D3,d3-united-east-conference,D3 United East Conference,United East Conference,,https://static.trumedianetworks.com/images/ncaabaseball/teams/676070462.png?v=2,False,False,D2andD3TeamBio.csv
584394712,Brandeis,Brandeis University,Judges,BRAN,Brandeis,NCAA,D3,NCAA D3,d3-university-athletic-association,D3 University Athletic Association,University Athletic Association,,https://static.trumedianetworks.com/images/ncaabaseball/teams/584394712.png?v=2,False,False,D2andD3TeamBio.csv
606786219,Case Western,Case Western Reserve University,Spartans,CASE,Case Western,NCAA,D3,NCAA D3,d3-university-athletic-association,D3 University Athletic Association,University Athletic Association,,https://static.trumedianetworks.com/images/ncaabaseball/teams/606786219.png?v=2,False,False,D2andD3TeamBio.csv
730184704,Chicago,University of Chicago,Maroons,UCH,Chicago,NCAA,D3,NCAA D3,d3-university-athletic-association,D3 University Athletic Association,University Athletic Association,,https://static.trumedianetworks.com/images/ncaabaseball/teams/730184704.png?v=2,False,False,D2andD3TeamBio.csv
705593055,Emory,Emory University,Eagles,EMOR,Emory,NCAA,D3,NCAA D3,d3-university-athletic-association,D3 University Athletic Association,University Athletic Association,,https://static.trumedianetworks.com/images/ncaabaseball/teams/705593055.png?v=2,False,False,D2andD3TeamBio.csv
617865360,New York University,New York University,Violets,NYU,New York University,NCAA,D3,NCAA D3,d3-university-athletic-association,D3 University Athletic Association,University Athletic Association,,https://static.trumedianetworks.com/images/ncaabaseball/teams/617865360.png?v=2,False,False,D2andD3TeamBio.csv
781508637,Washington (MO),Washington University (Missouri),Bears,WMO,Washington (MO),NCAA,D3,NCAA D3,d3-university-athletic-association,D3 University Athletic Association,University Athletic Association,,https://static.trumedianetworks.com/images/ncaabaseball/teams/781508637.png?v=2,False,False,D2andD3TeamBio.csv
628220150,Bethany Lutheran,Bethany Lutheran College,Vikings,BETH,Bethany Lutheran,NCAA,D3,NCAA D3,d3-upper-midwest-athletic,D3 Upper Midwest Athletic,Upper Midwest Athletic,,https://static.trumedianetworks.com/images/ncaabaseball/teams/628220150.png?v=2,False,True,D2andD3TeamBio.csv
706502245,Crown College (MN),Crown College (MN),Storm,CCMN,Crown College (MN),NCAA,D3,NCAA D3,d3-upper-midwest-athletic,D3 Upper Midwest Athletic,Upper Midwest Athletic,,https://static.trumedianetworks.com/images/ncaabaseball/teams/706502245.png?v=2,False,False,D2andD3TeamBio.csv
548389904,Martin Luther College,Martin Luther College,Knights,MLC,Martin Luther College,NCAA,D3,NCAA D3,d3-upper-midwest-athletic,D3 Upper Midwest Athletic,Upper Midwest Athletic,,https://static.trumedianetworks.com/images/ncaabaseball/teams/548389904.png?v=2,False,False,D2andD3TeamBio.csv
788237944,Minnesota Morris,University of Minnesota  Morris,Cougars,MINN,Minnesota Morris,NCAA,D3,NCAA D3,d3-upper-midwest-athletic,D3 Upper Midwest Athletic,Upper Midwest Athletic,,https://static.trumedianetworks.com/images/ncaabaseball/teams/788237944.png?v=2,False,True,D2andD3TeamBio.csv
750118589,North Central,North Central University,Rams,NORT,North Central,NCAA,D3,NCAA D3,d3-upper-midwest-athletic,D3 Upper Midwest Athletic,Upper Midwest Athletic,,https://static.trumedianetworks.com/images/ncaabaseball/teams/750118589.png?v=2,False,True,D2andD3TeamBio.csv
611331556,Northwestern College,Northwestern College,Eagles,NORT,Northwestern College,NCAA,D3,NCAA D3,d3-upper-midwest-athletic,D3 Upper Midwest Athletic,Upper Midwest Athletic,,https://static.trumedianetworks.com/images/ncaabaseball/teams/611331556.png?v=2,False,True,D2andD3TeamBio.csv
544152269,Wisconsin Superior,University of Wisconsin  Superior,Yellowjackets,WISC,Wisconsin Superior,NCAA,D3,NCAA D3,d3-upper-midwest-athletic,D3 Upper Midwest Athletic,Upper Midwest Athletic,,https://static.trumedianetworks.com/images/ncaabaseball/teams/544152269.png?v=2,False,True,D2andD3TeamBio.csv
660079061,Wisconsin Eau Claire,Wisconsin Eau Claire,Blugolds,WEC,Wisconsin Eau Claire,NCAA,D3,NCAA D3,d3-wisconsin-intercollegiate-athletic-conference,D3 Wisconsin Intercollegiate Athletic Conference,Wisconsin Intercollegiate Athletic Conference,,https://static.trumedianetworks.com/images/ncaabaseball/teams/660079061.png?v=2,False,False,D2andD3TeamBio.csv
684904829,Wisconsin La Crosse,University of Wisconsin  La Crosse,Eagles,WLC,Wisconsin La Crosse,NCAA,D3,NCAA D3,d3-wisconsin-intercollegiate-athletic-conference,D3 Wisconsin Intercollegiate Athletic Conference,Wisconsin Intercollegiate Athletic Conference,,https://static.trumedianetworks.com/images/ncaabaseball/teams/684904829.png?v=2,False,True,D2andD3TeamBio.csv
620447604,Wisconsin Oshkosh,University of Wisconsin  Oshkosh,Titans,WISC,Wisconsin Oshkosh,NCAA,D3,NCAA D3,d3-wisconsin-intercollegiate-athletic-conference,D3 Wisconsin Intercollegiate Athletic Conference,Wisconsin Intercollegiate Athletic Conference,,https://static.trumedianetworks.com/images/ncaabaseball/teams/620447604.png?v=2,False,True,D2andD3TeamBio.csv
786720799,Wisconsin Platteville,University of Wisconsin  Platteville,Pioneers,WISC,Wisconsin Platteville,NCAA,D3,NCAA D3,d3-wisconsin-intercollegiate-athletic-conference,D3 Wisconsin Intercollegiate Athletic Conference,Wisconsin Intercollegiate Athletic Conference,,https://static.trumedianetworks.com/images/ncaabaseball/teams/786720799.png?v=2,False,True,D2andD3TeamBio.csv
544754380,Wisconsin River Falls,Wisconsin River Falls,Falcons,WRF,Wisconsin River Falls,NCAA,D3,NCAA D3,d3-wisconsin-intercollegiate-athletic-conference,D3 Wisconsin Intercollegiate Athletic Conference,Wisconsin Intercollegiate Athletic Conference,,https://static.trumedianetworks.com/images/ncaabaseball/teams/544754380.png?v=2,False,False,D2andD3TeamBio.csv
518974133,Wisconsin Stevens Point,University of Wisconsin  Stevens Point,Pointers,WSP,Wisconsin Stevens Point,NCAA,D3,NCAA D3,d3-wisconsin-intercollegiate-athletic-conference,D3 Wisconsin Intercollegiate Athletic Conference,Wisconsin Intercollegiate Athletic Conference,,https://static.trumedianetworks.com/images/ncaabaseball/teams/518974133.png?v=2,False,False,D2andD3TeamBio.csv
687836725,Wisconsin Stout,University of Wisconsin  Stout,Blue Devils,WISC,Wisconsin Stout,NCAA,D3,NCAA D3,d3-wisconsin-intercollegiate-athletic-conference,D3 Wisconsin Intercollegiate Athletic Conference,Wisconsin Intercollegiate Athletic Conference,,https://static.trumedianetworks.com/images/ncaabaseball/teams/687836725.png?v=2,False,True,D2andD3TeamBio.csv
738458267,Wisconsin Whitewater,University of Wisconsin  Whitewater,Warhawks,WISC,Wisconsin Whitewater,NCAA,D3,NCAA D3,d3-wisconsin-intercollegiate-athletic-conference,D3 Wisconsin Intercollegiate Athletic Conference,Wisconsin Intercollegiate Athletic Conference,,https://static.trumedianetworks.com/images/ncaabaseball/teams/738458267.png?v=2,False,True,D2andD3TeamBio.csv
801953210,Contra Costa (JC),Contra Costa (JC),Comets,CCJC,Contra Costa (JC),CCCAA,JUCO,CCCAA,cccaa-bay-valley,CCCAA Bay Valley,Bay Valley,,https://static.trumedianetworks.com/images/ncaabaseball/teams/801953210.png?v=2,False,True,JucoTeamBio.csv
501284213,Laney (JC),Laney (JC),Eagles,LJC,Laney (JC),CCCAA,JUCO,CCCAA,cccaa-bay-valley,CCCAA Bay Valley,Bay Valley,,https://static.trumedianetworks.com/images/ncaabaseball/teams/501284213.png?v=2,False,False,JucoTeamBio.csv
663120068,Los Medanos (JC),Los Medanos (JC),Mustangs,LMJC,Los Medanos (JC),CCCAA,JUCO,CCCAA,cccaa-bay-valley,CCCAA Bay Valley,Bay Valley,,https://static.trumedianetworks.com/images/ncaabaseball/teams/663120068.png?v=2,False,False,JucoTeamBio.csv
652775531,Marin (JC),Marin (JC),Mariners,MJC,Marin (JC),CCCAA,JUCO,CCCAA,cccaa-bay-valley,CCCAA Bay Valley,Bay Valley,,https://static.trumedianetworks.com/images/ncaabaseball/teams/652775531.png?v=2,False,True,JucoTeamBio.csv
587491209,Mendocino (JC),Mendocino (JC),Eagles,MJC,Mendocino (JC),CCCAA,JUCO,CCCAA,cccaa-bay-valley,CCCAA Bay Valley,Bay Valley,,https://static.trumedianetworks.com/images/ncaabaseball/teams/587491209.png?v=2,False,True,JucoTeamBio.csv
604290365,Napa Valley (JC),Napa Valley (JC),Storm,NVJC,Napa Valley (JC),CCCAA,JUCO,CCCAA,cccaa-bay-valley,CCCAA Bay Valley,Bay Valley,,https://static.trumedianetworks.com/images/ncaabaseball/teams/604290365.png?v=2,False,False,JucoTeamBio.csv
932152134,Solano (JC),Solano (JC),Falcons,SJC,Solano (JC),CCCAA,JUCO,CCCAA,cccaa-bay-valley,CCCAA Bay Valley,Bay Valley,,https://static.trumedianetworks.com/images/ncaabaseball/teams/932152134.png?v=2,False,True,JucoTeamBio.csv
526271270,Yuba (JC),Yuba (JC),Forty Niners,YJC,Yuba (JC),CCCAA,JUCO,CCCAA,cccaa-bay-valley,CCCAA Bay Valley,Bay Valley,,https://static.trumedianetworks.com/images/ncaabaseball/teams/526271270.png?v=2,False,False,JucoTeamBio.csv
690283602,American River (JC),American River (JC),Beavers,ARJC,American River (JC),CCCAA,JUCO,CCCAA,cccaa-big-8,CCCAA Big 8,Big 8,,https://static.trumedianetworks.com/images/ncaabaseball/teams/690283602.png?v=2,False,False,JucoTeamBio.csv
586744037,Cosumnes River (JC),Cosumnes River (JC),Hawks,CRJC,Cosumnes River (JC),CCCAA,JUCO,CCCAA,cccaa-big-8,CCCAA Big 8,Big 8,,https://static.trumedianetworks.com/images/ncaabaseball/teams/586744037.png?v=2,False,False,JucoTeamBio.csv
549741390,Diablo Valley (JC),Diablo Valley (JC),Vikings,DVJC,Diablo Valley (JC),CCCAA,JUCO,CCCAA,cccaa-big-8,CCCAA Big 8,Big 8,,https://static.trumedianetworks.com/images/ncaabaseball/teams/549741390.png?v=2,False,False,JucoTeamBio.csv
762116055,Folsom Lake JC,Folsom Lake JC,Falcons,FLJC,Folsom Lake JC,CCCAA,JUCO,CCCAA,cccaa-big-8,CCCAA Big 8,Big 8,,https://static.trumedianetworks.com/images/ncaabaseball/teams/762116055.png?v=2,False,False,JucoTeamBio.csv
675603595,Modesto (JC),Modesto (JC),Pirates,MJC,Modesto (JC),CCCAA,JUCO,CCCAA,cccaa-big-8,CCCAA Big 8,Big 8,,https://static.trumedianetworks.com/images/ncaabaseball/teams/675603595.png?v=2,False,True,JucoTeamBio.csv
592786589,Sacramento (JC),Sacramento (JC),Panthers,SJC,Sacramento (JC),CCCAA,JUCO,CCCAA,cccaa-big-8,CCCAA Big 8,Big 8,,https://static.trumedianetworks.com/images/ncaabaseball/teams/592786589.png?v=2,False,True,JucoTeamBio.csv
995225468,San Joaquin Delta (JC),San Joaquin Delta (JC),Mustangs,SJDJ,San Joaquin Delta (JC),CCCAA,JUCO,CCCAA,cccaa-big-8,CCCAA Big 8,Big 8,,https://static.trumedianetworks.com/images/ncaabaseball/teams/995225468.png?v=2,False,False,JucoTeamBio.csv
722882277,Santa Rosa (JC),Santa Rosa (JC),Bear Cubs,SRJC,Santa Rosa (JC),CCCAA,JUCO,CCCAA,cccaa-big-8,CCCAA Big 8,Big 8,,https://static.trumedianetworks.com/images/ncaabaseball/teams/722882277.png?v=2,False,False,JucoTeamBio.csv
995823965,Sierra (JC),Sierra (JC),Wolverines,SJC,Sierra (JC),CCCAA,JUCO,CCCAA,cccaa-big-8,CCCAA Big 8,Big 8,,https://static.trumedianetworks.com/images/ncaabaseball/teams/995823965.png?v=2,False,True,JucoTeamBio.csv
872882511,Cerro Coso (JC),Cerro Coso (JC),Coyotes,CCJC,Cerro Coso (JC),CCCAA,JUCO,CCCAA,cccaa-central-valley,CCCAA Central Valley,Central Valley,,https://static.trumedianetworks.com/images/ncaabaseball/teams/872882511.png?v=2,False,True,JucoTeamBio.csv
974685325,Coalinga College,Coalinga College,Falcons,COAL,Coalinga College,CCCAA,JUCO,CCCAA,cccaa-central-valley,CCCAA Central Valley,Central Valley,,https://static.trumedianetworks.com/images/ncaabaseball/teams/974685325.png?v=2,False,False,JucoTeamBio.csv
804155720,Fresno (JC),Fresno (JC),Rams,FJC,Fresno (JC),CCCAA,JUCO,CCCAA,cccaa-central-valley,CCCAA Central Valley,Central Valley,,https://static.trumedianetworks.com/images/ncaabaseball/teams/804155720.png?v=2,False,True,JucoTeamBio.csv
501415503,Merced (JC),Merced (JC),Blue Devils,MJC,Merced (JC),CCCAA,JUCO,CCCAA,cccaa-central-valley,CCCAA Central Valley,Central Valley,,https://static.trumedianetworks.com/images/ncaabaseball/teams/501415503.png?v=2,False,True,JucoTeamBio.csv
785992720,Porterville (JC),Porterville (JC),Pirates,PJC,Porterville (JC),CCCAA,JUCO,CCCAA,cccaa-central-valley,CCCAA Central Valley,Central Valley,,https://static.trumedianetworks.com/images/ncaabaseball/teams/785992720.png?v=2,False,True,JucoTeamBio.csv
951520687,Reedley (JC),Reedley (JC),Tigers,RJC,Reedley (JC),CCCAA,JUCO,CCCAA,cccaa-central-valley,CCCAA Central Valley,Central Valley,,https://static.trumedianetworks.com/images/ncaabaseball/teams/951520687.png?v=2,False,True,JucoTeamBio.csv
771240867,Sequoias (JC),Sequoias (JC),Giants,SJC,Sequoias (JC),CCCAA,JUCO,CCCAA,cccaa-central-valley,CCCAA Central Valley,Central Valley,,https://static.trumedianetworks.com/images/ncaabaseball/teams/771240867.png?v=2,False,True,JucoTeamBio.csv
695094352,Taft (JC),Taft (JC),Cougars,TJC,Taft (JC),CCCAA,JUCO,CCCAA,cccaa-central-valley,CCCAA Central Valley,Central Valley,,https://static.trumedianetworks.com/images/ncaabaseball/teams/695094352.png?v=2,False,True,JucoTeamBio.csv
527646478,Chabot (JC),Chabot (JC),Gladiators,CJC,Chabot (JC),CCCAA,JUCO,CCCAA,cccaa-coast-golden-gate,CCCAA Coast Golden Gate,Coast Golden Gate,,https://static.trumedianetworks.com/images/ncaabaseball/teams/527646478.png?v=2,False,True,JucoTeamBio.csv
698320381,DeAnza (JC),DeAnza (JC),Dons,DAJC,DeAnza (JC),CCCAA,JUCO,CCCAA,cccaa-coast-golden-gate,CCCAA Coast Golden Gate,Coast Golden Gate,,https://static.trumedianetworks.com/images/ncaabaseball/teams/698320381.png?v=2,False,False,JucoTeamBio.csv
994364231,San Francisco (JC),San Francisco (JC),Rams,SFJC,San Francisco (JC),CCCAA,JUCO,CCCAA,cccaa-coast-golden-gate,CCCAA Coast Golden Gate,Coast Golden Gate,,https://static.trumedianetworks.com/images/ncaabaseball/teams/994364231.png?v=2,False,False,JucoTeamBio.csv
949434136,San Mateo (JC),San Mateo (JC),Bulldogs,SMJC,San Mateo (JC),CCCAA,JUCO,CCCAA,cccaa-coast-golden-gate,CCCAA Coast Golden Gate,Coast Golden Gate,,https://static.trumedianetworks.com/images/ncaabaseball/teams/949434136.png?v=2,False,False,JucoTeamBio.csv
666716712,West Valley (JC),West Valley (JC),Vikings,WVJC,West Valley (JC),CCCAA,JUCO,CCCAA,cccaa-coast-golden-gate,CCCAA Coast Golden Gate,Coast Golden Gate,,https://static.trumedianetworks.com/images/ncaabaseball/teams/666716712.png?v=2,False,False,JucoTeamBio.csv
517777395,Cabrillo (JC),Cabrillo (JC),Seahawks,CJC,Cabrillo (JC),CCCAA,JUCO,CCCAA,cccaa-coast-pacific,CCCAA Coast Pacific,Coast Pacific,,https://static.trumedianetworks.com/images/ncaabaseball/teams/517777395.png?v=2,False,True,JucoTeamBio.csv
502276355,Canada (JC),Canada (JC),Colts,CJC,Canada (JC),CCCAA,JUCO,CCCAA,cccaa-coast-pacific,CCCAA Coast Pacific,Coast Pacific,,https://static.trumedianetworks.com/images/ncaabaseball/teams/502276355.png?v=2,False,True,JucoTeamBio.csv
823941822,Gavilian (JC),Gavilian (JC),Rams,GJC,Gavilian (JC),CCCAA,JUCO,CCCAA,cccaa-coast-pacific,CCCAA Coast Pacific,Coast Pacific,,https://static.trumedianetworks.com/images/ncaabaseball/teams/823941822.png?v=2,False,True,JucoTeamBio.csv
579739210,Hartnell (JC),Hartnell (JC),Panthers,HJC,Hartnell (JC),CCCAA,JUCO,CCCAA,cccaa-coast-pacific,CCCAA Coast Pacific,Coast Pacific,,https://static.trumedianetworks.com/images/ncaabaseball/teams/579739210.png?v=2,False,False,JucoTeamBio.csv
537441609,Monterey Peninsula (JC),Monterey Peninsula (JC),Lobos,MPJC,Monterey Peninsula (JC),CCCAA,JUCO,CCCAA,cccaa-coast-pacific,CCCAA Coast Pacific,Coast Pacific,,https://static.trumedianetworks.com/images/ncaabaseball/teams/537441609.png?v=2,False,False,JucoTeamBio.csv
564040667,Ohlone (JC),Ohlone (JC),Renegades,OJC,Ohlone (JC),CCCAA,JUCO,CCCAA,cccaa-coast-pacific,CCCAA Coast Pacific,Coast Pacific,,https://static.trumedianetworks.com/images/ncaabaseball/teams/564040667.png?v=2,False,True,JucoTeamBio.csv
725812362,Skyline (JC),Skyline (JC),Trojans,SJC,Skyline (JC),CCCAA,JUCO,CCCAA,cccaa-coast-pacific,CCCAA Coast Pacific,Coast Pacific,,https://static.trumedianetworks.com/images/ncaabaseball/teams/725812362.png?v=2,False,True,JucoTeamBio.csv
889701060,Butte (JC),Butte (JC),Roadrunners,BJC,Butte (JC),CCCAA,JUCO,CCCAA,cccaa-golden-valley,CCCAA Golden Valley,Golden Valley,,https://static.trumedianetworks.com/images/ncaabaseball/teams/889701060.png?v=2,False,True,JucoTeamBio.csv
579559996,Feather River (JC),Feather River (JC),Golden Eagles,FRJC,Feather River (JC),CCCAA,JUCO,CCCAA,cccaa-golden-valley,CCCAA Golden Valley,Golden Valley,,https://static.trumedianetworks.com/images/ncaabaseball/teams/579559996.png?v=2,False,False,JucoTeamBio.csv
708841598,Lassen CC,Lassen CC,Cougars,LCC,Lassen CC,CCCAA,JUCO,CCCAA,cccaa-golden-valley,CCCAA Golden Valley,Golden Valley,,https://static.trumedianetworks.com/images/ncaabaseball/teams/708841598.png?v=2,False,True,JucoTeamBio.csv
854153627,Redwoods (JC),Redwoods (JC),Corsairs,RJC,Redwoods (JC),CCCAA,JUCO,CCCAA,cccaa-golden-valley,CCCAA Golden Valley,Golden Valley,,https://static.trumedianetworks.com/images/ncaabaseball/teams/854153627.png?v=2,False,True,JucoTeamBio.csv
601965799,Shasta (JC),Shasta (JC),Knights,SJC,Shasta (JC),CCCAA,JUCO,CCCAA,cccaa-golden-valley,CCCAA Golden Valley,Golden Valley,,https://static.trumedianetworks.com/images/ncaabaseball/teams/601965799.png?v=2,False,True,JucoTeamBio.csv
662189250,Siskiyous (JC),Siskiyous (JC),Eagles,SJC,Siskiyous (JC),CCCAA,JUCO,CCCAA,cccaa-golden-valley,CCCAA Golden Valley,Golden Valley,,https://static.trumedianetworks.com/images/ncaabaseball/teams/662189250.png?v=2,False,True,JucoTeamBio.csv
743493077,Bellevue College,Bellevue College,Bulldogs,BELL,Bellevue College,NWAC,JUCO,NWAC,jc-northwest-athletic-conference,JC Northwest Athletic Conference,Northwest Athletic Conference,,https://static.trumedianetworks.com/images/ncaabaseball/teams/743493077.png?v=2,False,True,JucoTeamBio.csv
757840919,Big Bend CC,Big Bend CC,Vikings,BBCC,Big Bend CC,NWAC,JUCO,NWAC,jc-northwest-athletic-conference,JC Northwest Athletic Conference,Northwest Athletic Conference,,https://static.trumedianetworks.com/images/ncaabaseball/teams/757840919.png?v=2,False,False,JucoTeamBio.csv
744321792,Blue Mountain,Blue Mountain College,,BMC,Blue Mountain,NWAC,JUCO,NWAC,jc-northwest-athletic-conference,JC Northwest Athletic Conference,Northwest Athletic Conference,,https://static.trumedianetworks.com/images/ncaabaseball/teams/744321792.png?v=2,False,True,JucoTeamBio.csv
801216793,Centralia (JC),Centralia (JC),Trailblazers,CJC,Centralia (JC),NWAC,JUCO,NWAC,jc-northwest-athletic-conference,JC Northwest Athletic Conference,Northwest Athletic Conference,,https://static.trumedianetworks.com/images/ncaabaseball/teams/801216793.png?v=2,False,True,JucoTeamBio.csv
786557349,Chemeketa CC,Chemeketa CC,Storm,CCC,Chemeketa CC,NWAC,JUCO,NWAC,jc-northwest-athletic-conference,JC Northwest Athletic Conference,Northwest Athletic Conference,,https://static.trumedianetworks.com/images/ncaabaseball/teams/786557349.png?v=2,False,True,JucoTeamBio.csv
972670388,Clackamas CC,Clackamas CC,Cougars,CCC,Clackamas CC,NWAC,JUCO,NWAC,jc-northwest-athletic-conference,JC Northwest Athletic Conference,Northwest Athletic Conference,,https://static.trumedianetworks.com/images/ncaabaseball/teams/972670388.png?v=2,False,True,JucoTeamBio.csv
793422755,Clark College,Clark College,Penguins,CLAR,Clark College,NWAC,JUCO,NWAC,jc-northwest-athletic-conference,JC Northwest Athletic Conference,Northwest Athletic Conference,,https://static.trumedianetworks.com/images/ncaabaseball/teams/793422755.png?v=2,False,True,JucoTeamBio.csv
784864905,Columbia Basin (JC),Columbia Basin (JC),Hawks,CBJC,Columbia Basin (JC),NWAC,JUCO,NWAC,jc-northwest-athletic-conference,JC Northwest Athletic Conference,Northwest Athletic Conference,,https://static.trumedianetworks.com/images/ncaabaseball/teams/784864905.png?v=2,False,False,JucoTeamBio.csv
640814301,Douglas College,Douglas College,Royals,DOUG,Douglas College,NWAC,JUCO,NWAC,jc-northwest-athletic-conference,JC Northwest Athletic Conference,Northwest Athletic Conference,,https://static.trumedianetworks.com/images/ncaabaseball/teams/640814301.png?v=2,False,False,JucoTeamBio.csv
842537552,Edmonds CC,Edmonds CC,Tritons,ECC,Edmonds CC,NWAC,JUCO,NWAC,jc-northwest-athletic-conference,JC Northwest Athletic Conference,Northwest Athletic Conference,,https://static.trumedianetworks.com/images/ncaabaseball/teams/842537552.png?v=2,False,True,JucoTeamBio.csv
589494650,Everett CC,Everett CC,Trojans,ECC,Everett CC,NWAC,JUCO,NWAC,jc-northwest-athletic-conference,JC Northwest Athletic Conference,Northwest Athletic Conference,,https://static.trumedianetworks.com/images/ncaabaseball/teams/589494650.png?v=2,False,True,JucoTeamBio.csv
741689330,Grays Harbor College,Grays Harbor College,Chokers,GHC,Grays Harbor College,NWAC,JUCO,NWAC,jc-northwest-athletic-conference,JC Northwest Athletic Conference,Northwest Athletic Conference,,https://static.trumedianetworks.com/images/ncaabaseball/teams/741689330.png?v=2,False,True,JucoTeamBio.csv
826292305,Lane CC,Lane CC,Dragons,LCC,Lane CC,NWAC,JUCO,NWAC,jc-northwest-athletic-conference,JC Northwest Athletic Conference,Northwest Athletic Conference,,https://static.trumedianetworks.com/images/ncaabaseball/teams/826292305.png?v=2,False,True,JucoTeamBio.csv
744516994,Linn-Benton CC,Linn-Benton CC,Roadrunners,LBCC,Linn-Benton CC,NWAC,JUCO,NWAC,jc-northwest-athletic-conference,JC Northwest Athletic Conference,Northwest Athletic Conference,,https://static.trumedianetworks.com/images/ncaabaseball/teams/744516994.png?v=2,False,False,JucoTeamBio.csv
948846398,Lower Columbia (JC),Lower Columbia (JC),Red Devils,LCJC,Lower Columbia (JC),NWAC,JUCO,NWAC,jc-northwest-athletic-conference,JC Northwest Athletic Conference,Northwest Athletic Conference,,https://static.trumedianetworks.com/images/ncaabaseball/teams/948846398.png?v=2,False,False,JucoTeamBio.csv
965088129,Mt. Hood CC,Mt. Hood CC,Saints,MHCC,Mt. Hood CC,NWAC,JUCO,NWAC,jc-northwest-athletic-conference,JC Northwest Athletic Conference,Northwest Athletic Conference,,https://static.trumedianetworks.com/images/ncaabaseball/teams/965088129.png?v=2,False,True,JucoTeamBio.csv
550743209,Olympic College,Olympic College,Rangers,OLYM,Olympic College,NWAC,JUCO,NWAC,jc-northwest-athletic-conference,JC Northwest Athletic Conference,Northwest Athletic Conference,,https://static.trumedianetworks.com/images/ncaabaseball/teams/550743209.png?v=2,False,False,JucoTeamBio.csv
692225813,Pierce College,Pierce College,Raiders,PIER,Pierce College,NWAC,JUCO,NWAC,jc-northwest-athletic-conference,JC Northwest Athletic Conference,Northwest Athletic Conference,,https://static.trumedianetworks.com/images/ncaabaseball/teams/692225813.png?v=2,False,False,JucoTeamBio.csv
792182577,Shoreline,Shoreline,Dolphins,SHOR,Shoreline,NWAC,JUCO,NWAC,jc-northwest-athletic-conference,JC Northwest Athletic Conference,Northwest Athletic Conference,,https://static.trumedianetworks.com/images/ncaabaseball/teams/792182577.png?v=2,False,False,JucoTeamBio.csv
672442491,Skagit Valley (JC),Skagit Valley (JC),Cardinals,SVJC,Skagit Valley (JC),NWAC,JUCO,NWAC,jc-northwest-athletic-conference,JC Northwest Athletic Conference,Northwest Athletic Conference,,https://static.trumedianetworks.com/images/ncaabaseball/teams/672442491.png?v=2,False,False,JucoTeamBio.csv
715558423,Southwestern Oregon CC,Southwestern Oregon CC,Lakers,SOCC,Southwestern Oregon CC,NWAC,JUCO,NWAC,jc-northwest-athletic-conference,JC Northwest Athletic Conference,Northwest Athletic Conference,,https://static.trumedianetworks.com/images/ncaabaseball/teams/715558423.png?v=2,False,False,JucoTeamBio.csv
983824317,Spokane Falls CC,Spokane Falls CC,Sasquatch,SFCC,Spokane Falls CC,NWAC,JUCO,NWAC,jc-northwest-athletic-conference,JC Northwest Athletic Conference,Northwest Athletic Conference,,https://static.trumedianetworks.com/images/ncaabaseball/teams/983824317.png?v=2,False,False,JucoTeamBio.csv
750655685,Tacoma (JC),Tacoma (JC),Titans,TJC,Tacoma (JC),NWAC,JUCO,NWAC,jc-northwest-athletic-conference,JC Northwest Athletic Conference,Northwest Athletic Conference,,https://static.trumedianetworks.com/images/ncaabaseball/teams/750655685.png?v=2,False,True,JucoTeamBio.csv
897731851,Treasure Valley CC,Treasure Valley CC,Chukars,TVCC,Treasure Valley CC,NWAC,JUCO,NWAC,jc-northwest-athletic-conference,JC Northwest Athletic Conference,Northwest Athletic Conference,,https://static.trumedianetworks.com/images/ncaabaseball/teams/897731851.png?v=2,False,False,JucoTeamBio.csv
803155440,Umpqua CC,Umpqua CC,RiverHawks,UCC,Umpqua CC,NWAC,JUCO,NWAC,jc-northwest-athletic-conference,JC Northwest Athletic Conference,Northwest Athletic Conference,,https://static.trumedianetworks.com/images/ncaabaseball/teams/803155440.png?v=2,False,False,JucoTeamBio.csv
670092373,Walla Walla CC,Walla Walla CC,Warriors,WWCC,Walla Walla CC,NWAC,JUCO,NWAC,jc-northwest-athletic-conference,JC Northwest Athletic Conference,Northwest Athletic Conference,,https://static.trumedianetworks.com/images/ncaabaseball/teams/670092373.png?v=2,False,False,JucoTeamBio.csv
906650776,Wenatchee Valley College (JC),Wenatchee Valley College (JC),Knights,WVCJ,Wenatchee Valley College (JC),NWAC,JUCO,NWAC,jc-northwest-athletic-conference,JC Northwest Athletic Conference,Northwest Athletic Conference,,https://static.trumedianetworks.com/images/ncaabaseball/teams/906650776.png?v=2,False,False,JucoTeamBio.csv
853407398,Yakima Valley CC,Yakima Valley CC,Yaks,YVCC,Yakima Valley CC,NWAC,JUCO,NWAC,jc-northwest-athletic-conference,JC Northwest Athletic Conference,Northwest Athletic Conference,,https://static.trumedianetworks.com/images/ncaabaseball/teams/853407398.png?v=2,False,False,JucoTeamBio.csv
829041000,Cypress (JC),Cypress (JC),Chargers,CJC,Cypress (JC),CCCAA,JUCO,CCCAA,cccaa-orange-empire,CCCAA Orange Empire,Orange Empire,,https://static.trumedianetworks.com/images/ncaabaseball/teams/829041000.png?v=2,False,True,JucoTeamBio.csv
872941573,Fullerton (JC),Fullerton (JC),Hornets,FJC,Fullerton (JC),CCCAA,JUCO,CCCAA,cccaa-orange-empire,CCCAA Orange Empire,Orange Empire,,https://static.trumedianetworks.com/images/ncaabaseball/teams/872941573.png?v=2,False,True,JucoTeamBio.csv
675950305,Golden West (JC),Golden West (JC),Rustlers,GWJC,Golden West (JC),CCCAA,JUCO,CCCAA,cccaa-orange-empire,CCCAA Orange Empire,Orange Empire,,https://static.trumedianetworks.com/images/ncaabaseball/teams/675950305.png?v=2,False,False,JucoTeamBio.csv
541208080,Irvine Valley (JC),Irvine Valley (JC),Lasers,IVJC,Irvine Valley (JC),CCCAA,JUCO,CCCAA,cccaa-orange-empire,CCCAA Orange Empire,Orange Empire,,https://static.trumedianetworks.com/images/ncaabaseball/teams/541208080.png?v=2,False,True,JucoTeamBio.csv
898033583,Orange Coast (JC),Orange Coast (JC),Pirates,OCJC,Orange Coast (JC),CCCAA,JUCO,CCCAA,cccaa-orange-empire,CCCAA Orange Empire,Orange Empire,,https://static.trumedianetworks.com/images/ncaabaseball/teams/898033583.png?v=2,False,False,JucoTeamBio.csv
944311802,Riverside (JC),Riverside (JC),Tigers,RJC,Riverside (JC),CCCAA,JUCO,CCCAA,cccaa-orange-empire,CCCAA Orange Empire,Orange Empire,,https://static.trumedianetworks.com/images/ncaabaseball/teams/944311802.png?v=2,False,True,JucoTeamBio.csv
879178427,Saddleback (JC),Saddleback (JC),Gauchos,SJC,Saddleback (JC),CCCAA,JUCO,CCCAA,cccaa-orange-empire,CCCAA Orange Empire,Orange Empire,,https://static.trumedianetworks.com/images/ncaabaseball/teams/879178427.png?v=2,False,True,JucoTeamBio.csv
782808810,Santa Ana (JC),Santa Ana (JC),Dons,SAJC,Santa Ana (JC),CCCAA,JUCO,CCCAA,cccaa-orange-empire,CCCAA Orange Empire,Orange Empire,,https://static.trumedianetworks.com/images/ncaabaseball/teams/782808810.png?v=2,False,False,JucoTeamBio.csv
576333716,Desert (JC),Desert (JC),Roadrunners,DJC,Desert (JC),CCCAA,JUCO,CCCAA,cccaa-pacific-coast,CCCAA Pacific Coast,Pacific Coast,,https://static.trumedianetworks.com/images/ncaabaseball/teams/576333716.png?v=2,False,False,JucoTeamBio.csv
782866779,Grossmont (JC),Grossmont (JC),Griffins,GJC,Grossmont (JC),CCCAA,JUCO,CCCAA,cccaa-pacific-coast,CCCAA Pacific Coast,Pacific Coast,,https://static.trumedianetworks.com/images/ncaabaseball/teams/782866779.png?v=2,False,True,JucoTeamBio.csv
813017826,Imperial Valley (JC),Imperial Valley (JC),Arabs,IVJC,Imperial Valley (JC),CCCAA,JUCO,CCCAA,cccaa-pacific-coast,CCCAA Pacific Coast,Pacific Coast,,https://static.trumedianetworks.com/images/ncaabaseball/teams/813017826.png?v=2,False,True,JucoTeamBio.csv
775909980,Mt. San Jacinto (JC),Mt. San Jacinto (JC),Eagles,MSJJ,Mt. San Jacinto (JC),CCCAA,JUCO,CCCAA,cccaa-pacific-coast,CCCAA Pacific Coast,Pacific Coast,,https://static.trumedianetworks.com/images/ncaabaseball/teams/775909980.png?v=2,False,False,JucoTeamBio.csv
917019933,Palomar (JC),Palomar (JC),Comets,PJC,Palomar (JC),CCCAA,JUCO,CCCAA,cccaa-pacific-coast,CCCAA Pacific Coast,Pacific Coast,,https://static.trumedianetworks.com/images/ncaabaseball/teams/917019933.png?v=2,False,True,JucoTeamBio.csv
545196169,San Bernardino (JC),San Bernardino (JC),Wolverines,SBJC,San Bernardino (JC),CCCAA,JUCO,CCCAA,cccaa-pacific-coast,CCCAA Pacific Coast,Pacific Coast,,https://static.trumedianetworks.com/images/ncaabaseball/teams/545196169.png?v=2,False,True,JucoTeamBio.csv
764681470,San Diego City (JC),San Diego City (JC),Knights,SDCJ,San Diego City (JC),CCCAA,JUCO,CCCAA,cccaa-pacific-coast,CCCAA Pacific Coast,Pacific Coast,,https://static.trumedianetworks.com/images/ncaabaseball/teams/764681470.png?v=2,False,False,JucoTeamBio.csv
805281114,San Diego Mesa (JC),San Diego Mesa (JC),Olympians,SDMJ,San Diego Mesa (JC),CCCAA,JUCO,CCCAA,cccaa-pacific-coast,CCCAA Pacific Coast,Pacific Coast,,https://static.trumedianetworks.com/images/ncaabaseball/teams/805281114.png?v=2,False,False,JucoTeamBio.csv
783448401,Southwestern (JC),Southwestern (JC),Jaguars,SJC,Southwestern (JC),CCCAA,JUCO,CCCAA,cccaa-pacific-coast,CCCAA Pacific Coast,Pacific Coast,,https://static.trumedianetworks.com/images/ncaabaseball/teams/783448401.png?v=2,False,True,JucoTeamBio.csv
610000176,Arizona Western College,Arizona Western College,Matadors,AWC,Arizona Western College,NJCAA,JUCO,NJCAA D1,njcaa-d1-region-1,NJCAA D1 Region 1,Region 1,1,https://static.trumedianetworks.com/images/ncaabaseball/teams/610000176.png?v=2,False,False,JucoTeamBio.csv
825110401,Central Arizona College,Central Arizona College,Vaqueros,CAC,Central Arizona College,NJCAA,JUCO,NJCAA D1,njcaa-d1-region-1,NJCAA D1 Region 1,Region 1,1,https://static.trumedianetworks.com/images/ncaabaseball/teams/825110401.png?v=2,False,False,JucoTeamBio.csv
959724710,Cochise College,Cochise College,Apaches,COCH,Cochise College,NJCAA,JUCO,NJCAA D1,njcaa-d1-region-1,NJCAA D1 Region 1,Region 1,1,https://static.trumedianetworks.com/images/ncaabaseball/teams/959724710.png?v=2,False,False,JucoTeamBio.csv
541537800,College of Southern Nevada,College of Southern Nevada,Coyotes,CSN,College of Southern Nevada,NJCAA,JUCO,NJCAA D1,njcaa-d1-region-1,NJCAA D1 Region 1,Region 1,1,https://static.trumedianetworks.com/images/ncaabaseball/teams/541537800.png?v=2,False,False,JucoTeamBio.csv
679757977,Community Christian (CA),Community Christian (CA),Warriors,CCCA,Community Christian (CA),NJCAA,JUCO,NJCAA D1,njcaa-d1-region-1,NJCAA D1 Region 1,Region 1,1,https://static.trumedianetworks.com/images/ncaabaseball/teams/679757977.png?v=2,False,False,JucoTeamBio.csv
638820183,Eastern Arizona College,Eastern Arizona College,Gila Monsters,EAC,Eastern Arizona College,NJCAA,JUCO,NJCAA D1,njcaa-d1-region-1,NJCAA D1 Region 1,Region 1,1,https://static.trumedianetworks.com/images/ncaabaseball/teams/638820183.png?v=2,False,False,JucoTeamBio.csv
789846110,Yavapai College,Yavapai College,Roughriders,YAVA,Yavapai College,NJCAA,JUCO,NJCAA D1,njcaa-d1-region-1,NJCAA D1 Region 1,Region 1,1,https://static.trumedianetworks.com/images/ncaabaseball/teams/789846110.png?v=2,False,False,JucoTeamBio.csv
825399734,Florence Darlington Technical College,Florence Darlington Technical College,Stingers,FDTC,Florence Darlington Technical College,NJCAA,JUCO,NJCAA D1,njcaa-d1-region-10,NJCAA D1 Region 10,Region 10,10,https://static.trumedianetworks.com/images/ncaabaseball/teams/825399734.png?v=2,False,False,JucoTeamBio.csv
934143574,Gaston College,Gaston College,Rhinos,GAST,Gaston College,NJCAA,JUCO,NJCAA D1,njcaa-d1-region-10,NJCAA D1 Region 10,Region 10,10,https://static.trumedianetworks.com/images/ncaabaseball/teams/934143574.png?v=2,False,False,JucoTeamBio.csv
593574691,South Carolina Lancaster,South Carolina Lancaster,Lancers,SCL,South Carolina Lancaster,NJCAA,JUCO,NJCAA D1,njcaa-d1-region-10,NJCAA D1 Region 10,Region 10,10,https://static.trumedianetworks.com/images/ncaabaseball/teams/593574691.png?v=2,False,False,JucoTeamBio.csv
614644346,South Carolina Salkehatchie,South Carolina Salkehatchie,Indians,SCS,South Carolina Salkehatchie,NJCAA,JUCO,NJCAA D1,njcaa-d1-region-10,NJCAA D1 Region 10,Region 10,10,https://static.trumedianetworks.com/images/ncaabaseball/teams/614644346.png?v=2,False,True,JucoTeamBio.csv
735711689,South Carolina Sumter,South Carolina Sumter,Fire Ants,SCS,South Carolina Sumter,NJCAA,JUCO,NJCAA D1,njcaa-d1-region-10,NJCAA D1 Region 10,Region 10,10,https://static.trumedianetworks.com/images/ncaabaseball/teams/735711689.png?v=2,False,True,JucoTeamBio.csv
598888124,South Carolina Union,South Carolina Union,Bantams,SCU,South Carolina Union,NJCAA,JUCO,NJCAA D1,njcaa-d1-region-10,NJCAA D1 Region 10,Region 10,10,https://static.trumedianetworks.com/images/ncaabaseball/teams/598888124.png?v=2,False,False,JucoTeamBio.csv
602659036,Indian Hills CC Centerville,Indian Hills CC Centerville,Warriors,IHCC,Indian Hills CC Centerville,NJCAA,JUCO,NJCAA D1,njcaa-d1-region-11,NJCAA D1 Region 11,Region 11,11,https://static.trumedianetworks.com/images/ncaabaseball/teams/602659036.png?v=2,False,False,JucoTeamBio.csv
856030751,Iowa Western CC,Iowa Western CC,Reivers,IWCC,Iowa Western CC,NJCAA,JUCO,NJCAA D1,njcaa-d1-region-11,NJCAA D1 Region 11,Region 11,11,https://static.trumedianetworks.com/images/ncaabaseball/teams/856030751.png?v=2,False,False,JucoTeamBio.csv
521420563,Southwestern CC,Southwestern CC,Spartans,SCC,Southwestern CC,NJCAA,JUCO,NJCAA D1,njcaa-d1-region-11,NJCAA D1 Region 11,Region 11,11,https://static.trumedianetworks.com/images/ncaabaseball/teams/521420563.png?v=2,False,True,JucoTeamBio.csv
918485456,Alvin CC,Alvin CC,Dolphins,ACC,Alvin CC,NJCAA,JUCO,NJCAA D1,njcaa-d1-region-14,NJCAA D1 Region 14,Region 14,14,https://static.trumedianetworks.com/images/ncaabaseball/teams/918485456.png?v=2,False,False,JucoTeamBio.csv
933937116,Angelina College,Angelina College,Roadrunners,ANGE,Angelina College,NJCAA,JUCO,NJCAA D1,njcaa-d1-region-14,NJCAA D1 Region 14,Region 14,14,https://static.trumedianetworks.com/images/ncaabaseball/teams/933937116.png?v=2,False,False,JucoTeamBio.csv
665087985,Blinn College,Blinn College,Buccaneers,BLIN,Blinn College,NJCAA,JUCO,NJCAA D1,njcaa-d1-region-14,NJCAA D1 Region 14,Region 14,14,https://static.trumedianetworks.com/images/ncaabaseball/teams/665087985.png?v=2,False,False,JucoTeamBio.csv
854453282,Bossier Parish CC,Bossier Parish CC,Cavaliers,BPCC,Bossier Parish CC,NJCAA,JUCO,NJCAA D1,njcaa-d1-region-14,NJCAA D1 Region 14,Region 14,14,https://static.trumedianetworks.com/images/ncaabaseball/teams/854453282.png?v=2,False,False,JucoTeamBio.csv
607452407,Coastal Bend College,Coastal Bend College,Cougars,CBC,Coastal Bend College,NJCAA,JUCO,NJCAA D1,njcaa-d1-region-14,NJCAA D1 Region 14,Region 14,14,https://static.trumedianetworks.com/images/ncaabaseball/teams/607452407.png?v=2,False,False,JucoTeamBio.csv
566838711,Galveston College,Galveston College,Whitecaps,GALV,Galveston College,NJCAA,JUCO,NJCAA D1,njcaa-d1-region-14,NJCAA D1 Region 14,Region 14,14,https://static.trumedianetworks.com/images/ncaabaseball/teams/566838711.png?v=2,False,False,JucoTeamBio.csv
749507945,Navarro College,Navarro College,Bulldogs,NAVA,Navarro College,NJCAA,JUCO,NJCAA D1,njcaa-d1-region-14,NJCAA D1 Region 14,Region 14,14,https://static.trumedianetworks.com/images/ncaabaseball/teams/749507945.png?v=2,False,False,JucoTeamBio.csv
540604740,Northeast Texas CC,Northeast Texas CC,Eagles,NTCC,Northeast Texas CC,NJCAA,JUCO,NJCAA D1,njcaa-d1-region-14,NJCAA D1 Region 14,Region 14,14,https://static.trumedianetworks.com/images/ncaabaseball/teams/540604740.png?v=2,False,False,JucoTeamBio.csv
759622301,Panola College,Panola College,Ponies,PANO,Panola College,NJCAA,JUCO,NJCAA D1,njcaa-d1-region-14,NJCAA D1 Region 14,Region 14,14,https://static.trumedianetworks.com/images/ncaabaseball/teams/759622301.png?v=2,False,False,JucoTeamBio.csv
833598214,Paris Junior College,Paris Junior College,Dragons,PJC,Paris Junior College,NJCAA,JUCO,NJCAA D1,njcaa-d1-region-14,NJCAA D1 Region 14,Region 14,14,https://static.trumedianetworks.com/images/ncaabaseball/teams/833598214.png?v=2,False,True,JucoTeamBio.csv
609140282,San Jacinto College North,San Jacinto College North,Eagles,SJCN,San Jacinto College North,NJCAA,JUCO,NJCAA D1,njcaa-d1-region-14,NJCAA D1 Region 14,Region 14,14,https://static.trumedianetworks.com/images/ncaabaseball/teams/609140282.png?v=2,False,False,JucoTeamBio.csv
782742825,Tyler JC,Tyler JC,Apaches,TJC,Tyler JC,NJCAA,JUCO,NJCAA D1,njcaa-d1-region-14,NJCAA D1 Region 14,Region 14,14,https://static.trumedianetworks.com/images/ncaabaseball/teams/782742825.png?v=2,False,True,JucoTeamBio.csv
772133462,Wharton County JC,Wharton County JC,Pioneers,WCJC,Wharton County JC,NJCAA,JUCO,NJCAA D1,njcaa-d1-region-14,NJCAA D1 Region 14,Region 14,14,https://static.trumedianetworks.com/images/ncaabaseball/teams/772133462.png?v=2,False,False,JucoTeamBio.csv
895124034,Monroe,Monroe,Mustangs,MONR,Monroe,NJCAA,JUCO,NJCAA D1,njcaa-d1-region-15,NJCAA D1 Region 15,Region 15,15,https://static.trumedianetworks.com/images/ncaabaseball/teams/895124034.png?v=2,False,False,JucoTeamBio.csv
786618846,Crowder College,Crowder College,Roughriders,CROW,Crowder College,NJCAA,JUCO,NJCAA D1,njcaa-d1-region-16,NJCAA D1 Region 16,Region 16,16,https://static.trumedianetworks.com/images/ncaabaseball/teams/786618846.png?v=2,False,False,JucoTeamBio.csv
818243820,Jefferson College,Jefferson College,Vikings,JEFF,Jefferson College,NJCAA,JUCO,NJCAA D1,njcaa-d1-region-16,NJCAA D1 Region 16,Region 16,16,https://static.trumedianetworks.com/images/ncaabaseball/teams/818243820.png?v=2,False,False,JucoTeamBio.csv
790010895,Metropolitan CC Maple Woods,Metropolitan CC Maple Woods,Monarchs,MCCM,Metropolitan CC Maple Woods,NJCAA,JUCO,NJCAA D1,njcaa-d1-region-16,NJCAA D1 Region 16,Region 16,16,https://static.trumedianetworks.com/images/ncaabaseball/teams/790010895.png?v=2,False,False,JucoTeamBio.csv
655701909,Mineral Area College,Mineral Area College,Cardinals,MAC,Mineral Area College,NJCAA,JUCO,NJCAA D1,njcaa-d1-region-16,NJCAA D1 Region 16,Region 16,16,https://static.trumedianetworks.com/images/ncaabaseball/teams/655701909.png?v=2,False,True,JucoTeamBio.csv
817735160,Missouri State West Plains,Missouri State West Plains,Grizzlies,MSWP,Missouri State West Plains,NJCAA,JUCO,NJCAA D1,njcaa-d1-region-16,NJCAA D1 Region 16,Region 16,16,https://static.trumedianetworks.com/images/ncaabaseball/teams/817735160.png?v=2,False,False,JucoTeamBio.csv
961268032,St. Charles CC,St. Charles CC,Cougars,SCCC,St. Charles CC,NJCAA,JUCO,NJCAA D1,njcaa-d1-region-16,NJCAA D1 Region 16,Region 16,16,https://static.trumedianetworks.com/images/ncaabaseball/teams/961268032.png?v=2,False,True,JucoTeamBio.csv
979223639,St. Louis CC,St. Louis CC,Archers,SLCC,St. Louis CC,NJCAA,JUCO,NJCAA D1,njcaa-d1-region-16,NJCAA D1 Region 16,Region 16,16,https://static.trumedianetworks.com/images/ncaabaseball/teams/979223639.png?v=2,False,True,JucoTeamBio.csv
554491078,State Fair,State Fair,Roadrunners,STAT,State Fair,NJCAA,JUCO,NJCAA D1,njcaa-d1-region-16,NJCAA D1 Region 16,Region 16,16,https://static.trumedianetworks.com/images/ncaabaseball/teams/554491078.png?v=2,False,False,JucoTeamBio.csv
566453832,Three Rivers (JC),Three Rivers (JC),Raiders,TRJC,Three Rivers (JC),NJCAA,JUCO,NJCAA D1,njcaa-d1-region-16,NJCAA D1 Region 16,Region 16,16,https://static.trumedianetworks.com/images/ncaabaseball/teams/566453832.png?v=2,False,False,JucoTeamBio.csv
795112048,Andrew College,Andrew College,Fighting Tigers,ANDR,Andrew College,NJCAA,JUCO,NJCAA D1,njcaa-d1-region-17,NJCAA D1 Region 17,Region 17,17,https://static.trumedianetworks.com/images/ncaabaseball/teams/795112048.png?v=2,False,False,JucoTeamBio.csv
619143632,East Georgia College,East Georgia College,Bobcats,EGC,East Georgia College,NJCAA,JUCO,NJCAA D1,njcaa-d1-region-17,NJCAA D1 Region 17,Region 17,17,https://static.trumedianetworks.com/images/ncaabaseball/teams/619143632.png?v=2,False,False,JucoTeamBio.csv
887031794,Georgia Highlands College,Georgia Highlands College,Chargers,GHC,Georgia Highlands College,NJCAA,JUCO,NJCAA D1,njcaa-d1-region-17,NJCAA D1 Region 17,Region 17,17,https://static.trumedianetworks.com/images/ncaabaseball/teams/887031794.png?v=2,False,True,JucoTeamBio.csv
939426638,Gordon State College,Gordon State College,Highlanders,GSC,Gordon State College,NJCAA,JUCO,NJCAA D1,njcaa-d1-region-17,NJCAA D1 Region 17,Region 17,17,https://static.trumedianetworks.com/images/ncaabaseball/teams/939426638.png?v=2,False,True,JucoTeamBio.csv
819767192,South Georgia College,South Georgia College,Hawks,SGC,South Georgia College,NJCAA,JUCO,NJCAA D1,njcaa-d1-region-17,NJCAA D1 Region 17,Region 17,17,https://static.trumedianetworks.com/images/ncaabaseball/teams/819767192.png?v=2,False,False,JucoTeamBio.csv
841142599,Colorado Northwestern (JC),Colorado Northwestern (JC),Spartans,CNJC,Colorado Northwestern (JC),NJCAA,JUCO,NJCAA D1,njcaa-d1-region-18,NJCAA D1 Region 18,Region 18,18,https://static.trumedianetworks.com/images/ncaabaseball/teams/841142599.png?v=2,False,False,JucoTeamBio.csv
543116703,Salt Lake CC,Salt Lake CC,Bruins,SLCC,Salt Lake CC,NJCAA,JUCO,NJCAA D1,njcaa-d1-region-18,NJCAA D1 Region 18,Region 18,18,https://static.trumedianetworks.com/images/ncaabaseball/teams/543116703.png?v=2,False,True,JucoTeamBio.csv
937516763,Southern Idaho (JC),Southern Idaho (JC),Golden Eagles,SIJC,Southern Idaho (JC),NJCAA,JUCO,NJCAA D1,njcaa-d1-region-18,NJCAA D1 Region 18,Region 18,18,https://static.trumedianetworks.com/images/ncaabaseball/teams/937516763.png?v=2,False,False,JucoTeamBio.csv
683300462,Utah State Eastern,Utah State Eastern,Eagles,USE,Utah State Eastern,NJCAA,JUCO,NJCAA D1,njcaa-d1-region-18,NJCAA D1 Region 18,Region 18,18,https://static.trumedianetworks.com/images/ncaabaseball/teams/683300462.png?v=2,False,False,JucoTeamBio.csv
763249302,Connors State College,Connors State College,Cowboys,CSC,Connors State College,NJCAA,JUCO,NJCAA D1,njcaa-d1-region-2,NJCAA D1 Region 2,Region 2,2,https://static.trumedianetworks.com/images/ncaabaseball/teams/763249302.png?v=2,False,True,JucoTeamBio.csv
793607031,Eastern Oklahoma State College,Eastern Oklahoma State College,Mountaineers,EOSC,Eastern Oklahoma State College,NJCAA,JUCO,NJCAA D1,njcaa-d1-region-2,NJCAA D1 Region 2,Region 2,2,https://static.trumedianetworks.com/images/ncaabaseball/teams/793607031.png?v=2,False,False,JucoTeamBio.csv
564436818,Northeastern Oklahoma A&M College,Northeastern Oklahoma A&M College,Golden Norsemen,NOAM,Northeastern Oklahoma A&M College,NJCAA,JUCO,NJCAA D1,njcaa-d1-region-2,NJCAA D1 Region 2,Region 2,2,https://static.trumedianetworks.com/images/ncaabaseball/teams/564436818.png?v=2,False,False,JucoTeamBio.csv
737691667,Rose State College,Rose State College,Raiders,RSC,Rose State College,NJCAA,JUCO,NJCAA D1,njcaa-d1-region-2,NJCAA D1 Region 2,Region 2,2,https://static.trumedianetworks.com/images/ncaabaseball/teams/737691667.png?v=2,False,True,JucoTeamBio.csv
870327919,Seminole State College,Seminole State College,Trojans,SSC,Seminole State College,NJCAA,JUCO,NJCAA D1,njcaa-d1-region-2,NJCAA D1 Region 2,Region 2,2,https://static.trumedianetworks.com/images/ncaabaseball/teams/870327919.png?v=2,False,True,JucoTeamBio.csv
604779130,Harford CC,Harford CC,Fighting Owls,HCC,Harford CC,NJCAA,JUCO,NJCAA D1,njcaa-d1-region-20,NJCAA D1 Region 20,Region 20,20,https://static.trumedianetworks.com/images/ncaabaseball/teams/604779130.png?v=2,False,True,JucoTeamBio.csv
614150055,Potomac State College of WVU,Potomac State College of WVU,Catamounts,PSCW,Potomac State College of WVU,NJCAA,JUCO,NJCAA D1,njcaa-d1-region-20,NJCAA D1 Region 20,Region 20,20,https://static.trumedianetworks.com/images/ncaabaseball/teams/614150055.png?v=2,False,False,JucoTeamBio.csv
991044981,Calhoun CC,Calhoun CC,Warhawks,CCC,Calhoun CC,NJCAA,JUCO,NJCAA D1,njcaa-d1-region-22,NJCAA D1 Region 22,Region 22,22,https://static.trumedianetworks.com/images/ncaabaseball/teams/991044981.png?v=2,False,True,JucoTeamBio.csv
849875911,Chattahoochee Valley CC,Chattahoochee Valley CC,Pirates,CVCC,Chattahoochee Valley CC,NJCAA,JUCO,NJCAA D1,njcaa-d1-region-22,NJCAA D1 Region 22,Region 22,22,https://static.trumedianetworks.com/images/ncaabaseball/teams/849875911.png?v=2,False,False,JucoTeamBio.csv
716659788,Coastal Alabama South [Bay Minette],Coastal Alabama South [Bay Minette],Sun Chiefs,CASB,Coastal Alabama South [Bay Minette],NJCAA,JUCO,NJCAA D1,njcaa-d1-region-22,NJCAA D1 Region 22,Region 22,22,https://static.trumedianetworks.com/images/ncaabaseball/teams/716659788.png?v=2,False,False,JucoTeamBio.csv
551482640,Gadsden State,Gadsden State,Cardinals,GADS,Gadsden State,NJCAA,JUCO,NJCAA D1,njcaa-d1-region-22,NJCAA D1 Region 22,Region 22,22,https://static.trumedianetworks.com/images/ncaabaseball/teams/551482640.png?v=2,False,False,JucoTeamBio.csv
536492579,Lawson State CC,Lawson State CC,Cougars,LSCC,Lawson State CC,NJCAA,JUCO,NJCAA D1,njcaa-d1-region-22,NJCAA D1 Region 22,Region 22,22,https://static.trumedianetworks.com/images/ncaabaseball/teams/536492579.png?v=2,False,False,JucoTeamBio.csv
875682426,Northwest-Shoals CC,Northwest-Shoals CC,Patriots,NSCC,Northwest-Shoals CC,NJCAA,JUCO,NJCAA D1,njcaa-d1-region-22,NJCAA D1 Region 22,Region 22,22,https://static.trumedianetworks.com/images/ncaabaseball/teams/875682426.png?v=2,False,False,JucoTeamBio.csv
751924430,Shelton State CC,Shelton State CC,Bucs,SSCC,Shelton State CC,NJCAA,JUCO,NJCAA D1,njcaa-d1-region-22,NJCAA D1 Region 22,Region 22,22,https://static.trumedianetworks.com/images/ncaabaseball/teams/751924430.png?v=2,False,True,JucoTeamBio.csv
632998017,Snead State CC,Snead State CC,Parsons,SSCC,Snead State CC,NJCAA,JUCO,NJCAA D1,njcaa-d1-region-22,NJCAA D1 Region 22,Region 22,22,https://static.trumedianetworks.com/images/ncaabaseball/teams/632998017.png?v=2,False,True,JucoTeamBio.csv
836542762,Southern Union State CC,Southern Union State CC,Bison,SUSC,Southern Union State CC,NJCAA,JUCO,NJCAA D1,njcaa-d1-region-22,NJCAA D1 Region 22,Region 22,22,https://static.trumedianetworks.com/images/ncaabaseball/teams/836542762.png?v=2,False,False,JucoTeamBio.csv
734301546,Wallace State CC Hanceville,Wallace State CC Hanceville,Lions,WSCC,Wallace State CC Hanceville,NJCAA,JUCO,NJCAA D1,njcaa-d1-region-22,NJCAA D1 Region 22,Region 22,22,https://static.trumedianetworks.com/images/ncaabaseball/teams/734301546.png?v=2,False,True,JucoTeamBio.csv
961396562,Baton Rouge CC,Baton Rouge CC,Bears,BRCC,Baton Rouge CC,NJCAA,JUCO,NJCAA D1,njcaa-d1-region-23,NJCAA D1 Region 23,Region 23,23,https://static.trumedianetworks.com/images/ncaabaseball/teams/961396562.png?v=2,False,False,JucoTeamBio.csv
767540575,Delgado CC,Delgado CC,Dolphins,DCC,Delgado CC,NJCAA,JUCO,NJCAA D1,njcaa-d1-region-23,NJCAA D1 Region 23,Region 23,23,https://static.trumedianetworks.com/images/ncaabaseball/teams/767540575.png?v=2,False,False,JucoTeamBio.csv
944868693,Elaine P. Nunez,Elaine P. Nunez,Pelicans,EPN,Elaine P. Nunez,NJCAA,JUCO,NJCAA D1,njcaa-d1-region-23,NJCAA D1 Region 23,Region 23,23,https://static.trumedianetworks.com/images/ncaabaseball/teams/944868693.png?v=2,False,False,JucoTeamBio.csv
586723800,Louisiana State Eunice,Louisiana State Eunice,Bengals,LSE,Louisiana State Eunice,NJCAA,JUCO,NJCAA D1,njcaa-d1-region-23,NJCAA D1 Region 23,Region 23,23,https://static.trumedianetworks.com/images/ncaabaseball/teams/586723800.png?v=2,False,False,JucoTeamBio.csv
991167963,Frontier College,Frontier College,Bobcats,FRON,Frontier College,NJCAA,JUCO,NJCAA D1,njcaa-d1-region-24,NJCAA D1 Region 24,Region 24,24,https://static.trumedianetworks.com/images/ncaabaseball/teams/991167963.png?v=2,False,False,JucoTeamBio.csv
558906292,John A. Logan College,John A. Logan College,Vols,JALC,John A. Logan College,NJCAA,JUCO,NJCAA D1,njcaa-d1-region-24,NJCAA D1 Region 24,Region 24,24,https://static.trumedianetworks.com/images/ncaabaseball/teams/558906292.png?v=2,False,False,JucoTeamBio.csv
887418939,Kaskaskia College,Kaskaskia College,Blue Devils,KASK,Kaskaskia College,NJCAA,JUCO,NJCAA D1,njcaa-d1-region-24,NJCAA D1 Region 24,Region 24,24,https://static.trumedianetworks.com/images/ncaabaseball/teams/887418939.png?v=2,False,False,JucoTeamBio.csv
766135541,Lake Land College,Lake Land College,Lakers,LLC,Lake Land College,NJCAA,JUCO,NJCAA D1,njcaa-d1-region-24,NJCAA D1 Region 24,Region 24,24,https://static.trumedianetworks.com/images/ncaabaseball/teams/766135541.png?v=2,False,False,JucoTeamBio.csv
832622162,Lincoln Trail College,Lincoln Trail College,Statesmen,LTC,Lincoln Trail College,NJCAA,JUCO,NJCAA D1,njcaa-d1-region-24,NJCAA D1 Region 24,Region 24,24,https://static.trumedianetworks.com/images/ncaabaseball/teams/832622162.png?v=2,False,False,JucoTeamBio.csv
587470206,Olney Central College,Olney Central College,Blue Knights,OCC,Olney Central College,NJCAA,JUCO,NJCAA D1,njcaa-d1-region-24,NJCAA D1 Region 24,Region 24,24,https://static.trumedianetworks.com/images/ncaabaseball/teams/587470206.png?v=2,False,False,JucoTeamBio.csv
697797902,Rend Lake College,Rend Lake College,Warriors,RLC,Rend Lake College,NJCAA,JUCO,NJCAA D1,njcaa-d1-region-24,NJCAA D1 Region 24,Region 24,24,https://static.trumedianetworks.com/images/ncaabaseball/teams/697797902.png?v=2,False,False,JucoTeamBio.csv
745004034,Shawnee CC,Shawnee CC,Saints,SCC,Shawnee CC,NJCAA,JUCO,NJCAA D1,njcaa-d1-region-24,NJCAA D1 Region 24,Region 24,24,https://static.trumedianetworks.com/images/ncaabaseball/teams/745004034.png?v=2,False,True,JucoTeamBio.csv
615134625,Southeastern Illinois College,Southeastern Illinois College,Falcons,SIC,Southeastern Illinois College,NJCAA,JUCO,NJCAA D1,njcaa-d1-region-24,NJCAA D1 Region 24,Region 24,24,https://static.trumedianetworks.com/images/ncaabaseball/teams/615134625.png?v=2,False,True,JucoTeamBio.csv
911936799,Southwestern Illinois College,Southwestern Illinois College,Blue Storm,SIC,Southwestern Illinois College,NJCAA,JUCO,NJCAA D1,njcaa-d1-region-24,NJCAA D1 Region 24,Region 24,24,https://static.trumedianetworks.com/images/ncaabaseball/teams/911936799.png?v=2,False,True,JucoTeamBio.csv
673137861,Wabash Valley College,Wabash Valley College,Warriors,WVC,Wabash Valley College,NJCAA,JUCO,NJCAA D1,njcaa-d1-region-24,NJCAA D1 Region 24,Region 24,24,https://static.trumedianetworks.com/images/ncaabaseball/teams/673137861.png?v=2,False,False,JucoTeamBio.csv
983181069,Kennedy-King College,Kennedy-King College,Statesmen,KKC,Kennedy-King College,NJCAA,JUCO,NJCAA D1,njcaa-d1-region-4,NJCAA D1 Region 4,Region 4,4,https://static.trumedianetworks.com/images/ncaabaseball/teams/983181069.png?v=2,False,False,JucoTeamBio.csv
606564558,McHenry County College,McHenry County College,Scots,MHCC,McHenry County College,NJCAA,JUCO,NJCAA D1,njcaa-d1-region-4,NJCAA D1 Region 4,Region 4,4,https://static.trumedianetworks.com/images/ncaabaseball/teams/606564558.png?v=2,False,True,JucoTeamBio.csv
962592481,Olive Harvey College,Olive Harvey College,Panthers,OHC,Olive Harvey College,NJCAA,JUCO,NJCAA D1,njcaa-d1-region-4,NJCAA D1 Region 4,Region 4,4,https://static.trumedianetworks.com/images/ncaabaseball/teams/962592481.png?v=2,False,False,JucoTeamBio.csv
840720637,South Suburban College,South Suburban College,Bulldogs,SSC,South Suburban College,NJCAA,JUCO,NJCAA D1,njcaa-d1-region-4,NJCAA D1 Region 4,Region 4,4,https://static.trumedianetworks.com/images/ncaabaseball/teams/840720637.png?v=2,False,True,JucoTeamBio.csv
787132938,Triton College,Triton College,Trojans,TRIT,Triton College,NJCAA,JUCO,NJCAA D1,njcaa-d1-region-4,NJCAA D1 Region 4,Region 4,4,https://static.trumedianetworks.com/images/ncaabaseball/teams/787132938.png?v=2,False,False,JucoTeamBio.csv
613250264,Amarillo College,Amarillo College,Badgers,AMAR,Amarillo College,NJCAA,JUCO,NJCAA D1,njcaa-d1-region-5,NJCAA D1 Region 5,Region 5,5,https://static.trumedianetworks.com/images/ncaabaseball/teams/613250264.png?v=2,False,False,JucoTeamBio.csv
560371435,Cisco College,Cisco College,Wranglers,CISC,Cisco College,NJCAA,JUCO,NJCAA D1,njcaa-d1-region-5,NJCAA D1 Region 5,Region 5,5,https://static.trumedianetworks.com/images/ncaabaseball/teams/560371435.png?v=2,False,False,JucoTeamBio.csv
843388616,Clarendon College,Clarendon College,Bulldogs,CLAR,Clarendon College,NJCAA,JUCO,NJCAA D1,njcaa-d1-region-5,NJCAA D1 Region 5,Region 5,5,https://static.trumedianetworks.com/images/ncaabaseball/teams/843388616.png?v=2,False,True,JucoTeamBio.csv
869413424,El Paso CC,El Paso CC,Tejanos,EPCC,El Paso CC,NJCAA,JUCO,NJCAA D1,njcaa-d1-region-5,NJCAA D1 Region 5,Region 5,5,https://static.trumedianetworks.com/images/ncaabaseball/teams/869413424.png?v=2,False,False,JucoTeamBio.csv
946614899,Frank Phillips College,Frank Phillips College,Plainsmen,FPC,Frank Phillips College,NJCAA,JUCO,NJCAA D1,njcaa-d1-region-5,NJCAA D1 Region 5,Region 5,5,https://static.trumedianetworks.com/images/ncaabaseball/teams/946614899.png?v=2,False,False,JucoTeamBio.csv
630470422,Grayson County College,Grayson County College,Vikings,GCC,Grayson County College,NJCAA,JUCO,NJCAA D1,njcaa-d1-region-5,NJCAA D1 Region 5,Region 5,5,https://static.trumedianetworks.com/images/ncaabaseball/teams/630470422.png?v=2,False,True,JucoTeamBio.csv
979451195,Hill College,Hill College,Rebels,HILL,Hill College,NJCAA,JUCO,NJCAA D1,njcaa-d1-region-5,NJCAA D1 Region 5,Region 5,5,https://static.trumedianetworks.com/images/ncaabaseball/teams/979451195.png?v=2,False,False,JucoTeamBio.csv
578172940,Howard College,Howard College,Hawks,HOWA,Howard College,NJCAA,JUCO,NJCAA D1,njcaa-d1-region-5,NJCAA D1 Region 5,Region 5,5,https://static.trumedianetworks.com/images/ncaabaseball/teams/578172940.png?v=2,False,False,JucoTeamBio.csv
675574423,McLennan CC,McLennan CC,Highlanders,MLCC,McLennan CC,NJCAA,JUCO,NJCAA D1,njcaa-d1-region-5,NJCAA D1 Region 5,Region 5,5,https://static.trumedianetworks.com/images/ncaabaseball/teams/675574423.png?v=2,False,False,JucoTeamBio.csv
666802356,Midland College,Midland College,Chaparrals,MIDL,Midland College,NJCAA,JUCO,NJCAA D1,njcaa-d1-region-5,NJCAA D1 Region 5,Region 5,5,https://static.trumedianetworks.com/images/ncaabaseball/teams/666802356.png?v=2,False,True,JucoTeamBio.csv
649200306,New Mexico JC,New Mexico JC,Thunderbirds,NMJC,New Mexico JC,NJCAA,JUCO,NJCAA D1,njcaa-d1-region-5,NJCAA D1 Region 5,Region 5,5,https://static.trumedianetworks.com/images/ncaabaseball/teams/649200306.png?v=2,False,False,JucoTeamBio.csv
839774744,New Mexico Military Institute,New Mexico Military Institute,Broncos,NMMI,New Mexico Military Institute,NJCAA,JUCO,NJCAA D1,njcaa-d1-region-5,NJCAA D1 Region 5,Region 5,5,https://static.trumedianetworks.com/images/ncaabaseball/teams/839774744.png?v=2,False,False,JucoTeamBio.csv
511679687,North Central Texas College,North Central Texas College,Lions,NCTC,North Central Texas College,NJCAA,JUCO,NJCAA D1,njcaa-d1-region-5,NJCAA D1 Region 5,Region 5,5,https://static.trumedianetworks.com/images/ncaabaseball/teams/511679687.png?v=2,False,False,JucoTeamBio.csv
680516843,Odessa College,Odessa College,Wranglers,ODES,Odessa College,NJCAA,JUCO,NJCAA D1,njcaa-d1-region-5,NJCAA D1 Region 5,Region 5,5,https://static.trumedianetworks.com/images/ncaabaseball/teams/680516843.png?v=2,False,False,JucoTeamBio.csv
783840444,Ranger College,Ranger College,Rangers,RANG,Ranger College,NJCAA,JUCO,NJCAA D1,njcaa-d1-region-5,NJCAA D1 Region 5,Region 5,5,https://static.trumedianetworks.com/images/ncaabaseball/teams/783840444.png?v=2,False,False,JucoTeamBio.csv
944723485,Temple College,Temple College,Leopards,TEMP,Temple College,NJCAA,JUCO,NJCAA D1,njcaa-d1-region-5,NJCAA D1 Region 5,Region 5,5,https://static.trumedianetworks.com/images/ncaabaseball/teams/944723485.png?v=2,False,False,JucoTeamBio.csv
514426685,Vernon College,Vernon College,Chaps,VERN,Vernon College,NJCAA,JUCO,NJCAA D1,njcaa-d1-region-5,NJCAA D1 Region 5,Region 5,5,https://static.trumedianetworks.com/images/ncaabaseball/teams/514426685.png?v=2,False,False,JucoTeamBio.csv
688155361,Weatherford College,Weatherford College,Coyotes,WEAT,Weatherford College,NJCAA,JUCO,NJCAA D1,njcaa-d1-region-5,NJCAA D1 Region 5,Region 5,5,https://static.trumedianetworks.com/images/ncaabaseball/teams/688155361.png?v=2,False,False,JucoTeamBio.csv
527005055,Western Texas College,Western Texas College,Westerners,WTC,Western Texas College,NJCAA,JUCO,NJCAA D1,njcaa-d1-region-5,NJCAA D1 Region 5,Region 5,5,https://static.trumedianetworks.com/images/ncaabaseball/teams/527005055.png?v=2,False,False,JucoTeamBio.csv
675142210,Allen County CC,Allen County CC,Red Devils,ACCC,Allen County CC,NJCAA,JUCO,NJCAA D1,njcaa-d1-region-6,NJCAA D1 Region 6,Region 6,6,https://static.trumedianetworks.com/images/ncaabaseball/teams/675142210.png?v=2,False,False,JucoTeamBio.csv
603239190,Barton CC,Barton CC,Cougars,BCC,Barton CC,NJCAA,JUCO,NJCAA D1,njcaa-d1-region-6,NJCAA D1 Region 6,Region 6,6,https://static.trumedianetworks.com/images/ncaabaseball/teams/603239190.png?v=2,False,True,JucoTeamBio.csv
925759695,Butler CC,Butler CC,Grizzlies,BCC,Butler CC,NJCAA,JUCO,NJCAA D1,njcaa-d1-region-6,NJCAA D1 Region 6,Region 6,6,https://static.trumedianetworks.com/images/ncaabaseball/teams/925759695.png?v=2,False,True,JucoTeamBio.csv
860220407,Cloud County CC,Cloud County CC,Thunderbirds,CCCC,Cloud County CC,NJCAA,JUCO,NJCAA D1,njcaa-d1-region-6,NJCAA D1 Region 6,Region 6,6,https://static.trumedianetworks.com/images/ncaabaseball/teams/860220407.png?v=2,False,True,JucoTeamBio.csv
657920186,Coffeyville CC,Coffeyville CC,Red Ravens,CCC,Coffeyville CC,NJCAA,JUCO,NJCAA D1,njcaa-d1-region-6,NJCAA D1 Region 6,Region 6,6,https://static.trumedianetworks.com/images/ncaabaseball/teams/657920186.png?v=2,False,True,JucoTeamBio.csv
795896140,Colby CC,Colby CC,Trojans,CCC,Colby CC,NJCAA,JUCO,NJCAA D1,njcaa-d1-region-6,NJCAA D1 Region 6,Region 6,6,https://static.trumedianetworks.com/images/ncaabaseball/teams/795896140.png?v=2,False,True,JucoTeamBio.csv
899232889,Cowley County CC,Cowley County CC,Tigers,CCCC,Cowley County CC,NJCAA,JUCO,NJCAA D1,njcaa-d1-region-6,NJCAA D1 Region 6,Region 6,6,https://static.trumedianetworks.com/images/ncaabaseball/teams/899232889.png?v=2,False,True,JucoTeamBio.csv
601251307,Dodge City CC,Dodge City CC,Conquistadors,DCCC,Dodge City CC,NJCAA,JUCO,NJCAA D1,njcaa-d1-region-6,NJCAA D1 Region 6,Region 6,6,https://static.trumedianetworks.com/images/ncaabaseball/teams/601251307.png?v=2,False,False,JucoTeamBio.csv
974656026,Fort Scott CC,Fort Scott CC,Greyhounds,FSCC,Fort Scott CC,NJCAA,JUCO,NJCAA D1,njcaa-d1-region-6,NJCAA D1 Region 6,Region 6,6,https://static.trumedianetworks.com/images/ncaabaseball/teams/974656026.png?v=2,False,False,JucoTeamBio.csv
908290777,Garden City CC,Garden City CC,Broncbusters,GCCC,Garden City CC,NJCAA,JUCO,NJCAA D1,njcaa-d1-region-6,NJCAA D1 Region 6,Region 6,6,https://static.trumedianetworks.com/images/ncaabaseball/teams/908290777.png?v=2,False,False,JucoTeamBio.csv
764419826,Highland CC (KS),Highland CC (KS),Scotties,HCCK,Highland CC (KS),NJCAA,JUCO,NJCAA D1,njcaa-d1-region-6,NJCAA D1 Region 6,Region 6,6,https://static.trumedianetworks.com/images/ncaabaseball/teams/764419826.png?v=2,False,False,JucoTeamBio.csv
812955429,Hutchinson CC,Hutchinson CC,Blue Dragons,HCC,Hutchinson CC,NJCAA,JUCO,NJCAA D1,njcaa-d1-region-6,NJCAA D1 Region 6,Region 6,6,https://static.trumedianetworks.com/images/ncaabaseball/teams/812955429.png?v=2,False,True,JucoTeamBio.csv
786114550,Johnson County CC,Johnson County CC,Cavaliers,JCCC,Johnson County CC,NJCAA,JUCO,NJCAA D1,njcaa-d1-region-6,NJCAA D1 Region 6,Region 6,6,https://static.trumedianetworks.com/images/ncaabaseball/teams/786114550.png?v=2,False,False,JucoTeamBio.csv
730955027,Kansas City Kansas CC,Kansas City Kansas CC,Blue Devils,KCKC,Kansas City Kansas CC,NJCAA,JUCO,NJCAA D1,njcaa-d1-region-6,NJCAA D1 Region 6,Region 6,6,https://static.trumedianetworks.com/images/ncaabaseball/teams/730955027.png?v=2,False,False,JucoTeamBio.csv
771762925,Labette CC,Labette CC,Cardinals,LCC,Labette CC,NJCAA,JUCO,NJCAA D1,njcaa-d1-region-6,NJCAA D1 Region 6,Region 6,6,https://static.trumedianetworks.com/images/ncaabaseball/teams/771762925.png?v=2,False,True,JucoTeamBio.csv
876716605,Neosho County CC,Neosho County CC,Panthers,NCCC,Neosho County CC,NJCAA,JUCO,NJCAA D1,njcaa-d1-region-6,NJCAA D1 Region 6,Region 6,6,https://static.trumedianetworks.com/images/ncaabaseball/teams/876716605.png?v=2,False,False,JucoTeamBio.csv
643205000,Pratt CC,Pratt CC,Beavers,PCC,Pratt CC,NJCAA,JUCO,NJCAA D1,njcaa-d1-region-6,NJCAA D1 Region 6,Region 6,6,https://static.trumedianetworks.com/images/ncaabaseball/teams/643205000.png?v=2,False,False,JucoTeamBio.csv
896669930,Seward County CC,Seward County CC,Saints,SCCC,Seward County CC,NJCAA,JUCO,NJCAA D1,njcaa-d1-region-6,NJCAA D1 Region 6,Region 6,6,https://static.trumedianetworks.com/images/ncaabaseball/teams/896669930.png?v=2,False,True,JucoTeamBio.csv
539525140,Chattanooga State CC,Chattanooga State CC,Tigers,CSCC,Chattanooga State CC,NJCAA,JUCO,NJCAA D1,njcaa-d1-region-7,NJCAA D1 Region 7,Region 7,7,https://static.trumedianetworks.com/images/ncaabaseball/teams/539525140.png?v=2,False,True,JucoTeamBio.csv
863349953,Cleveland State CC,Cleveland State CC,Cougars,CSCC,Cleveland State CC,NJCAA,JUCO,NJCAA D1,njcaa-d1-region-7,NJCAA D1 Region 7,Region 7,7,https://static.trumedianetworks.com/images/ncaabaseball/teams/863349953.png?v=2,False,True,JucoTeamBio.csv
535532151,Columbia State CC,Columbia State CC,Chargers,CSCC,Columbia State CC,NJCAA,JUCO,NJCAA D1,njcaa-d1-region-7,NJCAA D1 Region 7,Region 7,7,https://static.trumedianetworks.com/images/ncaabaseball/teams/535532151.png?v=2,False,True,JucoTeamBio.csv
616979234,Dyersburg State CC,Dyersburg State CC,Eagles,DSCC,Dyersburg State CC,NJCAA,JUCO,NJCAA D1,njcaa-d1-region-7,NJCAA D1 Region 7,Region 7,7,https://static.trumedianetworks.com/images/ncaabaseball/teams/616979234.png?v=2,False,False,JucoTeamBio.csv
955704654,Jackson State CC,Jackson State CC,Generals,JSCC,Jackson State CC,NJCAA,JUCO,NJCAA D1,njcaa-d1-region-7,NJCAA D1 Region 7,Region 7,7,https://static.trumedianetworks.com/images/ncaabaseball/teams/955704654.png?v=2,False,False,JucoTeamBio.csv
722551017,Motlow State CC,Motlow State CC,Bucks,MSCC,Motlow State CC,NJCAA,JUCO,NJCAA D1,njcaa-d1-region-7,NJCAA D1 Region 7,Region 7,7,https://static.trumedianetworks.com/images/ncaabaseball/teams/722551017.png?v=2,False,False,JucoTeamBio.csv
983307452,Pellissippi State,Pellissippi State,Panthers,PELL,Pellissippi State,NJCAA,JUCO,NJCAA D1,njcaa-d1-region-7,NJCAA D1 Region 7,Region 7,7,https://static.trumedianetworks.com/images/ncaabaseball/teams/983307452.png?v=2,False,False,JucoTeamBio.csv
637250511,Roane State CC,Roane State CC,Raiders,RSCC,Roane State CC,NJCAA,JUCO,NJCAA D1,njcaa-d1-region-7,NJCAA D1 Region 7,Region 7,7,https://static.trumedianetworks.com/images/ncaabaseball/teams/637250511.png?v=2,False,False,JucoTeamBio.csv
972864731,Southwest Tennessee CC,Southwest Tennessee CC,Saluqis,STCC,Southwest Tennessee CC,NJCAA,JUCO,NJCAA D1,njcaa-d1-region-7,NJCAA D1 Region 7,Region 7,7,https://static.trumedianetworks.com/images/ncaabaseball/teams/972864731.png?v=2,False,False,JucoTeamBio.csv
744525395,Volunteer State CC,Volunteer State CC,Pioneers,VSCC,Volunteer State CC,NJCAA,JUCO,NJCAA D1,njcaa-d1-region-7,NJCAA D1 Region 7,Region 7,7,https://static.trumedianetworks.com/images/ncaabaseball/teams/744525395.png?v=2,False,False,JucoTeamBio.csv
681549524,Walters State CC,Walters State CC,Senators,WSCC,Walters State CC,NJCAA,JUCO,NJCAA D1,njcaa-d1-region-7,NJCAA D1 Region 7,Region 7,7,https://static.trumedianetworks.com/images/ncaabaseball/teams/681549524.png?v=2,False,True,JucoTeamBio.csv
659916264,Chipola College,Chipola College,Indians,CHIP,Chipola College,NJCAA,JUCO,NJCAA D1,njcaa-d1-region-8,NJCAA D1 Region 8,Region 8,8,https://static.trumedianetworks.com/images/ncaabaseball/teams/659916264.png?v=2,False,False,JucoTeamBio.csv
956449931,College of Central Florida,College of Central Florida,Patriots,CCF,College of Central Florida,NJCAA,JUCO,NJCAA D1,njcaa-d1-region-8,NJCAA D1 Region 8,Region 8,8,https://static.trumedianetworks.com/images/ncaabaseball/teams/956449931.png?v=2,False,False,JucoTeamBio.csv
563512219,Daytona State College,Daytona State College,Falcons,DSC,Daytona State College,NJCAA,JUCO,NJCAA D1,njcaa-d1-region-8,NJCAA D1 Region 8,Region 8,8,https://static.trumedianetworks.com/images/ncaabaseball/teams/563512219.png?v=2,False,False,JucoTeamBio.csv
674599447,Eastern Florida State College,Eastern Florida State College,Titans,EFSC,Eastern Florida State College,NJCAA,JUCO,NJCAA D1,njcaa-d1-region-8,NJCAA D1 Region 8,Region 8,8,https://static.trumedianetworks.com/images/ncaabaseball/teams/674599447.png?v=2,False,False,JucoTeamBio.csv
899334692,Florida Southwestern State,Florida Southwestern State,Buccaneers,FSS,Florida Southwestern State,NJCAA,JUCO,NJCAA D1,njcaa-d1-region-8,NJCAA D1 Region 8,Region 8,8,https://static.trumedianetworks.com/images/ncaabaseball/teams/899334692.png?v=2,False,False,JucoTeamBio.csv
579157367,Gulf Coast State College,Gulf Coast State College,Commodores,GCSC,Gulf Coast State College,NJCAA,JUCO,NJCAA D1,njcaa-d1-region-8,NJCAA D1 Region 8,Region 8,8,https://static.trumedianetworks.com/images/ncaabaseball/teams/579157367.png?v=2,False,False,JucoTeamBio.csv
575975578,Hillsborough CC,Hillsborough CC,Hawks,HCC,Hillsborough CC,NJCAA,JUCO,NJCAA D1,njcaa-d1-region-8,NJCAA D1 Region 8,Region 8,8,https://static.trumedianetworks.com/images/ncaabaseball/teams/575975578.png?v=2,False,True,JucoTeamBio.csv
880841095,Indian River State College,Indian River State College,Pioneers,IRSC,Indian River State College,NJCAA,JUCO,NJCAA D1,njcaa-d1-region-8,NJCAA D1 Region 8,Region 8,8,https://static.trumedianetworks.com/images/ncaabaseball/teams/880841095.png?v=2,False,False,JucoTeamBio.csv
888098830,Miami-Dade College,Miami-Dade College,Sharks,MDC,Miami-Dade College,NJCAA,JUCO,NJCAA D1,njcaa-d1-region-8,NJCAA D1 Region 8,Region 8,8,https://static.trumedianetworks.com/images/ncaabaseball/teams/888098830.png?v=2,False,False,JucoTeamBio.csv
809582299,Northwest Florida State College,Northwest Florida State College,Raiders,NFSC,Northwest Florida State College,NJCAA,JUCO,NJCAA D1,njcaa-d1-region-8,NJCAA D1 Region 8,Region 8,8,https://static.trumedianetworks.com/images/ncaabaseball/teams/809582299.png?v=2,False,False,JucoTeamBio.csv
722333731,Pensacola State College,Pensacola State College,Pirates,PSC,Pensacola State College,NJCAA,JUCO,NJCAA D1,njcaa-d1-region-8,NJCAA D1 Region 8,Region 8,8,https://static.trumedianetworks.com/images/ncaabaseball/teams/722333731.png?v=2,False,True,JucoTeamBio.csv
596516681,Polk State College,Polk State College,Eagles,PSC,Polk State College,NJCAA,JUCO,NJCAA D1,njcaa-d1-region-8,NJCAA D1 Region 8,Region 8,8,https://static.trumedianetworks.com/images/ncaabaseball/teams/596516681.png?v=2,False,True,JucoTeamBio.csv
603382973,Santa Fe College,Santa Fe College,Saints,SFC,Santa Fe College,NJCAA,JUCO,NJCAA D1,njcaa-d1-region-8,NJCAA D1 Region 8,Region 8,8,https://static.trumedianetworks.com/images/ncaabaseball/teams/603382973.png?v=2,False,False,JucoTeamBio.csv
995228714,Seminole State College of Florida,Seminole State College of Florida,Raiders,SSCF,Seminole State College of Florida,NJCAA,JUCO,NJCAA D1,njcaa-d1-region-8,NJCAA D1 Region 8,Region 8,8,https://static.trumedianetworks.com/images/ncaabaseball/teams/995228714.png?v=2,False,False,JucoTeamBio.csv
584323438,St. Petersburg College,St. Petersburg College,Titans,SPC,St. Petersburg College,NJCAA,JUCO,NJCAA D1,njcaa-d1-region-8,NJCAA D1 Region 8,Region 8,8,https://static.trumedianetworks.com/images/ncaabaseball/teams/584323438.png?v=2,False,False,JucoTeamBio.csv
648404777,State College of Florida Manatee Sarasota,State College of Florida Manatee Sarasota,Manatees,SCFM,State College of Florida Manatee Sarasota,NJCAA,JUCO,NJCAA D1,njcaa-d1-region-8,NJCAA D1 Region 8,Region 8,8,https://static.trumedianetworks.com/images/ncaabaseball/teams/648404777.png?v=2,False,False,JucoTeamBio.csv
921959181,Tallahassee CC,Tallahassee CC,Eagles,TCC,Tallahassee CC,NJCAA,JUCO,NJCAA D1,njcaa-d1-region-8,NJCAA D1 Region 8,Region 8,8,https://static.trumedianetworks.com/images/ncaabaseball/teams/921959181.png?v=2,False,False,JucoTeamBio.csv
849906655,Lamar CC,Lamar CC,Runnin' Lopes,LCC,Lamar CC,NJCAA,JUCO,NJCAA D1,njcaa-d1-region-9,NJCAA D1 Region 9,Region 9,9,https://static.trumedianetworks.com/images/ncaabaseball/teams/849906655.png?v=2,False,True,JucoTeamBio.csv
674005246,Luna CC,Luna CC,Rough Riders,LCC,Luna CC,NJCAA,JUCO,NJCAA D1,njcaa-d1-region-9,NJCAA D1 Region 9,Region 9,9,https://static.trumedianetworks.com/images/ncaabaseball/teams/674005246.png?v=2,False,True,JucoTeamBio.csv
868799206,McCook CC,McCook CC,Indians,MCCC,McCook CC,NJCAA,JUCO,NJCAA D1,njcaa-d1-region-9,NJCAA D1 Region 9,Region 9,9,https://static.trumedianetworks.com/images/ncaabaseball/teams/868799206.png?v=2,False,False,JucoTeamBio.csv
853424952,Northeastern JC,Northeastern JC,Plainsmen,NJC,Northeastern JC,NJCAA,JUCO,NJCAA D1,njcaa-d1-region-9,NJCAA D1 Region 9,Region 9,9,https://static.trumedianetworks.com/images/ncaabaseball/teams/853424952.png?v=2,False,True,JucoTeamBio.csv
969210303,Otero JC,Otero JC,Rattlers,OJC,Otero JC,NJCAA,JUCO,NJCAA D1,njcaa-d1-region-9,NJCAA D1 Region 9,Region 9,9,https://static.trumedianetworks.com/images/ncaabaseball/teams/969210303.png?v=2,False,True,JucoTeamBio.csv
888116963,Southeast CC,Southeast CC,Bobcats,SCC,Southeast CC,NJCAA,JUCO,NJCAA D1,njcaa-d1-region-9,NJCAA D1 Region 9,Region 9,9,https://static.trumedianetworks.com/images/ncaabaseball/teams/888116963.png?v=2,False,True,JucoTeamBio.csv
992616892,Trinidad State JC,Trinidad State JC,Trojans,TSJC,Trinidad State JC,NJCAA,JUCO,NJCAA D1,njcaa-d1-region-9,NJCAA D1 Region 9,Region 9,9,https://static.trumedianetworks.com/images/ncaabaseball/teams/992616892.png?v=2,False,False,JucoTeamBio.csv
691224371,Western Nebraska CC,Western Nebraska CC,Cougars,WNCC,Western Nebraska CC,NJCAA,JUCO,NJCAA D1,njcaa-d1-region-9,NJCAA D1 Region 9,Region 9,9,https://static.trumedianetworks.com/images/ncaabaseball/teams/691224371.png?v=2,False,False,JucoTeamBio.csv
647162824,Cerritos (JC),Cerritos (JC),Falcons,CJC,Cerritos (JC),CCCAA,JUCO,CCCAA,cccaa-south-coast,CCCAA South Coast,South Coast,,https://static.trumedianetworks.com/images/ncaabaseball/teams/647162824.png?v=2,False,True,JucoTeamBio.csv
516926186,Chaffey (JC),Chaffey (JC),Panthers,CJC,Chaffey (JC),CCCAA,JUCO,CCCAA,cccaa-south-coast,CCCAA South Coast,South Coast,,https://static.trumedianetworks.com/images/ncaabaseball/teams/516926186.png?v=2,False,True,JucoTeamBio.csv
630970695,Compton (JC),Compton (JC),Tartars,CJC,Compton (JC),CCCAA,JUCO,CCCAA,cccaa-south-coast,CCCAA South Coast,South Coast,,https://static.trumedianetworks.com/images/ncaabaseball/teams/630970695.png?v=2,False,True,JucoTeamBio.csv
669621217,East Los Angeles (JC),East Los Angeles (JC),Huskies,ELAJ,East Los Angeles (JC),CCCAA,JUCO,CCCAA,cccaa-south-coast,CCCAA South Coast,South Coast,,https://static.trumedianetworks.com/images/ncaabaseball/teams/669621217.png?v=2,False,False,JucoTeamBio.csv
684382034,El Camino (JC),El Camino (JC),Warriors,ECJC,El Camino (JC),CCCAA,JUCO,CCCAA,cccaa-south-coast,CCCAA South Coast,South Coast,,https://static.trumedianetworks.com/images/ncaabaseball/teams/684382034.png?v=2,False,False,JucoTeamBio.csv
786806611,Long Beach (JC),Long Beach (JC),Vikings,LBJC,Long Beach (JC),CCCAA,JUCO,CCCAA,cccaa-south-coast,CCCAA South Coast,South Coast,,https://static.trumedianetworks.com/images/ncaabaseball/teams/786806611.png?v=2,False,False,JucoTeamBio.csv
774170788,Los Angeles Harbor (JC),Los Angeles Harbor (JC),Seahawks,LAHJ,Los Angeles Harbor (JC),CCCAA,JUCO,CCCAA,cccaa-south-coast,CCCAA South Coast,South Coast,,https://static.trumedianetworks.com/images/ncaabaseball/teams/774170788.png?v=2,False,False,JucoTeamBio.csv
700822505,Mt. San Antonio (JC),Mt. San Antonio (JC),Mounties,MSAJ,Mt. San Antonio (JC),CCCAA,JUCO,CCCAA,cccaa-south-coast,CCCAA South Coast,South Coast,,https://static.trumedianetworks.com/images/ncaabaseball/teams/700822505.png?v=2,False,False,JucoTeamBio.csv
756268650,Pasadena City (JC),Pasadena City (JC),Lancers,PCJC,Pasadena City (JC),CCCAA,JUCO,CCCAA,cccaa-south-coast,CCCAA South Coast,South Coast,,https://static.trumedianetworks.com/images/ncaabaseball/teams/756268650.png?v=2,False,False,JucoTeamBio.csv
906944461,Rio Hondo (JC),Rio Hondo (JC),Roadrunners,RHJC,Rio Hondo (JC),CCCAA,JUCO,CCCAA,cccaa-south-coast,CCCAA South Coast,South Coast,,https://static.trumedianetworks.com/images/ncaabaseball/teams/906944461.png?v=2,False,False,JucoTeamBio.csv
666534577,Allan Hancock (JC),Allan Hancock (JC),Bulldogs,AHJC,Allan Hancock (JC),CCCAA,JUCO,CCCAA,cccaa-western-state,CCCAA Western State,Western State,,https://static.trumedianetworks.com/images/ncaabaseball/teams/666534577.png?v=2,False,False,JucoTeamBio.csv
736910065,Antelope Valley (JC),Antelope Valley (JC),Marauders,AVJC,Antelope Valley (JC),CCCAA,JUCO,CCCAA,cccaa-western-state,CCCAA Western State,Western State,,https://static.trumedianetworks.com/images/ncaabaseball/teams/736910065.png?v=2,False,False,JucoTeamBio.csv
718131863,Bakersfield (JC),Bakersfield (JC),Renegades,BJC,Bakersfield (JC),CCCAA,JUCO,CCCAA,cccaa-western-state,CCCAA Western State,Western State,,https://static.trumedianetworks.com/images/ncaabaseball/teams/718131863.png?v=2,False,True,JucoTeamBio.csv
757179000,Barstow (JC),Barstow (JC),Vikings,BJC,Barstow (JC),CCCAA,JUCO,CCCAA,cccaa-western-state,CCCAA Western State,Western State,,https://static.trumedianetworks.com/images/ncaabaseball/teams/757179000.png?v=2,False,True,JucoTeamBio.csv
873902136,Canyons (JC),Canyons (JC),Cougars,CJC,Canyons (JC),CCCAA,JUCO,CCCAA,cccaa-western-state,CCCAA Western State,Western State,,https://static.trumedianetworks.com/images/ncaabaseball/teams/873902136.png?v=2,False,True,JucoTeamBio.csv
803416528,Citrus (JC),Citrus (JC),Owls,CJC,Citrus (JC),CCCAA,JUCO,CCCAA,cccaa-western-state,CCCAA Western State,Western State,,https://static.trumedianetworks.com/images/ncaabaseball/teams/803416528.png?v=2,False,True,JucoTeamBio.csv
761173101,Cuesta (JC),Cuesta (JC),Cougars,CJC,Cuesta (JC),CCCAA,JUCO,CCCAA,cccaa-western-state,CCCAA Western State,Western State,,https://static.trumedianetworks.com/images/ncaabaseball/teams/761173101.png?v=2,False,True,JucoTeamBio.csv
556967750,Glendale JC (CA),Glendale JC (CA),Vaqueros,GJCC,Glendale JC (CA),CCCAA,JUCO,CCCAA,cccaa-western-state,CCCAA Western State,Western State,,https://static.trumedianetworks.com/images/ncaabaseball/teams/556967750.png?v=2,False,False,JucoTeamBio.csv
844418161,Los Angeles Mission College,Los Angeles Mission College,Eagles,LAMC,Los Angeles Mission College,CCCAA,JUCO,CCCAA,cccaa-western-state,CCCAA Western State,Western State,,https://static.trumedianetworks.com/images/ncaabaseball/teams/844418161.png?v=2,False,False,JucoTeamBio.csv
697142218,Los Angeles Pierce (JC),Los Angeles Pierce (JC),Brahmas,LAPJ,Los Angeles Pierce (JC),CCCAA,JUCO,CCCAA,cccaa-western-state,CCCAA Western State,Western State,,https://static.trumedianetworks.com/images/ncaabaseball/teams/697142218.png?v=2,False,False,JucoTeamBio.csv
948523453,Los Angeles Valley College,Los Angeles Valley College,Monarchs,LAVC,Los Angeles Valley College,CCCAA,JUCO,CCCAA,cccaa-western-state,CCCAA Western State,Western State,,https://static.trumedianetworks.com/images/ncaabaseball/teams/948523453.png?v=2,False,False,JucoTeamBio.csv
537898848,Moorpark (JC),Moorpark (JC),Raiders,MJC,Moorpark (JC),CCCAA,JUCO,CCCAA,cccaa-western-state,CCCAA Western State,Western State,,https://static.trumedianetworks.com/images/ncaabaseball/teams/537898848.png?v=2,False,True,JucoTeamBio.csv
932618547,Oxnard (JC),Oxnard (JC),Condors,OJC,Oxnard (JC),CCCAA,JUCO,CCCAA,cccaa-western-state,CCCAA Western State,Western State,,https://static.trumedianetworks.com/images/ncaabaseball/teams/932618547.png?v=2,False,True,JucoTeamBio.csv
535233349,Santa Barbara (JC),Santa Barbara (JC),Vaqueros,SBJC,Santa Barbara (JC),CCCAA,JUCO,CCCAA,cccaa-western-state,CCCAA Western State,Western State,,https://static.trumedianetworks.com/images/ncaabaseball/teams/535233349.png?v=2,False,True,JucoTeamBio.csv
572572472,Ventura (JC),Ventura (JC),Pirates,VJC,Ventura (JC),CCCAA,JUCO,CCCAA,cccaa-western-state,CCCAA Western State,Western State,,https://static.trumedianetworks.com/images/ncaabaseball/teams/572572472.png?v=2,False,False,JucoTeamBio.csv
520320752,Victor Valley (JC),Victor Valley (JC),Rams,VVJC,Victor Valley (JC),CCCAA,JUCO,CCCAA,cccaa-western-state,CCCAA Western State,Western State,,https://static.trumedianetworks.com/images/ncaabaseball/teams/520320752.png?v=2,False,False,JucoTeamBio.csv
599777680,West Los Angeles (JC),West Los Angeles (JC),Wildcats,WLAJ,West Los Angeles (JC),CCCAA,JUCO,CCCAA,cccaa-western-state,CCCAA Western State,Western State,,https://static.trumedianetworks.com/images/ncaabaseball/teams/599777680.png?v=2,False,False,JucoTeamBio.csv
706974669,Central Baptist,Central Baptist College,Mustangs,CENT,Central Baptist,NAIA,NAIA,NAIA,naia-american-midwest,NAIA American Midwest,American Midwest,,https://static.trumedianetworks.com/images/ncaabaseball/teams/706974669.png?v=2,False,True,NAIATeamBio.csv
763963017,Columbia College (MO),Columbia College (MO),Cougars,CCMO,Columbia College (MO),NAIA,NAIA,NAIA,naia-american-midwest,NAIA American Midwest,American Midwest,,https://static.trumedianetworks.com/images/ncaabaseball/teams/763963017.png?v=2,False,False,NAIATeamBio.csv
728348517,Crowley's Ridge College,Crowley's Ridge College,Pioneers,CRC,Crowley's Ridge College,NAIA,NAIA,NAIA,naia-american-midwest,NAIA American Midwest,American Midwest,,https://static.trumedianetworks.com/images/ncaabaseball/teams/728348517.png?v=2,False,False,NAIATeamBio.csv
620425977,Hannibal LaGrange,Hannibal LaGrange,Trojans,HLG,Hannibal LaGrange,NAIA,NAIA,NAIA,naia-american-midwest,NAIA American Midwest,American Midwest,,https://static.trumedianetworks.com/images/ncaabaseball/teams/620425977.png?v=2,False,False,NAIATeamBio.csv
802105856,Harris-Stowe State,Harris-Stowe State University,,HSU,Harris-Stowe State,NAIA,NAIA,NAIA,naia-american-midwest,NAIA American Midwest,American Midwest,,https://static.trumedianetworks.com/images/ncaabaseball/teams/802105856.png?v=2,False,True,NAIATeamBio.csv
768698204,Health Sciences and Pharmacy,Health Sciences and Pharmacy,Eutectics,HSP,Health Sciences and Pharmacy,NAIA,NAIA,NAIA,naia-american-midwest,NAIA American Midwest,American Midwest,,https://static.trumedianetworks.com/images/ncaabaseball/teams/768698204.png?v=2,False,False,NAIATeamBio.csv
511768596,Mission,Mission,Patriots,MISS,Mission,NAIA,NAIA,NAIA,naia-american-midwest,NAIA American Midwest,American Midwest,,https://static.trumedianetworks.com/images/ncaabaseball/teams/511768596.png?v=2,False,True,NAIATeamBio.csv
678871742,William Woods,William Woods,Owls,WILL,William Woods,NAIA,NAIA,NAIA,naia-american-midwest,NAIA American Midwest,American Midwest,,https://static.trumedianetworks.com/images/ncaabaseball/teams/678871742.png?v=2,False,True,NAIATeamBio.csv
744323072,Williams Baptist,Williams Baptist University,,WBU,Williams Baptist,NAIA,NAIA,NAIA,naia-american-midwest,NAIA American Midwest,American Midwest,,https://static.trumedianetworks.com/images/ncaabaseball/teams/744323072.png?v=2,False,False,NAIATeamBio.csv
575651042,Bluefield,Bluefield,Rams,BLUE,Bluefield,NAIA,NAIA,NAIA,naia-appalachian,NAIA Appalachian,Appalachian,,https://static.trumedianetworks.com/images/ncaabaseball/teams/575651042.png?v=2,False,False,NAIATeamBio.csv
733955370,Bryan,Bryan,Lions,BRYA,Bryan,NAIA,NAIA,NAIA,naia-appalachian,NAIA Appalachian,Appalachian,,https://static.trumedianetworks.com/images/ncaabaseball/teams/733955370.png?v=2,False,False,NAIATeamBio.csv
564257259,Columbia International,Columbia International,Rams,COLU,Columbia International,NAIA,NAIA,NAIA,naia-appalachian,NAIA Appalachian,Appalachian,,https://static.trumedianetworks.com/images/ncaabaseball/teams/564257259.png?v=2,False,False,NAIATeamBio.csv
518545061,Johnson,Johnson University,Royals,JOHN,Johnson,NAIA,NAIA,NAIA,naia-appalachian,NAIA Appalachian,Appalachian,,https://static.trumedianetworks.com/images/ncaabaseball/teams/518545061.png?v=2,False,True,NAIATeamBio.csv
690397440,Milligan,Milligan College,,MC,Milligan,NAIA,NAIA,NAIA,naia-appalachian,NAIA Appalachian,Appalachian,,https://static.trumedianetworks.com/images/ncaabaseball/teams/690397440.png?v=2,False,True,NAIATeamBio.csv
775472576,Montreat,Montreat,Cavaliers,MONT,Montreat,NAIA,NAIA,NAIA,naia-appalachian,NAIA Appalachian,Appalachian,,https://static.trumedianetworks.com/images/ncaabaseball/teams/775472576.png?v=2,False,True,NAIATeamBio.csv
509518464,Pikeville,Pikeville,Bears,PIKE,Pikeville,NAIA,NAIA,NAIA,naia-appalachian,NAIA Appalachian,Appalachian,,https://static.trumedianetworks.com/images/ncaabaseball/teams/509518464.png?v=2,False,False,NAIATeamBio.csv
690391552,Reinhardt,Reinhardt University,,RU,Reinhardt,NAIA,NAIA,NAIA,naia-appalachian,NAIA Appalachian,Appalachian,,https://static.trumedianetworks.com/images/ncaabaseball/teams/690391552.png?v=2,False,True,NAIATeamBio.csv
526343249,Spartanburg Methodist,Spartanburg Methodist,Pioneers,SPAR,Spartanburg Methodist,NAIA,NAIA,NAIA,naia-appalachian,NAIA Appalachian,Appalachian,,https://static.trumedianetworks.com/images/ncaabaseball/teams/526343249.png?v=2,False,False,NAIATeamBio.csv
776873101,Tennessee Wesleyan,Tennessee Wesleyan,Bulldogs,TENN,Tennessee Wesleyan,NAIA,NAIA,NAIA,naia-appalachian,NAIA Appalachian,Appalachian,,https://static.trumedianetworks.com/images/ncaabaseball/teams/776873101.png?v=2,False,True,NAIATeamBio.csv
686153980,Truett-McConnell,Truett-McConnell,Bears,TMC,Truett-McConnell,NAIA,NAIA,NAIA,naia-appalachian,NAIA Appalachian,Appalachian,,https://static.trumedianetworks.com/images/ncaabaseball/teams/686153980.png?v=2,False,True,NAIATeamBio.csv
652589883,Union Commonwealth,Union Commonwealth,Bulldogs,UNIO,Union Commonwealth,NAIA,NAIA,NAIA,naia-appalachian,NAIA Appalachian,Appalachian,,https://static.trumedianetworks.com/images/ncaabaseball/teams/652589883.png?v=2,False,True,NAIATeamBio.csv
668923648,Bushnell,Bushnell,,BSHNL,Bushnell,NAIA,NAIA,NAIA,naia-cascade-collegiate,NAIA Cascade Collegiate,Cascade Collegiate,,https://static.trumedianetworks.com/images/ncaabaseball/teams/668923648.png?v=2,False,False,NAIATeamBio.csv
624474624,College of Idaho,College of Idaho,,COI,College of Idaho,NAIA,NAIA,NAIA,naia-cascade-collegiate,NAIA Cascade Collegiate,Cascade Collegiate,,https://static.trumedianetworks.com/images/ncaabaseball/teams/624474624.png?v=2,False,False,NAIATeamBio.csv
658374600,Corban,Corban,Warriors,CORB,Corban,NAIA,NAIA,NAIA,naia-cascade-collegiate,NAIA Cascade Collegiate,Cascade Collegiate,,https://static.trumedianetworks.com/images/ncaabaseball/teams/658374600.png?v=2,False,False,NAIATeamBio.csv
684200035,Eastern Oregon,Eastern Oregon,Mountaineers,EAST,Eastern Oregon,NAIA,NAIA,NAIA,naia-cascade-collegiate,NAIA Cascade Collegiate,Cascade Collegiate,,https://static.trumedianetworks.com/images/ncaabaseball/teams/684200035.png?v=2,False,True,NAIATeamBio.csv
761151744,Lewis-Clark State,Lewis-Clark State College,,LCSC,Lewis-Clark State,NAIA,NAIA,NAIA,naia-cascade-collegiate,NAIA Cascade Collegiate,Cascade Collegiate,,https://static.trumedianetworks.com/images/ncaabaseball/teams/761151744.png?v=2,False,False,NAIATeamBio.csv
753726227,Oregon Tech,Oregon Tech,Owls,OREG,Oregon Tech,NAIA,NAIA,NAIA,naia-cascade-collegiate,NAIA Cascade Collegiate,Cascade Collegiate,,https://static.trumedianetworks.com/images/ncaabaseball/teams/753726227.png?v=2,False,False,NAIATeamBio.csv
552833024,University of British Columbia,University of British Columbia,,UBC,University of British Columbia,NAIA,NAIA,NAIA,naia-cascade-collegiate,NAIA Cascade Collegiate,Cascade Collegiate,,https://static.trumedianetworks.com/images/ncaabaseball/teams/552833024.png?v=2,False,False,NAIATeamBio.csv
791983830,Warner Pacific,Warner Pacific,Knights,WARN,Warner Pacific,NAIA,NAIA,NAIA,naia-cascade-collegiate,NAIA Cascade Collegiate,Cascade Collegiate,,https://static.trumedianetworks.com/images/ncaabaseball/teams/791983830.png?v=2,False,True,NAIATeamBio.csv
810249525,Calumet,Calumet,Peregrines,CALU,Calumet,NAIA,NAIA,NAIA,naia-chicagoland,NAIA Chicagoland,Chicagoland,,https://static.trumedianetworks.com/images/ncaabaseball/teams/810249525.png?v=2,False,False,NAIATeamBio.csv
760709651,Indiana South Bend,Indiana South Bend,Titans,ISB,Indiana South Bend,NAIA,NAIA,NAIA,naia-chicagoland,NAIA Chicagoland,Chicagoland,,https://static.trumedianetworks.com/images/ncaabaseball/teams/760709651.png?v=2,False,False,NAIATeamBio.csv
672924928,Judson,Judson University,,JUD,Judson,NAIA,NAIA,NAIA,naia-chicagoland,NAIA Chicagoland,Chicagoland,,https://static.trumedianetworks.com/images/ncaabaseball/teams/672924928.png?v=2,False,False,NAIATeamBio.csv
660863828,Olivet Nazarene,Olivet Nazarene,Tigers,OLIV,Olivet Nazarene,NAIA,NAIA,NAIA,naia-chicagoland,NAIA Chicagoland,Chicagoland,,https://static.trumedianetworks.com/images/ncaabaseball/teams/660863828.png?v=2,False,False,NAIATeamBio.csv
690389760,Saint Xavier,Saint Xavier University,,SXU,Saint Xavier,NAIA,NAIA,NAIA,naia-chicagoland,NAIA Chicagoland,Chicagoland,,https://static.trumedianetworks.com/images/ncaabaseball/teams/690389760.png?v=2,False,False,NAIATeamBio.csv
662683004,St. Ambrose,St. Ambrose,Bees,ST.,St. Ambrose,NAIA,NAIA,NAIA,naia-chicagoland,NAIA Chicagoland,Chicagoland,,https://static.trumedianetworks.com/images/ncaabaseball/teams/662683004.png?v=2,False,True,NAIATeamBio.csv
588068226,Trinity Christian,Trinity Christian,Trolls,TRIN,Trinity Christian,NAIA,NAIA,NAIA,naia-chicagoland,NAIA Chicagoland,Chicagoland,,https://static.trumedianetworks.com/images/ncaabaseball/teams/588068226.png?v=2,False,True,NAIATeamBio.csv
609053696,University of Saint Francis (IL),University of Saint Francis (IL),,USF,University of Saint Francis (IL),NAIA,NAIA,NAIA,naia-chicagoland,NAIA Chicagoland,Chicagoland,,https://static.trumedianetworks.com/images/ncaabaseball/teams/609053696.png?v=2,False,False,NAIATeamBio.csv
745932544,Viterbo,Viterbo University,,VU,Viterbo,NAIA,NAIA,NAIA,naia-chicagoland,NAIA Chicagoland,Chicagoland,,https://static.trumedianetworks.com/images/ncaabaseball/teams/745932544.png?v=2,False,False,NAIATeamBio.csv
635240937,Alice Lloyd,Alice Lloyd,Eagles,ALIC,Alice Lloyd,NAIA,NAIA,NAIA,naia-continental-athletic-conference,NAIA Continental Athletic Conference,Continental Athletic Conference,,https://static.trumedianetworks.com/images/ncaabaseball/teams/635240937.png?v=2,False,False,NAIATeamBio.csv
588589824,Arkansas Baptist,Arkansas Baptist,,ARKBP,Arkansas Baptist,NAIA,NAIA,NAIA,naia-continental-athletic-conference,NAIA Continental Athletic Conference,Continental Athletic Conference,,https://static.trumedianetworks.com/images/ncaabaseball/teams/588589824.png?v=2,False,False,NAIATeamBio.csv
540962608,Carolina,Carolina,Bruins,CARO,Carolina,NAIA,NAIA,NAIA,naia-continental-athletic-conference,NAIA Continental Athletic Conference,Continental Athletic Conference,,https://static.trumedianetworks.com/images/ncaabaseball/teams/540962608.png?v=2,False,False,NAIATeamBio.csv
766398017,Fisher,Fisher,Falcons,FISH,Fisher,NAIA,NAIA,NAIA,naia-continental-athletic-conference,NAIA Continental Athletic Conference,Continental Athletic Conference,,https://static.trumedianetworks.com/images/ncaabaseball/teams/766398017.png?v=2,False,False,NAIATeamBio.csv
543818965,Florida National,Florida National,Conquistadors,FLOR,Florida National,NAIA,NAIA,NAIA,naia-continental-athletic-conference,NAIA Continental Athletic Conference,Continental Athletic Conference,,https://static.trumedianetworks.com/images/ncaabaseball/teams/543818965.png?v=2,False,True,NAIATeamBio.csv
784775888,Georgia Gwinnett,Georgia Gwinnett,Grizzlies,GEOR,Georgia Gwinnett,NAIA,NAIA,NAIA,naia-continental-athletic-conference,NAIA Continental Athletic Conference,Continental Athletic Conference,,https://static.trumedianetworks.com/images/ncaabaseball/teams/784775888.png?v=2,False,True,NAIATeamBio.csv
840040917,Hesston College,Hesston College,Larks,HESS,Hesston College,NAIA,NAIA,NAIA,naia-continental-athletic-conference,NAIA Continental Athletic Conference,Continental Athletic Conference,,https://static.trumedianetworks.com/images/ncaabaseball/teams/840040917.png?v=2,False,False,NAIATeamBio.csv
596986707,Morris,Morris,Hornets,MORR,Morris,NAIA,NAIA,NAIA,naia-continental-athletic-conference,NAIA Continental Athletic Conference,Continental Athletic Conference,,https://static.trumedianetworks.com/images/ncaabaseball/teams/596986707.png?v=2,False,False,NAIATeamBio.csv
548347950,Ohio Christian,Ohio Christian,Trailblazers,OHIO,Ohio Christian,NAIA,NAIA,NAIA,naia-continental-athletic-conference,NAIA Continental Athletic Conference,Continental Athletic Conference,,https://static.trumedianetworks.com/images/ncaabaseball/teams/548347950.png?v=2,False,True,NAIATeamBio.csv
509156021,Bethel (IN),Bethel (IN),Pilots,BIN,Bethel (IN),NAIA,NAIA,NAIA,naia-crossroads-league,NAIA Crossroads League,Crossroads League,,https://static.trumedianetworks.com/images/ncaabaseball/teams/509156021.png?v=2,False,False,NAIATeamBio.csv
764545999,Goshen,Goshen,Maple Leafs,GOSH,Goshen,NAIA,NAIA,NAIA,naia-crossroads-league,NAIA Crossroads League,Crossroads League,,https://static.trumedianetworks.com/images/ncaabaseball/teams/764545999.png?v=2,False,False,NAIATeamBio.csv
825353104,Grace College,Grace College,Lancers,GRAC,Grace College,NAIA,NAIA,NAIA,naia-crossroads-league,NAIA Crossroads League,Crossroads League,,https://static.trumedianetworks.com/images/ncaabaseball/teams/825353104.png?v=2,False,True,NAIATeamBio.csv
632075529,Huntington,Huntington,Foresters,HUNT,Huntington,NAIA,NAIA,NAIA,naia-crossroads-league,NAIA Crossroads League,Crossroads League,,https://static.trumedianetworks.com/images/ncaabaseball/teams/632075529.png?v=2,False,True,NAIATeamBio.csv
787509562,Indiana Wesleyan,Indiana Wesleyan,Wildcats,INDI,Indiana Wesleyan,NAIA,NAIA,NAIA,naia-crossroads-league,NAIA Crossroads League,Crossroads League,,https://static.trumedianetworks.com/images/ncaabaseball/teams/787509562.png?v=2,False,True,NAIATeamBio.csv
576195631,Marian (IN),Marian (IN),Knights,MIN,Marian (IN),NAIA,NAIA,NAIA,naia-crossroads-league,NAIA Crossroads League,Crossroads League,,https://static.trumedianetworks.com/images/ncaabaseball/teams/576195631.png?v=2,False,False,NAIATeamBio.csv
539862964,Mount Vernon Nazarene,Mount Vernon Nazarene,Cougars,MVN,Mount Vernon Nazarene,NAIA,NAIA,NAIA,naia-crossroads-league,NAIA Crossroads League,Crossroads League,,https://static.trumedianetworks.com/images/ncaabaseball/teams/539862964.png?v=2,False,False,NAIATeamBio.csv
509664527,Spring Arbor,Spring Arbor,Cougars,SPRI,Spring Arbor,NAIA,NAIA,NAIA,naia-crossroads-league,NAIA Crossroads League,Crossroads League,,https://static.trumedianetworks.com/images/ncaabaseball/teams/509664527.png?v=2,False,True,NAIATeamBio.csv
727881441,St. Francis (IN),St. Francis (IN),Cougars,SFIN,St. Francis (IN),NAIA,NAIA,NAIA,naia-crossroads-league,NAIA Crossroads League,Crossroads League,,https://static.trumedianetworks.com/images/ncaabaseball/teams/727881441.png?v=2,False,False,NAIATeamBio.csv
577499136,Taylor,Taylor University,,TU,Taylor,NAIA,NAIA,NAIA,naia-crossroads-league,NAIA Crossroads League,Crossroads League,,https://static.trumedianetworks.com/images/ncaabaseball/teams/577499136.png?v=2,False,False,NAIATeamBio.csv
663584644,Bellevue,Bellevue,Bruins,BELL,Bellevue,NAIA,NAIA,NAIA,naia-frontier,NAIA Frontier,Frontier,,https://static.trumedianetworks.com/images/ncaabaseball/teams/663584644.png?v=2,False,True,NAIATeamBio.csv
760133397,Bismarck State College,Bismarck State College,Mystics,BSC,Bismarck State College,NAIA,NAIA,NAIA,naia-frontier,NAIA Frontier,Frontier,,https://static.trumedianetworks.com/images/ncaabaseball/teams/760133397.png?v=2,False,True,NAIATeamBio.csv
646262255,Dakota State,Dakota State,Trojans,DAKO,Dakota State,NAIA,NAIA,NAIA,naia-frontier,NAIA Frontier,Frontier,,https://static.trumedianetworks.com/images/ncaabaseball/teams/646262255.png?v=2,False,False,NAIATeamBio.csv
639698944,Dickinson State University (ND),Dickinson State University (ND),,DSND,Dickinson State University (ND),NAIA,NAIA,NAIA,naia-frontier,NAIA Frontier,Frontier,,https://static.trumedianetworks.com/images/ncaabaseball/teams/639698944.png?v=2,False,False,NAIATeamBio.csv
630445568,Mayville State,Mayville State University,,MSU,Mayville State,NAIA,NAIA,NAIA,naia-frontier,NAIA Frontier,Frontier,,https://static.trumedianetworks.com/images/ncaabaseball/teams/630445568.png?v=2,False,True,NAIATeamBio.csv
677091047,Valley City State,Valley City State,Vikings,VCS,Valley City State,NAIA,NAIA,NAIA,naia-frontier,NAIA Frontier,Frontier,,https://static.trumedianetworks.com/images/ncaabaseball/teams/677091047.png?v=2,False,False,NAIATeamBio.csv
630446592,Briar Cliff,Briar Cliff University,,BCU,Briar Cliff,NAIA,NAIA,NAIA,naia-great-plains,NAIA Great Plains,Great Plains,,https://static.trumedianetworks.com/images/ncaabaseball/teams/630446592.png?v=2,False,False,NAIATeamBio.csv
699129085,Concordia (NE),Concordia (NE),Bulldogs,CNE,Concordia (NE),NAIA,NAIA,NAIA,naia-great-plains,NAIA Great Plains,Great Plains,,https://static.trumedianetworks.com/images/ncaabaseball/teams/699129085.png?v=2,False,False,NAIATeamBio.csv
552833792,Dakota Wesleyan,Dakota Wesleyan University,,DWU,Dakota Wesleyan,NAIA,NAIA,NAIA,naia-great-plains,NAIA Great Plains,Great Plains,,https://static.trumedianetworks.com/images/ncaabaseball/teams/552833792.png?v=2,False,False,NAIATeamBio.csv
587891372,Doane,Doane,Tigers,DOAN,Doane,NAIA,NAIA,NAIA,naia-great-plains,NAIA Great Plains,Great Plains,,https://static.trumedianetworks.com/images/ncaabaseball/teams/587891372.png?v=2,False,False,NAIATeamBio.csv
628856613,Dordt,Dordt,Defenders,DORD,Dordt,NAIA,NAIA,NAIA,naia-great-plains,NAIA Great Plains,Great Plains,,https://static.trumedianetworks.com/images/ncaabaseball/teams/628856613.png?v=2,False,False,NAIATeamBio.csv
746323559,Hastings (NE),Hastings (NE),Broncos,HNE,Hastings (NE),NAIA,NAIA,NAIA,naia-great-plains,NAIA Great Plains,Great Plains,,https://static.trumedianetworks.com/images/ncaabaseball/teams/746323559.png?v=2,False,False,NAIATeamBio.csv
749662143,Midland,Midland,Warriors,MIDL,Midland,NAIA,NAIA,NAIA,naia-great-plains,NAIA Great Plains,Great Plains,,https://static.trumedianetworks.com/images/ncaabaseball/teams/749662143.png?v=2,False,True,NAIATeamBio.csv
552271544,Morningside,Morningside,Mustangs,MORN,Morningside,NAIA,NAIA,NAIA,naia-great-plains,NAIA Great Plains,Great Plains,,https://static.trumedianetworks.com/images/ncaabaseball/teams/552271544.png?v=2,False,False,NAIATeamBio.csv
630447104,Mount Marty,Mount Marty College,,MMC,Mount Marty,NAIA,NAIA,NAIA,naia-great-plains,NAIA Great Plains,Great Plains,,https://static.trumedianetworks.com/images/ncaabaseball/teams/630447104.png?v=2,False,False,NAIATeamBio.csv
630446336,Northwestern,Northwestern College,,NWC,Northwestern,NAIA,NAIA,NAIA,naia-great-plains,NAIA Great Plains,Great Plains,,https://static.trumedianetworks.com/images/ncaabaseball/teams/630446336.png?v=2,False,False,NAIATeamBio.csv
621501534,Waldorf,Waldorf,Warriors,WALD,Waldorf,NAIA,NAIA,NAIA,naia-great-plains,NAIA Great Plains,Great Plains,,https://static.trumedianetworks.com/images/ncaabaseball/teams/621501534.png?v=2,False,False,NAIATeamBio.csv
567953761,Arizona Christian (Southwestern),Arizona Christian (Southwestern),Firestorm,ACS,Arizona Christian (Southwestern),NAIA,NAIA,NAIA,naia-great-southwest-athletic-conference,NAIA Great Southwest Athletic Conference,Great Southwest Athletic Conference,,https://static.trumedianetworks.com/images/ncaabaseball/teams/567953761.png?v=2,False,False,NAIATeamBio.csv
608977920,Benedictine Mesa (AZ),Benedictine Mesa (AZ),,BM,Benedictine Mesa (AZ),NAIA,NAIA,NAIA,naia-great-southwest-athletic-conference,NAIA Great Southwest Athletic Conference,Great Southwest Athletic Conference,,https://static.trumedianetworks.com/images/ncaabaseball/teams/608977920.png?v=2,False,False,NAIATeamBio.csv
519147839,Embry-Riddle (AZ),Embry-Riddle (AZ),Eagles,ERAZ,Embry-Riddle (AZ),NAIA,NAIA,NAIA,naia-great-southwest-athletic-conference,NAIA Great Southwest Athletic Conference,Great Southwest Athletic Conference,,https://static.trumedianetworks.com/images/ncaabaseball/teams/519147839.png?v=2,False,False,NAIATeamBio.csv
650025216,Hope International,Hope International,,HPINT,Hope International,NAIA,NAIA,NAIA,naia-great-southwest-athletic-conference,NAIA Great Southwest Athletic Conference,Great Southwest Athletic Conference,,https://static.trumedianetworks.com/images/ncaabaseball/teams/650025216.png?v=2,False,False,NAIATeamBio.csv
501938233,La Sierra,La Sierra University,Golden Eagles,LA S,La Sierra,NAIA,NAIA,NAIA,naia-great-southwest-athletic-conference,NAIA Great Southwest Athletic Conference,Great Southwest Athletic Conference,,https://static.trumedianetworks.com/images/ncaabaseball/teams/501938233.png?v=2,False,False,NAIATeamBio.csv
504545035,Ottawa (AZ),Ottawa (AZ),Spirit,OAZ,Ottawa (AZ),NAIA,NAIA,NAIA,naia-great-southwest-athletic-conference,NAIA Great Southwest Athletic Conference,Great Southwest Athletic Conference,,https://static.trumedianetworks.com/images/ncaabaseball/teams/504545035.png?v=2,False,False,NAIATeamBio.csv
736352697,Park Gilbert,Park Gilbert,Buccaneers,PARK,Park Gilbert,NAIA,NAIA,NAIA,naia-great-southwest-athletic-conference,NAIA Great Southwest Athletic Conference,Great Southwest Athletic Conference,,https://static.trumedianetworks.com/images/ncaabaseball/teams/736352697.png?v=2,False,True,NAIATeamBio.csv
602730223,The Master's,The Master's,Mustangs,THE,The Master's,NAIA,NAIA,NAIA,naia-great-southwest-athletic-conference,NAIA Great Southwest Athletic Conference,Great Southwest Athletic Conference,,https://static.trumedianetworks.com/images/ncaabaseball/teams/602730223.png?v=2,False,False,NAIATeamBio.csv
774217728,Dillard,Dillard,,DILL,Dillard,NAIA,NAIA,NAIA,naia-hbcu-athletic-conference,NAIA HBCU Athletic Conference [formerly Gulf Coast],HBCU Athletic Conference,,https://static.trumedianetworks.com/images/ncaabaseball/teams/774217728.png?v=2,False,False,NAIATeamBio.csv
514982236,Huston Tillotson,Huston Tillotson,Rams,HUST,Huston Tillotson,NAIA,NAIA,NAIA,naia-hbcu-athletic-conference,NAIA HBCU Athletic Conference [formerly Gulf Coast],HBCU Athletic Conference,,https://static.trumedianetworks.com/images/ncaabaseball/teams/514982236.png?v=2,False,False,NAIATeamBio.csv
558302947,Oakwood,Oakwood,Ambassadors,OAKW,Oakwood,NAIA,NAIA,NAIA,naia-hbcu-athletic-conference,NAIA HBCU Athletic Conference [formerly Gulf Coast],HBCU Athletic Conference,,https://static.trumedianetworks.com/images/ncaabaseball/teams/558302947.png?v=2,False,False,NAIATeamBio.csv
624112642,Philander Smith College,Philander Smith College,Panthers,PSC,Philander Smith College,NAIA,NAIA,NAIA,naia-hbcu-athletic-conference,NAIA HBCU Athletic Conference [formerly Gulf Coast],HBCU Athletic Conference,,https://static.trumedianetworks.com/images/ncaabaseball/teams/624112642.png?v=2,False,True,NAIATeamBio.csv
658784733,Rust College,Rust College,Bearcats,RUST,Rust College,NAIA,NAIA,NAIA,naia-hbcu-athletic-conference,NAIA HBCU Athletic Conference [formerly Gulf Coast],HBCU Athletic Conference,,https://static.trumedianetworks.com/images/ncaabaseball/teams/658784733.png?v=2,False,False,NAIATeamBio.csv
634226864,Southern New Orleans (SUNO),Southern New Orleans (SUNO),Knights,SNOS,Southern New Orleans (SUNO),NAIA,NAIA,NAIA,naia-hbcu-athletic-conference,NAIA HBCU Athletic Conference [formerly Gulf Coast],HBCU Athletic Conference,,https://static.trumedianetworks.com/images/ncaabaseball/teams/634226864.png?v=2,False,False,NAIATeamBio.csv
730245632,Stillman,Stillman College,,SC,Stillman,NAIA,NAIA,NAIA,naia-hbcu-athletic-conference,NAIA HBCU Athletic Conference [formerly Gulf Coast],HBCU Athletic Conference,,https://static.trumedianetworks.com/images/ncaabaseball/teams/730245632.png?v=2,False,True,NAIATeamBio.csv
690395648,Talladega,Talladega College,,TC,Talladega,NAIA,NAIA,NAIA,naia-hbcu-athletic-conference,NAIA HBCU Athletic Conference [formerly Gulf Coast],HBCU Athletic Conference,,https://static.trumedianetworks.com/images/ncaabaseball/teams/690395648.png?v=2,False,True,NAIATeamBio.csv
577496064,Tougaloo,Tougaloo College,,TC,Tougaloo,NAIA,NAIA,NAIA,naia-hbcu-athletic-conference,NAIA HBCU Athletic Conference [formerly Gulf Coast],HBCU Athletic Conference,,https://static.trumedianetworks.com/images/ncaabaseball/teams/577496064.png?v=2,False,True,NAIATeamBio.csv
684541648,Voorhees,Voorhees,Tigers,VOOR,Voorhees,NAIA,NAIA,NAIA,naia-hbcu-athletic-conference,NAIA HBCU Athletic Conference [formerly Gulf Coast],HBCU Athletic Conference,,https://static.trumedianetworks.com/images/ncaabaseball/teams/684541648.png?v=2,False,False,NAIATeamBio.csv
719642769,Wilberforce,Wilberforce,Bulldogs,WILB,Wilberforce,NAIA,NAIA,NAIA,naia-hbcu-athletic-conference,NAIA HBCU Athletic Conference [formerly Gulf Coast],HBCU Athletic Conference,,https://static.trumedianetworks.com/images/ncaabaseball/teams/719642769.png?v=2,False,False,NAIATeamBio.csv
577492992,Wiley,Wiley College,,WC,Wiley,NAIA,NAIA,NAIA,naia-hbcu-athletic-conference,NAIA HBCU Athletic Conference [formerly Gulf Coast],HBCU Athletic Conference,,https://static.trumedianetworks.com/images/ncaabaseball/teams/577492992.png?v=2,False,True,NAIATeamBio.csv
798470237,Baker,Baker,Wildcats,BAKE,Baker,NAIA,NAIA,NAIA,naia-heart-of-america,NAIA Heart of America,Heart of America,,https://static.trumedianetworks.com/images/ncaabaseball/teams/798470237.png?v=2,False,False,NAIATeamBio.csv
590203779,Benedictine (KS),Benedictine (KS),Ravens,BKS,Benedictine (KS),NAIA,NAIA,NAIA,naia-heart-of-america,NAIA Heart of America,Heart of America,,https://static.trumedianetworks.com/images/ncaabaseball/teams/590203779.png?v=2,False,False,NAIATeamBio.csv
740455573,Central Methodist,Central Methodist,Eagles,CENT,Central Methodist,NAIA,NAIA,NAIA,naia-heart-of-america,NAIA Heart of America,Heart of America,,https://static.trumedianetworks.com/images/ncaabaseball/teams/740455573.png?v=2,False,True,NAIATeamBio.csv
541603072,Clarke,Clarke,Pride,CLAR,Clarke,NAIA,NAIA,NAIA,naia-heart-of-america,NAIA Heart of America,Heart of America,,https://static.trumedianetworks.com/images/ncaabaseball/teams/541603072.png?v=2,False,True,NAIATeamBio.csv
652802060,Culver Stockton,Culver Stockton,Wildcats,CULV,Culver Stockton,NAIA,NAIA,NAIA,naia-heart-of-america,NAIA Heart of America,Heart of America,,https://static.trumedianetworks.com/images/ncaabaseball/teams/652802060.png?v=2,False,False,NAIATeamBio.csv
581613125,Graceland,Graceland,Yellowjackets,GRAC,Graceland,NAIA,NAIA,NAIA,naia-heart-of-america,NAIA Heart of America,Heart of America,,https://static.trumedianetworks.com/images/ncaabaseball/teams/581613125.png?v=2,False,True,NAIATeamBio.csv
568186624,Grand View Vikings,Grand View Vikings,,GVV,Grand View Vikings,NAIA,NAIA,NAIA,naia-heart-of-america,NAIA Heart of America,Heart of America,,https://static.trumedianetworks.com/images/ncaabaseball/teams/568186624.png?v=2,False,False,NAIATeamBio.csv
778473946,MidAmerica Nazarene,MidAmerica Nazarene,Pioneers,MAN,MidAmerica Nazarene,NAIA,NAIA,NAIA,naia-heart-of-america,NAIA Heart of America,Heart of America,,https://static.trumedianetworks.com/images/ncaabaseball/teams/778473946.png?v=2,False,False,NAIATeamBio.csv
649839364,Missouri Baptist,Missouri Baptist,Spartans,MISS,Missouri Baptist,NAIA,NAIA,NAIA,naia-heart-of-america,NAIA Heart of America,Heart of America,,https://static.trumedianetworks.com/images/ncaabaseball/teams/649839364.png?v=2,False,True,NAIATeamBio.csv
707098919,Missouri Valley,Missouri Valley,Vikings,MISS,Missouri Valley,NAIA,NAIA,NAIA,naia-heart-of-america,NAIA Heart of America,Heart of America,,https://static.trumedianetworks.com/images/ncaabaseball/teams/707098919.png?v=2,False,True,NAIATeamBio.csv
805127168,Mount Mercy,Mount Mercy,,MM,Mount Mercy,NAIA,NAIA,NAIA,naia-heart-of-america,NAIA Heart of America,Heart of America,,https://static.trumedianetworks.com/images/ncaabaseball/teams/805127168.png?v=2,False,False,NAIATeamBio.csv
788559959,Park,Park,Pirates,PARK,Park,NAIA,NAIA,NAIA,naia-heart-of-america,NAIA Heart of America,Heart of America,,https://static.trumedianetworks.com/images/ncaabaseball/teams/788559959.png?v=2,False,True,NAIATeamBio.csv
523766192,Peru State,Peru State,Bobcats,PERU,Peru State,NAIA,NAIA,NAIA,naia-heart-of-america,NAIA Heart of America,Heart of America,,https://static.trumedianetworks.com/images/ncaabaseball/teams/523766192.png?v=2,False,False,NAIATeamBio.csv
514738396,William Penn,William Penn,Statesmen,WILL,William Penn,NAIA,NAIA,NAIA,naia-heart-of-america,NAIA Heart of America,Heart of America,,https://static.trumedianetworks.com/images/ncaabaseball/teams/514738396.png?v=2,False,True,NAIATeamBio.csv
542848267,Avila College,Avila College,Eagles,AVIL,Avila College,NAIA,NAIA,NAIA,naia-kansas-collegiate,NAIA Kansas Collegiate,Kansas Collegiate,,https://static.trumedianetworks.com/images/ncaabaseball/teams/542848267.png?v=2,False,False,NAIATeamBio.csv
787883120,Bethany College,Bethany College,Swedes,BETH,Bethany College,NAIA,NAIA,NAIA,naia-kansas-collegiate,NAIA Kansas Collegiate,Kansas Collegiate,,https://static.trumedianetworks.com/images/ncaabaseball/teams/787883120.png?v=2,False,True,NAIATeamBio.csv
577863055,Evangel,Evangel,Valor,EVAN,Evangel,NAIA,NAIA,NAIA,naia-kansas-collegiate,NAIA Kansas Collegiate,Kansas Collegiate,,https://static.trumedianetworks.com/images/ncaabaseball/teams/577863055.png?v=2,False,False,NAIATeamBio.csv
647981380,Friends,Friends,Falcons,FRIE,Friends,NAIA,NAIA,NAIA,naia-kansas-collegiate,NAIA Kansas Collegiate,Kansas Collegiate,,https://static.trumedianetworks.com/images/ncaabaseball/teams/647981380.png?v=2,False,False,NAIATeamBio.csv
782776803,Kansas Wesleyan,Kansas Wesleyan,Coyotes,KANS,Kansas Wesleyan,NAIA,NAIA,NAIA,naia-kansas-collegiate,NAIA Kansas Collegiate,Kansas Collegiate,,https://static.trumedianetworks.com/images/ncaabaseball/teams/782776803.png?v=2,False,False,NAIATeamBio.csv
707616822,McPherson,McPherson,Bulldogs,MCPH,McPherson,NAIA,NAIA,NAIA,naia-kansas-collegiate,NAIA Kansas Collegiate,Kansas Collegiate,,https://static.trumedianetworks.com/images/ncaabaseball/teams/707616822.png?v=2,False,False,NAIATeamBio.csv
555648733,Oklahoma Wesleyan,Oklahoma Wesleyan,Eagles,OKLA,Oklahoma Wesleyan,NAIA,NAIA,NAIA,naia-kansas-collegiate,NAIA Kansas Collegiate,Kansas Collegiate,,https://static.trumedianetworks.com/images/ncaabaseball/teams/555648733.png?v=2,False,True,NAIATeamBio.csv
555904044,Ottawa,Ottawa,Braves,OTTA,Ottawa,NAIA,NAIA,NAIA,naia-kansas-collegiate,NAIA Kansas Collegiate,Kansas Collegiate,,https://static.trumedianetworks.com/images/ncaabaseball/teams/555904044.png?v=2,False,False,NAIATeamBio.csv
556320668,Southwestern (KS),Southwestern (KS),Moundbuilders,SKS,Southwestern (KS),NAIA,NAIA,NAIA,naia-kansas-collegiate,NAIA Kansas Collegiate,Kansas Collegiate,,https://static.trumedianetworks.com/images/ncaabaseball/teams/556320668.png?v=2,False,False,NAIATeamBio.csv
516112787,St. Mary,St. Mary,Spires,ST.,St. Mary,NAIA,NAIA,NAIA,naia-kansas-collegiate,NAIA Kansas Collegiate,Kansas Collegiate,,https://static.trumedianetworks.com/images/ncaabaseball/teams/516112787.png?v=2,False,True,NAIATeamBio.csv
540214160,Sterling,Sterling,Warriors,STER,Sterling,NAIA,NAIA,NAIA,naia-kansas-collegiate,NAIA Kansas Collegiate,Kansas Collegiate,,https://static.trumedianetworks.com/images/ncaabaseball/teams/540214160.png?v=2,False,False,NAIATeamBio.csv
648367311,Tabor,Tabor,Bluejays,TABO,Tabor,NAIA,NAIA,NAIA,naia-kansas-collegiate,NAIA Kansas Collegiate,Kansas Collegiate,,https://static.trumedianetworks.com/images/ncaabaseball/teams/648367311.png?v=2,False,False,NAIATeamBio.csv
779362375,York,York,Panthers,YORK,York,NAIA,NAIA,NAIA,naia-kansas-collegiate,NAIA Kansas Collegiate,Kansas Collegiate,,https://static.trumedianetworks.com/images/ncaabaseball/teams/779362375.png?v=2,False,True,NAIATeamBio.csv
544437687,Bethel (TN),Bethel (TN),Wildcats,BTN,Bethel (TN),NAIA,NAIA,NAIA,naia-mid-south,NAIA Mid-South,Mid-South,,https://static.trumedianetworks.com/images/ncaabaseball/teams/544437687.png?v=2,False,False,NAIATeamBio.csv
527246726,Campbellsville,Campbellsville,Tigers,CAMP,Campbellsville,NAIA,NAIA,NAIA,naia-mid-south,NAIA Mid-South,Mid-South,,https://static.trumedianetworks.com/images/ncaabaseball/teams/527246726.png?v=2,False,False,NAIATeamBio.csv
663391038,Cumberland,Cumberland,Phoenix,CUMB,Cumberland,NAIA,NAIA,NAIA,naia-mid-south,NAIA Mid-South,Mid-South,,https://static.trumedianetworks.com/images/ncaabaseball/teams/663391038.png?v=2,False,False,NAIATeamBio.csv
766104048,Freed-Hardeman,Freed-Hardeman,Lions,FREE,Freed-Hardeman,NAIA,NAIA,NAIA,naia-mid-south,NAIA Mid-South,Mid-South,,https://static.trumedianetworks.com/images/ncaabaseball/teams/766104048.png?v=2,False,False,NAIATeamBio.csv
637182720,Georgetown College,Georgetown College,Tigers,GEOR,Georgetown College,NAIA,NAIA,NAIA,naia-mid-south,NAIA Mid-South,Mid-South,,https://static.trumedianetworks.com/images/ncaabaseball/teams/637182720.png?v=2,False,True,NAIATeamBio.csv
571897722,Lindsey Wilson,Lindsey Wilson,Blue Raiders,LIND,Lindsey Wilson,NAIA,NAIA,NAIA,naia-mid-south,NAIA Mid-South,Mid-South,,https://static.trumedianetworks.com/images/ncaabaseball/teams/571897722.png?v=2,False,False,NAIATeamBio.csv
690392320,University of the Cumberlands,University of the Cumberlands,,UC,University of the Cumberlands,NAIA,NAIA,NAIA,naia-mid-south,NAIA Mid-South,Mid-South,,https://static.trumedianetworks.com/images/ncaabaseball/teams/690392320.png?v=2,False,True,NAIATeamBio.csv
631679286,Jarvis Christian,Jarvis Christian,Bulldogs,JARV,Jarvis Christian,NAIA,NAIA,NAIA,naia-red-river,NAIA Red River,Red River,,https://static.trumedianetworks.com/images/ncaabaseball/teams/631679286.png?v=2,False,False,NAIATeamBio.csv
802106880,LSU of Alexandria,LSU of Alexandria,,LSA,LSU of Alexandria,NAIA,NAIA,NAIA,naia-red-river,NAIA Red River,Red River,,https://static.trumedianetworks.com/images/ncaabaseball/teams/802106880.png?v=2,False,False,NAIATeamBio.csv
611523840,Lady of Lake,Lady of Lake,,LOFL,Lady of Lake,NAIA,NAIA,NAIA,naia-red-river,NAIA Red River,Red River,,https://static.trumedianetworks.com/images/ncaabaseball/teams/611523840.png?v=2,False,False,NAIATeamBio.csv
703078641,Louisiana Christian,Louisiana Christian,Wildcats,LOUI,Louisiana Christian,NAIA,NAIA,NAIA,naia-red-river,NAIA Red River,Red River,,https://static.trumedianetworks.com/images/ncaabaseball/teams/703078641.png?v=2,False,False,NAIATeamBio.csv
623250875,Louisiana State Shreveport,Louisiana State Shreveport,Pilots,LSS,Louisiana State Shreveport,NAIA,NAIA,NAIA,naia-red-river,NAIA Red River,Red River,,https://static.trumedianetworks.com/images/ncaabaseball/teams/623250875.png?v=2,False,False,NAIATeamBio.csv
669168530,Texas A&M Texarkana,Texas A&M Texarkana,Eagles,TAMT,Texas A&M Texarkana,NAIA,NAIA,NAIA,naia-red-river,NAIA Red River,Red River,,https://static.trumedianetworks.com/images/ncaabaseball/teams/669168530.png?v=2,False,False,NAIATeamBio.csv
508973127,Texas A&M Victoria,Texas A&M Victoria,Jaguars,TAMV,Texas A&M Victoria,NAIA,NAIA,NAIA,naia-red-river,NAIA Red River,Red River,,https://static.trumedianetworks.com/images/ncaabaseball/teams/508973127.png?v=2,False,False,NAIATeamBio.csv
975709672,Texas College,Texas College,Steers,TEXA,Texas College,NAIA,NAIA,NAIA,naia-red-river,NAIA Red River,Red River,,https://static.trumedianetworks.com/images/ncaabaseball/teams/975709672.png?v=2,False,True,NAIATeamBio.csv
642665293,University Of The Southwest,University Of The Southwest,Mustangs,UOTS,University Of The Southwest,NAIA,NAIA,NAIA,naia-red-river,NAIA Red River,Red River,,https://static.trumedianetworks.com/images/ncaabaseball/teams/642665293.png?v=2,False,False,NAIATeamBio.csv
739162368,Xavier (LA),Xavier (LA),,XVLA,Xavier (LA),NAIA,NAIA,NAIA,naia-red-river,NAIA Red River,Red River,,https://static.trumedianetworks.com/images/ncaabaseball/teams/739162368.png?v=2,False,False,NAIATeamBio.csv
565537975,Brescia,Brescia,Bearcats,BRES,Brescia,NAIA,NAIA,NAIA,naia-river-states,NAIA River States,River States,,https://static.trumedianetworks.com/images/ncaabaseball/teams/565537975.png?v=2,False,False,NAIATeamBio.csv
578491117,Indiana Columbus,Indiana Columbus,Crimson Pride,INDI,Indiana Columbus,NAIA,NAIA,NAIA,naia-river-states,NAIA River States,River States,,https://static.trumedianetworks.com/images/ncaabaseball/teams/578491117.png?v=2,False,True,NAIATeamBio.csv
737261824,Indiana Kokomo,Indiana Kokomo,Cougars,INDI,Indiana Kokomo,NAIA,NAIA,NAIA,naia-river-states,NAIA River States,River States,,https://static.trumedianetworks.com/images/ncaabaseball/teams/737261824.png?v=2,False,True,NAIATeamBio.csv
690392064,Indiana Southeast,Indiana Southeast,Grenadiers,INDI,Indiana Southeast,NAIA,NAIA,NAIA,naia-river-states,NAIA River States,River States,,https://static.trumedianetworks.com/images/ncaabaseball/teams/690392064.png?v=2,False,True,NAIATeamBio.csv
607082430,Kentucky Christian,Kentucky Christian,Knights,KENT,Kentucky Christian,NAIA,NAIA,NAIA,naia-river-states,NAIA River States,River States,,https://static.trumedianetworks.com/images/ncaabaseball/teams/607082430.png?v=2,False,False,NAIATeamBio.csv
608976896,Midway,Midway,Eagles,MIDW,Midway,NAIA,NAIA,NAIA,naia-river-states,NAIA River States,River States,,https://static.trumedianetworks.com/images/ncaabaseball/teams/608976896.png?v=2,False,False,NAIATeamBio.csv
730360832,Oakland City,Oakland City University,,OCU,Oakland City,NAIA,NAIA,NAIA,naia-river-states,NAIA River States,River States,,https://static.trumedianetworks.com/images/ncaabaseball/teams/730360832.png?v=2,False,True,NAIATeamBio.csv
803906560,Rio Grande,Rio Grande,Red Storm,RIO,Rio Grande,NAIA,NAIA,NAIA,naia-river-states,NAIA River States,River States,,https://static.trumedianetworks.com/images/ncaabaseball/teams/803906560.png?v=2,False,False,NAIATeamBio.csv
577501184,Shawnee State,Shawnee State University,,SSU,Shawnee State,NAIA,NAIA,NAIA,naia-river-states,NAIA River States,River States,,https://static.trumedianetworks.com/images/ncaabaseball/teams/577501184.png?v=2,False,False,NAIATeamBio.csv
654294919,West Virginia Tech,West Virginia Tech,Golden Bears,WVT,West Virginia Tech,NAIA,NAIA,NAIA,naia-river-states,NAIA River States,River States,,https://static.trumedianetworks.com/images/ncaabaseball/teams/654294919.png?v=2,False,False,NAIATeamBio.csv
561792957,Central Christian,Central Christian,Tigers,CENT,Central Christian,NAIA,NAIA,NAIA,naia-sooner,NAIA Sooner,Sooner,,https://static.trumedianetworks.com/images/ncaabaseball/teams/561792957.png?v=2,False,True,NAIATeamBio.csv
704849688,College of the Ozarks,College of the Ozarks,Bobcats,COLL,College of the Ozarks,NAIA,NAIA,NAIA,naia-sooner,NAIA Sooner,Sooner,,https://static.trumedianetworks.com/images/ncaabaseball/teams/704849688.png?v=2,False,False,NAIATeamBio.csv
630446080,Mid America Christian,Mid America Christian,,MAC,Mid America Christian,NAIA,NAIA,NAIA,naia-sooner,NAIA Sooner,Sooner,,https://static.trumedianetworks.com/images/ncaabaseball/teams/630446080.png?v=2,False,True,NAIATeamBio.csv
636980098,Nelson,Nelson,Lions,NELS,Nelson,NAIA,NAIA,NAIA,naia-sooner,NAIA Sooner,Sooner,,https://static.trumedianetworks.com/images/ncaabaseball/teams/636980098.png?v=2,False,False,NAIATeamBio.csv
532782547,Oklahoma City,Oklahoma City,Stars,OKLA,Oklahoma City,NAIA,NAIA,NAIA,naia-sooner,NAIA Sooner,Sooner,,https://static.trumedianetworks.com/images/ncaabaseball/teams/532782547.png?v=2,False,True,NAIATeamBio.csv
730264576,Oklahoma Panhandle State Univ.,Oklahoma Panhandle State Univ.,,OPSU,Oklahoma Panhandle State Univ.,NAIA,NAIA,NAIA,naia-sooner,NAIA Sooner,Sooner,,https://static.trumedianetworks.com/images/ncaabaseball/teams/730264576.png?v=2,False,False,NAIATeamBio.csv
539447317,Southwestern Christian,Southwestern Christian,Eagles,SOUT,Southwestern Christian,NAIA,NAIA,NAIA,naia-sooner,NAIA Sooner,Sooner,,https://static.trumedianetworks.com/images/ncaabaseball/teams/539447317.png?v=2,False,True,NAIATeamBio.csv
788326082,Texas Wesleyan,Texas Wesleyan,Rams,TEXA,Texas Wesleyan,NAIA,NAIA,NAIA,naia-sooner,NAIA Sooner,Sooner,,https://static.trumedianetworks.com/images/ncaabaseball/teams/788326082.png?v=2,False,True,NAIATeamBio.csv
630445312,Univ of Science and Arts of Oklahoma,Univ of Science and Arts of Oklahoma,,SAO,Univ of Science and Arts of Oklahoma,NAIA,NAIA,NAIA,naia-sooner,NAIA Sooner,Sooner,,https://static.trumedianetworks.com/images/ncaabaseball/teams/630445312.png?v=2,False,False,NAIATeamBio.csv
675168000,Wayland Baptist,Wayland Baptist,,WB,Wayland Baptist,NAIA,NAIA,NAIA,naia-sooner,NAIA Sooner,Sooner,,https://static.trumedianetworks.com/images/ncaabaseball/teams/675168000.png?v=2,False,False,NAIATeamBio.csv
765072494,Abraham Baldwin Agricultural College,Abraham Baldwin Agricultural College,Stallions,ABAC,Abraham Baldwin Agricultural College,NAIA,NAIA,NAIA,naia-southern-states,NAIA Southern States,Southern States,,https://static.trumedianetworks.com/images/ncaabaseball/teams/765072494.png?v=2,False,False,NAIATeamBio.csv
741086202,Blue Mountain Christian,Blue Mountain Christian,Toppers,BMC,Blue Mountain Christian,NAIA,NAIA,NAIA,naia-southern-states,NAIA Southern States,Southern States,,https://static.trumedianetworks.com/images/ncaabaseball/teams/741086202.png?v=2,False,True,NAIATeamBio.csv
775880442,Brewton Parker,Brewton Parker,Barons,BREW,Brewton Parker,NAIA,NAIA,NAIA,naia-southern-states,NAIA Southern States,Southern States,,https://static.trumedianetworks.com/images/ncaabaseball/teams/775880442.png?v=2,False,True,NAIATeamBio.csv
714554227,Faulkner,Faulkner,Eagles,FAUL,Faulkner,NAIA,NAIA,NAIA,naia-southern-states,NAIA Southern States,Southern States,,https://static.trumedianetworks.com/images/ncaabaseball/teams/714554227.png?v=2,False,False,NAIATeamBio.csv
504231894,Loyola (LA),Loyola (LA),Wolfpack,LLA,Loyola (LA),NAIA,NAIA,NAIA,naia-southern-states,NAIA Southern States,Southern States,,https://static.trumedianetworks.com/images/ncaabaseball/teams/504231894.png?v=2,False,False,NAIATeamBio.csv
740133606,Mobile,Mobile,Rams,MOBI,Mobile,NAIA,NAIA,NAIA,naia-southern-states,NAIA Southern States,Southern States,,https://static.trumedianetworks.com/images/ncaabaseball/teams/740133606.png?v=2,False,False,NAIATeamBio.csv
520328359,Point,Point,Skyhawks,POIN,Point,NAIA,NAIA,NAIA,naia-southern-states,NAIA Southern States,Southern States,,https://static.trumedianetworks.com/images/ncaabaseball/teams/520328359.png?v=2,False,False,NAIATeamBio.csv
682150371,Tennessee Southern,Tennessee Southern,Firehawks,TENN,Tennessee Southern,NAIA,NAIA,NAIA,naia-southern-states,NAIA Southern States,Southern States,,https://static.trumedianetworks.com/images/ncaabaseball/teams/682150371.png?v=2,False,True,NAIATeamBio.csv
767929541,Thomas (GA),Thomas (GA),Night Hawks,TGA,Thomas (GA),NAIA,NAIA,NAIA,naia-southern-states,NAIA Southern States,Southern States,,https://static.trumedianetworks.com/images/ncaabaseball/teams/767929541.png?v=2,False,False,NAIATeamBio.csv
761151232,William Carey,William Carey University,,WCU,William Carey,NAIA,NAIA,NAIA,naia-southern-states,NAIA Southern States,Southern States,,https://static.trumedianetworks.com/images/ncaabaseball/teams/761151232.png?v=2,False,False,NAIATeamBio.csv
774790790,Ave Maria,Ave Maria,Gyrenes,AVE,Ave Maria,NAIA,NAIA,NAIA,naia-the-sun,NAIA The Sun,The Sun,,https://static.trumedianetworks.com/images/ncaabaseball/teams/774790790.png?v=2,False,False,NAIATeamBio.csv
633083793,Florida Memorial,Florida Memorial,Lions,FLOR,Florida Memorial,NAIA,NAIA,NAIA,naia-the-sun,NAIA The Sun,The Sun,,https://static.trumedianetworks.com/images/ncaabaseball/teams/633083793.png?v=2,False,True,NAIATeamBio.csv
691417610,Keiser,Keiser,Seahawks,KEIS,Keiser,NAIA,NAIA,NAIA,naia-the-sun,NAIA The Sun,The Sun,,https://static.trumedianetworks.com/images/ncaabaseball/teams/691417610.png?v=2,False,False,NAIATeamBio.csv
713461040,New College of Florida,New College of Florida,Mighty Banyans,NCF,New College of Florida,NAIA,NAIA,NAIA,naia-the-sun,NAIA The Sun,The Sun,,https://static.trumedianetworks.com/images/ncaabaseball/teams/713461040.png?v=2,False,False,NAIATeamBio.csv
805189376,Southeastern University Fire,Southeastern University Fire,,SEU,Southeastern University Fire,NAIA,NAIA,NAIA,naia-the-sun,NAIA The Sun,The Sun,,https://static.trumedianetworks.com/images/ncaabaseball/teams/805189376.png?v=2,False,True,NAIATeamBio.csv
568184576,St. Thomas (FL),St. Thomas (FL),,STF,St. Thomas (FL),NAIA,NAIA,NAIA,naia-the-sun,NAIA The Sun,The Sun,,https://static.trumedianetworks.com/images/ncaabaseball/teams/568184576.png?v=2,False,False,NAIATeamBio.csv
663069873,Warner,Warner,Royals,WARN,Warner,NAIA,NAIA,NAIA,naia-the-sun,NAIA The Sun,The Sun,,https://static.trumedianetworks.com/images/ncaabaseball/teams/663069873.png?v=2,False,True,NAIATeamBio.csv
706708992,Webber International,Webber International University,,WIU,Webber International,NAIA,NAIA,NAIA,naia-the-sun,NAIA The Sun,The Sun,,https://static.trumedianetworks.com/images/ncaabaseball/teams/706708992.png?v=2,False,False,NAIATeamBio.csv
579986277,Aquinas,Aquinas,Saints,AQUI,Aquinas,NAIA,NAIA,NAIA,naia-wolverine-hoosier-athletic,NAIA Wolverine-Hoosier Athletic,Wolverine-Hoosier Athletic,,https://static.trumedianetworks.com/images/ncaabaseball/teams/579986277.png?v=2,False,False,NAIATeamBio.csv
737267712,Cleary,Cleary University,,CLE,Cleary,NAIA,NAIA,NAIA,naia-wolverine-hoosier-athletic,NAIA Wolverine-Hoosier Athletic,Wolverine-Hoosier Athletic,,https://static.trumedianetworks.com/images/ncaabaseball/teams/737267712.png?v=2,False,False,NAIATeamBio.csv
560586676,Cornerstone,Cornerstone,Golden Eagles,CORN,Cornerstone,NAIA,NAIA,NAIA,naia-wolverine-hoosier-athletic,NAIA Wolverine-Hoosier Athletic,Wolverine-Hoosier Athletic,,https://static.trumedianetworks.com/images/ncaabaseball/teams/560586676.png?v=2,False,False,NAIATeamBio.csv
517454790,Defiance,Defiance College,Yellow Jackets,DEFI,Defiance,NAIA,NAIA,NAIA,naia-wolverine-hoosier-athletic,NAIA Wolverine-Hoosier Athletic,Wolverine-Hoosier Athletic,,https://static.trumedianetworks.com/images/ncaabaseball/teams/517454790.png?v=2,False,False,NAIATeamBio.csv
697176064,Indiana Institute of Technology,Indiana Institute of Technology,,INT,Indiana Institute of Technology,NAIA,NAIA,NAIA,naia-wolverine-hoosier-athletic,NAIA Wolverine-Hoosier Athletic,Wolverine-Hoosier Athletic,,https://static.trumedianetworks.com/images/ncaabaseball/teams/697176064.png?v=2,False,False,NAIATeamBio.csv
640242176,Lawrence Technological,Lawrence Technological University,,LTU,Lawrence Technological,NAIA,NAIA,NAIA,naia-wolverine-hoosier-athletic,NAIA Wolverine-Hoosier Athletic,Wolverine-Hoosier Athletic,,https://static.trumedianetworks.com/images/ncaabaseball/teams/640242176.png?v=2,False,False,NAIATeamBio.csv
767168632,Lourdes,Lourdes,Gray Wolves,LOUR,Lourdes,NAIA,NAIA,NAIA,naia-wolverine-hoosier-athletic,NAIA Wolverine-Hoosier Athletic,Wolverine-Hoosier Athletic,,https://static.trumedianetworks.com/images/ncaabaseball/teams/767168632.png?v=2,False,False,NAIATeamBio.csv
630441472,Madonna,Madonna,,MAD,Madonna,NAIA,NAIA,NAIA,naia-wolverine-hoosier-athletic,NAIA Wolverine-Hoosier Athletic,Wolverine-Hoosier Athletic,,https://static.trumedianetworks.com/images/ncaabaseball/teams/630441472.png?v=2,False,False,NAIATeamBio.csv
606507893,Michigan Dearborn,Michigan Dearborn,Wolverines,MICH,Michigan Dearborn,NAIA,NAIA,NAIA,naia-wolverine-hoosier-athletic,NAIA Wolverine-Hoosier Athletic,Wolverine-Hoosier Athletic,,https://static.trumedianetworks.com/images/ncaabaseball/teams/606507893.png?v=2,False,False,NAIATeamBio.csv
538383968,Northwestern Ohio,Northwestern Ohio,Racers,NORT,Northwestern Ohio,NAIA,NAIA,NAIA,naia-wolverine-hoosier-athletic,NAIA Wolverine-Hoosier Athletic,Wolverine-Hoosier Athletic,,https://static.trumedianetworks.com/images/ncaabaseball/teams/538383968.png?v=2,False,True,NAIATeamBio.csv
606751256,Rochester Christian,Rochester College,Warriors,ROCH,Rochester Christian,NAIA,NAIA,NAIA,naia-wolverine-hoosier-athletic,NAIA Wolverine-Hoosier Athletic,Wolverine-Hoosier Athletic,,https://static.trumedianetworks.com/images/ncaabaseball/teams/606751256.png?v=2,False,True,NAIATeamBio.csv
630440960,Siena Heights,Siena Heights,,SH,Siena Heights,NAIA,NAIA,NAIA,naia-wolverine-hoosier-athletic,NAIA Wolverine-Hoosier Athletic,Wolverine-Hoosier Athletic,,https://static.trumedianetworks.com/images/ncaabaseball/teams/630440960.png?v=2,False,False,NAIATeamBio.csv
690382531,Simpson (CA),Simpson (CA),Red Hawks,SCA,Simpson (CA),NAIA,NAIA,,naia-unassigned,,,,https://static.trumedianetworks.com/images/ncaabaseball/teams/690382531.png?v=2,True,False,NAIATeamBio.csv
611554601,Westcliff,Westcliff,Warriors,WEST,Westcliff,NAIA,NAIA,,naia-unassigned,,,,https://static.trumedianetworks.com/images/ncaabaseball/teams/611554601.png?v=2,True,False,NAIATeamBio.csv
6095,Bourne,Bourne,Braves,BOUR,Bourne,Summer,Summer,Summer,ccbl-cape-cod-league,CCBL Cape Cod League,Cape Cod League,,https://static.trumedianetworks.com/images/ncaabaseball/teams/6095.png?v=2,False,False,SummerTeamBio.csv
6096,Brewster,Brewster,Whitecaps,BREW,Brewster,Summer,Summer,Summer,ccbl-cape-cod-league,CCBL Cape Cod League,Cape Cod League,,https://static.trumedianetworks.com/images/ncaabaseball/teams/6096.png?v=2,False,True,SummerTeamBio.csv
6097,Chatham,Chatham,Anglers,CHAT,Chatham,Summer,Summer,Summer,ccbl-cape-cod-league,CCBL Cape Cod League,Cape Cod League,,https://static.trumedianetworks.com/images/ncaabaseball/teams/6097.png?v=2,False,True,SummerTeamBio.csv
6098,Cotuit,Cotuit,Kettleers,COTU,Cotuit,Summer,Summer,Summer,ccbl-cape-cod-league,CCBL Cape Cod League,Cape Cod League,,https://static.trumedianetworks.com/images/ncaabaseball/teams/6098.png?v=2,False,False,SummerTeamBio.csv
6099,Falmouth,Falmouth,Commodores,FALM,Falmouth,Summer,Summer,Summer,ccbl-cape-cod-league,CCBL Cape Cod League,Cape Cod League,,https://static.trumedianetworks.com/images/ncaabaseball/teams/6099.png?v=2,False,False,SummerTeamBio.csv
6100,Harwich,Harwich,Mariners,HARW,Harwich,Summer,Summer,Summer,ccbl-cape-cod-league,CCBL Cape Cod League,Cape Cod League,,https://static.trumedianetworks.com/images/ncaabaseball/teams/6100.png?v=2,False,False,SummerTeamBio.csv
6101,Hyannis,Hyannis,Harbor Hawks,HYAN,Hyannis,Summer,Summer,Summer,ccbl-cape-cod-league,CCBL Cape Cod League,Cape Cod League,,https://static.trumedianetworks.com/images/ncaabaseball/teams/6101.png?v=2,False,False,SummerTeamBio.csv
6102,Orleans,Orleans,Firebirds,ORLE,Orleans,Summer,Summer,Summer,ccbl-cape-cod-league,CCBL Cape Cod League,Cape Cod League,,https://static.trumedianetworks.com/images/ncaabaseball/teams/6102.png?v=2,False,False,SummerTeamBio.csv
6103,Wareham,Wareham,Gatemen,WARE,Wareham,Summer,Summer,Summer,ccbl-cape-cod-league,CCBL Cape Cod League,Cape Cod League,,https://static.trumedianetworks.com/images/ncaabaseball/teams/6103.png?v=2,False,False,SummerTeamBio.csv
6104,Yarmouth-Dennis,Yarmouth-Dennis,Red Sox,YARM,Yarmouth-Dennis,Summer,Summer,Summer,ccbl-cape-cod-league,CCBL Cape Cod League,Cape Cod League,,https://static.trumedianetworks.com/images/ncaabaseball/teams/6104.png?v=2,False,False,SummerTeamBio.csv
999393689,Asheboro,Asheboro,Zookeepers,ASHE,Asheboro,Summer,Summer,Summer,sum-coastal-plain-league,SUM Coastal Plain League,Coastal Plain League,,https://static.trumedianetworks.com/images/ncaabaseball/teams/999393689.png?v=2,False,False,SummerTeamBio.csv
563375407,Boone,Boone,Bigfoots,BOON,Boone,Summer,Summer,Summer,sum-coastal-plain-league,SUM Coastal Plain League,Coastal Plain League,,https://static.trumedianetworks.com/images/ncaabaseball/teams/563375407.png?v=2,False,False,SummerTeamBio.csv
903531949,Florence,Florence,Flamingos,FLOR,Florence,Summer,Summer,Summer,sum-coastal-plain-league,SUM Coastal Plain League,Coastal Plain League,,https://static.trumedianetworks.com/images/ncaabaseball/teams/903531949.png?v=2,False,True,SummerTeamBio.csv
508935036,Forest City,Forest City,Owls,FORE,Forest City,Summer,Summer,Summer,sum-coastal-plain-league,SUM Coastal Plain League,Coastal Plain League,,https://static.trumedianetworks.com/images/ncaabaseball/teams/508935036.png?v=2,False,False,SummerTeamBio.csv
744941663,Greenville,Greenville,Yard Gnomes,GREE,Greenville,Summer,Summer,Summer,sum-coastal-plain-league,SUM Coastal Plain League,Coastal Plain League,,https://static.trumedianetworks.com/images/ncaabaseball/teams/744941663.png?v=2,False,True,SummerTeamBio.csv
777504555,High Point-Thomasville,High Point-Thomasville,HiToms,HPT,High Point-Thomasville,Summer,Summer,Summer,sum-coastal-plain-league,SUM Coastal Plain League,Coastal Plain League,,https://static.trumedianetworks.com/images/ncaabaseball/teams/777504555.png?v=2,False,False,SummerTeamBio.csv
795629716,Holly Springs,Holly Springs,Salamanders,HOLL,Holly Springs,Summer,Summer,Summer,sum-coastal-plain-league,SUM Coastal Plain League,Coastal Plain League,,https://static.trumedianetworks.com/images/ncaabaseball/teams/795629716.png?v=2,False,False,SummerTeamBio.csv
690791291,Lexington County,Lexington County,Blowfish,LEXI,Lexington County,Summer,Summer,Summer,sum-coastal-plain-league,SUM Coastal Plain League,Coastal Plain League,,https://static.trumedianetworks.com/images/ncaabaseball/teams/690791291.png?v=2,False,False,SummerTeamBio.csv
704987040,Macon,Macon,Bacon,MACO,Macon,Summer,Summer,Summer,sum-coastal-plain-league,SUM Coastal Plain League,Coastal Plain League,,https://static.trumedianetworks.com/images/ncaabaseball/teams/704987040.png?v=2,False,False,SummerTeamBio.csv
942639754,Martinsville,Martinsville,Mustangs,MART,Martinsville,Summer,Summer,Summer,sum-coastal-plain-league,SUM Coastal Plain League,Coastal Plain League,,https://static.trumedianetworks.com/images/ncaabaseball/teams/942639754.png?v=2,False,True,SummerTeamBio.csv
736945857,Morehead City,Morehead City,Marlins,MORE,Morehead City,Summer,Summer,Summer,sum-coastal-plain-league,SUM Coastal Plain League,Coastal Plain League,,https://static.trumedianetworks.com/images/ncaabaseball/teams/736945857.png?v=2,False,True,SummerTeamBio.csv
520236969,Peninsula,Peninsula,Pilots,PENI,Peninsula,Summer,Summer,Summer,sum-coastal-plain-league,SUM Coastal Plain League,Coastal Plain League,,https://static.trumedianetworks.com/images/ncaabaseball/teams/520236969.png?v=2,False,False,SummerTeamBio.csv
992554612,Tri-City,Tri-City,Chili Peppers,TRI-,Tri-City,Summer,Summer,Summer,sum-coastal-plain-league,SUM Coastal Plain League,Coastal Plain League,,https://static.trumedianetworks.com/images/ncaabaseball/teams/992554612.png?v=2,False,False,SummerTeamBio.csv
650355522,Wilmington,Wilmington,Sharks,WILM,Wilmington,Summer,Summer,Summer,sum-coastal-plain-league,SUM Coastal Plain League,Coastal Plain League,,https://static.trumedianetworks.com/images/ncaabaseball/teams/650355522.png?v=2,False,True,SummerTeamBio.csv
684488457,Zebulon,Zebulon,Devil Dogz,ZEBU,Zebulon,Summer,Summer,Summer,sum-coastal-plain-league,SUM Coastal Plain League,Coastal Plain League,,https://static.trumedianetworks.com/images/ncaabaseball/teams/684488457.png?v=2,False,False,SummerTeamBio.csv
673497096,Bristol,Bristol,Blues,BRIS,Bristol,Summer,Summer,Summer,sum-new-england-collegiate-baseball-league,SUM New England Collegiate Baseball League,New England Collegiate Baseball League,,https://static.trumedianetworks.com/images/ncaabaseball/teams/673497096.png?v=2,False,False,SummerTeamBio.csv
977062040,Danbury,Danbury,Westerners,DANB,Danbury,Summer,Summer,Summer,sum-new-england-collegiate-baseball-league,SUM New England Collegiate Baseball League,New England Collegiate Baseball League,,https://static.trumedianetworks.com/images/ncaabaseball/teams/977062040.png?v=2,False,False,SummerTeamBio.csv
885831508,Keene,Keene,Swamp Bats,KEEN,Keene,Summer,Summer,Summer,sum-new-england-collegiate-baseball-league,SUM New England Collegiate Baseball League,New England Collegiate Baseball League,,https://static.trumedianetworks.com/images/ncaabaseball/teams/885831508.png?v=2,False,True,SummerTeamBio.csv
910871784,Marthas Vineyard,Marthas Vineyard,Sharks,MART,Marthas Vineyard,Summer,Summer,Summer,sum-new-england-collegiate-baseball-league,SUM New England Collegiate Baseball League,New England Collegiate Baseball League,,https://static.trumedianetworks.com/images/ncaabaseball/teams/910871784.png?v=2,False,True,SummerTeamBio.csv
761691823,Mystic,Mystic,Schooners,MYST,Mystic,Summer,Summer,Summer,sum-new-england-collegiate-baseball-league,SUM New England Collegiate Baseball League,New England Collegiate Baseball League,,https://static.trumedianetworks.com/images/ncaabaseball/teams/761691823.png?v=2,False,False,SummerTeamBio.csv
600609239,Newport,Newport,Gulls,NEWP,Newport,Summer,Summer,Summer,sum-new-england-collegiate-baseball-league,SUM New England Collegiate Baseball League,New England Collegiate Baseball League,,https://static.trumedianetworks.com/images/ncaabaseball/teams/600609239.png?v=2,False,False,SummerTeamBio.csv
517865383,North Adams,North Adams,SteepleCats,NORT,North Adams,Summer,Summer,Summer,sum-new-england-collegiate-baseball-league,SUM New England Collegiate Baseball League,New England Collegiate Baseball League,,https://static.trumedianetworks.com/images/ncaabaseball/teams/517865383.png?v=2,False,True,SummerTeamBio.csv
937167739,North Shore,North Shore,Navigators,NORT,North Shore,Summer,Summer,Summer,sum-new-england-collegiate-baseball-league,SUM New England Collegiate Baseball League,New England Collegiate Baseball League,,https://static.trumedianetworks.com/images/ncaabaseball/teams/937167739.png?v=2,False,True,SummerTeamBio.csv
815199267,Ocean State,Ocean State,Waves,OCEA,Ocean State,Summer,Summer,Summer,sum-new-england-collegiate-baseball-league,SUM New England Collegiate Baseball League,New England Collegiate Baseball League,,https://static.trumedianetworks.com/images/ncaabaseball/teams/815199267.png?v=2,False,False,SummerTeamBio.csv
983138939,Sanford,Sanford,Mainers,SANF,Sanford,Summer,Summer,Summer,sum-new-england-collegiate-baseball-league,SUM New England Collegiate Baseball League,New England Collegiate Baseball League,,https://static.trumedianetworks.com/images/ncaabaseball/teams/983138939.png?v=2,False,False,SummerTeamBio.csv
658186681,Upper Valley,Upper Valley,Nighthawks,UPPE,Upper Valley,Summer,Summer,Summer,sum-new-england-collegiate-baseball-league,SUM New England Collegiate Baseball League,New England Collegiate Baseball League,,https://static.trumedianetworks.com/images/ncaabaseball/teams/658186681.png?v=2,False,False,SummerTeamBio.csv
839315763,Valley,Valley,Blue Sox,VALL,Valley,Summer,Summer,Summer,sum-new-england-collegiate-baseball-league,SUM New England Collegiate Baseball League,New England Collegiate Baseball League,,https://static.trumedianetworks.com/images/ncaabaseball/teams/839315763.png?v=2,False,False,SummerTeamBio.csv
619936449,Vermont,Vermont,Mountaineers,VERM,Vermont,Summer,Summer,Summer,sum-new-england-collegiate-baseball-league,SUM New England Collegiate Baseball League,New England Collegiate Baseball League,,https://static.trumedianetworks.com/images/ncaabaseball/teams/619936449.png?v=2,False,False,SummerTeamBio.csv
986117995,Badlands,Badlands,Big Sticks,BADL,Badlands,Summer,Summer,Summer,sum-northwoods-league,SUM Northwoods League,Northwoods League,,https://static.trumedianetworks.com/images/ncaabaseball/teams/986117995.png?v=2,False,False,SummerTeamBio.csv
794138857,Battle Creek,Battle Creek,Bombers,BATT,Battle Creek,Summer,Summer,Summer,sum-northwoods-league,SUM Northwoods League,Northwoods League,,https://static.trumedianetworks.com/images/ncaabaseball/teams/794138857.png?v=2,False,False,SummerTeamBio.csv
723404532,Bismarck,Bismarck,Larks,BISM,Bismarck,Summer,Summer,Summer,sum-northwoods-league,SUM Northwoods League,Northwoods League,,https://static.trumedianetworks.com/images/ncaabaseball/teams/723404532.png?v=2,False,False,SummerTeamBio.csv
752644203,Duluth,Duluth,Huskies,DULU,Duluth,Summer,Summer,Summer,sum-northwoods-league,SUM Northwoods League,Northwoods League,,https://static.trumedianetworks.com/images/ncaabaseball/teams/752644203.png?v=2,False,False,SummerTeamBio.csv
653442912,Eau Claire,Eau Claire,Express,EAU,Eau Claire,Summer,Summer,Summer,sum-northwoods-league,SUM Northwoods League,Northwoods League,,https://static.trumedianetworks.com/images/ncaabaseball/teams/653442912.png?v=2,False,False,SummerTeamBio.csv
507756015,Fond du Lac,Fond du Lac,Dock Spiders,FOND,Fond du Lac,Summer,Summer,Summer,sum-northwoods-league,SUM Northwoods League,Northwoods League,,https://static.trumedianetworks.com/images/ncaabaseball/teams/507756015.png?v=2,False,False,SummerTeamBio.csv
918020147,Green Bay,Green Bay,Rockers,GREE,Green Bay,Summer,Summer,Summer,sum-northwoods-league,SUM Northwoods League,Northwoods League,,https://static.trumedianetworks.com/images/ncaabaseball/teams/918020147.png?v=2,False,True,SummerTeamBio.csv
691561986,Kalamazoo,Kalamazoo,Growlers,KALA,Kalamazoo,Summer,Summer,Summer,sum-northwoods-league,SUM Northwoods League,Northwoods League,,https://static.trumedianetworks.com/images/ncaabaseball/teams/691561986.png?v=2,False,True,SummerTeamBio.csv
566088734,Kenosha,Kenosha,Kingfish,KENO,Kenosha,Summer,Summer,Summer,sum-northwoods-league,SUM Northwoods League,Northwoods League,,https://static.trumedianetworks.com/images/ncaabaseball/teams/566088734.png?v=2,False,False,SummerTeamBio.csv
858556376,La Crosse,La Crosse,Loggers,LA C,La Crosse,Summer,Summer,Summer,sum-northwoods-league,SUM Northwoods League,Northwoods League,,https://static.trumedianetworks.com/images/ncaabaseball/teams/858556376.png?v=2,False,False,SummerTeamBio.csv
754202429,Lakeshore,Lakeshore,Chinooks,LAKE,Lakeshore,Summer,Summer,Summer,sum-northwoods-league,SUM Northwoods League,Northwoods League,,https://static.trumedianetworks.com/images/ncaabaseball/teams/754202429.png?v=2,False,True,SummerTeamBio.csv
738095658,Madison,Madison,Mallards,MADI,Madison,Summer,Summer,Summer,sum-northwoods-league,SUM Northwoods League,Northwoods League,,https://static.trumedianetworks.com/images/ncaabaseball/teams/738095658.png?v=2,False,False,SummerTeamBio.csv
678391541,Mankato,Mankato,MoonDogs,MANK,Mankato,Summer,Summer,Summer,sum-northwoods-league,SUM Northwoods League,Northwoods League,,https://static.trumedianetworks.com/images/ncaabaseball/teams/678391541.png?v=2,False,False,SummerTeamBio.csv
764233036,Minnesota,Minnesota,Mud Puppies,MINN,Minnesota,Summer,Summer,Summer,sum-northwoods-league,SUM Northwoods League,Northwoods League,,https://static.trumedianetworks.com/images/ncaabaseball/teams/764233036.png?v=2,False,True,SummerTeamBio.csv
745843853,Minot,Minot,Hot Tots,MINO,Minot,Summer,Summer,Summer,sum-northwoods-league,SUM Northwoods League,Northwoods League,,https://static.trumedianetworks.com/images/ncaabaseball/teams/745843853.png?v=2,False,False,SummerTeamBio.csv
960263871,Richmond,Richmond,Flying Mummies,RICH,Richmond,Summer,Summer,Summer,sum-northwoods-league,SUM Northwoods League,Northwoods League,,https://static.trumedianetworks.com/images/ncaabaseball/teams/960263871.png?v=2,False,True,SummerTeamBio.csv
771245755,Rochester,Rochester,Honkers,ROCH,Rochester,Summer,Summer,Summer,sum-northwoods-league,SUM Northwoods League,Northwoods League,,https://static.trumedianetworks.com/images/ncaabaseball/teams/771245755.png?v=2,False,True,SummerTeamBio.csv
904868903,Rockford,Rockford,Rivets,ROCK,Rockford,Summer,Summer,Summer,sum-northwoods-league,SUM Northwoods League,Northwoods League,,https://static.trumedianetworks.com/images/ncaabaseball/teams/904868903.png?v=2,False,True,SummerTeamBio.csv
826649226,Royal Oak,Royal Oak,Leprechauns,ROYA,Royal Oak,Summer,Summer,Summer,sum-northwoods-league,SUM Northwoods League,Northwoods League,,https://static.trumedianetworks.com/images/ncaabaseball/teams/826649226.png?v=2,False,False,SummerTeamBio.csv
551478262,St. Cloud,St. Cloud,Rox,ST.,St. Cloud,Summer,Summer,Summer,sum-northwoods-league,SUM Northwoods League,Northwoods League,,https://static.trumedianetworks.com/images/ncaabaseball/teams/551478262.png?v=2,False,True,SummerTeamBio.csv
833825892,Thunder Bay,Thunder Bay,Border Cats,THUN,Thunder Bay,Summer,Summer,Summer,sum-northwoods-league,SUM Northwoods League,Northwoods League,,https://static.trumedianetworks.com/images/ncaabaseball/teams/833825892.png?v=2,False,False,SummerTeamBio.csv
546924158,Traverse City,Traverse City,Pit Spitters,TRAV,Traverse City,Summer,Summer,Summer,sum-northwoods-league,SUM Northwoods League,Northwoods League,,https://static.trumedianetworks.com/images/ncaabaseball/teams/546924158.png?v=2,False,False,SummerTeamBio.csv
763496134,Waterloo,Waterloo,Bucks,WATE,Waterloo,Summer,Summer,Summer,sum-northwoods-league,SUM Northwoods League,Northwoods League,,https://static.trumedianetworks.com/images/ncaabaseball/teams/763496134.png?v=2,False,False,SummerTeamBio.csv
750766572,Wausau,Wausau,Woodchucks,WAUS,Wausau,Summer,Summer,Summer,sum-northwoods-league,SUM Northwoods League,Northwoods League,,https://static.trumedianetworks.com/images/ncaabaseball/teams/750766572.png?v=2,False,False,SummerTeamBio.csv
741086357,Willmar,Willmar,Stingers,WILL,Willmar,Summer,Summer,Summer,sum-northwoods-league,SUM Northwoods League,Northwoods League,,https://static.trumedianetworks.com/images/ncaabaseball/teams/741086357.png?v=2,False,True,SummerTeamBio.csv
631280907,Wisconsin Rapids,Wisconsin Rapids,Rafters,WISC,Wisconsin Rapids,Summer,Summer,Summer,sum-northwoods-league,SUM Northwoods League,Northwoods League,,https://static.trumedianetworks.com/images/ncaabaseball/teams/631280907.png?v=2,False,True,SummerTeamBio.csv
911343783,Bellingham,Bellingham,Bells,BELL,Bellingham,Summer,Summer,Summer,sum-west-coast-league,SUM West Coast League,West Coast League,,https://static.trumedianetworks.com/images/ncaabaseball/teams/911343783.png?v=2,False,True,SummerTeamBio.csv
952539240,Bend,Bend,Elks,BEND,Bend,Summer,Summer,Summer,sum-west-coast-league,SUM West Coast League,West Coast League,,https://static.trumedianetworks.com/images/ncaabaseball/teams/952539240.png?v=2,False,False,SummerTeamBio.csv
783609008,Corvallis,Corvallis,Knights,CORV,Corvallis,Summer,Summer,Summer,sum-west-coast-league,SUM West Coast League,West Coast League,,https://static.trumedianetworks.com/images/ncaabaseball/teams/783609008.png?v=2,False,False,SummerTeamBio.csv
633133922,Edmonton,Edmonton,Riverhawks,EDMO,Edmonton,Summer,Summer,Summer,sum-west-coast-league,SUM West Coast League,West Coast League,,https://static.trumedianetworks.com/images/ncaabaseball/teams/633133922.png?v=2,False,False,SummerTeamBio.csv
551556465,Kamloops,Kamloops,NorthPaws,KAML,Kamloops,Summer,Summer,Summer,sum-west-coast-league,SUM West Coast League,West Coast League,,https://static.trumedianetworks.com/images/ncaabaseball/teams/551556465.png?v=2,False,False,SummerTeamBio.csv
856943687,Kelowna,Kelowna,Falcons,KELO,Kelowna,Summer,Summer,Summer,sum-west-coast-league,SUM West Coast League,West Coast League,,https://static.trumedianetworks.com/images/ncaabaseball/teams/856943687.png?v=2,False,False,SummerTeamBio.csv
598492153,Marion,Marion,Berries,MARI,Marion,Summer,Summer,Summer,sum-west-coast-league,SUM West Coast League,West Coast League,,https://static.trumedianetworks.com/images/ncaabaseball/teams/598492153.png?v=2,False,True,SummerTeamBio.csv
678932201,Nanaimo,Nanaimo,NightOwls,NANA,Nanaimo,Summer,Summer,Summer,sum-west-coast-league,SUM West Coast League,West Coast League,,https://static.trumedianetworks.com/images/ncaabaseball/teams/678932201.png?v=2,False,False,SummerTeamBio.csv
754105378,Port Angeles,Port Angeles,Lefties,PORT,Port Angeles,Summer,Summer,Summer,sum-west-coast-league,SUM West Coast League,West Coast League,,https://static.trumedianetworks.com/images/ncaabaseball/teams/754105378.png?v=2,False,True,SummerTeamBio.csv
870264241,Portland,Portland,Pickles,PORT,Portland,Summer,Summer,Summer,sum-west-coast-league,SUM West Coast League,West Coast League,,https://static.trumedianetworks.com/images/ncaabaseball/teams/870264241.png?v=2,False,True,SummerTeamBio.csv
754034370,Ridgefield,Ridgefield,Raptors,RIDG,Ridgefield,Summer,Summer,Summer,sum-west-coast-league,SUM West Coast League,West Coast League,,https://static.trumedianetworks.com/images/ncaabaseball/teams/754034370.png?v=2,False,False,SummerTeamBio.csv
872208959,Springfield,Springfield,Drifters,SPRI,Springfield,Summer,Summer,Summer,sum-west-coast-league,SUM West Coast League,West Coast League,,https://static.trumedianetworks.com/images/ncaabaseball/teams/872208959.png?v=2,False,True,SummerTeamBio.csv
623564645,Victoria,Victoria,HarbourCats,VICT,Victoria,Summer,Summer,Summer,sum-west-coast-league,SUM West Coast League,West Coast League,,https://static.trumedianetworks.com/images/ncaabaseball/teams/623564645.png?v=2,False,False,SummerTeamBio.csv
539619212,Walla Walla,Walla Walla,Sweets,WALL,Walla Walla,Summer,Summer,Summer,sum-west-coast-league,SUM West Coast League,West Coast League,,https://static.trumedianetworks.com/images/ncaabaseball/teams/539619212.png?v=2,False,False,SummerTeamBio.csv
654558733,Wenatchee,Wenatchee,AppleSox,WENA,Wenatchee,Summer,Summer,Summer,sum-west-coast-league,SUM West Coast League,West Coast League,,https://static.trumedianetworks.com/images/ncaabaseball/teams/654558733.png?v=2,False,False,SummerTeamBio.csv
952384487,Yakima Valley,Yakima Valley,Pippins,YAKI,Yakima Valley,Summer,Summer,Summer,sum-west-coast-league,SUM West Coast League,West Coast League,,https://static.trumedianetworks.com/images/ncaabaseball/teams/952384487.png?v=2,False,False,SummerTeamBio.csv
