team_name,logo_url,source,trackman_team,trackman_abbr,conference,game_reference,match_score,review
Abilene Christian,https://www.ncaa.com/sites/default/files/images/logos/schools/bgl/abilene-christian.svg,NCAA D1,Abilene Christian Wildcats,ABI_WIL,WAC,AbileneChristian,97,
Air Force,https://www.ncaa.com/sites/default/files/images/logos/schools/bgl/air-force.svg,NCAA D1,Air Force,AIR_FOR,MW,FalconField,100,
Akron,https://www.ncaa.com/sites/default/files/images/logos/schools/bgl/akron.svg,NCAA D1,University of Akron,AKR_ZIP,MAC,UofAkron,100,
Alabama,https://www.ncaa.com/sites/default/files/images/logos/schools/bgl/alabama.svg,NCAA D1,Alabama Crimson Tide,ALA_CRI,SEC,SwellThomasStadium,94,
Alabama A&M,https://www.ncaa.com/sites/default/files/images/logos/schools/bgl/alabama-am.svg,NCAA D1,,ALA_ANM,,,,
Alabama State,https://www.ncaa.com/sites/default/files/images/logos/schools/bgl/alabama-st.svg,NCAA D1,Alabama State University,ALA_HOR,SWAC,AlabamaState,100,
Albany,https://www.ncaa.com/sites/default/files/images/logos/schools/bgl/albany-ny.svg,NCAA D1,,ALB_GRE,,,,
Alcorn State,https://www.ncaa.com/sites/default/files/images/logos/schools/bgl/alcorn.svg,NCAA D1,,ALC_BRA,,,,
Appalachian State,https://www.ncaa.com/sites/default/files/images/logos/schools/bgl/appalachian-st.svg,NCAA D1,Appalachian State Mountaineers,APP_MOU,SBELT,JimBettieSmith,97,
Arizona,https://www.ncaa.com/sites/default/files/images/logos/schools/bgl/arizona.svg,NCAA D1,Arizona Wildcats,ARI_WIL,BIG12,UArizona,97,
Arizona State,https://www.ncaa.com/sites/default/files/images/logos/schools/bgl/arizona-st.svg,NCAA D1,Arizona State University,ARI_SUN,BIG12,PhoenixMunicipal,100,
Arkansas,https://www.ncaa.com/sites/default/files/images/logos/schools/bgl/arkansas.svg,NCAA D1,Arkansas Razorbacks,ARK_RAZ,SEC,BaumStadium,97,
Arkansas State,https://www.ncaa.com/sites/default/files/images/logos/schools/bgl/arkansas-st.svg,NCAA D1,Arkansas State Red Wolves,ASU_RED,SBELT,KellField,94,
Arkansas-Pine Bluff,https://www.ncaa.com/sites/default/files/images/logos/schools/bgl/ark-pine-bluff.svg,NCAA D1,,ARK_LIO,,,,
Army,https://www.ncaa.com/sites/default/files/images/logos/schools/bgl/army.svg,NCAA D1,Army West Point Black Knights,ARM_BLA,PAT,ArmyWestPoint,88,
Auburn,https://www.ncaa.com/sites/default/files/images/logos/schools/bgl/auburn.svg,NCAA D1,Auburn Tigers,AUB_TIG,SEC,PlainsmanPark,97,
Austin Peay,https://www.ncaa.com/sites/default/files/images/logos/schools/bgl/austin-peay.svg,NCAA D1,Austin Peay State Governors,AUS_GOV,ASUN,RaymondHand,69,yes
Ball State,https://www.ncaa.com/sites/default/files/images/logos/schools/bgl/ball-st.svg,NCAA D1,Ball State University,BAL_CAR,MAC,BallState,100,
Baylor,https://www.ncaa.com/sites/default/files/images/logos/schools/bgl/baylor.svg,NCAA D1,Baylor Bears,BAY_BEA,BIG12,Baylor,97,
Bellarmine,https://www.ncaa.com/sites/default/files/images/logos/schools/bgl/bellarmine.svg,NCAA D1,,BEL_KNI,SBELT,,,
Belmont,https://www.ncaa.com/sites/default/files/images/logos/schools/bgl/belmont.svg,NCAA D1,Belmont Bruins,BEL_BRU,MVC,ESRosePark,97,
Bethune-Cookman,https://www.ncaa.com/sites/default/files/images/logos/schools/bgl/bethune-cookman.svg,NCAA D1,Bethune-Cookman University,BET_WIL,ACC,JackieRobinson,100,
Binghamton,https://www.ncaa.com/sites/default/files/images/logos/schools/bgl/binghamton.svg,NCAA D1,Binghamton Bearcats,BIN_BEA,AMEAST,BinghamtonUniversity,97,
Boston College,https://www.ncaa.com/sites/default/files/images/logos/schools/bgl/boston-college.svg,NCAA D1,Boston College Eagles,BOC_EAG,ACC,HarringtonVillage,97,
Bowling Green,https://www.ncaa.com/sites/default/files/images/logos/schools/bgl/bowling-green.svg,NCAA D1,,BGS_FAL,,,,
Bradley,https://www.ncaa.com/sites/default/files/images/logos/schools/bgl/bradley.svg,NCAA D1,Bradley Braves,BRA_BRA,MVC,DozerPark,97,
Brown,https://www.ncaa.com/sites/default/files/images/logos/schools/bgl/brown.svg,NCAA D1,Brown Bears,BRO_BEA,IVY,MurrayStadium,97,
Bryant,https://www.ncaa.com/sites/default/files/images/logos/schools/bgl/bryant.svg,NCAA D1,Bryant University,BRY_BUL,AMEAST,BryantUniversity,100,
Bucknell,https://www.ncaa.com/sites/default/files/images/logos/schools/bgl/bucknell.svg,NCAA D1,Bucknell Bisons,BUC_BIS,PAT,DepewField,97,
Butler,https://www.ncaa.com/sites/default/files/images/logos/schools/bgl/butler.svg,NCAA D1,Butler University,BUT_BUL,BEAST,BulldogPark,100,
BYU,https://www.ncaa.com/sites/default/files/images/logos/schools/bgl/byu.svg,NCAA D1,BYU Cougars,BYU_COU,BIG12,BrighamYoung,97,
Cal Poly,https://www.ncaa.com/sites/default/files/images/logos/schools/bgl/cal-poly.svg,NCAA D1,Cal Poly Mustangs,CAL_MUS,BW,BaggettStadium,97,
Cal State Fullerton,https://www.ncaa.com/sites/default/files/images/logos/schools/bgl/cal-st-fullerton.svg,NCAA D1,Cal State Fullerton,CAL_FUL,BW,GoodwinField,100,
Cal State Northridge,https://www.ncaa.com/sites/default/files/images/logos/schools/bgl/cal-st-northridge.svg,NCAA D1,Cal State Northridge Matadors,CAL_MAT,BW,Matador Field,97,
California,https://www.ncaa.com/sites/default/files/images/logos/schools/bgl/california.svg,NCAA D1,California Golden Bears,CAL_BEA,ACC,CalBerkeley,94,
California Baptist,https://www.ncaa.com/sites/default/files/images/logos/schools/bgl/california-baptist.svg,NCAA D1,California Baptist Lancers,CAL_LAN,WAC,705-CalBaptistBaseballField,97,
Campbell,https://www.ncaa.com/sites/default/files/images/logos/schools/bgl/campbell.svg,NCAA D1,Campbell Camels,CAM_CAM,CAA,JimPerry,97,
Canisius,https://www.ncaa.com/sites/default/files/images/logos/schools/bgl/canisius.svg,NCAA D1,,CAN_GRI,,,,
Central Arkansas,https://www.ncaa.com/sites/default/files/images/logos/schools/bgl/central-ark.svg,NCAA D1,,CEN_BEA,,,,
Central Connecticut,https://www.ncaa.com/sites/default/files/images/logos/schools/bgl/central-conn-st.svg,NCAA D1,,CCU_BLD,ACC,,,
Central Michigan,https://www.ncaa.com/sites/default/files/images/logos/schools/bgl/central-mich.svg,NCAA D1,Central Michigan,CEN_MIC,MAC,KeilitzField,100,
Charleston Southern,https://www.ncaa.com/sites/default/files/images/logos/schools/bgl/charleston-so.svg,NCAA D1,Charleston Southern Buccaneers,CHA_BUC,BSOU,CSUBallparkNielsen,97,
Charlotte,https://www.ncaa.com/sites/default/files/images/logos/schools/bgl/charlotte.svg,NCAA D1,Charlotte 49ers,CHA_FOR,AMER,UNCCharlotte,97,
Cincinnati,https://www.ncaa.com/sites/default/files/images/logos/schools/bgl/cincinnati.svg,NCAA D1,Cincinnati Bearcats,CIN_BEA,BIG12,UCincinnati,97,
Clemson,https://www.ncaa.com/sites/default/files/images/logos/schools/bgl/clemson.svg,NCAA D1,Clemson Tigers,CLE_TIG,ACC,KingsmoreStadium,97,
Coastal Carolina,https://www.ncaa.com/sites/default/files/images/logos/schools/bgl/coastal-caro.svg,NCAA D1,Coastal Carolina Chanticleers,COA_CHA,SBELT,SpringsBrooksStadium,97,
College of Charleston,https://www.ncaa.com/sites/default/files/images/logos/schools/bgl/col-of-charleston.svg,NCAA D1,College of Charleston Cougars,COL_CHA,CAA,BallparkAtPatriotPoint,97,
Columbia,https://www.ncaa.com/sites/default/files/images/logos/schools/bgl/columbia.svg,NCAA D1,Columbia Lions,COL_LION,IVY,Robertson Field,97,
Connecticut,https://www.ncaa.com/sites/default/files/images/logos/schools/bgl/uconn.svg,NCAA D1,University of Connecticut,UCO_HUS,BEAST,UConn,100,
Coppin State,https://www.ncaa.com/sites/default/files/images/logos/schools/bgl/coppin-st.svg,NCAA D1,Coppin State Eagles,COP_STA,,CoppinState,97,
Cornell,https://www.ncaa.com/sites/default/files/images/logos/schools/bgl/cornell.svg,NCAA D1,Cornell University,COR_BRE,IVY,BoothBaseballField,100,
Creighton,https://www.ncaa.com/sites/default/files/images/logos/schools/bgl/creighton.svg,NCAA D1,Creighton Blue Jays,CRE_BLU,BEAST,TDAmeritrade,94,
CSU Bakersfield,https://www.ncaa.com/sites/default/files/images/logos/schools/bgl/bakersfield.svg,NCAA D1,CSU Bakersfield,CSU_BAK,BW,HardtField,100,
Dallas Baptist,https://www.ncaa.com/sites/default/files/images/logos/schools/bgl/dallas-baptist.svg,NCAA D1,Dallas Baptist Patriots,DAL_PAT,CUSA,DallasBaptist,97,
Dartmouth,https://www.ncaa.com/sites/default/files/images/logos/schools/bgl/dartmouth.svg,NCAA D1,,DAR_GRE,,,,
Davidson,https://www.ncaa.com/sites/default/files/images/logos/schools/bgl/davidson.svg,NCAA D1,Davidson WIldcats,DAV_WIL,A10,WilsonField,97,
Dayton,https://www.ncaa.com/sites/default/files/images/logos/schools/bgl/dayton.svg,NCAA D1,Dayton Flyers,DAY_FLY,A10,WoernerField,97,
Delaware,https://www.ncaa.com/sites/default/files/images/logos/schools/bgl/delaware.svg,NCAA D1,Delaware Blue Hens,DEL_BLU,CAA,BobHannahStadium,94,
Delaware State,https://www.ncaa.com/sites/default/files/images/logos/schools/bgl/delaware-st.svg,NCAA D1,Delaware State Hornets,DEL_HOR,BEAST,DelawareState,97,
Duke,https://www.ncaa.com/sites/default/files/images/logos/schools/bgl/duke.svg,NCAA D1,Duke Blue Devils,DUK_BLU,ACC,JackCoombs,94,
East Carolina,https://www.ncaa.com/sites/default/files/images/logos/schools/bgl/east-carolina.svg,NCAA D1,East Carolina Pirates,ECU_PIR,AMER,ClarkLeClair,97,
East Tennessee State,https://www.ncaa.com/sites/default/files/images/logos/schools/bgl/east-tenn-st.svg,NCAA D1,East Tennessee State University,ETS_BUC,SOCON,EastTennesseeState,100,
Eastern Illinois,https://www.ncaa.com/sites/default/files/images/logos/schools/bgl/eastern-ill.svg,NCAA D1,Eastern Illinois Panthers,EIU_PAN,,CoachesStadium,97,
Eastern Kentucky,https://www.ncaa.com/sites/default/files/images/logos/schools/bgl/eastern-ky.svg,NCAA D1,Eastern Kentucky Colonel,EKU_COL,ASUN,EarleCombsStadium,97,
Eastern Michigan,https://www.ncaa.com/sites/default/files/images/logos/schools/bgl/eastern-mich.svg,NCAA D1,Eastern Michigan University,EMU_EAG,MAC,OestrikeStadium,100,
Elon,https://www.ncaa.com/sites/default/files/images/logos/schools/bgl/elon.svg,NCAA D1,Elon Phoenix,ELO_PHO,CAA,LathamPark,97,
Evansville,https://www.ncaa.com/sites/default/files/images/logos/schools/bgl/evansville.svg,NCAA D1,University of Evansville Purple Aces,EVA_ACE,MVC,EvansvilleU,94,
Fairfield,https://www.ncaa.com/sites/default/files/images/logos/schools/bgl/fairfield.svg,NCAA D1,,FAI_STA,SBELT,,,
Fairleigh Dickinson,https://www.ncaa.com/sites/default/files/images/logos/schools/bgl/fdu.svg,NCAA D1,Fairleigh Dickinson Knights,FDU_KNI,,NaimoliBaseballComplex,97,
FGCU,https://www.ncaa.com/sites/default/files/images/logos/schools/bgl/fgcu.svg,NCAA D1,Florida Gulf Coast Eagles,FGCU,ASUN,SwansonStadium,100,
Florida,https://www.ncaa.com/sites/default/files/images/logos/schools/bgl/florida.svg,NCAA D1,University of Florida,FLA_GAT,SEC,CondronBallpark,100,
Florida A&M,https://www.ncaa.com/sites/default/files/images/logos/schools/bgl/florida-am.svg,NCAA D1,,FLO_RAT,,,,
Florida Atlantic,https://www.ncaa.com/sites/default/files/images/logos/schools/bgl/fla-atlantic.svg,NCAA D1,Florida Atlantic Owls,FAU_OWL,,FAUBaseballStadium,97,
Florida International,https://www.ncaa.com/sites/default/files/images/logos/schools/bgl/fiu.svg,NCAA D1,Florida International Panthers,FLO_PAN,CUSA,FIUBaseballStadium,97,
Florida State,https://www.ncaa.com/sites/default/files/images/logos/schools/bgl/florida-st.svg,NCAA D1,Florida State Seminoles,FLO_SEM,ACC,DickHowserStadium,97,
Fordham,https://www.ncaa.com/sites/default/files/images/logos/schools/bgl/fordham.svg,NCAA D1,Fordham Rams,FOR_RAM,A10,FordhamUniversity,97,
Fresno State,https://www.ncaa.com/sites/default/files/images/logos/schools/bgl/fresno-st.svg,NCAA D1,Fresno State Bulldogs,FRE_BUL,MW,PeteBeidenField,97,
Gardner-Webb,https://www.ncaa.com/sites/default/files/images/logos/schools/bgl/gardner-webb.svg,NCAA D1,,GAR_RUN,,,,
George Mason,https://www.ncaa.com/sites/default/files/images/logos/schools/bgl/george-mason.svg,NCAA D1,George Mason University Patriots,GEO_PAT,A10,SpuhlerFieldMain,69,yes
George Washington,https://www.ncaa.com/sites/default/files/images/logos/schools/bgl/george-washington.svg,NCAA D1,George Washington Colonials,GEO_COL,A10,TuckerFieldatBarcroftPark,97,
Georgetown,https://www.ncaa.com/sites/default/files/images/logos/schools/bgl/georgetown.svg,NCAA D1,,GEO_HOY,,,,
University of Georgia,https://www.ncaa.com/sites/default/files/images/logos/schools/bgl/georgia.svg,NCAA D1,Georgia Bulldogs,GEO_BUL,SEC,UGeorgia,97,
Georgia Southern,https://www.ncaa.com/sites/default/files/images/logos/schools/bgl/ga-southern.svg,NCAA D1,Georgia Southern Eagles,GEO_EAG,SBELT,GeorgiaSouthern,97,
Georgia State,https://www.ncaa.com/sites/default/files/images/logos/schools/bgl/georgia-st.svg,NCAA D1,Georgia State Panthers,GEO_PAN,SBELT,GeorgiaState,97,
Georgia Tech,https://www.ncaa.com/sites/default/files/images/logos/schools/bgl/georgia-tech.svg,NCAA D1,Georgia Tech Yellow Jackets,GIT_YEL,ACC,GeorgiaTech,94,
Gonzaga,https://www.ncaa.com/sites/default/files/images/logos/schools/bgl/gonzaga.svg,NCAA D1,Gonzaga Bulldogs,GON_BUL,WCC,PattersonBaseballComplex,97,
Grambling,https://www.ncaa.com/sites/default/files/images/logos/schools/bgl/grambling.svg,NCAA D1,,GRA_TIG,,,,
Grand Canyon,https://www.ncaa.com/sites/default/files/images/logos/schools/bgl/grand-canyon.svg,NCAA D1,Grand Canyon Antelopes,GRA_CAN,WAC,BrazellField,97,
Harvard,https://www.ncaa.com/sites/default/files/images/logos/schools/bgl/harvard.svg,NCAA D1,Harvard Crimson,HAR_CRI,IVY,OdonnellFieldHarvard,97,
Hawaii,https://www.ncaa.com/sites/default/files/images/logos/schools/bgl/hawaii.svg,NCAA D1,,HAW_WAR,BW,,,
High Point,https://www.ncaa.com/sites/default/files/images/logos/schools/bgl/high-point.svg,NCAA D1,High Point Panthers,HIG_PAN,BSOU,HighPointUniversity,97,
Hofstra,https://www.ncaa.com/sites/default/files/images/logos/schools/bgl/hofstra.svg,NCAA D1,Hofstra University,HOF_PRI,CAA,UniversityField,100,
Holy Cross,https://www.ncaa.com/sites/default/files/images/logos/schools/bgl/holy-cross.svg,NCAA D1,,HOL_CRU,,,,
Houston,https://www.ncaa.com/sites/default/files/images/logos/schools/bgl/houston.svg,NCAA D1,U Houston Cougars,HOU_COU,BIG12,UofHouston,97,
Houston Christian,https://www.ncaa.com/sites/default/files/images/logos/schools/bgl/houston-christian.svg,NCAA D1,Houston Christian Huskies,HBU_HUS,,HuskyField,97,
Illinois,https://www.ncaa.com/sites/default/files/images/logos/schools/bgl/illinois.svg,NCAA D1,Illinois Fighting Illini,ILL_ILL,BIG10,IllinoisField,94,
Illinois State,https://www.ncaa.com/sites/default/files/images/logos/schools/bgl/illinois-st.svg,NCAA D1,Illinois State Redbirds,ILL_RED,MVC,IllinoisStateUniversity,97,
Illinois-Chicago,https://www.ncaa.com/sites/default/files/images/logos/schools/bgl/ill-chicago.svg,NCAA D1,,UIC_FLA,MVC,,,
Incarnate Word,https://www.ncaa.com/sites/default/files/images/logos/schools/bgl/incarnate-word.svg,NCAA D1,Incarnate Word Cardinals,IWC,,SullivanField,97,
Indiana,https://www.ncaa.com/sites/default/files/images/logos/schools/bgl/indiana.svg,NCAA D1,Indiana Hoosiers,IU,BIG10,BartKaufman,97,
Indiana State,https://www.ncaa.com/sites/default/files/images/logos/schools/bgl/indiana-st.svg,NCAA D1,Indiana State University,IND_SYC,MVC,IndianaState,100,
Iona,https://www.ncaa.com/sites/default/files/images/logos/schools/bgl/iona.svg,NCAA D1,,ION_GAE,,,,
Iowa,https://www.ncaa.com/sites/default/files/images/logos/schools/bgl/iowa.svg,NCAA D1,Iowa Hawkeyes,IOW_HAW,BIG10,DuaneBanks,97,
Jackson State,https://www.ncaa.com/sites/default/files/images/logos/schools/bgl/jackson-st.svg,NCAA D1,Jackson State University,JAC_TIG,,JacksonState,100,
Jacksonville,https://www.ncaa.com/sites/default/files/images/logos/schools/bgl/jacksonville.svg,NCAA D1,,JUD,ASUN,,,
Jacksonville State,https://www.ncaa.com/sites/default/files/images/logos/schools/bgl/jacksonville-st.svg,NCAA D1,Jacksonville State Gamecocks,JAC_GAM,CUSA,RudyAbbottField,97,
James Madison,https://www.ncaa.com/sites/default/files/images/logos/schools/bgl/james-madison.svg,NCAA D1,James Madison Dukes,JMU_DUK,SBELT,EagleFieldJMU,97,
Kansas,https://www.ncaa.com/sites/default/files/images/logos/schools/bgl/kansas.svg,NCAA D1,Kansas Jayhawks,KAN_JAY,BIG12,KansasUniversity,97,
Kansas State,https://www.ncaa.com/sites/default/files/images/logos/schools/bgl/kansas-st.svg,NCAA D1,Kansas State Wildcats,KAN_WIL,BIG12,KansasState,97,
Kennesaw State,https://www.ncaa.com/sites/default/files/images/logos/schools/bgl/kennesaw-st.svg,NCAA D1,Kennesaw State Owls,KEN_OWL,CUSA,KennesawState,97,
Kent State,https://www.ncaa.com/sites/default/files/images/logos/schools/bgl/kent-st.svg,NCAA D1,Kent State Golden Flashes,KS_GF,MVC,OlgaMuralField,94,
Kentucky,https://www.ncaa.com/sites/default/files/images/logos/schools/bgl/kentucky.svg,NCAA D1,Kentucky Wildcats,KEN_WIL,SEC,UKentucky,97,
La Salle,https://dxbhsrqyrr690.cloudfront.net/sidearm.nextgen.sites/lasalle.sidearmsports.com/images/responsive_2024/logo_main.svg,NCAA D1,,LAS_EXS,,,,
Lafayette,https://www.ncaa.com/sites/default/files/images/logos/schools/bgl/lafayette.svg,NCAA D1,Lafayette Leopards,LAF_LEP,PAT,HiltonRahnField,97,
Lamar,https://www.ncaa.com/sites/default/files/images/logos/schools/bgl/lamar.svg,NCAA D1,Lamar University,LAM_CAR,SLAND,LamarUniversity,100,
Le Moyne,https://www.ncaa.com/sites/default/files/images/logos/schools/bgl/le-moyne.svg,NCAA D1,,MOY_MOY,,,,
Lehigh,https://www.ncaa.com/sites/default/files/images/logos/schools/bgl/lehigh.svg,NCAA D1,Lehigh University Mountain Hawks,LEH_MOU,PAT,J.DavidWalkerField,66,yes
Liberty,https://www.ncaa.com/sites/default/files/images/logos/schools/bgl/liberty.svg,NCAA D1,Liberty Flames,LIB_FLA,CUSA,Liberty,97,
Lindenwood,https://www.ncaa.com/sites/default/files/images/logos/schools/bgl/lindenwood.svg,NCAA D1,Lindenwood University Lions,LIN_UNI,,SullivanField,69,yes
Lipscomb,https://www.ncaa.com/sites/default/files/images/logos/schools/bgl/lipscomb.svg,NCAA D1,Lipscomb Bisons,LIP_BIS,ASUN,Lipscomb,97,
Little Rock,https://www.ncaa.com/sites/default/files/images/logos/schools/bgl/ualr.svg,NCAA D1,Little Rock Trojans,LIT_TRO,SEC,GaryHoganField,97,
Long Beach State,https://www.ncaa.com/sites/default/files/images/logos/schools/bgl/long-beach-st.svg,NCAA D1,Long Beach State Dirtbags,LON_DIR,BW,BlairField,97,
Long Island,https://www.ncaa.com/sites/default/files/images/logos/schools/bgl/long-island.svg,NCAA D1,Long Island University Sharks,LON_ISL22,NEC,LIUField,69,yes
Longwood,https://www.ncaa.com/sites/default/files/images/logos/schools/bgl/longwood.svg,NCAA D1,Longwood Lancers,LON_LAN,BSOU,BuddyBoldingStadium,97,
Louisiana,https://www.ncaa.com/sites/default/files/images/logos/schools/bgl/la-lafayette.svg,NCAA D1,Louisiana Lafayette Ragin Cajuns,LOU_CAJ,SBELT,LouisianaLafayette,91,
Louisiana Tech,https://www.ncaa.com/sites/default/files/images/logos/schools/bgl/louisiana-tech.svg,NCAA D1,Louisiana Tech Bulldogs,LOU_BUL,CUSA,JCLoveFieldatPatPattersonPark,97,
Louisville,https://www.ncaa.com/sites/default/files/images/logos/schools/bgl/louisville.svg,NCAA D1,Louisville Cardinals,LOU_CAR,ACC,JimPatterson,97,
Loyola Marymount,https://www.ncaa.com/sites/default/files/images/logos/schools/bgl/loyola-marymount.svg,NCAA D1,Loyola Marymount Lions,LOY_LIO,WCC,LoyolaMarymount,97,
LSU,https://www.ncaa.com/sites/default/files/images/logos/schools/bgl/lsu.svg,NCAA D1,LSU Tigers,LSU_TIG,SEC,LSU,97,
Maine,https://www.ncaa.com/sites/default/files/images/logos/schools/bgl/maine.svg,NCAA D1,,MAI_BLA,,,,
Manhattan,https://www.ncaa.com/sites/default/files/images/logos/schools/bgl/manhattan.svg,NCAA D1,,MAN_JAS,,,,
Marist,https://www.ncaa.com/sites/default/files/images/logos/schools/bgl/marist.svg,NCAA D1,Marist Red Foxes,MAR_RED,,McCannField,94,
Marshall,https://www.ncaa.com/sites/default/files/images/logos/schools/bgl/marshall.svg,NCAA D1,Marshall University,MAR_THU,SBELT,JackCookField,100,
Maryland,https://www.ncaa.com/sites/default/files/images/logos/schools/bgl/maryland.svg,NCAA D1,University of Maryland,MAR_TER,BIG10,BobSmithStadium,100,
McNeese,https://www.ncaa.com/sites/default/files/images/logos/schools/bgl/mcneese.svg,NCAA D1,McNeese State Cowboys,MCN_COW,SLAND,JoeMillerBallpark,69,yes
Memphis,https://www.ncaa.com/sites/default/files/images/logos/schools/bgl/memphis.svg,NCAA D1,Memphis Tigers,MT,AMER,FedExPark,97,
Mercer,https://www.ncaa.com/sites/default/files/images/logos/schools/bgl/mercer.svg,NCAA D1,Mercer Bears,MER_BEA,SOCON,MercerUniversity,97,
Mercyhurst,https://www.ncaa.com/sites/default/files/images/logos/schools/bgl/mercyhurst.svg,NCAA D1,,MER_UNI,,,,
Merrimack,https://www.ncaa.com/sites/default/files/images/logos/schools/bgl/merrimack.svg,NCAA D1,,MER_COL1,,,,
Miami,https://www.ncaa.com/sites/default/files/images/logos/schools/bgl/miami-fl.svg,NCAA D1,Miami Hurricanes,MIA_HUR,ACC,UofMiami,97,
Miami (OH),https://www.ncaa.com/sites/default/files/images/logos/schools/bgl/miami-oh.svg,NCAA D1,Miami (Ohio) Redhawks,MIA_RED,MAC,McKieFieldStad,69,yes
Michigan,https://www.ncaa.com/sites/default/files/images/logos/schools/bgl/michigan.svg,NCAA D1,Michigan Wolverines,MIC_WOL,BIG10,RayFisher,97,
Michigan State,https://www.ncaa.com/sites/default/files/images/logos/schools/bgl/michigan-st.svg,NCAA D1,Michigan State Spartans,MIC_SPA,BIG10,MichiganState,97,
Middle Tennessee,https://www.ncaa.com/sites/default/files/images/logos/schools/bgl/middle-tenn.svg,NCAA D1,Middle Tennessee State Blue Raiders,MTSU_BLU,CUSA,ReeseField,66,yes
Milwaukee,https://www.ncaa.com/sites/default/files/images/logos/schools/bgl/milwaukee.svg,NCAA D1,,UWM_PAN,,,,
Minnesota,https://www.ncaa.com/sites/default/files/images/logos/schools/bgl/minnesota.svg,NCAA D1,Minnesota Golden Gophers,MIN_GOL,BIG10,SiebertField,94,
Mississippi State,https://www.ncaa.com/sites/default/files/images/logos/schools/bgl/mississippi-st.svg,NCAA D1,Mississippi State Bulldogs,MSU_BDG,SEC,MSST,97,
Mississippi Valley,https://www.ncaa.com/sites/default/files/images/logos/schools/bgl/mississippi-val.svg,NCAA D1,,MIS_DEL,,,,
Missouri,https://www.ncaa.com/sites/default/files/images/logos/schools/bgl/missouri.svg,NCAA D1,Missouri Tigers,MIZ_TIG,SEC,TaylorStadium,97,
Missouri State,https://www.ncaa.com/sites/default/files/images/logos/schools/bgl/missouri-st.svg,NCAA D1,Missouri State Bears,MIS_BEA,MVC,Hammons,97,
Monmouth,https://www.ncaa.com/sites/default/files/images/logos/schools/bgl/monmouth.svg,NCAA D1,Monmouth University,MON_HAW,CAA,MonmouthU,100,
Morehead State,https://www.ncaa.com/sites/default/files/images/logos/schools/bgl/morehead-st.svg,NCAA D1,Morehead State Eagles,MOR_EAG,OVC,AllenField,97,
Mount St. Mary's,https://www.ncaa.com/sites/default/files/images/logos/schools/bgl/mt-st-marys.svg,NCAA D1,Mount Saint Mary's Mountaineers,MSM_MTN,NEC,ETStrawFamilyStadium,97,
Murray State,https://www.ncaa.com/sites/default/files/images/logos/schools/bgl/murray-st.svg,NCAA D1,Murray State Racers,MUR_RAC,SEC,ReaganField,97,
Navy,https://www.ncaa.com/sites/default/files/images/logos/schools/bgl/navy.svg,NCAA D1,Navy Midshipmen,NAV_MID,PAT,USNavalAcademy,97,
NC State,https://www.ncaa.com/sites/default/files/images/logos/schools/bgl/north-carolina-st.svg,NCAA D1,,NOR_WOL,ACC,,,
Nebraska,https://www.ncaa.com/sites/default/files/images/logos/schools/bgl/nebraska.svg,NCAA D1,Nebraska Cornhuskers,NEB,BIG10,UNebraska,97,
Nevada,https://www.ncaa.com/sites/default/files/images/logos/schools/bgl/nevada.svg,NCAA D1,Nevada Wolf Pack,NEV_WOL,MW,DonWeirField,94,
New Haven,https://www.ncaa.com/sites/default/files/images/logos/schools/bgl/new-haven.svg,NCAA D1,,NEW_HAV,,,,
New Mexico,https://www.ncaa.com/sites/default/files/images/logos/schools/bgl/new-mexico.svg,NCAA D1,New Mexico Lobos,MEX_LOB,MW,SantaAnaStarField,97,
New Mexico State,https://www.ncaa.com/sites/default/files/images/logos/schools/bgl/new-mexico-st.svg,NCAA D1,New Mexico State Aggies,NMS_AGG,CUSA,PresleyAskewField,97,
New Orleans,https://www.ncaa.com/sites/default/files/images/logos/schools/bgl/new-orleans.svg,NCAA D1,New Orleans Privateers,NEW_PRI,SLAND,MaestriField,97,
Niagara,https://images.sidearmdev.com/fit?url=https%3a%2f%2fdxbhsrqyrr690.cloudfront.net%2fsidearm.nextgen.sites%2fniagara.sidearmsports.com%2fimages%2flogos%2fsite%2fsite.png&height=200&width=200&type=webp,NCAA D1,Niagara University Purple Eagles,NIA_EAG,,BoboField,66,yes
Nicholls,https://www.ncaa.com/sites/default/files/images/logos/schools/bgl/nicholls-st.svg,NCAA D1,Nicholls State Colonels,NIC_COL,SLAND,BenMeyerDiamond,69,yes
NJIT,https://www.ncaa.com/sites/default/files/images/logos/schools/bgl/njit.svg,NCAA D1,,NJI_HIG,,,,
Norfolk State,https://www.ncaa.com/sites/default/files/images/logos/schools/bgl/norfolk-st.svg,NCAA D1,,NOR_SPA,,,,
North Alabama,https://www.ncaa.com/sites/default/files/images/logos/schools/bgl/north-ala.svg,NCAA D1,North Alabama Lions,ALA_LIO,ASUN,MikeDLaneField,97,
North Carolina,https://www.ncaa.com/sites/default/files/images/logos/schools/bgl/north-carolina.svg,NCAA D1,North Carolina Tar Heels,NOR_TAR,ACC,UNC,94,
North Carolina A&T,https://www.ncaa.com/sites/default/files/images/logos/schools/bgl/nc-at.svg,NCAA D1,,NOR_AGG,,,,
North Dakota State,https://www.ncaa.com/sites/default/files/images/logos/schools/bgl/north-dakota-st.svg,NCAA D1,North Dakota State University,NOR_BIS,SEC,NewmanOutdoorField,100,
North Florida,https://www.ncaa.com/sites/default/files/images/logos/schools/bgl/north-florida.svg,NCAA D1,North Florida Osprey,NOF_OSP,,UNorthFlorida,97,
Northeastern,https://www.ncaa.com/sites/default/files/images/logos/schools/bgl/northeastern.svg,NCAA D1,Northeastern Huskies,NOR_HUS,CAA,FriedmanDiamond,97,
Northern Colorado,https://www.ncaa.com/sites/default/files/images/logos/schools/bgl/northern-colo.svg,NCAA D1,,NCB,,,,
Northern Illinois,https://www.ncaa.com/sites/default/files/images/logos/schools/bgl/northern-ill.svg,NCAA D1,Northern Illinois University,NIU_HUS,MAC,NorthernIllinois,100,
Northern Kentucky,https://www.ncaa.com/sites/default/files/images/logos/schools/bgl/northern-ky.svg,NCAA D1,,NOK_NOR,,,,
Northwestern,https://www.ncaa.com/sites/default/files/images/logos/schools/bgl/northwestern.svg,NCAA D1,Northwestern Wildcats,NOR_CAT,BIG10,Northwestern,97,
Northwestern State,https://www.ncaa.com/sites/default/files/images/logos/schools/bgl/northwestern-st.svg,NCAA D1,Northwestern State Demons,NOR_DEM,,BrownStroudField,97,
Notre Dame,https://www.ncaa.com/sites/default/files/images/logos/schools/bgl/notre-dame.svg,NCAA D1,Notre Dame Fighting Irish,NOT_IRI,ACC,FrankEck,94,
Oakland,https://www.ncaa.com/sites/default/files/images/logos/schools/bgl/oakland.svg,NCAA D1,Oakland Golden Grizzlies,OAK_GOL,HORZ,OaklandBaseballField,94,
Ohio,https://www.ncaa.com/sites/default/files/images/logos/schools/bgl/ohio.svg,NCAA D1,Ohio Bobcats,OHI_BOB,,BobWrenStadium,97,
Ohio State,https://www.ncaa.com/sites/default/files/images/logos/schools/bgl/ohio-st.svg,NCAA D1,Ohio State University,OSU_BUC,BIG10,NickSwisherField,100,
Oklahoma,https://www.ncaa.com/sites/default/files/images/logos/schools/bgl/oklahoma.svg,NCAA D1,Oklahoma Sooners,OKL_SOO,SEC,UofOklahoma,97,
Oklahoma State,https://www.ncaa.com/sites/default/files/images/logos/schools/bgl/oklahoma-st.svg,NCAA D1,Oklahoma State Cowboys,OKL_COW,BIG12,OKState,97,
Old Dominion,https://www.ncaa.com/sites/default/files/images/logos/schools/bgl/old-dominion.svg,NCAA D1,,ODU_MON,,,,
Ole Miss,https://www.ncaa.com/sites/default/files/images/logos/schools/bgl/ole-miss.svg,NCAA D1,Ole Miss Rebels,OLE_REB,SEC,OleMiss,97,
Omaha,https://www.ncaa.com/sites/default/files/images/logos/schools/bgl/neb-omaha.svg,NCAA D1,Nebraska Omaha Mavericks,UNO_MAV,SUM,TalAndersonField,60,yes
Oral Roberts,https://www.ncaa.com/sites/default/files/images/logos/schools/bgl/oral-roberts.svg,NCAA D1,Oral Roberts Golden Eagles,ORA_GOL,SUM,JLJohnsonStadium,94,
Oregon,https://www.ncaa.com/sites/default/files/images/logos/schools/bgl/oregon.svg,NCAA D1,Oregon Ducks,ORE_DUC,BIG10,PKPark,97,
Oregon State,https://www.ncaa.com/sites/default/files/images/logos/schools/bgl/oregon-st.svg,NCAA D1,Oregon State Beavers,ORE_BEA,PAC12,GossStadium,97,
Pacific,https://www.ncaa.com/sites/default/files/images/logos/schools/bgl/pacific.svg,NCAA D1,Pacific Tigers,PAC_TIG,WCC,KleinFamilyField,97,
Penn,https://www.ncaa.com/sites/default/files/images/logos/schools/bgl/penn.svg,NCAA D1,Penn Quakers,PEN_QUA,IVY,UofPennsylvania,97,
Penn State,https://www.ncaa.com/sites/default/files/images/logos/schools/bgl/penn-st.svg,NCAA D1,Penn State Nittany Lions,PEN_NIT,BIG10,LubranoPark,94,
Pepperdine,https://www.ncaa.com/sites/default/files/images/logos/schools/bgl/pepperdine.svg,NCAA D1,Pepperdine Waves,PEP_WAV,WCC,704EddieDField,97,
Pittsburgh,https://www.ncaa.com/sites/default/files/images/logos/schools/bgl/pittsburgh.svg,NCAA D1,Pitt Panthers,PIT_PAN,ACC,CharlesCost,97,
Portland,https://www.ncaa.com/sites/default/files/images/logos/schools/bgl/portland.svg,NCAA D1,,POR_PIL,WCC,,,
Prairie View,https://www.ncaa.com/sites/default/files/images/logos/schools/bgl/prairie-view.svg,NCAA D1,Prairie View A&M Panthers,PRA_PAN,,TankersleyField,63,yes
Presbyterian,https://www.ncaa.com/sites/default/files/images/logos/schools/bgl/presbyterian.svg,NCAA D1,Presbyterian Blue Hose,PRE_BLH,BSOU,PresbyterianCollege,94,
Princeton,https://www.ncaa.com/sites/default/files/images/logos/schools/bgl/princeton.svg,NCAA D1,Princeton Tigers,PRI_TIG,IVY,ClarkeField,97,
Purdue,https://www.ncaa.com/sites/default/files/images/logos/schools/bgl/purdue.svg,NCAA D1,Purdue Boilermakers,PUR_BOI,BIG10,PurdueUniversity,97,
Queens (NC),https://www.ncaa.com/sites/default/files/images/logos/schools/bgl/queens-nc.svg,NCAA D1,Queens University Charlotte Royals,QUN_RYL,ASUN,StickWilliamsField,66,yes
Quinnipiac,https://www.ncaa.com/sites/default/files/images/logos/schools/bgl/quinnipiac.svg,NCAA D1,Quinnipiac Bobcats,QUI_BOB,CAA,QuinnipiacBBField,97,
Radford,https://www.ncaa.com/sites/default/files/images/logos/schools/bgl/radford.svg,NCAA D1,Radford Highlanders,RAD_HIG,BSOU,CarterMemorial,97,
Rhode Island,https://www.ncaa.com/sites/default/files/images/logos/schools/bgl/rhode-island.svg,NCAA D1,University of Rhode Island,RHO_RAM,A10,BillBeckField,100,
Rice,https://www.ncaa.com/sites/default/files/images/logos/schools/bgl/rice.svg,NCAA D1,Rice Owls,RIC_OWL,AMER,RiceUniversity,97,
Richmond,https://www.ncaa.com/sites/default/files/images/logos/schools/bgl/richmond.svg,NCAA D1,Richmond Spiders,RIC_SPI,A10,PittFieldUOR,97,
Rider,https://www.ncaa.com/sites/default/files/images/logos/schools/bgl/rider.svg,NCAA D1,Rider Broncs,RID_BRO,,Sony Pittaro Field,97,
Rutgers,https://www.ncaa.com/sites/default/files/images/logos/schools/bgl/rutgers.svg,NCAA D1,Rutgers Scarlet Knights,RUT_SCA,BIG10,BaintonField,94,
Sacramento State,https://www.ncaa.com/sites/default/files/images/logos/schools/bgl/sacramento-st.svg,NCAA D1,Sacramento State Hornets,SAC_HOR,WAC,Hornet Stadium,97,
Sacred Heart,https://www.ncaa.com/sites/default/files/images/logos/schools/bgl/sacred-heart.svg,NCAA D1,,SAC_PIO,,,,
Saint Joseph's,https://www.ncaa.com/sites/default/files/images/logos/schools/bgl/saint-josephs.svg,NCAA D1,St. Joseph's Hawks,STJ_HAW,A10,JohnWSmithsonField,97,
Saint Louis,https://www.ncaa.com/sites/default/files/images/logos/schools/bgl/saint-louis.svg,NCAA D1,Saint Louis Billikens,SLU_BILL,A10,StLouisUniversity,97,
Saint Mary's (CA),https://www.ncaa.com/sites/default/files/images/logos/schools/bgl/st-marys-ca.svg,NCAA D1,St. Mary's Gaels,STM_GAE,WCC,RonaldGallagherStad,97,
Saint Peter's,https://www.ncaa.com/sites/default/files/images/logos/schools/bgl/st-peters.svg,NCAA D1,,SPU_PEA,,,,
Sam Houston State,https://www.ncaa.com/sites/default/files/images/logos/schools/bgl/sam-houston-st.svg,NCAA D1,,SAM_BEA,CUSA,,,
Samford,https://www.ncaa.com/sites/default/files/images/logos/schools/bgl/samford.svg,NCAA D1,Samford Bulldogs,SAM_BUL,SOCON,SamfordUniversity,97,
San Diego,https://www.ncaa.com/sites/default/files/images/logos/schools/bgl/san-diego.svg,NCAA D1,San Diego Toreros,SAN_TOR,WCC,UofSanDiego,97,
San Diego State,https://www.ncaa.com/sites/default/files/images/logos/schools/bgl/san-diego-st.svg,NCAA D1,San Diego State Aztecs,SAN_AZT,MW,TonyGwynnStadium,97,
San Francisco,https://www.ncaa.com/sites/default/files/images/logos/schools/bgl/san-francisco.svg,NCAA D1,San Francisco Dons,SAN_DON,WCC,BenedettiDiamond,97,
San Jose State,https://www.ncaa.com/sites/default/files/images/logos/schools/bgl/san-jose-st.svg,NCAA D1,San Jose State Spartans,SAN_SPA,,Excite Ballpark,97,
Santa Clara,https://www.ncaa.com/sites/default/files/images/logos/schools/bgl/santa-clara.svg,NCAA D1,Santa Clara Broncos,SAN_BRO,WCC,StephenSchottBBS,97,
Seattle,https://www.ncaa.com/sites/default/files/images/logos/schools/bgl/seattle.svg,NCAA D1,Seattle Redhawks,SEA_RED,WAC,SeattleUniversity,97,
Seton Hall,https://www.ncaa.com/sites/default/files/images/logos/schools/bgl/seton-hall.svg,NCAA D1,Seton Hall Pirates,SET_PIR,BEAST,OwenTCarrollField,97,
Siena,https://www.ncaa.com/sites/default/files/images/logos/schools/bgl/siena.svg,NCAA D1,,SIE_SAI,,,,
SIUE,https://www.ncaa.com/sites/default/files/images/logos/schools/bgl/siu-edwardsville.svg,NCAA D1,Southern Illinois University Edwardsville,SOU_COU,OVC,RoyELeeField,100,
South Alabama,https://www.ncaa.com/sites/default/files/images/logos/schools/bgl/south-ala.svg,NCAA D1,South Alabama Jaguars,SAL_JAG,SBELT,USouthAlabama,97,
South Carolina,https://www.ncaa.com/sites/default/files/images/logos/schools/bgl/south-carolina.svg,NCAA D1,South Carolina Gamecocks,SOU_GAM,SEC,UofSouthCarolina,97,
South Dakota State,https://www.ncaa.com/sites/default/files/images/logos/schools/bgl/south-dakota-st.svg,NCAA D1,,SOU_JAC,,,,
Southeast Missouri,https://www.ncaa.com/sites/default/files/images/logos/schools/bgl/southeast-mo-st.svg,NCAA D1,Southeast Missouri State University,SOU_RED,OVC,SEMissouriState,72,yes
Southeastern Louisiana,https://www.ncaa.com/sites/default/files/images/logos/schools/bgl/southeastern-la.svg,NCAA D1,Southeastern Louisiana Lions,SOU_LIO,SLAND,AlumniField,97,
Southern,https://www.ncaa.com/sites/default/files/images/logos/schools/bgl/southern-u.svg,NCAA D1,,SOU_JAC,,,,
Southern Illinois,https://www.ncaa.com/sites/default/files/images/logos/schools/bgl/southern-ill.svg,NCAA D1,Southern Illinois Salukis,SIU_SAL,,ItchyJonesStadium,97,
Southern Indiana,https://www.ncaa.com/sites/default/files/images/logos/schools/bgl/southern-ind.svg,NCAA D1,Southern Indiana Screaming Eagles,SOU_IND16,OVC,USIField,94,
Southern Miss,https://www.ncaa.com/sites/default/files/images/logos/schools/bgl/southern-miss.svg,NCAA D1,Southern Mississippi Golden Eagles,SOU_GOL,SBELT,HillDensonField,94,
St. Bonaventure,https://www.ncaa.com/sites/default/files/images/logos/schools/bgl/st-bonaventure.svg,NCAA D1,,STB_BON,,,,
St. John's,https://www.ncaa.com/sites/default/files/images/logos/schools/bgl/st-johns-ny.svg,NCAA D1,St. John's Red Storm,STJ_RED,BEAST,StJohns,94,
St. Thomas (MN),https://www.ncaa.com/sites/default/files/images/logos/schools/bgl/st-thomas-mn.svg,NCAA D1,,THO_M,SUM,,,
Stanford,https://www.ncaa.com/sites/default/files/images/logos/schools/bgl/stanford.svg,NCAA D1,Stanford Cardinal,STA_CAR,ACC,KleinField,97,
Stephen F. Austin,https://www.ncaa.com/sites/default/files/images/logos/schools/bgl/stephen-f-austin.svg,NCAA D1,Stephen F. Austin Lumberjacks,STE_LUM,,JayceesField,97,
Stetson,https://www.ncaa.com/sites/default/files/images/logos/schools/bgl/stetson.svg,NCAA D1,Stetson Hatters,STE_HAT,ASUN,MelchingFielda,97,
Stonehill,https://www.ncaa.com/sites/default/files/images/logos/schools/bgl/stonehill.svg,NCAA D1,,STO_COL,,,,
Stony Brook,https://www.ncaa.com/sites/default/files/images/logos/schools/bgl/stony-brook.svg,NCAA D1,,SBU_SEA,,,,
Tarleton State,https://www.ncaa.com/sites/default/files/images/logos/schools/bgl/tarleton-st.svg,NCAA D1,Tarleton State Texans,TAR_TEX,WAC,TarletonBBComplex,97,
TCU,https://www.ncaa.com/sites/default/files/images/logos/schools/bgl/tcu.svg,NCAA D1,TCU Horned Frogs,TCU_HFG,BIG12,TCU,94,
Tennessee,https://www.ncaa.com/sites/default/files/images/logos/schools/bgl/tennessee.svg,NCAA D1,Tennessee Volunteers,TEN_VOL,SEC,LindseyNelsonStadium,97,
Tennessee Tech,https://www.ncaa.com/sites/default/files/images/logos/schools/bgl/tennessee-tech.svg,NCAA D1,,TEN_TEC,,,,
Texas,https://www.ncaa.com/sites/default/files/images/logos/schools/bgl/texas.svg,NCAA D1,Texas Longhorns,TEX_LON,SEC,Texas,97,
Texas A&M,https://www.ncaa.com/sites/default/files/images/logos/schools/bgl/texas-am.svg,NCAA D1,Texas A&M Aggies,TEX_AGG,SEC,OlsenField,97,
Texas A&M-Corpus Christi,https://www.ncaa.com/sites/default/files/images/logos/schools/bgl/am-corpus-chris.svg,NCAA D1,,TEX_ISL,BIG10,,,
Texas Southern,https://www.ncaa.com/sites/default/files/images/logos/schools/bgl/texas-southern.svg,NCAA D1,,TEX_TIG,,,,
Texas State,https://www.ncaa.com/sites/default/files/images/logos/schools/bgl/texas-st.svg,NCAA D1,Texas State University,TEX_BOB,SBELT,TexasStateUniversity,100,
Texas Tech,https://www.ncaa.com/sites/default/files/images/logos/schools/bgl/texas-tech.svg,NCAA D1,Texas Tech Red Raiders,TEX_RAI,BIG12,DanLawField,94,
The Citadel,https://www.ncaa.com/sites/default/files/images/logos/schools/bgl/citadel.svg,NCAA D1,Citadel Bulldogs,CIT_BUL,SOCON,RileyPark,97,
Toledo,https://www.ncaa.com/sites/default/files/images/logos/schools/bgl/toledo.svg,NCAA D1,University of Toledo,TOL_ROC,MAC,ScottPark,100,
Towson,https://www.ncaa.com/sites/default/files/images/logos/schools/bgl/towson.svg,NCAA D1,Towson Tigers,TOW_TIG,CAA,John B. Schuerholz Park,97,
Troy,https://www.ncaa.com/sites/default/files/images/logos/schools/bgl/troy.svg,NCAA D1,Troy Trojans,TRO_TRJ,SBELT,RiddlePaceField,97,
Tulane,https://www.ncaa.com/sites/default/files/images/logos/schools/bgl/tulane.svg,NCAA D1,Tulane Green Wave,TUL_GRE,AMER,Tulane,94,
UAB,https://www.ncaa.com/sites/default/files/images/logos/schools/bgl/uab.svg,NCAA D1,UAB Blazers,UAB_BLA,AMER,YoungMemorialField,97,
UC Davis,https://www.ncaa.com/sites/default/files/images/logos/schools/bgl/uc-davis.svg,NCAA D1,UC Davis Aggies,CAL_AGO,,PhilSwimleyFieldatDobbinsStadium,97,
UC Irvine,https://www.ncaa.com/sites/default/files/images/logos/schools/bgl/uc-irvine.svg,NCAA D1,UC Irvine Anteaters,CAL_ANT,BW,AnteaterBallpark,97,
UC Riverside,https://www.ncaa.com/sites/default/files/images/logos/schools/bgl/uc-riverside.svg,NCAA D1,,CAL_HIG,,,,
UC San Diego,https://www.ncaa.com/sites/default/files/images/logos/schools/bgl/uc-san-diego.svg,NCAA D1,UC San Diego Tritons,CSD_TRI,BW,UCSanDiego,97,
UC Santa Barbara,https://www.ncaa.com/sites/default/files/images/logos/schools/bgl/uc-santa-barbara.svg,NCAA D1,UC Santa Barbara Gauchos,SAN_GAU,BW,CaesarUyesaka,97,
UCF,https://www.ncaa.com/sites/default/files/images/logos/schools/bgl/ucf.svg,NCAA D1,University of Central Florida,UCF_KNI,BIG12,JohnEulianoPark,100,
UCLA,https://www.ncaa.com/sites/default/files/images/logos/schools/bgl/ucla.svg,NCAA D1,UCLA Bruins,UCLA,BIG10,UCLA,100,
UL Monroe,https://www.ncaa.com/sites/default/files/images/logos/schools/bgl/la-monroe.svg,NCAA D1,Louisiana Monroe Warhawks,ULM_WAR,SBELT,WarHawkField,97,
UMass,https://www.ncaa.com/sites/default/files/images/logos/schools/bgl/massachusetts.svg,NCAA D1,,UMA_AMH,,,,
UMass Lowell,https://www.ncaa.com/sites/default/files/images/logos/schools/bgl/umass-lowell.svg,NCAA D1,,UMASS_RIV,,,,
UMBC,https://www.ncaa.com/sites/default/files/images/logos/schools/bgl/umbc.svg,NCAA D1,"University of Maryland, Baltimore County Retrievers",UMBC_RET,AMEAST,AlumniField,97,
UMES,https://www.ncaa.com/sites/default/files/images/logos/schools/bgl/umes.svg,NCAA D1,,MAR_HEW,,,,
UNC Asheville,https://www.ncaa.com/sites/default/files/images/logos/schools/bgl/unc-asheville.svg,NCAA D1,,NCA_BUL,,,,
UNC Greensboro,https://www.ncaa.com/sites/default/files/images/logos/schools/bgl/unc-greensboro.svg,NCAA D1,UNC Greensboro Spartans,UNC_SPA,SOCON,UNCGreensboro,97,
UNC Wilmington,https://www.ncaa.com/sites/default/files/images/logos/schools/bgl/unc-wilmington.svg,NCAA D1,UNC Wilmington Seahawks,UNC_SEA,CAA,BrooksField,97,
UNLV,https://www.ncaa.com/sites/default/files/images/logos/schools/bgl/unlv.svg,NCAA D1,UNLV Rebels,UNL_REB,MW,EarlEWilsonStadium,97,
USC,https://www.ncaa.com/sites/default/files/images/logos/schools/bgl/southern-california.svg,NCAA D1,USC Trojans,SOU_TRO,BIG10,OrangeCountyGreatParkStadium,97,
USC Upstate,https://www.ncaa.com/sites/default/files/images/logos/schools/bgl/usc-upstate.svg,NCAA D1,USC Upstate Spartans,USC_UPS,BSOU,HarleyPark,97,
University of South Florida, https://www.ncaa.com/sites/default/files/images/logos/schools/bgl/south-fla.svg,NCAA D1,University of South Florida Bulls,USF_BUL,AMER,USFBaseballStadium,97,
UT Arlington,https://www.ncaa.com/sites/default/files/images/logos/schools/bgl/texas-arlington.svg,NCAA D1,UT Arlington Mavericks,ARL_MAV,WAC,UTArlington,97,
UT Martin,https://www.ncaa.com/sites/default/files/images/logos/schools/bgl/ut-martin.svg,NCAA D1,,UTM_SKY,,,,
Utah,https://www.ncaa.com/sites/default/files/images/logos/schools/bgl/utah.svg,NCAA D1,Utah Utes,UTA_UTE,BIG12,SmithsBallparkUT,97,
Utah Tech,https://www.ncaa.com/sites/default/files/images/logos/schools/bgl/utah-tech.svg,NCAA D1,Utah Tech Trailblazers,DIX_STE,WAC,BruceHurst,97,
Utah Valley,https://www.ncaa.com/sites/default/files/images/logos/schools/bgl/utah-valley.svg,NCAA D1,Utah Valley Wolverines,UTA_WOL,WAC,UCCUBallpark,97,
UTRGV,https://www.ncaa.com/sites/default/files/images/logos/schools/bgl/utrgv.svg,NCAA D1,Texas-Rio Grande Vaqueros,UTR_VAQ,,UTRGVStadium,97,
UTSA,https://www.ncaa.com/sites/default/files/images/logos/schools/bgl/utsa.svg,NCAA D1,University of Texas at San Antonio,UTS_ROA,AMER,UTSanAntonio,100,
Valparaiso,https://www.ncaa.com/sites/default/files/images/logos/schools/bgl/valparaiso.svg,NCAA D1,Valparaiso,VAL_CRU,MVC,EmoryGBauerField,100,
Vanderbilt,https://www.ncaa.com/sites/default/files/images/logos/schools/bgl/vanderbilt.svg,NCAA D1,Vanderbilt Commodores,VAN_COM,SEC,Vanderbilt,97,
VCU,https://www.ncaa.com/sites/default/files/images/logos/schools/bgl/vcu.svg,NCAA D1,VCU Rams,VCU_RAM,A10,TheDiamond,97,
Villanova,https://www.ncaa.com/sites/default/files/images/logos/schools/bgl/villanova.svg,NCAA D1,Villanova Wildcats,VIL_WIL,BEAST,Villanova,97,
Virginia,https://www.ncaa.com/sites/default/files/images/logos/schools/bgl/virginia.svg,NCAA D1,Virginia Cavaliers,VIR_CAV,ACC,DavenportField,97,
Virginia Tech,https://www.ncaa.com/sites/default/files/images/logos/schools/bgl/virginia-tech.svg,NCAA D1,Virginia Tech Hokies,VIR_TEC,ACC,VATech,97,
VMI,https://www.ncaa.com/sites/default/files/images/logos/schools/bgl/vmi.svg,NCAA D1,VMI Keydets,VIR_KEY,SOCON,GrayMinorStadium,97,
Wagner,https://www.ncaa.com/sites/default/files/images/logos/schools/bgl/wagner.svg,NCAA D1,,WAG_SEA,,,,
Wake Forest,https://www.ncaa.com/sites/default/files/images/logos/schools/bgl/wake-forest.svg,NCAA D1,Wake Forest Demon Deacons,WAK_DEA,ACC,David F. Couch,94,
Washington,https://www.ncaa.com/sites/default/files/images/logos/schools/bgl/washington.svg,NCAA D1,Washington Huskies,WAS_HUS,BIG10,UofWashington,97,
Washington State,https://www.ncaa.com/sites/default/files/images/logos/schools/bgl/washington-st.svg,NCAA D1,Washington State Cougars,WAS_COU,MW,BaileyBraytonField,97,
West Georgia,https://www.ncaa.com/sites/default/files/images/logos/schools/bgl/west-ga.svg,NCAA D1,University of West Georgia Wolves,UNI_WES,,UofWestGeorgia,97,
West Virginia,https://www.ncaa.com/sites/default/files/images/logos/schools/bgl/west-virginia.svg,NCAA D1,West Virginia Mountaineers,WES_MOU,BIG12,MonogaliaCounty,97,
Western Carolina,https://www.ncaa.com/sites/default/files/images/logos/schools/bgl/western-caro.svg,NCAA D1,Western Carolina Catamounts,WCC,SOCON,HennonStadium,97,
Western Illinois,https://www.ncaa.com/sites/default/files/images/logos/schools/bgl/western-ill.svg,NCAA D1,,WIU_LEA,SWAC,,,
Western Kentucky,https://www.ncaa.com/sites/default/files/images/logos/schools/bgl/western-ky.svg,NCAA D1,Western Kentucky Hilltoppers,WES_HIL,CUSA,NickDenesField,97,
Western Michigan,https://www.ncaa.com/sites/default/files/images/logos/schools/bgl/western-mich.svg,NCAA D1,,WMI_BRO,BIG10,,,
Wichita State,https://www.ncaa.com/sites/default/files/images/logos/schools/bgl/wichita-st.svg,NCAA D1,Wichita State Shockers,WIC_SHO,AMER,WichitaState,97,
William & Mary,https://www.ncaa.com/sites/default/files/images/logos/schools/bgl/william-mary.svg,NCAA D1,William & Mary Tribe,WM_TRI,CAA,PlumeriPark,97,
Winthrop,https://www.ncaa.com/sites/default/files/images/logos/schools/bgl/winthrop.svg,NCAA D1,Winthrop University,WIN_EAG,BSOU,WinthropUniversity,100,
Wofford,https://www.ncaa.com/sites/default/files/images/logos/schools/bgl/wofford.svg,NCAA D1,Wofford College,WOF_TER,SOCON,WoffordCollege,100,
Wright State,https://www.ncaa.com/sites/default/files/images/logos/schools/bgl/wright-st.svg,NCAA D1,Wright State Raiders,WRI_RAI,HORZ,NischwitzField,97,
Xavier,https://www.ncaa.com/sites/default/files/images/logos/schools/bgl/xavier.svg,NCAA D1,Xavier Musketeers,XAV_MUS,BEAST,HaydenField,97,
Yale,https://www.ncaa.com/sites/default/files/images/logos/schools/bgl/yale.svg,NCAA D1,Yale Bulldogs,YAL_BUL,IVY,GeorgeHWBush48Field,97,
Youngstown State,https://www.ncaa.com/sites/default/files/images/logos/schools/bgl/youngstown-st.svg,NCAA D1,Youngstown State University,YSU_PEN,HORZ,EastwoodField,100,
Adams State,https://www.ncaa.com/sites/default/files/images/logos/schools/bgl/adams-st.svg,NCAA D2,,,,,,
Adelphi,https://www.ncaa.com/sites/default/files/images/logos/schools/bgl/adelphi.svg,NCAA D2,,,,,,
Albany State,https://www.ncaa.com/sites/default/files/images/logos/schools/bgl/albany-st-ga.svg,NCAA D2,,,,,,
American International College,https://www.ncaa.com/sites/default/files/images/logos/schools/bgl/american-intl.svg,NCAA D2,,,,,,
Anderson (SC),https://www.ncaa.com/sites/default/files/images/logos/schools/bgl/anderson-sc.svg,NCAA D2,Anderson University,AND_TRO,Team,AndersonUniversity,100,
Angelo State,https://www.ncaa.com/sites/default/files/images/logos/schools/bgl/angelo-st.svg,NCAA D2,,,,,,
Arkansas Tech,https://www.ncaa.com/sites/default/files/images/logos/schools/bgl/arkansas-tech.svg,NCAA D2,,,,,,
Arkansas-Fort Smith,https://www.ncaa.com/sites/default/files/images/logos/schools/bgl/ark-fort-smith.svg,NCAA D2,,,,,,
Arkansas-Monticello,https://www.ncaa.com/sites/default/files/images/logos/schools/bgl/ark-monticello.svg,NCAA D2,,,,,,
Ashland,https://www.ncaa.com/sites/default/files/images/logos/schools/bgl/ashland.svg,NCAA D2,Ashland University,ASH_UNI,Team,AshlandUniversity,100,
Assumption,https://www.ncaa.com/sites/default/files/images/logos/schools/bgl/assumption.svg,NCAA D2,,,,,,
Auburn Montgomery,https://www.ncaa.com/sites/default/files/images/logos/schools/bgl/aub-montgomery.svg,NCAA D2,,,,,,
Augusta,https://www.ncaa.com/sites/default/files/images/logos/schools/bgl/gru-augusta.svg,NCAA D2,,,,,,
Augustana (SD),https://www.ncaa.com/sites/default/files/images/logos/schools/bgl/augustana-sd.svg,NCAA D2,,,,,,
Azusa Pacific,https://www.ncaa.com/sites/default/files/images/logos/schools/bgl/azusa-pacific.svg,NCAA D2,Azusa Pacific University,AZU_PAC,,CougarBaseballComplex,100,
Barry,https://www.ncaa.com/sites/default/files/images/logos/schools/bgl/barry.svg,NCAA D2,,,,,,
Barton College,https://www.ncaa.com/sites/default/files/images/logos/schools/bgl/barton.svg,NCAA D2,Barton College Bulldogs,BAR_COL,,BartonCollege,69,yes
Belmont Abbey College,https://www.ncaa.com/sites/default/files/images/logos/schools/bgl/belmont-abbey.svg,NCAA D2,,,,,,
Bemidji State,https://www.ncaa.com/sites/default/files/images/logos/schools/bgl/bemidji-st.svg,NCAA D2,,,,,,
Benedict,https://www.ncaa.com/sites/default/files/images/logos/schools/bgl/benedict.svg,NCAA D2,,,,,,
Bentley,https://www.ncaa.com/sites/default/files/images/logos/schools/bgl/bentley.svg,NCAA D2,,,,,,
Biola,https://www.ncaa.com/sites/default/files/images/logos/schools/bgl/biola.svg,NCAA D2,Biola University,BIO_UNI,,BiolaUniversity,100,
Bloomsburg,https://www.ncaa.com/sites/default/files/images/logos/schools/bgl/bloomsburg.svg,NCAA D2,,,,,,
Bridgeport,https://www.ncaa.com/sites/default/files/images/logos/schools/bgl/bridgeport.svg,NCAA D2,,,,,,
Cal Poly Pomona,https://www.ncaa.com/sites/default/files/images/logos/schools/bgl/cal-poly-pomona.svg,NCAA D2,,,,,,
Cal State LA,https://www.ncaa.com/sites/default/files/images/logos/schools/bgl/cal-st-la.svg,NCAA D2,,,,,,
Caldwell,https://www.ncaa.com/sites/default/files/images/logos/schools/bgl/caldwell.svg,NCAA D2,,,,,,
California PA,https://www.ncaa.com/sites/default/files/images/logos/schools/bgl/california-pa.svg,NCAA D2,,,,,,
Cameron,https://www.ncaa.com/sites/default/files/images/logos/schools/bgl/cameron.svg,NCAA D2,,,,,,
Carson-Newman,https://www.ncaa.com/sites/default/files/images/logos/schools/bgl/carson-newman.svg,NCAA D2,Carson Newman University,CAR_EAG,Team,SilverDiamondSportsComplexLaptop,100,
Catawba College,https://www.ncaa.com/sites/default/files/images/logos/schools/bgl/catawba.svg,NCAA D2,,,,,,
Cedarville,https://www.ncaa.com/sites/default/files/images/logos/schools/bgl/cedarville.svg,NCAA D2,,,,,,
Central Missouri,https://www.ncaa.com/sites/default/files/images/logos/schools/bgl/central-mo.svg,NCAA D2,,,,,,
Central Oklahoma,https://www.ncaa.com/sites/default/files/images/logos/schools/bgl/central-okla.svg,NCAA D2,,,,,,
Central Washington,https://www.ncaa.com/sites/default/files/images/logos/schools/bgl/central-wash.svg,NCAA D2,,,,,,
Chaminade,https://www.ncaa.com/sites/default/files/images/logos/schools/bgl/chaminade.svg,NCAA D2,,,,,,
Charleston,https://www.ncaa.com/sites/default/files/images/logos/schools/bgl/charleston-wv.svg,NCAA D2,University of Charleston Golden Eagles,CHA_GOL,,TrianaField,94,
Chestnut Hill,https://www.ncaa.com/sites/default/files/images/logos/schools/bgl/chestnut-hill.svg,NCAA D2,,,,,,
Chico State,https://www.ncaa.com/sites/default/files/images/logos/schools/bgl/chico-st.svg,NCAA D2,,,,,,
Chowan,https://www.ncaa.com/sites/default/files/images/logos/schools/bgl/chowan.svg,NCAA D2,,,,,,
Christian Brothers,https://www.ncaa.com/sites/default/files/images/logos/schools/bgl/christian-bros.svg,NCAA D2,,,,,,
Claflin,https://www.ncaa.com/sites/default/files/images/logos/schools/bgl/claflin.svg,NCAA D2,,,,,,
Clarion,https://www.ncaa.com/sites/default/files/images/logos/schools/bgl/clarion.svg,NCAA D2,,,,,,
Clark Atlanta,https://www.ncaa.com/sites/default/files/images/logos/schools/bgl/clark-atlanta.svg,NCAA D2,,,,,,
Coker,https://www.ncaa.com/sites/default/files/images/logos/schools/bgl/coker.svg,NCAA D2,,,,,,
Colorado Christian,https://www.ncaa.com/sites/default/files/images/logos/schools/bgl/colo-christian.svg,NCAA D2,,,,,,
Colorado Mesa,https://www.ncaa.com/sites/default/files/images/logos/schools/bgl/colorado-mesa.svg,NCAA D2,,,,,,
Colorado School of Mines,https://www.ncaa.com/sites/default/files/images/logos/schools/bgl/colorado-mines.svg,NCAA D2,,,,,,
Colorado State-Pueblo,https://www.ncaa.com/sites/default/files/images/logos/schools/bgl/colorado-st-pueblo.svg,NCAA D2,Colorado State Pueblo,COL_STA2,,CSUPueblo,100,
Columbus State,https://www.ncaa.com/sites/default/files/images/logos/schools/bgl/columbus-st.svg,NCAA D2,,,,,,
Concord,https://www.ncaa.com/sites/default/files/images/logos/schools/bgl/concord.svg,NCAA D2,,,,,,
Concordia Irvine,https://www.ncaa.com/sites/default/files/images/logos/schools/bgl/concordia-irvine.svg,NCAA D2,,,,,,
Concordia St. Paul,https://www.ncaa.com/sites/default/files/images/logos/schools/bgl/concordia-st-paul.svg,NCAA D2,,,,,,
CSU Dominguez Hills,https://www.ncaa.com/sites/default/files/images/logos/schools/bgl/cal-st-dom-hills.svg,NCAA D2,,,,,,
CSU East Bay,https://www.ncaa.com/sites/default/files/images/logos/schools/bgl/cal-st-east-bay.svg,NCAA D2,,,,,,
CSU Monterey Bay,https://www.ncaa.com/sites/default/files/images/logos/schools/bgl/cal-st-monterey-bay.svg,NCAA D2,,,,,,
CSU San Bernardino,https://www.ncaa.com/sites/default/files/images/logos/schools/bgl/cal-st-san-bdino.svg,NCAA D2,,,,,,
CSU San Marcos,https://www.ncaa.com/sites/default/files/images/logos/schools/bgl/cal-st-san-marcos.svg,NCAA D2,,,,,,
D'Youville,https://www.ncaa.com/sites/default/files/images/logos/schools/bgl/dyouville.svg,NCAA D2,,,,,,
Davenport,https://www.ncaa.com/sites/default/files/images/logos/schools/bgl/davenport.svg,NCAA D2,,,,,,
Davis & Elkins,https://www.ncaa.com/sites/default/files/images/logos/schools/bgl/davis-elkins.svg,NCAA D2,,,,,,
Delta State,https://www.ncaa.com/sites/default/files/images/logos/schools/bgl/delta-st.svg,NCAA D2,,,,,,
Dominican (NY),https://www.ncaa.com/sites/default/files/images/logos/schools/bgl/dominican-ny.svg,NCAA D2,,,,,,
Drury,https://www.ncaa.com/sites/default/files/images/logos/schools/bgl/drury.svg,NCAA D2,,,,,,
East Central,https://www.ncaa.com/sites/default/files/images/logos/schools/bgl/east-central.svg,NCAA D2,,,,,,
East Stroudsburg,https://www.ncaa.com/sites/default/files/images/logos/schools/bgl/east-stroudsburg.svg,NCAA D2,,,,,,
Eastern New Mexico,https://www.ncaa.com/sites/default/files/images/logos/schools/bgl/eastern-nm.svg,NCAA D2,,,,,,
Eckerd,https://www.ncaa.com/sites/default/files/images/logos/schools/bgl/eckerd.svg,NCAA D2,Eckerd College Tritons,ECK_COL,,JohnsonField,69,yes
Edward Waters,https://www.ncaa.com/sites/default/files/images/logos/schools/bgl/edward-waters.svg,NCAA D2,,,,,,
Embry-Riddle,https://www.ncaa.com/sites/default/files/images/logos/schools/bgl/embry-riddle-fl.svg,NCAA D2,,,,,,
Emmanuel (GA),https://www.ncaa.com/sites/default/files/images/logos/schools/bgl/emmanuel-ga.svg,NCAA D2,Emmanuel College,EC,CC,TommyCareyField,100,
Emory & Henry,https://www.ncaa.com/sites/default/files/images/logos/schools/bgl/emory-henry.svg,NCAA D2,,,,,,
Emporia State,https://www.ncaa.com/sites/default/files/images/logos/schools/bgl/emporia-st.svg,NCAA D2,,,,,,
Erskine,https://www.ncaa.com/sites/default/files/images/logos/schools/bgl/erskine.svg,NCAA D2,Erskine College,ERS_COL,,GrierField,100,
Fairmont State,https://www.ncaa.com/sites/default/files/images/logos/schools/bgl/fairmont-st.svg,NCAA D2,,,,,,
Felician,https://www.ncaa.com/sites/default/files/images/logos/schools/bgl/felician.svg,NCAA D2,,,,,,
Ferrum,https://www.ncaa.com/sites/default/files/images/logos/schools/bgl/ferrum.svg,NCAA D2,,,,,,
Findlay,https://www.ncaa.com/sites/default/files/images/logos/schools/bgl/findlay.svg,NCAA D2,,,,,,
Flagler,https://www.ncaa.com/sites/default/files/images/logos/schools/bgl/flagler.svg,NCAA D2,,,,,,
Florida Southern,https://www.ncaa.com/sites/default/files/images/logos/schools/bgl/fla-southern.svg,NCAA D2,Florida Southern College,FLO_SOU3,,HenleyField,100,
Florida Tech,https://www.ncaa.com/sites/default/files/images/logos/schools/bgl/florida-tech.svg,NCAA D2,,,,,,
Fort Hays,https://www.ncaa.com/sites/default/files/images/logos/schools/bgl/fort-hays-st.svg,NCAA D2,,,,,,
Francis Marion,https://www.ncaa.com/sites/default/files/images/logos/schools/bgl/francis-marion.svg,NCAA D2,,,,,,
Franklin Pierce,https://www.ncaa.com/sites/default/files/images/logos/schools/bgl/franklin-pierce.svg,NCAA D2,,,,,,
Fresno Pacific,https://www.ncaa.com/sites/default/files/images/logos/schools/bgl/fresno-pacific.svg,NCAA D2,Fresno Pacific University,FRE_PAC,Team,FresnoPacificUniversity,100,
Frostburg State,https://www.ncaa.com/sites/default/files/images/logos/schools/bgl/frostburg-st.svg,NCAA D2,,,,,,
Gannon,https://www.ncaa.com/sites/default/files/images/logos/schools/bgl/gannon.svg,NCAA D2,,,,,,
Georgia College,https://www.ncaa.com/sites/default/files/images/logos/schools/bgl/georgia-college.svg,NCAA D2,Georgia College Bobcats,GEO_COL1,Team,JohnKurtzField,97,
Georgia Southwestern,https://www.ncaa.com/sites/default/files/images/logos/schools/bgl/ga-southwestern.svg,NCAA D2,Georgia Southwestern state University,GEO_SOU,NCAAPB,SusanKSmithBaseballComplex,72,yes
Georgian Court,https://www.ncaa.com/sites/default/files/images/logos/schools/bgl/georgian-court.svg,NCAA D2,,,,,,
Glenville State,https://www.ncaa.com/sites/default/files/images/logos/schools/bgl/glenville-st.svg,NCAA D2,,,,,,
Goldey-Beacom,https://www.ncaa.com/sites/default/files/images/logos/schools/bgl/goldey-beacom.svg,NCAA D2,,,,,,
Grand Valley State,https://www.ncaa.com/sites/default/files/images/logos/schools/bgl/grand-valley-st.svg,NCAA D2,,,,,,
Harding,https://www.ncaa.com/sites/default/files/images/logos/schools/bgl/harding.svg,NCAA D2,,,,,,
Hawaii Hilo,https://www.ncaa.com/sites/default/files/images/logos/schools/bgl/hawaii-hilo.svg,NCAA D2,,,,,,
Hawaii Pacific,https://www.ncaa.com/sites/default/files/images/logos/schools/bgl/hawaii-pacific.svg,NCAA D2,,,,,,
Henderson State,https://www.ncaa.com/sites/default/files/images/logos/schools/bgl/henderson-st.svg,NCAA D2,,,,,,
Hillsdale College,https://www.ncaa.com/sites/default/files/images/logos/schools/bgl/hillsdale.svg,NCAA D2,Hillsdale College Chargers,HIL_COL2,,LendaandGlendaHillStadium,69,yes
Holy Family,https://www.ncaa.com/sites/default/files/images/logos/schools/bgl/holy-family.svg,NCAA D2,,,,,,
Illinois Springfield,https://www.ncaa.com/sites/default/files/images/logos/schools/bgl/ill-springfield.svg,NCAA D2,University of Illinois Springfield,IlI_SPR,,UISBaseballField,100,
Indiana of PA,https://www.ncaa.com/sites/default/files/images/logos/schools/bgl/indiana-pa.svg,NCAA D2,,,,,,
Jamestown,https://elasticbeanstalk-us-east-2-479315316746.s3.us-east-2.amazonaws.com/static/logos/logo_146659.png,NCAA D2,,,,,,
Jefferson,https://www.ncaa.com/sites/default/files/images/logos/schools/bgl/philadelphia-u.svg,NCAA D2,,,,,,
Jessup,https://www.ncaa.com/sites/default/files/images/logos/schools/bgl/jessup.svg,NCAA D2,Jessup University,JES_UNI,,McBean,100,
Kentucky State,https://www.ncaa.com/sites/default/files/images/logos/schools/bgl/kentucky-st.svg,NCAA D2,,,,,,
Kentucky Wesleyan,https://www.ncaa.com/sites/default/files/images/logos/schools/bgl/ky-wesleyan.svg,NCAA D2,,,,,,
King,https://www.ncaa.com/sites/default/files/images/logos/schools/bgl/king-tn.svg,NCAA D2,,,,,,
Kutztown,https://www.ncaa.com/sites/default/files/images/logos/schools/bgl/kutztown.svg,NCAA D2,,,,,,
Lake Erie College,https://www.ncaa.com/sites/default/files/images/logos/schools/bgl/lake-erie.svg,NCAA D2,,,,,,
Lander,https://www.ncaa.com/sites/default/files/images/logos/schools/bgl/lander.svg,NCAA D2,Lander University Bearcats,LAN_BEA,,StephenBDolnyStadium,69,yes
Lane,https://www.ncaa.com/sites/default/files/images/logos/schools/bgl/lane.svg,NCAA D2,,,,,,
Lee,https://www.ncaa.com/sites/default/files/images/logos/schools/bgl/lee.svg,NCAA D2,Lee University,LEE_UNI,Team,LeeUniversity,100,
LeMoyne-Owen,https://www.ncaa.com/sites/default/files/images/logos/schools/bgl/lemoyne-owen.svg,NCAA D2,,,,,,
Lenoir-Rhyne,https://www.ncaa.com/sites/default/files/images/logos/schools/bgl/lenoir-rhyne.svg,NCAA D2,Lenoir-Rhyne Bears,LEN_BEA,Team,DurhamField,97,
Lewis,https://www.ncaa.com/sites/default/files/images/logos/schools/bgl/lewis.svg,NCAA D2,,,,,,
Lincoln (MO),https://www.ncaa.com/sites/default/files/images/logos/schools/bgl/lincoln-mo.svg,NCAA D2,,,,,,
Lincoln (PA),https://www.ncaa.com/sites/default/files/images/logos/schools/bgl/lincoln-pa.svg,NCAA D2,,,,,,
Lincoln Memorial,https://www.ncaa.com/sites/default/files/images/logos/schools/bgl/lincoln-memorial.svg,NCAA D2,Lincoln Memorial University,LIN_MEM,,LamarHennonField,100,
Lock Haven,https://www.ncaa.com/sites/default/files/images/logos/schools/bgl/lock-haven.svg,NCAA D2,,,,,,
Lubbock Christian,https://www.ncaa.com/sites/default/files/images/logos/schools/bgl/lubbock-christian.svg,NCAA D2,,,,,,
Lynn,https://www.ncaa.com/sites/default/files/images/logos/schools/bgl/lynn.svg,NCAA D2,,,,,,
Malone,https://www.ncaa.com/sites/default/files/images/logos/schools/bgl/malone.svg,NCAA D2,,,,,,
Mansfield,https://www.ncaa.com/sites/default/files/images/logos/schools/bgl/mansfield.svg,NCAA D2,,,,,,
Mars Hill,https://www.ncaa.com/sites/default/files/images/logos/schools/bgl/mars-hill.svg,NCAA D2,Mars Hill Lions,MAR_LIO,Team,HendersonFieldMarsHill,97,
Maryville,https://www.ncaa.com/sites/default/files/images/logos/schools/bgl/maryville-mo.svg,NCAA D2,,,,,,
McKendree,https://www.ncaa.com/sites/default/files/images/logos/schools/bgl/mckendree.svg,NCAA D2,,,,,,
Menlo,https://www.ncaa.com/sites/default/files/images/logos/schools/bgl/menlo.svg,NCAA D2,,,,,,
Mercy,https://www.ncaa.com/sites/default/files/images/logos/schools/bgl/mercy.svg,NCAA D2,,,,,,
Middle Georgia State,https://elasticbeanstalk-us-east-2-479315316746.s3.us-east-2.amazonaws.com/static/logos/logo_146695.png,NCAA D2,,,,,,
Miles,https://www.ncaa.com/sites/default/files/images/logos/schools/bgl/miles.svg,NCAA D2,,,,,,
Millersville,https://www.ncaa.com/sites/default/files/images/logos/schools/bgl/millersville.svg,NCAA D2,Millersville University,MIL_UNI2,Team,MillersvilleU,100,
Minnesota Crookston,https://www.ncaa.com/sites/default/files/images/logos/schools/bgl/minn-crookston.svg,NCAA D2,,,,,,
Minnesota Duluth,https://www.ncaa.com/sites/default/files/images/logos/schools/bgl/minn-duluth.svg,NCAA D2,,,,,,
Minnesota State,https://www.ncaa.com/sites/default/files/images/logos/schools/bgl/minn-st-mankato.svg,NCAA D2,,,,,,
Minot State,https://www.ncaa.com/sites/default/files/images/logos/schools/bgl/minot-st.svg,NCAA D2,,,,,,
Mississippi College,https://www.ncaa.com/sites/default/files/images/logos/schools/bgl/mississippi-col.svg,NCAA D2,Mississippi College Choctaws,MIS_COL1,,FriersonField,69,yes
Missouri S&T,https://www.ncaa.com/sites/default/files/images/logos/schools/bgl/missouri-snt.svg,NCAA D2,,,,,,
Missouri Southern State,https://www.ncaa.com/sites/default/files/images/logos/schools/bgl/mo-southern-st.svg,NCAA D2,,,,,,
Missouri Western,https://www.ncaa.com/sites/default/files/images/logos/schools/bgl/mo-western-st.svg,NCAA D2,,,,,,
Missouri-St. Louis,https://www.ncaa.com/sites/default/files/images/logos/schools/bgl/mo-st-louis.svg,NCAA D2,,,,,,
Molloy University,https://www.ncaa.com/sites/default/files/images/logos/schools/bgl/molloy.svg,NCAA D2,,,,,,
Montana State Billings,https://www.ncaa.com/sites/default/files/images/logos/schools/bgl/mont-st-billings.svg,NCAA D2,,,,,,
Morehouse College,https://www.ncaa.com/sites/default/files/images/logos/schools/bgl/morehouse.svg,NCAA D2,,,,,,
Mount Olive,https://www.ncaa.com/sites/default/files/images/logos/schools/bgl/mount-olive.svg,NCAA D2,University of Mount Olive,MOU_OLV,CC,UofMountOlive,100,
MSU Denver,https://www.ncaa.com/sites/default/files/images/logos/schools/bgl/metro-st.svg,NCAA D2,,,,,,
New Mexico Highlands,https://www.ncaa.com/sites/default/files/images/logos/schools/bgl/nm-highlands.svg,NCAA D2,,,,,,
Newberry,https://www.ncaa.com/sites/default/files/images/logos/schools/bgl/newberry.svg,NCAA D2,,,,,,
Newman,https://www.ncaa.com/sites/default/files/images/logos/schools/bgl/newman.svg,NCAA D2,,,,,,
North Georgia,https://www.ncaa.com/sites/default/files/images/logos/schools/bgl/north-georgia.svg,NCAA D2,North Georgia Nighthawks,NOR_GEO3,NCAAPB,BobSteinStadium,97,
North Greenville,https://www.ncaa.com/sites/default/files/images/logos/schools/bgl/north-greenville.svg,NCAA D2,North Greeneville University,NOR_GRE,,RayandBeaDillardField,67,yes
Northeastern State,https://www.ncaa.com/sites/default/files/images/logos/schools/bgl/northeastern-st.svg,NCAA D2,,,,,,
Northern State,https://www.ncaa.com/sites/default/files/images/logos/schools/bgl/northern-st.svg,NCAA D2,,,,,,
Northwest Missouri State,https://www.ncaa.com/sites/default/files/images/logos/schools/bgl/northwest-mo-st.svg,NCAA D2,,,,,,
Northwest Nazarene,https://www.ncaa.com/sites/default/files/images/logos/schools/bgl/northwest-nazarene.svg,NCAA D2,Northwest Nazarene University Nighthawks,NNU_CRU,,ElmoreWVailField,69,yes
Northwestern Oklahoma State,https://www.ncaa.com/sites/default/files/images/logos/schools/bgl/northwestern-okla.svg,NCAA D2,,,,,,
Northwood,https://www.ncaa.com/sites/default/files/images/logos/schools/bgl/northwood-mi.svg,NCAA D2,,,,,,
Nova Southeastern,https://www.ncaa.com/sites/default/files/images/logos/schools/bgl/nova-southeastern.svg,NCAA D2,Nova Southeastern,NOV_SOU,,,100,
Ohio Dominican,https://www.ncaa.com/sites/default/files/images/logos/schools/bgl/ohio-dominican.svg,NCAA D2,,,,,,
Oklahoma Baptist,https://www.ncaa.com/sites/default/files/images/logos/schools/bgl/okla-baptist.svg,NCAA D2,,,,,,
Oklahoma Christian,https://www.ncaa.com/sites/default/files/images/logos/schools/bgl/okla-christian.svg,NCAA D2,,,,,,
Ouachita Baptist,https://www.ncaa.com/sites/default/files/images/logos/schools/bgl/ouachita-baptist.svg,NCAA D2,,,,,,
Pace,https://www.ncaa.com/sites/default/files/images/logos/schools/bgl/pace.svg,NCAA D2,,,,,,
Palm Beach Atlantic,https://www.ncaa.com/sites/default/files/images/logos/schools/bgl/palm-beach-atl.svg,NCAA D2,,,,,,
Pitt-Johnstown,https://www.ncaa.com/sites/default/files/images/logos/schools/bgl/pitt-johnstown.svg,NCAA D2,,,,,,
Pittsburg State,https://www.ncaa.com/sites/default/files/images/logos/schools/bgl/pittsburg-st.svg,NCAA D2,,,,,,
Point Loma,https://www.ncaa.com/sites/default/files/images/logos/schools/bgl/point-loma.svg,NCAA D2,Point Loma Nazarene University,POI_LOM,,PointLomaNazarene,72,yes
Point Park,https://elasticbeanstalk-us-east-2-479315316746.s3.us-east-2.amazonaws.com/static/logos/logo_146736.png,NCAA D2,,,,,,
Post,https://www.ncaa.com/sites/default/files/images/logos/schools/bgl/post.svg,NCAA D2,,,,,,
Purdue Northwest,https://www.ncaa.com/sites/default/files/images/logos/schools/bgl/purdue-northwest.svg,NCAA D2,,,,,,
Queens (NY),https://www.ncaa.com/sites/default/files/images/logos/schools/bgl/queens-ny.svg,NCAA D2,,,,,,
Quincy,https://www.ncaa.com/sites/default/files/images/logos/schools/bgl/quincy.svg,NCAA D2,,,,,,
Regis,https://www.ncaa.com/sites/default/files/images/logos/schools/bgl/regis-co.svg,NCAA D2,,,,,,
Rockhurst,https://www.ncaa.com/sites/default/files/images/logos/schools/bgl/rockhurst.svg,NCAA D2,,,,,,
Rogers State,https://www.ncaa.com/sites/default/files/images/logos/schools/bgl/rogers-st.svg,NCAA D2,,,,,,
Rollins College,https://www.ncaa.com/sites/default/files/images/logos/schools/bgl/rollins.svg,NCAA D2,,,,,,
Roosevelt,https://www.ncaa.com/sites/default/files/images/logos/schools/bgl/roosevelt-university.svg,NCAA D2,,,,,,
Saginaw Valley State,https://www.ncaa.com/sites/default/files/images/logos/schools/bgl/saginaw-valley.svg,NCAA D2,,,,,,
Saint Anselm College,https://www.ncaa.com/sites/default/files/images/logos/schools/bgl/st-anselm.svg,NCAA D2,,,,,,
Saint Leo,https://www.ncaa.com/sites/default/files/images/logos/schools/bgl/saint-leo.svg,NCAA D2,,,,,,
Saint Martin's,https://www.ncaa.com/sites/default/files/images/logos/schools/bgl/saint-martins.svg,NCAA D2,,,,,,
Saint Michael's College,https://www.ncaa.com/sites/default/files/images/logos/schools/bgl/st-michaels.svg,NCAA D2,,,,,,
Salem,https://www.ncaa.com/sites/default/files/images/logos/schools/bgl/salem-intl.svg,NCAA D2,,,,,,
Savannah State,https://www.ncaa.com/sites/default/files/images/logos/schools/bgl/savannah-st.svg,NCAA D2,,,,,,
Seton Hill,https://www.ncaa.com/sites/default/files/images/logos/schools/bgl/seton-hill.svg,NCAA D2,Seton Hill Griffins,SET_HIL,Team,SHUBaseballComplex,97,
Shepherd,https://www.ncaa.com/sites/default/files/images/logos/schools/bgl/shepherd.svg,NCAA D2,,,,,,
Shippensburg,https://www.ncaa.com/sites/default/files/images/logos/schools/bgl/shippensburg.svg,NCAA D2,,,,,,
Shorter,https://www.ncaa.com/sites/default/files/images/logos/schools/bgl/shorter.svg,NCAA D2,,,,,,
Sioux Falls,https://www.ncaa.com/sites/default/files/images/logos/schools/bgl/sioux-falls.svg,NCAA D2,,,,,,
Slippery Rock,https://www.ncaa.com/sites/default/files/images/logos/schools/bgl/slippery-rock.svg,NCAA D2,,,,,,
Southeastern Oklahoma State,https://www.ncaa.com/sites/default/files/images/logos/schools/bgl/southeastern-okla.svg,NCAA D2,,,,,,
Southern Arkansas,https://www.ncaa.com/sites/default/files/images/logos/schools/bgl/southern-ark.svg,NCAA D2,,,,,,
Southern Connecticut State,https://www.ncaa.com/sites/default/files/images/logos/schools/bgl/southern-conn-st.svg,NCAA D2,,,,,,
Southern Nazarene,https://www.ncaa.com/sites/default/files/images/logos/schools/bgl/southern-nazarene.svg,NCAA D2,,,,,,
Southern New Hampshire,https://www.ncaa.com/sites/default/files/images/logos/schools/bgl/southern-nh.svg,NCAA D2,,,,,,
Southern Wesleyan,https://www.ncaa.com/sites/default/files/images/logos/schools/bgl/southern-wesleyan.svg,NCAA D2,Southern Wesleyan University,SOU_WES1,CC,SouthernWesleyan,100,
Southwest Baptist,https://www.ncaa.com/sites/default/files/images/logos/schools/bgl/southwest-baptist.svg,NCAA D2,,,,,,
Southwest Minnesota State,https://www.ncaa.com/sites/default/files/images/logos/schools/bgl/southwest-minn-st.svg,NCAA D2,,,,,,
Southwestern Oklahoma State,https://www.ncaa.com/sites/default/files/images/logos/schools/bgl/southwestern-okla.svg,NCAA D2,,,,,,
Spring Hill,https://www.ncaa.com/sites/default/files/images/logos/schools/bgl/spring-hill.svg,NCAA D2,,,,,,
St. Cloud State,https://www.ncaa.com/sites/default/files/images/logos/schools/bgl/st-cloud-st.svg,NCAA D2,,,,,,
St. Edwards,https://www.ncaa.com/sites/default/files/images/logos/schools/bgl/st-edwards.svg,NCAA D2,,,,,,
St. Mary's (TX),https://www.ncaa.com/sites/default/files/images/logos/schools/bgl/st-marys-tx.svg,NCAA D2,St. Mary's Rattlers,STM_RAT,,DicksonStadium,97,
St. Thomas Aquinas,https://www.ncaa.com/sites/default/files/images/logos/schools/bgl/st-thomas-aquinas.svg,NCAA D2,,,,,,
Stanislaus State,https://www.ncaa.com/sites/default/files/images/logos/schools/bgl/cal-st-stanislaus.svg,NCAA D2,,,,,,
Staten Island,https://www.ncaa.com/sites/default/files/images/logos/schools/bgl/staten-island.svg,NCAA D2,,,,,,
Sul Ross State,https://www.ncaa.com/sites/default/files/images/logos/schools/bgl/sul-ross-st.svg,NCAA D2,,,,,,
Tampa,https://www.ncaa.com/sites/default/files/images/logos/schools/bgl/tampa.svg,NCAA D2,,,,,,
Texas A&M International,https://www.ncaa.com/sites/default/files/images/logos/schools/bgl/tex-am-intl.svg,NCAA D2,,,,,,
Texas A&M Kingsville,https://www.ncaa.com/sites/default/files/images/logos/schools/bgl/tex-am-kingsville.svg,NCAA D2,,,,,,
Thomas More,https://www.ncaa.com/sites/default/files/images/logos/schools/bgl/thomas-more.svg,NCAA D2,,,,,,
Tiffin,https://www.ncaa.com/sites/default/files/images/logos/schools/bgl/tiffin.svg,NCAA D2,,,,,,
Trevecca Nazarene,https://www.ncaa.com/sites/default/files/images/logos/schools/bgl/trevecca-nazarene.svg,NCAA D2,Trevecca Nazarene University,TNU,,TreveccaNazareneBC,100,
Truman State,https://www.ncaa.com/sites/default/files/images/logos/schools/bgl/truman.svg,NCAA D2,,,,,,
Tusculum,https://www.ncaa.com/sites/default/files/images/logos/schools/bgl/tusculum.svg,NCAA D2,Tusculum Pioneers,TUS_PIO,Team,PioneerPark,97,
Tuskegee,https://www.ncaa.com/sites/default/files/images/logos/schools/bgl/tuskegee.svg,NCAA D2,,,,,,
UAH,https://www.ncaa.com/sites/default/files/images/logos/schools/bgl/ala-huntsville.svg,NCAA D2,,,,,,
UCCS,https://www.ncaa.com/sites/default/files/images/logos/schools/bgl/uc-colo-springs.svg,NCAA D2,,,,,,
UNC Pembroke,https://www.ncaa.com/sites/default/files/images/logos/schools/bgl/unc-pembroke.svg,NCAA D2,UNC Pembroke Braves,UNC_PEM,,SammyCoxField,97,
Union,https://www.ncaa.com/sites/default/files/images/logos/schools/bgl/union-tn.svg,NCAA D2,,,,,,
University of Indianapolis,https://www.ncaa.com/sites/default/files/images/logos/schools/bgl/indianapolis.svg,NCAA D2,,,,,,
University of Mary,https://www.ncaa.com/sites/default/files/images/logos/schools/bgl/mary.svg,NCAA D2,,,,,,
University of Montevallo,https://www.ncaa.com/sites/default/files/images/logos/schools/bgl/montevallo.svg,NCAA D2,University of Montevallo,UNI_MON,Team,UofMontevallo,100,
Upper Iowa,https://www.ncaa.com/sites/default/files/images/logos/schools/bgl/upper-iowa.svg,NCAA D2,,,,,,
USC Aiken,https://www.ncaa.com/sites/default/files/images/logos/schools/bgl/sc-aiken.svg,NCAA D2,,,,,,
USC Beaufort,https://www.ncaa.com/sites/default/files/images/logos/schools/bgl/usc-beaufort.svg,NCAA D2,,,,,,
UT Dallas,https://www.ncaa.com/sites/default/files/images/logos/schools/bgl/texas-dallas.svg,NCAA D2,,,,,,
UT Permian Basin,https://www.ncaa.com/sites/default/files/images/logos/schools/bgl/tex-permian-basin.svg,NCAA D2,UT Permian Basin Falcons,PER_BAS6,,RodenField,97,
UT Tyler,https://www.ncaa.com/sites/default/files/images/logos/schools/bgl/texas-tyler.svg,NCAA D2,,,,,,
UVa Wise,https://www.ncaa.com/sites/default/files/images/logos/schools/bgl/uva-wise.svg,NCAA D2,,,,,,
UW-Parkside,https://www.ncaa.com/sites/default/files/images/logos/schools/bgl/wis-parkside.svg,NCAA D2,,,,,,
Valdosta State,https://www.ncaa.com/sites/default/files/images/logos/schools/bgl/valdosta-st.svg,NCAA D2,,,,,,
Vanguard,https://www.ncaa.com/sites/default/files/images/logos/schools/bgl/vanguard.svg,NCAA D2,,,,,,
Virginia State,https://www.ncaa.com/sites/default/files/images/logos/schools/bgl/virginia-st.svg,NCAA D2,,,,,,
Walsh,https://www.ncaa.com/sites/default/files/images/logos/schools/bgl/walsh.svg,NCAA D2,,,,,,
Washburn,https://www.ncaa.com/sites/default/files/images/logos/schools/bgl/washburn.svg,NCAA D2,,,,,,
Wayne State (MI),https://www.ncaa.com/sites/default/files/images/logos/schools/bgl/wayne-st-mi.svg,NCAA D2,,,,,,
Wayne State (NE),https://www.ncaa.com/sites/default/files/images/logos/schools/bgl/wayne-st-ne.svg,NCAA D2,,,,,,
West Alabama,https://www.ncaa.com/sites/default/files/images/logos/schools/bgl/west-ala.svg,NCAA D2,,,,,,
West Chester,https://www.ncaa.com/sites/default/files/images/logos/schools/bgl/west-chester.svg,NCAA D2,,,,,,
West Florida,https://www.ncaa.com/sites/default/files/images/logos/schools/bgl/west-fla.svg,NCAA D2,,,,,,
West Liberty,https://www.ncaa.com/sites/default/files/images/logos/schools/bgl/west-liberty.svg,NCAA D2,,,,,,
West Texas A&M,https://www.ncaa.com/sites/default/files/images/logos/schools/bgl/west-tex-am.svg,NCAA D2,,,,,,
West Virginia State,https://www.ncaa.com/sites/default/files/images/logos/schools/bgl/west-virginia-st.svg,NCAA D2,,,,,,
West Virginia Wesleyan,https://www.ncaa.com/sites/default/files/images/logos/schools/bgl/west-va-wesleyan.svg,NCAA D2,,,,,,
Western Oregon,https://www.ncaa.com/sites/default/files/images/logos/schools/bgl/western-ore.svg,NCAA D2,,,,,,
Westmont,https://www.ncaa.com/sites/default/files/images/logos/schools/bgl/westmont-college.svg,NCAA D2,Westmont College,WES_COL,Team,RussellCarrField,100,
Wheeling,https://www.ncaa.com/sites/default/files/images/logos/schools/bgl/wheeling-jesuit.svg,NCAA D2,,,,,,
William Jewell,https://www.ncaa.com/sites/default/files/images/logos/schools/bgl/william-jewell.svg,NCAA D2,,,,,,
Wilmington (DE),https://www.ncaa.com/sites/default/files/images/logos/schools/bgl/wilmington-de.svg,NCAA D2,,,,,,
Wingate,https://www.ncaa.com/sites/default/files/images/logos/schools/bgl/wingate.svg,NCAA D2,Wingate Bulldogs,WIN_BUL,,RonChrisStad,97,
Winona State,https://www.ncaa.com/sites/default/files/images/logos/schools/bgl/winona-st.svg,NCAA D2,,,,,,
Young Harris,https://www.ncaa.com/sites/default/files/images/logos/schools/bgl/young-harris.svg,NCAA D2,Young Harris,YOU_HAR,CC,TheZellB.MillerField,100,
Adrian,https://www.ncaa.com/sites/default/files/images/logos/schools/bgl/adrian.svg,NCAA D3,,,,,,
Albertus Magnus,https://www.ncaa.com/sites/default/files/images/logos/schools/bgl/albertus-magnus.svg,NCAA D3,,,,,,
Albion,https://www.ncaa.com/sites/default/files/images/logos/schools/bgl/albion.svg,NCAA D3,,,,,,
Albright,https://www.ncaa.com/sites/default/files/images/logos/schools/bgl/albright.svg,NCAA D3,,,,,,
Alfred,https://www.ncaa.com/sites/default/files/images/logos/schools/bgl/alfred.svg,NCAA D3,,,,,,
Alfred State,https://www.ncaa.com/sites/default/files/images/logos/schools/bgl/alfred-st.svg,NCAA D3,,,,,,
Allegheny,https://www.ncaa.com/sites/default/files/images/logos/schools/bgl/allegheny.svg,NCAA D3,,,,,,
Alma,https://www.ncaa.com/sites/default/files/images/logos/schools/bgl/alma.svg,NCAA D3,,,,,,
Alvernia,https://www.ncaa.com/sites/default/files/images/logos/schools/bgl/alvernia.svg,NCAA D3,,,,,,
Amherst,https://www.ncaa.com/sites/default/files/images/logos/schools/bgl/amherst.svg,NCAA D3,,,,,,
Anderson (IN),https://www.ncaa.com/sites/default/files/images/logos/schools/bgl/anderson-in.svg,NCAA D3,,,,,,
Anna Maria,https://www.ncaa.com/sites/default/files/images/logos/schools/bgl/anna-maria.svg,NCAA D3,,,,,,
Arcadia,https://www.ncaa.com/sites/default/files/images/logos/schools/bgl/arcadia.svg,NCAA D3,,,,,,
Asbury,https://www.ncaa.com/sites/default/files/images/logos/schools/bgl/asbury.svg,NCAA D3,,,,,,
Augsburg,https://www.ncaa.com/sites/default/files/images/logos/schools/bgl/augsburg.svg,NCAA D3,,,,,,
Augustana (IL),https://www.ncaa.com/sites/default/files/images/logos/schools/bgl/augustana-il.svg,NCAA D3,,,,,,
Aurora,https://www.ncaa.com/sites/default/files/images/logos/schools/bgl/aurora.svg,NCAA D3,,,,,,
Austin,https://www.ncaa.com/sites/default/files/images/logos/schools/bgl/austin.svg,NCAA D3,,,,,,
Averett,https://www.ncaa.com/sites/default/files/images/logos/schools/bgl/averett.svg,NCAA D3,,,,,,
Babson,https://www.ncaa.com/sites/default/files/images/logos/schools/bgl/babson.svg,NCAA D3,,,,,,
Baldwin Wallace,https://www.ncaa.com/sites/default/files/images/logos/schools/bgl/baldwin-wallace.svg,NCAA D3,,,,,,
Bard,https://www.ncaa.com/sites/default/files/images/logos/schools/bgd/bard.svg,NCAA D3,,,,,,
Baruch,https://www.ncaa.com/sites/default/files/images/logos/schools/bgl/baruch.svg,NCAA D3,,,,,,
Bates,https://www.ncaa.com/sites/default/files/images/logos/schools/bgl/bates.svg,NCAA D3,,,,,,
Belhaven,https://www.ncaa.com/sites/default/files/images/logos/schools/bgl/belhaven.svg,NCAA D3,,,,,,
Beloit,https://www.ncaa.com/sites/default/files/images/logos/schools/bgl/beloit.svg,NCAA D3,,,,,,
Benedictine (IL),https://dxbhsrqyrr690.cloudfront.net/sidearm.nextgen.sites/athletics.ben.edu/images/responsive_2023/logo_main.svg,NCAA D3,,,,,,
Berea,https://www.ncaa.com/sites/default/files/images/logos/schools/bgl/berea.svg,NCAA D3,,,,,,
Berry,https://www.ncaa.com/sites/default/files/images/logos/schools/bgl/berry.svg,NCAA D3,Berry College,BER_COL,,WilliamBowdoinField,100,
Bethany (WV),https://www.ncaa.com/sites/default/files/images/logos/schools/bgl/bethany-wv.svg,NCAA D3,,,,,,
Bethany Lutheran,https://www.ncaa.com/sites/default/files/images/logos/schools/bgl/bethany-lutheran.svg,NCAA D3,,,,,,
Bethel (MN),https://www.ncaa.com/sites/default/files/images/logos/schools/bgl/bethel-mn.svg,NCAA D3,,,,,,
Blackburn,https://www.ncaa.com/sites/default/files/images/logos/schools/bgl/blackburn.svg,NCAA D3,,,,,,
Bluffton,https://www.ncaa.com/sites/default/files/images/logos/schools/bgl/bluffton.svg,NCAA D3,,,,,,
Bowdoin,https://www.ncaa.com/sites/default/files/images/logos/schools/bgl/bowdoin.svg,NCAA D3,Bowdoin College,BOW_COL,,PickardBaseballDiamond,100,
Brandeis,https://www.ncaa.com/sites/default/files/images/logos/schools/bgl/brandeis.svg,NCAA D3,,,,,,
Brevard College,https://www.ncaa.com/sites/default/files/images/logos/schools/bgl/brevard.svg,NCAA D3,,,,,,
Bridgewater,https://www.ncaa.com/sites/default/files/images/logos/schools/bgl/bridgewater-va.svg,NCAA D3,,,,,,
Bridgewater State,https://www.ncaa.com/sites/default/files/images/logos/schools/bgl/bridgewater-st.svg,NCAA D3,,,,,,
Brockport,https://www.ncaa.com/sites/default/files/images/logos/schools/bgl/brockport.svg,NCAA D3,,,,,,
Buena Vista,https://www.ncaa.com/sites/default/files/images/logos/schools/bgl/buena-vista.svg,NCAA D3,,,,,,
Cairn,https://www.ncaa.com/sites/default/files/images/logos/schools/bgl/cairn.svg,NCAA D3,,,,,,
California Lutheran,https://www.ncaa.com/sites/default/files/images/logos/schools/bgl/cal-lutheran.svg,NCAA D3,California Lutheran Kingsmen,CLU_KIN,,SparkyAnderson,97,
Caltech,https://www.ncaa.com/sites/default/files/images/logos/schools/bgl/caltech.svg,NCAA D3,,,,,,
Calvin,https://www.ncaa.com/sites/default/files/images/logos/schools/bgl/calvin.svg,NCAA D3,,,,,,
Capital,https://www.ncaa.com/sites/default/files/images/logos/schools/bgl/capital.svg,NCAA D3,,,,,,
Carleton,https://www.ncaa.com/sites/default/files/images/logos/schools/bgl/carleton.svg,NCAA D3,,,,,,
Carroll,https://www.ncaa.com/sites/default/files/images/logos/schools/bgl/carroll-wi.svg,NCAA D3,,,,,,
Carthage,https://www.ncaa.com/sites/default/files/images/logos/schools/bgl/carthage.svg,NCAA D3,,,,,,
Case Western Reserve,https://www.ncaa.com/sites/default/files/images/logos/schools/bgl/case.svg,NCAA D3,Case Western Reserve University,CAS_WES,,CaseWesternReserve,100,
Castleton,https://www.ncaa.com/sites/default/files/images/logos/schools/bgl/castleton.svg,NCAA D3,,,,,,
Catholic,https://www.ncaa.com/sites/default/files/images/logos/schools/bgl/catholic.svg,NCAA D3,Catholic University of America,CAT_UNI,,CatholicUniversity,66,yes
Centenary (LA),https://www.ncaa.com/sites/default/files/images/logos/schools/bgl/centenary-la.svg,NCAA D3,Centenary College,CEN_COL1,Team,SheheeStadium,100,
Centenary (NJ),https://www.ncaa.com/sites/default/files/images/logos/schools/bgl/centenary-nj.svg,NCAA D3,,,,,,
Central,https://www.ncaa.com/sites/default/files/images/logos/schools/bgl/central-ia.svg,NCAA D3,,,,,,
Centre,https://www.ncaa.com/sites/default/files/images/logos/schools/bgl/centre.svg,NCAA D3,Centre College Colonels,CEN_COL,SOUTH,GaryWright,69,yes
Chapman,https://www.ncaa.com/sites/default/files/images/logos/schools/bgl/chapman.svg,NCAA D3,,,,,,
Chatham,https://www.ncaa.com/sites/default/files/images/logos/schools/bgl/chatham.svg,NCAA D3,,,,,,
Chicago,https://www.ncaa.com/sites/default/files/images/logos/schools/bgl/chicago.svg,NCAA D3,,,,,,
Christopher Newport,https://www.ncaa.com/sites/default/files/images/logos/schools/bgl/chris-newport.svg,NCAA D3,,,,,,
City College of NY,https://www.ncaa.com/sites/default/files/images/logos/schools/bgl/ccny.svg,NCAA D3,,,,,,
Claremont-Mudd-Scripps,https://www.ncaa.com/sites/default/files/images/logos/schools/bgl/claremont-m-s.svg,NCAA D3,,,,,,
Clark,https://www.ncaa.com/sites/default/files/images/logos/schools/bgl/clark-ma.svg,NCAA D3,,,,,,
Clarkson,https://www.ncaa.com/sites/default/files/images/logos/schools/bgl/clarkson.svg,NCAA D3,,,,,,
Coast Guard,https://www.ncaa.com/sites/default/files/images/logos/schools/bgl/coast-guard.svg,NCAA D3,,,,,,
Coe,https://www.ncaa.com/sites/default/files/images/logos/schools/bgl/coe.svg,NCAA D3,,,,,,
Colby,https://www.ncaa.com/sites/default/files/images/logos/schools/bgl/colby.svg,NCAA D3,,,,,,
Colby-Sawyer,https://www.ncaa.com/sites/default/files/images/logos/schools/bgl/colby-sawyer.svg,NCAA D3,,,,,,
Concordia Chicago,https://www.ncaa.com/sites/default/files/images/logos/schools/bgl/concordia-chicago.svg,NCAA D3,,,,,,
Concordia Moorhead,https://www.ncaa.com/sites/default/files/images/logos/schools/bgl/concordia-mhead.svg,NCAA D3,,,,,,
Concordia Texas,https://www.ncaa.com/sites/default/files/images/logos/schools/bgl/concordia-tx.svg,NCAA D3,,,,,,
Concordia Wisconsin,https://www.ncaa.com/sites/default/files/images/logos/schools/bgl/concordia-wi.svg,NCAA D3,,,,,,
Cornell College,https://www.ncaa.com/sites/default/files/images/logos/schools/bgl/cornell-college.svg,NCAA D3,,,,,,
Covenant,https://www.ncaa.com/sites/default/files/images/logos/schools/bgl/covenant.svg,NCAA D3,,,,,,
Crown,https://www.ncaa.com/sites/default/files/images/logos/schools/bgl/crown-mn.svg,NCAA D3,,,,,,
Curry,https://www.ncaa.com/sites/default/files/images/logos/schools/bgl/curry.svg,NCAA D3,,,,,,
Dallas,https://www.ncaa.com/sites/default/files/images/logos/schools/bgl/dallas.svg,NCAA D3,,,,,,
Dean,https://www.ncaa.com/sites/default/files/images/logos/schools/bgl/dean-college.svg,NCAA D3,,,,,,
Delaware Valley,https://www.ncaa.com/sites/default/files/images/logos/schools/bgl/delaware-valley.svg,NCAA D3,,,,,,
Denison,https://dxbhsrqyrr690.cloudfront.net/sidearm.nextgen.sites/denisonbigred.com/responsive_2020/images/svgs/logo_main.svg,NCAA D3,,,,,,
DePauw,https://www.ncaa.com/sites/default/files/images/logos/schools/bgl/depauw.svg,NCAA D3,,,,,,
DeSales,https://www.ncaa.com/sites/default/files/images/logos/schools/bgl/desales.svg,NCAA D3,,,,,,
Dickinson,https://www.ncaa.com/sites/default/files/images/logos/schools/bgl/dickinson.svg,NCAA D3,,,,,,
Dominican (IL),https://www.ncaa.com/sites/default/files/images/logos/schools/bgl/dominican-il.svg,NCAA D3,,,,,,
Drew,https://www.ncaa.com/sites/default/files/images/logos/schools/bgl/drew.svg,NCAA D3,,,,,,
Dubuque,https://www.ncaa.com/sites/default/files/images/logos/schools/bgl/dubuque.svg,NCAA D3,,,,,,
Earlham,https://dxbhsrqyrr690.cloudfront.net/sidearm.nextgen.sites/goearlham.com/images/responsive_2020/logo_main.svg,NCAA D3,,,,,,
East Texas Baptist,https://www.ncaa.com/sites/default/files/images/logos/schools/bgl/east-tex-baptist.svg,NCAA D3,East Texas Baptist University,EAS_TEX,Team,TIGERBALLPARK,100,
Eastern,https://www.ncaa.com/sites/default/files/images/logos/schools/bgl/eastern.svg,NCAA D3,,,,,,
Eastern Connecticut State,https://www.ncaa.com/sites/default/files/images/logos/schools/bgl/eastern-conn-st.svg,NCAA D3,,,,,,
Eastern Mennonite,https://www.ncaa.com/sites/default/files/images/logos/schools/bgl/east-mennonite.svg,NCAA D3,,,,,,
Edgewood,https://www.ncaa.com/sites/default/files/images/logos/schools/bgl/edgewood.svg,NCAA D3,,,,,,
Elizabethtown,https://www.ncaa.com/sites/default/files/images/logos/schools/bgl/elizabethtown.svg,NCAA D3,,,,,,
Elmhurst,https://www.ncaa.com/sites/default/files/images/logos/schools/bgl/elmhurst.svg,NCAA D3,,,,,,
Elmira,https://www.ncaa.com/sites/default/files/images/logos/schools/bgl/elmira.svg,NCAA D3,,,,,,
Elms,https://www.ncaa.com/sites/default/files/images/logos/schools/bgl/elms.svg,NCAA D3,,,,,,
Emerson,https://www.ncaa.com/sites/default/files/images/logos/schools/bgl/emerson.svg,NCAA D3,,,,,,
Emory,https://www.ncaa.com/sites/default/files/images/logos/schools/bgl/emory.svg,NCAA D3,,,,,,
Endicott,https://www.ncaa.com/sites/default/files/images/logos/schools/bgl/endicott.svg,NCAA D3,,,,,,
Eureka,https://www.ncaa.com/sites/default/files/images/logos/schools/bgl/eureka.svg,NCAA D3,,,,,,
Farmingdale State,https://www.ncaa.com/sites/default/files/images/logos/schools/bgl/farmingdale-st.svg,NCAA D3,,,,,,
FDU-Florham,https://www.ncaa.com/sites/default/files/images/logos/schools/bgl/fdu-florham.svg,NCAA D3,,,,,,
Fitchburg State,https://www.ncaa.com/sites/default/files/images/logos/schools/bgl/fitchburg-st.svg,NCAA D3,,,,,,
Framingham State,https://www.ncaa.com/sites/default/files/images/logos/schools/bgl/framingham-st.svg,NCAA D3,,,,,,
Franciscan,https://www.ncaa.com/sites/default/files/images/logos/schools/bgl/franciscan.svg,NCAA D3,,,,,,
Franklin,https://www.ncaa.com/sites/default/files/images/logos/schools/bgl/franklin.svg,NCAA D3,,,,,,
Franklin & Marshall,https://www.ncaa.com/sites/default/files/images/logos/schools/bgl/frank-marsh.svg,NCAA D3,,,,,,
Fredonia State,https://www.ncaa.com/sites/default/files/images/logos/schools/bgl/fredonia-st.svg,NCAA D3,,,,,,
Geneva,https://www.ncaa.com/sites/default/files/images/logos/schools/bgl/geneva.svg,NCAA D3,,,,,,
George Fox,https://www.ncaa.com/sites/default/files/images/logos/schools/bgl/george-fox.svg,NCAA D3,George Fox University,GEO_FOX,Team,GeorgeFox,100,
Gettysburg,https://www.ncaa.com/sites/default/files/images/logos/schools/bgl/gettysburg.svg,NCAA D3,,,,,,
Gordon,https://www.ncaa.com/sites/default/files/images/logos/schools/bgl/gordon.svg,NCAA D3,,,,,,
Greensboro,https://www.ncaa.com/sites/default/files/images/logos/schools/bgl/greensboro.svg,NCAA D3,,,,,,
Greenville,https://www.ncaa.com/sites/default/files/images/logos/schools/bgl/greenville.svg,NCAA D3,,,,,,
Grinnell,https://www.ncaa.com/sites/default/files/images/logos/schools/bgl/grinnell.svg,NCAA D3,,,,,,
Grove City,https://www.ncaa.com/sites/default/files/images/logos/schools/bgl/grove-city.svg,NCAA D3,,,,,,
Guilford,https://www.ncaa.com/sites/default/files/images/logos/schools/bgl/guilford.svg,NCAA D3,,,,,,
Gustavus Adolphus,https://www.ncaa.com/sites/default/files/images/logos/schools/bgl/gust-adolphus.svg,NCAA D3,,,,,,
Gwynedd Mercy,https://www.ncaa.com/sites/default/files/images/logos/schools/bgl/gwynedd-mercy.svg,NCAA D3,,,,,,
Hamilton,https://www.ncaa.com/sites/default/files/images/logos/schools/bgl/hamilton.svg,NCAA D3,,,,,,
Hamline,https://www.ncaa.com/sites/default/files/images/logos/schools/bgl/hamline.svg,NCAA D3,,,,,,
Hampden-Sydney,https://www.ncaa.com/sites/default/files/images/logos/schools/bgl/hampden-sydney.svg,NCAA D3,,,,,,
Hanover,https://www.ncaa.com/sites/default/files/images/logos/schools/bgl/hanover.svg,NCAA D3,,,,,,
Hardin-Simmons,https://www.ncaa.com/sites/default/files/images/logos/schools/bgl/hardin-simmons.svg,NCAA D3,,,,,,
Hartford,https://www.ncaa.com/sites/default/files/images/logos/schools/bgl/hartford.svg,NCAA D3,,,,,,
Haverford,https://www.ncaa.com/sites/default/files/images/logos/schools/bgl/haverford.svg,NCAA D3,,,,,,
Heidelberg,https://www.ncaa.com/sites/default/files/images/logos/schools/bgl/heidelberg.svg,NCAA D3,,,,,,
Hendrix,https://www.ncaa.com/sites/default/files/images/logos/schools/bgl/hendrix.svg,NCAA D3,Hendrix College Warriors,HEN_COL,,WarriorField,69,yes
Hilbert,https://www.ncaa.com/sites/default/files/images/logos/schools/bgl/hilbert.svg,NCAA D3,,,,,,
Hiram,https://www.ncaa.com/sites/default/files/images/logos/schools/bgl/hiram.svg,NCAA D3,,,,,,
Hobart,https://www.ncaa.com/sites/default/files/images/logos/schools/bgl/hobart.svg,NCAA D3,,,,,,
Hood,https://www.ncaa.com/sites/default/files/images/logos/schools/bgl/hood.svg,NCAA D3,,,,,,
Hope,https://www.ncaa.com/sites/default/files/images/logos/schools/bgl/hope.svg,NCAA D3,,,,,,
Houghton,https://www.ncaa.com/sites/default/files/images/logos/schools/bgl/houghton.svg,NCAA D3,,,,,,
Howard Payne,https://www.ncaa.com/sites/default/files/images/logos/schools/bgl/howard-payne.svg,NCAA D3,,,,,,
Huntingdon,https://www.ncaa.com/sites/default/files/images/logos/schools/bgl/huntingdon.svg,NCAA D3,,,,,,
Husson,https://www.ncaa.com/sites/default/files/images/logos/schools/bgl/husson.svg,NCAA D3,,,,,,
Illinois College,https://www.ncaa.com/sites/default/files/images/logos/schools/bgl/illinois-col.svg,NCAA D3,,,,,,
Illinois Tech,https://www.ncaa.com/sites/default/files/images/logos/schools/bgl/iit.svg,NCAA D3,,,,,,
Illinois Wesleyan,https://www.ncaa.com/sites/default/files/images/logos/schools/bgl/ill-wesleyan.svg,NCAA D3,Illinois Wesleyan University,ILL_WES,Team,IllinoisWesleyan,100,
Immaculata,https://www.ncaa.com/sites/default/files/images/logos/schools/bgl/immaculata.svg,NCAA D3,,,,,,
Ithaca,https://www.ncaa.com/sites/default/files/images/logos/schools/bgl/ithaca.svg,NCAA D3,,,,,,
John Carroll,https://www.ncaa.com/sites/default/files/images/logos/schools/bgl/john-carroll.svg,NCAA D3,,,,,,
John Jay,https://www.ncaa.com/sites/default/files/images/logos/schools/bgl/john-jay.svg,NCAA D3,,,,,,
Johns Hopkins,https://www.ncaa.com/sites/default/files/images/logos/schools/bgl/johns-hopkins.svg,NCAA D3,,,,,,
Johnson & Wales (NC),https://dxbhsrqyrr690.cloudfront.net/sidearm.nextgen.sites/jowachar.sidearmsports.com/images/responsive_2023/jwu_logo.png,NCAA D3,,,,,,
Johnson & Wales (RI),https://www.ncaa.com/sites/default/files/images/logos/schools/bgl/johnson-wales-ri.svg,NCAA D3,,,,,,
Juniata,https://www.ncaa.com/sites/default/files/images/logos/schools/bgl/juniata.svg,NCAA D3,,,,,,
Kalamazoo,https://www.ncaa.com/sites/default/files/images/logos/schools/bgl/kalamazoo.svg,NCAA D3,,,,,,
Kean,https://www.ncaa.com/sites/default/files/images/logos/schools/bgl/kean.svg,NCAA D3,,,,,,
Keene State,https://www.ncaa.com/sites/default/files/images/logos/schools/bgl/keene-st.svg,NCAA D3,,,,,,
Kenyon,https://www.ncaa.com/sites/default/files/images/logos/schools/bgl/kenyon.svg,NCAA D3,,,,,,
Keuka,https://www.ncaa.com/sites/default/files/images/logos/schools/bgl/keuka.svg,NCAA D3,,,,,,
Keystone,https://www.ncaa.com/sites/default/files/images/logos/schools/bgl/keystone.svg,NCAA D3,,,,,,
King's (PA),https://www.ncaa.com/sites/default/files/images/logos/schools/bgl/kings-pa.svg,NCAA D3,,,,,,
Knox,https://www.ncaa.com/sites/default/files/images/logos/schools/bgl/knox.svg,NCAA D3,,,,,,
La Roche,https://www.ncaa.com/sites/default/files/images/logos/schools/bgl/la-roche.svg,NCAA D3,,,,,,
La Verne,https://www.ncaa.com/sites/default/files/images/logos/schools/bgl/la-verne.svg,NCAA D3,,,,,,
LaGrange,https://www.ncaa.com/sites/default/files/images/logos/schools/bgl/lagrange.svg,NCAA D3,,,,,,
Lakeland,https://www.ncaa.com/sites/default/files/images/logos/schools/bgl/lakeland.svg,NCAA D3,,,,,,
Lancaster Bible,https://www.ncaa.com/sites/default/files/images/logos/schools/bgl/lancaster-bible.svg,NCAA D3,,,,,,
Lasell,https://www.ncaa.com/sites/default/files/images/logos/schools/bgl/lasell.svg,NCAA D3,,,,,,
Lawrence,https://www.ncaa.com/sites/default/files/images/logos/schools/bgl/lawrence.svg,NCAA D3,,,,,,
Lebanon Valley,https://www.ncaa.com/sites/default/files/images/logos/schools/bgl/lebanon-valley.svg,NCAA D3,Lebanon Valley College Dutchmen,LEB_VAL,Team,McGillField,69,yes
Lehman,https://www.ncaa.com/sites/default/files/images/logos/schools/bgd/lehman.svg,NCAA D3,,,,,,
Lesley,https://www.ncaa.com/sites/default/files/images/logos/schools/bgl/lesley.svg,NCAA D3,,,,,,
LeTourneau,https://www.ncaa.com/sites/default/files/images/logos/schools/bgl/letourneau.svg,NCAA D3,,,,,,
Lewis & Clark,https://www.ncaa.com/sites/default/files/images/logos/schools/bgl/lewis-clark.svg,NCAA D3,,,,,,
Linfield,https://www.ncaa.com/sites/default/files/images/logos/schools/bgl/linfield.svg,NCAA D3,,,,,,
Loras,https://www.ncaa.com/sites/default/files/images/logos/schools/bgl/loras.svg,NCAA D3,,,,,,
Luther,https://www.ncaa.com/sites/default/files/images/logos/schools/bgl/luther.svg,NCAA D3,,,,,,
Lycoming,https://www.ncaa.com/sites/default/files/images/logos/schools/bgl/lycoming.svg,NCAA D3,Lycoming College,LYC_COL,,BrandonParkField,100,
Lynchburg,https://www.ncaa.com/sites/default/files/images/logos/schools/bgl/lynchburg.svg,NCAA D3,,,,,,
Lyndon,https://www.ncaa.com/sites/default/files/images/logos/schools/bgl/lyndon-st.svg,NCAA D3,,,,,,
Lyon,https://www.ncaa.com/sites/default/files/images/logos/schools/bgl/lyon.svg,NCAA D3,,,,,,
Macalester,https://www.ncaa.com/sites/default/files/images/logos/schools/bgl/macalester.svg,NCAA D3,,,,,,
Manchester,https://www.ncaa.com/sites/default/files/images/logos/schools/bgl/manchester.svg,NCAA D3,,,,,,
Manhattanville,https://www.ncaa.com/sites/default/files/images/logos/schools/bgl/manhattanville.svg,NCAA D3,,,,,,
Maranatha Baptist,https://www.ncaa.com/sites/default/files/images/logos/schools/bgl/maranatha-baptist.svg,NCAA D3,,,,,,
Marian (WI),https://www.ncaa.com/sites/default/files/images/logos/schools/bgl/marian-wi.svg,NCAA D3,,,,,,
Marietta,https://www.ncaa.com/sites/default/files/images/logos/schools/bgl/marietta.svg,NCAA D3,,,,,,
Maritime (NY),https://www.ncaa.com/sites/default/files/images/logos/schools/bgl/suny-maritime.svg,NCAA D3,,,,,,
Martin Luther,https://www.ncaa.com/sites/default/files/images/logos/schools/bgl/martin-luther.svg,NCAA D3,,,,,,
Mary Baldwin,https://www.ncaa.com/sites/default/files/images/logos/schools/bgl/mary-baldwin.svg,NCAA D3,,,,,,
Mary Hardin-Baylor,https://www.ncaa.com/sites/default/files/images/logos/schools/bgl/mary-hardin-baylor.svg,NCAA D3,,,,,,
Mary Washington,https://www.ncaa.com/sites/default/files/images/logos/schools/bgl/mary-washington.svg,NCAA D3,,,,,,
Marymount (VA),https://www.ncaa.com/sites/default/files/images/logos/schools/bgl/marymount-va.svg,NCAA D3,,,,,,
Maryville (TN),https://www.ncaa.com/sites/default/files/images/logos/schools/bgl/maryville-tn.svg,NCAA D3,,,,,,
Marywood,https://www.ncaa.com/sites/default/files/images/logos/schools/bgl/marywood.svg,NCAA D3,,,,,,
Mass. Maritime,https://www.ncaa.com/sites/default/files/images/logos/schools/bgl/mass-maritime.svg,NCAA D3,,,,,,
McDaniel,https://www.ncaa.com/sites/default/files/images/logos/schools/bgl/mcdaniel.svg,NCAA D3,,,,,,
MCLA,https://www.ncaa.com/sites/default/files/images/logos/schools/bgl/mcla.svg,NCAA D3,,,,,,
McMurry,https://www.ncaa.com/sites/default/files/images/logos/schools/bgl/mcmurry.svg,NCAA D3,,,,,,
Merchant Marine,https://www.ncaa.com/sites/default/files/images/logos/schools/bgl/merchant-marine.svg,NCAA D3,,,,,,
Messiah,https://www.ncaa.com/sites/default/files/images/logos/schools/bgl/messiah.svg,NCAA D3,,,,,,
Methodist,https://www.ncaa.com/sites/default/files/images/logos/schools/bgl/methodist.svg,NCAA D3,,,,,,
Middlebury,https://www.ncaa.com/sites/default/files/images/logos/schools/bgl/middlebury.svg,NCAA D3,Middlebury College,MID_COL,Team,ForbesFieldLaptop,100,
Millikin,https://www.ncaa.com/sites/default/files/images/logos/schools/bgl/millikin.svg,NCAA D3,,,,,,
Millsaps,https://www.ncaa.com/sites/default/files/images/logos/schools/bgl/millsaps.svg,NCAA D3,Millsaps College,MIL_COL,,MillsapsCollege,100,
Minnesota Morris,https://www.ncaa.com/sites/default/files/images/logos/schools/bgl/minn-morris.svg,NCAA D3,,,,,,
Misericordia,https://www.ncaa.com/sites/default/files/images/logos/schools/bgl/misericordia.svg,NCAA D3,,,,,,
MIT,https://www.ncaa.com/sites/default/files/images/logos/schools/bgl/mit.svg,NCAA D3,,,,,,
Mitchell,https://www.ncaa.com/sites/default/files/images/logos/schools/bgl/mitchell.svg,NCAA D3,,,,,,
Monmouth (IL),https://www.ncaa.com/sites/default/files/images/logos/schools/bgl/monmouth-il.svg,NCAA D3,,,,,,
Montclair State,https://www.ncaa.com/sites/default/files/images/logos/schools/bgl/montclair-st.svg,NCAA D3,,,,,,
Moravian,https://www.ncaa.com/sites/default/files/images/logos/schools/bgl/moravian.svg,NCAA D3,,,,,,
Mount Aloysius,https://www.ncaa.com/sites/default/files/images/logos/schools/bgl/mt-aloysius.svg,NCAA D3,,,,,,
Mount Saint Mary College (NY),https://www.ncaa.com/sites/default/files/images/logos/schools/bgl/mt-st-mary-ny.svg,NCAA D3,,,,,,
Mount St. Joseph,https://www.ncaa.com/sites/default/files/images/logos/schools/bgl/mt-st-joseph.svg,NCAA D3,,,,,,
Mount St. Vincent,https://www.ncaa.com/sites/default/files/images/logos/schools/bgl/mt-st-vincent.svg,NCAA D3,,,,,,
Mount Union,https://www.ncaa.com/sites/default/files/images/logos/schools/bgl/mount-union.svg,NCAA D3,,,,,,
MSOE,https://www.ncaa.com/sites/default/files/images/logos/schools/bgl/msoe.svg,NCAA D3,,,,,,
Muhlenberg,https://www.ncaa.com/sites/default/files/images/logos/schools/bgl/muhlenberg.svg,NCAA D3,,,,,,
Muskingum,https://www.ncaa.com/sites/default/files/images/logos/schools/bgl/muskingum.svg,NCAA D3,,,,,,
MUW,https://elasticbeanstalk-us-east-2-479315316746.s3.us-east-2.amazonaws.com/static/logos/logo_146472.png,NCAA D3,,,,,,
Nebraska Wesleyan,https://www.ncaa.com/sites/default/files/images/logos/schools/bgl/neb-wesleyan.svg,NCAA D3,,,,,,
Neumann,https://www.ncaa.com/sites/default/files/images/logos/schools/bgl/neumann.svg,NCAA D3,,,,,,
New England,https://www.ncaa.com/sites/default/files/images/logos/schools/bgl/new-england-col.svg,NCAA D3,,,,,,
New Jersey City,https://www.ncaa.com/sites/default/files/images/logos/schools/bgl/new-jersey-city.svg,NCAA D3,,,,,,
New York,https://www.ncaa.com/sites/default/files/images/logos/schools/bgl/new-york-u.svg,NCAA D3,,,,,,
Nichols College,https://www.ncaa.com/sites/default/files/images/logos/schools/bgl/nichols.svg,NCAA D3,,,,,,
North Carolina Wesleyan,https://www.ncaa.com/sites/default/files/images/logos/schools/bgl/nc-wesleyan.svg,NCAA D3,,,,,,
North Central (IL),https://www.ncaa.com/sites/default/files/images/logos/schools/bgl/north-central-il.svg,NCAA D3,,,,,,
North Central (MN),https://www.ncaa.com/sites/default/files/images/logos/schools/bgl/north-central-mn.svg,NCAA D3,,,,,,
North Park,https://www.ncaa.com/sites/default/files/images/logos/schools/bgl/north-park.svg,NCAA D3,,,,,,
Northwestern-St. Paul,https://www.ncaa.com/sites/default/files/images/logos/schools/bgl/northwestern-st-paul.svg,NCAA D3,,,,,,
Norwich,https://www.ncaa.com/sites/default/files/images/logos/schools/bgl/norwich.svg,NCAA D3,,,,,,
Notre Dame (MD),https://www.ncaa.com/sites/default/files/images/logos/schools/bgl/notre-dame-md.svg,NCAA D3,,,,,,
Oberlin,https://www.ncaa.com/sites/default/files/images/logos/schools/bgl/oberlin.svg,NCAA D3,,,,,,
Occidental,https://www.ncaa.com/sites/default/files/images/logos/schools/bgl/occidental.svg,NCAA D3,,,,,,
Oglethorpe,https://www.ncaa.com/sites/default/files/images/logos/schools/bgl/oglethorpe.svg,NCAA D3,Oglethorpe University,OGL_UNI,,Brookhaven,100,
Ohio Northern,https://www.ncaa.com/sites/default/files/images/logos/schools/bgl/ohio-northern.svg,NCAA D3,,,,,,
Ohio Wesleyan,https://www.ncaa.com/sites/default/files/images/logos/schools/bgl/ohio-wesleyan.svg,NCAA D3,,,,,,
Old Westbury,https://www.ncaa.com/sites/default/files/images/logos/schools/bgl/old-westbury.svg,NCAA D3,,,,,,
Olivet,https://www.ncaa.com/sites/default/files/images/logos/schools/bgl/olivet.svg,NCAA D3,,,,,,
Oswego State,https://www.ncaa.com/sites/default/files/images/logos/schools/bgl/oswego-st.svg,NCAA D3,,,,,,
Otterbein,https://www.ncaa.com/sites/default/files/images/logos/schools/bgl/otterbein.svg,NCAA D3,,,,,,
Ozarks (AR),https://www.ncaa.com/sites/default/files/images/logos/schools/bgl/ozarks-ar.svg,NCAA D3,,,,,,
Pacific (OR),https://www.ncaa.com/sites/default/files/images/logos/schools/bgl/pacific-or.svg,NCAA D3,,,,,,
Pacific Lutheran,https://www.ncaa.com/sites/default/files/images/logos/schools/bgl/pacific-lutheran.svg,NCAA D3,,,,,,
Penn College of Technology,https://www.ncaa.com/sites/default/files/images/logos/schools/bgl/penn-tech.svg,NCAA D3,,,,,,
Penn State Abington,https://www.ncaa.com/sites/default/files/images/logos/schools/bgl/penn-st-abington.svg,NCAA D3,,,,,,
Penn State Altoona,https://www.ncaa.com/sites/default/files/images/logos/schools/bgl/penn-st-altoona.svg,NCAA D3,,,,,,
Penn State Behrend,https://d2o2figo6ddd0g.cloudfront.net/4/f/so7n68ebat1ixp/Primary_Logo_-_.3x.png,NCAA D3,,,,,,
Penn State Berks,https://www.ncaa.com/sites/default/files/images/logos/schools/bgl/penn-st-berks.svg,NCAA D3,,,,,,
Penn State Brandywine,https://d2o2figo6ddd0g.cloudfront.net/g/k/78lk9mgxqo9h6b/Penn_State_logo-0.5x.png,NCAA D3,,,,,,
Penn State Harrisburg,https://www.ncaa.com/sites/default/files/images/logos/schools/bgl/penn-st-harrisburg.svg,NCAA D3,,,,,,
Pfeiffer,https://www.ncaa.com/sites/default/files/images/logos/schools/bgl/pfeiffer.svg,NCAA D3,,,,,,
Piedmont,https://www.ncaa.com/sites/default/files/images/logos/schools/bgl/piedmont.svg,NCAA D3,,,,,,
Pittsburgh-Bradford,https://www.ncaa.com/sites/default/files/images/logos/schools/bgl/pitt-bradford.svg,NCAA D3,,,,,,
Pittsburgh-Greensburg,https://www.ncaa.com/sites/default/files/images/logos/schools/bgl/pitt-greensburg.svg,NCAA D3,,,,,,
Plattsburgh State,https://www.ncaa.com/sites/default/files/images/logos/schools/bgl/plattsburgh-st.svg,NCAA D3,,,,,,
Plymouth State,https://www.ncaa.com/sites/default/files/images/logos/schools/bgl/plymouth-st.svg,NCAA D3,,,,,,
Pomona-Pitzer,https://www.ncaa.com/sites/default/files/images/logos/schools/bgl/pomona-pitzer.svg,NCAA D3,Pomona-Pitzer College,POM_COL,Team,PomonaPitzer,100,
Principia,https://www.ncaa.com/sites/default/files/images/logos/schools/bgl/principia.svg,NCAA D3,,,,,,
Puget Sound,https://www.ncaa.com/sites/default/files/images/logos/schools/bgl/puget-sound.svg,NCAA D3,,,,,,
Purchase,https://www.ncaa.com/sites/default/files/images/logos/schools/bgl/purchase-st.svg,NCAA D3,,,,,,
Ramapo,https://www.ncaa.com/sites/default/files/images/logos/schools/bgl/ramapo.svg,NCAA D3,,,,,,
Randolph-Macon,https://www.ncaa.com/sites/default/files/images/logos/schools/bgl/randolph-macon.svg,NCAA D3,,,,,,
Redlands,https://www.ncaa.com/sites/default/files/images/logos/schools/bgl/redlands.svg,NCAA D3,,,,,,
Regent,https://dxbhsrqyrr690.cloudfront.net/sidearm.nextgen.sites/regentuni.sidearmsports.com/images/logos/site/site.png,NCAA D3,,,,,,
Rhode Island College,https://www.ncaa.com/sites/default/files/images/logos/schools/bgl/rhode-island-col.svg,NCAA D3,,,,,,
Rhodes,https://www.ncaa.com/sites/default/files/images/logos/schools/bgl/rhodes.svg,NCAA D3,Rhodes College Lynx,RHO_COL,,StaufferField,69,yes
Ripon,https://www.ncaa.com/sites/default/files/images/logos/schools/bgl/ripon.svg,NCAA D3,,,,,,
RIT,https://www.ncaa.com/sites/default/files/images/logos/schools/bgl/rochester-inst.svg,NCAA D3,,,,,,
Rivier,https://www.ncaa.com/sites/default/files/images/logos/schools/bgl/rivier.svg,NCAA D3,,,,,,
Roanoke,https://www.ncaa.com/sites/default/files/images/logos/schools/bgl/roanoke.svg,NCAA D3,Roanoke College,ROA_COL,,LewisGale,100,
Rochester (NY),https://www.ncaa.com/sites/default/files/images/logos/schools/bgl/rochester-ny.svg,NCAA D3,,,,,,
Rockford,https://www.ncaa.com/sites/default/files/images/logos/schools/bgl/rockford.svg,NCAA D3,,,,,,
Roger Williams,https://www.ncaa.com/sites/default/files/images/logos/schools/bgl/roger-williams.svg,NCAA D3,,,,,,
Rose-Hulman,https://www.ncaa.com/sites/default/files/images/logos/schools/bgl/rose-hulman.svg,NCAA D3,,,,,,
Rosemont,https://www.ncaa.com/sites/default/files/images/logos/schools/bgl/rosemont.svg,NCAA D3,,,,,,
Rowan,https://www.ncaa.com/sites/default/files/images/logos/schools/bgl/rowan.svg,NCAA D3,,,,,,
RPI,https://www.ncaa.com/sites/default/files/images/logos/schools/bgl/rensselaer.svg,NCAA D3,,,,,,
Rutgers-Camden,https://www.ncaa.com/sites/default/files/images/logos/schools/bgl/rutgers-camden.svg,NCAA D3,,,,,,
Rutgers-Newark,https://www.ncaa.com/sites/default/files/images/logos/schools/bgl/rutgers-newark.svg,NCAA D3,,,,,,
Sage,https://www.ncaa.com/sites/default/files/images/logos/schools/bgl/sage-colleges.svg,NCAA D3,,,,,,
Saint Vincent,https://www.ncaa.com/sites/default/files/images/logos/schools/bgl/saint-vincent.svg,NCAA D3,,,,,,
Salem State,https://www.ncaa.com/sites/default/files/images/logos/schools/bgl/salem-st.svg,NCAA D3,,,,,,
Salisbury,https://www.ncaa.com/sites/default/files/images/logos/schools/bgl/salisbury.svg,NCAA D3,,,,,,
Salve Regina,https://www.ncaa.com/sites/default/files/images/logos/schools/bgl/salve-regina.svg,NCAA D3,,,,,,
Schreiner,https://www.ncaa.com/sites/default/files/images/logos/schools/bgl/schreiner.svg,NCAA D3,,,,,,
Scranton,https://www.ncaa.com/sites/default/files/images/logos/schools/bgl/scranton.svg,NCAA D3,,,,,,
Sewanee,https://www.ncaa.com/sites/default/files/images/logos/schools/bgl/sewanee.svg,NCAA D3,,,,,,
Shenandoah,https://www.ncaa.com/sites/default/files/images/logos/schools/bgl/shenandoah.svg,NCAA D3,Shenandoah University,SHE_UNI,Team,BridgeforthField,100,
Simpson,https://www.ncaa.com/sites/default/files/images/logos/schools/bgl/simpson.svg,NCAA D3,,,,,,
Skidmore,https://www.ncaa.com/sites/default/files/images/logos/schools/bgl/skidmore.svg,NCAA D3,,,,,,
Southern Maine,https://www.ncaa.com/sites/default/files/images/logos/schools/bgl/southern-me.svg,NCAA D3,,,,,,
Southern Virginia,https://www.ncaa.com/sites/default/files/images/logos/schools/bgl/southern-va.svg,NCAA D3,,,,,,
Southwestern (TX),https://www.ncaa.com/sites/default/files/images/logos/schools/bgl/southwestern-tx.svg,NCAA D3,Southwestern University,SOU_WES,SOUTH,RockwellField,100,
Spalding,https://www.ncaa.com/sites/default/files/images/logos/schools/bgl/spalding.svg,NCAA D3,,,,,,
Springfield,https://www.ncaa.com/sites/default/files/images/logos/schools/bgl/springfield.svg,NCAA D3,,,,,,
St. Elizabeth,https://www.ncaa.com/sites/default/files/images/logos/schools/bgl/st-elizabeth.svg,NCAA D3,,,,,,
St. John Fisher,https://www.ncaa.com/sites/default/files/images/logos/schools/bgl/st-john-fisher.svg,NCAA D3,,,,,,
St. John's (MN),https://www.ncaa.com/sites/default/files/images/logos/schools/bgl/st-johns-mn.svg,NCAA D3,,,,,,
St. Joseph (CT),https://www.ncaa.com/sites/default/files/images/logos/schools/bgl/st-joseph-ct.svg,NCAA D3,,,,,,
St. Joseph's (Brooklyn),https://www.ncaa.com/sites/default/files/images/logos/schools/bgl/st-josephs-brkln.svg,NCAA D3,,,,,,
St. Joseph's (Long Island),https://www.ncaa.com/sites/default/files/images/logos/schools/bgl/st-josephs-li.svg,NCAA D3,,,,,,
St. Joseph's (ME),https://www.ncaa.com/sites/default/files/images/logos/schools/bgl/st-josephs-me.svg,NCAA D3,,,,,,
St. Lawrence,https://www.ncaa.com/sites/default/files/images/logos/schools/bgl/st-lawrence.svg,NCAA D3,,,,,,
St. Mary's (MD),https://www.ncaa.com/sites/default/files/images/logos/schools/bgl/st-marys-md.svg,NCAA D3,,,,,,
St. Mary's (MN),https://www.ncaa.com/sites/default/files/images/logos/schools/bgl/st-marys-mn.svg,NCAA D3,,,,,,
St. Norbert,https://www.ncaa.com/sites/default/files/images/logos/schools/bgl/st-norbert.svg,NCAA D3,,,,,,
St. Olaf,https://www.ncaa.com/sites/default/files/images/logos/schools/bgl/st-olaf.svg,NCAA D3,,,,,,
St. Scholastica,https://www.ncaa.com/sites/default/files/images/logos/schools/bgl/st-scholastica.svg,NCAA D3,,,,,,
St. Thomas (TX),https://www.ncaa.com/sites/default/files/images/logos/schools/bgl/st-thomas-tx.svg,NCAA D3,,,,,,
Stevens,https://www.ncaa.com/sites/default/files/images/logos/schools/bgl/stevens.svg,NCAA D3,,,,,,
Stevenson,https://www.ncaa.com/sites/default/files/images/logos/schools/bgl/stevenson.svg,NCAA D3,,,,,,
Stockton,https://www.ncaa.com/sites/default/files/images/logos/schools/bgl/richard-stockton.svg,NCAA D3,,,,,,
Suffolk,https://www.ncaa.com/sites/default/files/images/logos/schools/bgl/suffolk.svg,NCAA D3,,,,,,
SUNY Canton,https://www.ncaa.com/sites/default/files/images/logos/schools/bgl/suny-canton.svg,NCAA D3,,,,,,
SUNY Cobleskill,https://www.ncaa.com/sites/default/files/images/logos/schools/bgl/cobleskill-st.svg,NCAA D3,,,,,,
SUNY Cortland,https://www.ncaa.com/sites/default/files/images/logos/schools/bgl/suny-cortland.svg,NCAA D3,,,,,,
SUNY New Paltz,https://www.ncaa.com/sites/default/files/images/logos/schools/bgl/suny-new-paltz.svg,NCAA D3,,,,,,
SUNY Oneonta,https://www.ncaa.com/sites/default/files/images/logos/schools/bgl/suny-oneonta.svg,NCAA D3,,,,,,
SUNY Poly,https://www.ncaa.com/sites/default/files/images/logos/schools/bgl/sunyit.svg,NCAA D3,,,,,,
Susquehanna,https://www.ncaa.com/sites/default/files/images/logos/schools/bgl/susquehanna.svg,NCAA D3,,,,,,
Swarthmore,https://www.ncaa.com/sites/default/files/images/logos/schools/bgl/swarthmore.svg,NCAA D3,,,,,,
TCNJ,https://www.ncaa.com/sites/default/files/images/logos/schools/bgl/tcnj.svg,NCAA D3,,,,,,
Texas Lutheran,https://www.ncaa.com/sites/default/files/images/logos/schools/bgl/texas-lutheran.svg,NCAA D3,,,,,,
Thiel,https://www.ncaa.com/sites/default/files/images/logos/schools/bgl/thiel.svg,NCAA D3,,,,,,
Thomas,https://www.ncaa.com/sites/default/files/images/logos/schools/bgl/thomas-me.svg,NCAA D3,,,,,,
Transylvania,https://www.ncaa.com/sites/default/files/images/logos/schools/bgl/transylvania.svg,NCAA D3,,,,,,
Trine,https://www.ncaa.com/sites/default/files/images/logos/schools/bgl/trine.svg,NCAA D3,,,,,,
Trinity (CT),https://www.ncaa.com/sites/default/files/images/logos/schools/bgl/trinity-ct.svg,NCAA D3,,,,,,
Trinity (TX),https://www.ncaa.com/sites/default/files/images/logos/schools/bgl/trinity-tx.svg,NCAA D3,,,,,,
Tufts,https://www.ncaa.com/sites/default/files/images/logos/schools/bgl/tufts.svg,NCAA D3,Tufts University Jumbos,TUF_UNI,Team,GittlemanPark,69,yes
UMaine-Farmington,https://www.ncaa.com/sites/default/files/images/logos/schools/bgl/me-farmington.svg,NCAA D3,,,,,,
UMaine-Presque Isle,https://www.ncaa.com/sites/default/files/images/logos/schools/bgl/me-presque-isle.svg,NCAA D3,,,,,,
UMass Boston,https://www.ncaa.com/sites/default/files/images/logos/schools/bgl/umass-boston.svg,NCAA D3,,,,,,
UMass Dartmouth,https://www.ncaa.com/sites/default/files/images/logos/schools/bgl/umass-dartmouth.svg,NCAA D3,,,,,,
Union (NY),https://www.ncaa.com/sites/default/files/images/logos/schools/bgl/union-ny.svg,NCAA D3,,,,,,
Ursinus,https://www.ncaa.com/sites/default/files/images/logos/schools/bgl/ursinus.svg,NCAA D3,,,,,,
Utica,https://www.ncaa.com/sites/default/files/images/logos/schools/bgl/utica.svg,NCAA D3,,,,,,
UW-Eau Claire,https://www.ncaa.com/sites/default/files/images/logos/schools/bgl/wis-eau-claire.svg,NCAA D3,,,,,,
UW-La Crosse,https://www.ncaa.com/sites/default/files/images/logos/schools/bgl/wis-la-crosse.svg,NCAA D3,,,,,,
UW-Oshkosh,https://www.ncaa.com/sites/default/files/images/logos/schools/bgl/wis-oshkosh.svg,NCAA D3,,,,,,
UW-Platteville,https://www.ncaa.com/sites/default/files/images/logos/schools/bgl/wis-platteville.svg,NCAA D3,,,,,,
UW-River Falls,https://www.ncaa.com/sites/default/files/images/logos/schools/bgl/wis-river-falls.svg,NCAA D3,,,,,,
UW-Stevens Point,https://www.ncaa.com/sites/default/files/images/logos/schools/bgl/wis-stevens-point.svg,NCAA D3,,,,,,
UW-Stout,https://www.ncaa.com/sites/default/files/images/logos/schools/bgl/wis-stout.svg,NCAA D3,,,,,,
UW-Superior,https://www.ncaa.com/sites/default/files/images/logos/schools/bgl/wis-superior.svg,NCAA D3,,,,,,
UW-Whitewater,https://www.ncaa.com/sites/default/files/images/logos/schools/bgl/wis-whitewater.svg,NCAA D3,,,,,,
Valley Forge,https://www.ncaa.com/sites/default/files/images/logos/schools/bgl/valley-forge-chrst.svg,NCAA D3,,,,,,
Vassar,https://www.ncaa.com/sites/default/files/images/logos/schools/bgl/vassar.svg,NCAA D3,,,,,,
Virginia Wesleyan,https://www.ncaa.com/sites/default/files/images/logos/schools/bgl/va-wesleyan.svg,NCAA D3,,,,,,
Wabash,https://www.ncaa.com/sites/default/files/images/logos/schools/bgl/wabash.svg,NCAA D3,,,,,,
Wartburg,https://www.ncaa.com/sites/default/files/images/logos/schools/bgl/wartburg.svg,NCAA D3,,,,,,
Washington (MD),https://www.ncaa.com/sites/default/files/images/logos/schools/bgl/washington-col.svg,NCAA D3,,,,,,
Washington and Jefferson,https://www.ncaa.com/sites/default/files/images/logos/schools/bgl/wash-jeff.svg,NCAA D3,,,,,,
Washington and Lee,https://www.ncaa.com/sites/default/files/images/logos/schools/bgl/wash-lee.svg,NCAA D3,,,,,,
Washington in St. Louis,https://www.ncaa.com/sites/default/files/images/logos/schools/bgl/washington-st-louis.svg,NCAA D3,,,,,,
Waynesburg,https://www.ncaa.com/sites/default/files/images/logos/schools/bgl/waynesburg.svg,NCAA D3,,,,,,
Webster,https://www.ncaa.com/sites/default/files/images/logos/schools/bgl/webster.svg,NCAA D3,,,,,,
Wentworth,https://www.ncaa.com/sites/default/files/images/logos/schools/bgl/wentworth.svg,NCAA D3,,,,,,
Wesleyan (CT),https://www.ncaa.com/sites/default/files/images/logos/schools/bgl/wesleyan-ct.svg,NCAA D3,,,,,,
Western Connecticut,https://www.ncaa.com/sites/default/files/images/logos/schools/bgl/western-conn-st.svg,NCAA D3,,,,,,
Western New England,https://www.ncaa.com/sites/default/files/images/logos/schools/bgl/western-new-eng.svg,NCAA D3,,,,,,
Westfield State,https://www.ncaa.com/sites/default/files/images/logos/schools/bgl/westfield-st.svg,NCAA D3,,,,,,
Westminster (MO),https://www.ncaa.com/sites/default/files/images/logos/schools/bgl/westminster-mo.svg,NCAA D3,,,,,,
Westminster (PA),https://www.ncaa.com/sites/default/files/images/logos/schools/bgl/westminster-pa.svg,NCAA D3,,,,,,
Wheaton (IL),https://www.ncaa.com/sites/default/files/images/logos/schools/bgl/wheaton-il.svg,NCAA D3,,,,,,
Wheaton (MA),https://www.ncaa.com/sites/default/files/images/logos/schools/bgl/wheaton-ma.svg,NCAA D3,,,,,,
Whitman,https://www.ncaa.com/sites/default/files/images/logos/schools/bgl/whitman.svg,NCAA D3,,,,,,
Whittier,https://www.ncaa.com/sites/default/files/images/logos/schools/bgl/whittier.svg,NCAA D3,,,,,,
Whitworth,https://www.ncaa.com/sites/default/files/images/logos/schools/bgl/whitworth.svg,NCAA D3,,,,,,
Widener,https://www.ncaa.com/sites/default/files/images/logos/schools/bgl/widener.svg,NCAA D3,,,,,,
Wilkes,https://dxbhsrqyrr690.cloudfront.net/sidearm.nextgen.sites/gowilkesu.com/images/responsive_2023/main-logo.svg,NCAA D3,,,,,,
Willamette,https://www.ncaa.com/sites/default/files/images/logos/schools/bgl/willamette.svg,NCAA D3,,,,,,
William Paterson,https://www.ncaa.com/sites/default/files/images/logos/schools/bgl/wm-paterson.svg,NCAA D3,,,,,,
William Peace,https://www.ncaa.com/sites/default/files/images/logos/schools/bgl/william-peace.svg,NCAA D3,,,,,,
Williams,https://www.ncaa.com/sites/default/files/images/logos/schools/bgl/williams.svg,NCAA D3,,,,,,
Wilmington (OH),https://www.ncaa.com/sites/default/files/images/logos/schools/bgl/wilmington-oh.svg,NCAA D3,,,,,,
Wilson,https://www.ncaa.com/sites/default/files/images/logos/schools/bgl/wilson.svg,NCAA D3,,,,,,
Wisconsin Lutheran,https://www.ncaa.com/sites/default/files/images/logos/schools/bgl/wis-lutheran.svg,NCAA D3,,,,,,
Wittenberg,https://www.ncaa.com/sites/default/files/images/logos/schools/bgl/wittenberg.svg,NCAA D3,,,,,,
Wooster,https://www.ncaa.com/sites/default/files/images/logos/schools/bgl/wooster.svg,NCAA D3,,,,,,
Worcester State,https://www.ncaa.com/sites/default/files/images/logos/schools/bgl/worcester-st.svg,NCAA D3,,,,,,
WPI,https://www.ncaa.com/sites/default/files/images/logos/schools/bgl/wpi.svg,NCAA D3,,,,,,
Yeshiva,https://www.ncaa.com/sites/default/files/images/logos/schools/bgl/yeshiva.svg,NCAA D3,,,,,,
York (PA),https://www.ncaa.com/sites/default/files/images/logos/schools/bgl/york-pa.svg,NCAA D3,,,,,,
Abraham Baldwin,https://athletics.abac.edu/services/logo_handler.ashx?image_path=/images/logos/site/site.png&width=200&height=200,NAIA,,,,,,
Alice Lloyd,https://elasticbeanstalk-us-east-2-479315316746.s3.us-east-2.amazonaws.com/static/logos/logo_146553.png,NAIA,,,,,,
Aquinas (MI),https://aqsaints.com/services/logo_handler.ashx?image_path=/images/logos/site/site.png&width=200&height=200,NAIA,,,,,,
Arizona Christian,https://elasticbeanstalk-us-east-2-479315316746.s3.us-east-2.amazonaws.com/static/logos/logo_146557.png,NAIA,Arizona Christian University,ARI_CHR,NAIA,,100,
Ave Maria,https://elasticbeanstalk-us-east-2-479315316746.s3.us-east-2.amazonaws.com/static/logos/logo_146562.png,NAIA,Ave Maria Gyrenes,AVE_MAR,TSC,BowiesBallpark,97,
Avila,https://elasticbeanstalk-us-east-2-479315316746.s3.us-east-2.amazonaws.com/static/logos/logo_146563.png,NAIA,,,,,,
Baker,https://elasticbeanstalk-us-east-2-479315316746.s3.us-east-2.amazonaws.com/static/logos/logo_146565.png,NAIA,,,,,,
Bellevue,https://elasticbeanstalk-us-east-2-479315316746.s3.us-east-2.amazonaws.com/static/logos/logo_146567.png,NAIA,,,,,,
Benedictine (KS),https://elasticbeanstalk-us-east-2-479315316746.s3.us-east-2.amazonaws.com/static/logos/logo_146568.png,NAIA,,,,,,
Benedictine Mesa,https://elasticbeanstalk-us-east-2-479315316746.s3.us-east-2.amazonaws.com/static/logos/logo_146515.png,NAIA,,,,,,
Bethany (KS),https://elasticbeanstalk-us-east-2-479315316746.s3.us-east-2.amazonaws.com/static/logos/logo_146570.png,NAIA,,,,,,
Bethel (IN),https://elasticbeanstalk-us-east-2-479315316746.s3.us-east-2.amazonaws.com/static/logos/logo_146571.png,NAIA,,,,,,
Bethel (TN),https://elasticbeanstalk-us-east-2-479315316746.s3.us-east-2.amazonaws.com/static/logos/logo_146572.png,NAIA,,,,,,
Bismarck State,https://d2o2figo6ddd0g.cloudfront.net/0/r/1ozhlaz6ez707h/2019_logo.png,NAIA,,,,,,
Blue Mountain Christian,https://elasticbeanstalk-us-east-2-479315316746.s3.us-east-2.amazonaws.com/static/logos/logo_146574.png,NAIA,,,,,,
Bluefield (VA),https://burams.com/services/logo_handler.ashx?image_path=/images/logos/site/site.png&width=200&height=200,NAIA,Bluefield University Rams,BLU_UNI,,BowenField,69,yes
Brescia,https://elasticbeanstalk-us-east-2-479315316746.s3.us-east-2.amazonaws.com/static/logos/logo_146577.png,NAIA,,,,,,
Brewton-Parker,https://elasticbeanstalk-us-east-2-479315316746.s3.us-east-2.amazonaws.com/static/logos/logo_146578.png,NAIA,,,,,,
Briar Cliff,https://athletics.abac.edu/services/logo_handler.ashx?image_path=/images/logos/briarcliffe.png&width=200&height=200,NAIA,,,,,,
British Columbia,https://elasticbeanstalk-us-east-2-479315316746.s3.us-east-2.amazonaws.com/static/logos/logo_146490.png,NAIA,,,,,,
Bryan,https://elasticbeanstalk-us-east-2-479315316746.s3.us-east-2.amazonaws.com/static/logos/logo_146581.png,NAIA,,,,,,
Bushnell,https://elasticbeanstalk-us-east-2-479315316746.s3.us-east-2.amazonaws.com/static/logos/logo_146584.png,NAIA,Bushnell Beacons,BUS_BEA,,HamlinSC,97,
Calumet,https://elasticbeanstalk-us-east-2-479315316746.s3.us-east-2.amazonaws.com/static/logos/logo_146587.png,NAIA,,,,,,
Campbellsville,https://elasticbeanstalk-us-east-2-479315316746.s3.us-east-2.amazonaws.com/static/logos/logo_146588.png,NAIA,,,,,,
Carolina,https://cubruins.com/services/logo_handler.ashx?image_path=/images/logos/site/site.png&width=200&height=200,NAIA,,,,,,
Central Baptist,https://elasticbeanstalk-us-east-2-479315316746.s3.us-east-2.amazonaws.com/static/logos/logo_146591.png,NAIA,,,,,,
Central Christian,https://elasticbeanstalk-us-east-2-479315316746.s3.us-east-2.amazonaws.com/static/logos/logo_146592.png,NAIA,,,,,,
Central Methodist,https://elasticbeanstalk-us-east-2-479315316746.s3.us-east-2.amazonaws.com/static/logos/logo_146593.png,NAIA,,,,,,
Clarke,https://cdn.prestosports.com/action/cdn/logos/rpi/NAIA334/bsb.png,NAIA,,,,,,
Cleary,https://aqsaints.com/services/logo_handler.ashx?image_path=/images/logos/cleary_logo.png&width=200&height=200,NAIA,,,,,,
College of Idaho,https://dxbhsrqyrr690.cloudfront.net/sidearm.nextgen.sites/collegeofidaho.sidearmsports.com/images/responsive_2020/main_logo.svg,NAIA,,,,,,
College of the Ozarks (MO),https://gopatriotathletics.com/services/logo_handler.ashx?image_path=/images/logos/Ozarks-Bobcats.png&width=200&height=200,NAIA,,,,,,
Columbia (MO),https://elasticbeanstalk-us-east-2-479315316746.s3.us-east-2.amazonaws.com/static/logos/logo_146605.png,NAIA,Lower Columbia College,LOW_COL,,DavidStory,88,
Columbia International (SC),https://elasticbeanstalk-us-east-2-479315316746.s3.us-east-2.amazonaws.com/static/logos/logo_146606.png,NAIA,,,,,,
Concordia (NE),https://elasticbeanstalk-us-east-2-479315316746.s3.us-east-2.amazonaws.com/static/logos/logo_146608.png,NAIA,,,,,,
Corban,https://elasticbeanstalk-us-east-2-479315316746.s3.us-east-2.amazonaws.com/static/logos/logo_146609.png,NAIA,,,,,,
Cornerstone,https://cugoldeneagles.com/services/logo_handler.ashx?image_path=/images/logos/site/site.png&width=200&height=200,NAIA,,,,,,
Crowley's Ridge,https://elasticbeanstalk-us-east-2-479315316746.s3.us-east-2.amazonaws.com/static/logos/logo_146611.png,NAIA,,,,,,
Culver-Stockton,https://elasticbeanstalk-us-east-2-479315316746.s3.us-east-2.amazonaws.com/static/logos/logo_146612.png,NAIA,,,,,,
Cumberland (TN),https://gocumberlandathletics.com/services/logo_handler.ashx?image_path=/images/logos/site/site.png&width=200&height=200,NAIA,,,,,,
Cumberlands (KY),https://elasticbeanstalk-us-east-2-479315316746.s3.us-east-2.amazonaws.com/static/logos/logo_146614.png,NAIA,University of Cumberlands,CUM_PAT,NAIA,Cumberlands,100,
Dakota State,https://elasticbeanstalk-us-east-2-479315316746.s3.us-east-2.amazonaws.com/static/logos/logo_146615.png,NAIA,,,,,,
Dakota Wesleyan,https://elasticbeanstalk-us-east-2-479315316746.s3.us-east-2.amazonaws.com/static/logos/logo_146488.png,NAIA,,,,,,
Defiance,https://www.ncaa.com/sites/default/files/images/logos/schools/bgl/defiance.svg,NAIA,,,,,,
Dickinson State,https://elasticbeanstalk-us-east-2-479315316746.s3.us-east-2.amazonaws.com/static/logos/logo_146619.png,NAIA,,,,,,
Dillard,https://elasticbeanstalk-us-east-2-479315316746.s3.us-east-2.amazonaws.com/static/logos/logo_146544.png,NAIA,,,,,,
Doane,https://cdn.prestosports.com/action/cdn/logos/rpi/NAIA407/bsb.png,NAIA,,,,,,
Dordt,https://elasticbeanstalk-us-east-2-479315316746.s3.us-east-2.amazonaws.com/static/logos/logo_146622.png,NAIA,,,,,,
Eastern Oregon,https://elasticbeanstalk-us-east-2-479315316746.s3.us-east-2.amazonaws.com/static/logos/logo_146623.png,NAIA,,,,,,
Embry-Riddle (AZ),https://elasticbeanstalk-us-east-2-479315316746.s3.us-east-2.amazonaws.com/static/logos/logo_146832.png,NAIA,,,,,,
Evangel,https://elasticbeanstalk-us-east-2-479315316746.s3.us-east-2.amazonaws.com/static/logos/logo_146627.png,NAIA,,,,,,
Faulkner,https://elasticbeanstalk-us-east-2-479315316746.s3.us-east-2.amazonaws.com/static/logos/logo_146628.png,NAIA,,,,,,
Fisher,https://elasticbeanstalk-us-east-2-479315316746.s3.us-east-2.amazonaws.com/static/logos/logo_146629.png,NAIA,,,,,,
Florida Memorial,https://elasticbeanstalk-us-east-2-479315316746.s3.us-east-2.amazonaws.com/static/logos/logo_146630.png,NAIA,,,,,,
Florida National,https://elasticbeanstalk-us-east-2-479315316746.s3.us-east-2.amazonaws.com/static/logos/logo_146631.png,NAIA,,,,,,
Freed-Hardeman,https://elasticbeanstalk-us-east-2-479315316746.s3.us-east-2.amazonaws.com/static/logos/logo_146634.png,NAIA,,,,,,
Friends,https://elasticbeanstalk-us-east-2-479315316746.s3.us-east-2.amazonaws.com/static/logos/logo_146635.png,NAIA,,,,,,
Georgetown (KY),https://elasticbeanstalk-us-east-2-479315316746.s3.us-east-2.amazonaws.com/static/logos/logo_146636.png,NAIA,,,,,,
Georgia Gwinnett,https://elasticbeanstalk-us-east-2-479315316746.s3.us-east-2.amazonaws.com/static/logos/logo_146637.png,NAIA,Georgia Gwinnett College,GEO_GWI,,GeorgiaGwinnett,100,
Goshen,https://elasticbeanstalk-us-east-2-479315316746.s3.us-east-2.amazonaws.com/static/logos/logo_146638.png,NAIA,,,,,,
Grace (IN),https://elasticbeanstalk-us-east-2-479315316746.s3.us-east-2.amazonaws.com/static/logos/logo_146639.png,NAIA,,,,,,
Graceland,https://elasticbeanstalk-us-east-2-479315316746.s3.us-east-2.amazonaws.com/static/logos/logo_146641.png,NAIA,,,,,,
Grand View,https://elasticbeanstalk-us-east-2-479315316746.s3.us-east-2.amazonaws.com/static/logos/logo_146484.png,NAIA,,,,,,
Hannibal-LaGrange,https://elasticbeanstalk-us-east-2-479315316746.s3.us-east-2.amazonaws.com/static/logos/logo_146643.png,NAIA,,,,,,
Harris-Stowe State,https://elasticbeanstalk-us-east-2-479315316746.s3.us-east-2.amazonaws.com/static/logos/logo_146645.png,NAIA,,,,,,
Hastings,https://elasticbeanstalk-us-east-2-479315316746.s3.us-east-2.amazonaws.com/static/logos/logo_146646.png,NAIA,,,,,,
Hesston,https://cdn.prestosports.com/action/cdn/logos/id/p8hbb4789fiosbpd.png,NAIA,,,,,,
Hope International,https://elasticbeanstalk-us-east-2-479315316746.s3.us-east-2.amazonaws.com/static/logos/logo_146647.png,NAIA,,,,,,
Huntington,https://elasticbeanstalk-us-east-2-479315316746.s3.us-east-2.amazonaws.com/static/logos/logo_146649.png,NAIA,,,,,,
Huston-Tillotson,https://elasticbeanstalk-us-east-2-479315316746.s3.us-east-2.amazonaws.com/static/logos/logo_146487.png,NAIA,,,,,,
Indiana South Bend,https://elasticbeanstalk-us-east-2-479315316746.s3.us-east-2.amazonaws.com/static/logos/logo_146653.png,NAIA,,,,,,
Indiana Southeast,https://elasticbeanstalk-us-east-2-479315316746.s3.us-east-2.amazonaws.com/static/logos/logo_146654.png,NAIA,,,,,,
Indiana Tech,https://elasticbeanstalk-us-east-2-479315316746.s3.us-east-2.amazonaws.com/static/logos/logo_146655.png,NAIA,,,,,,
Indiana Wesleyan,https://elasticbeanstalk-us-east-2-479315316746.s3.us-east-2.amazonaws.com/static/logos/logo_146495.png,NAIA,,,,,,
IU Columbus,https://elasticbeanstalk-us-east-2-479315316746.s3.us-east-2.amazonaws.com/static/logos/logo_146652.png,NAIA,,,,,,
IU Kokomo,https://elasticbeanstalk-us-east-2-479315316746.s3.us-east-2.amazonaws.com/static/logos/logo_146651.png,NAIA,,,,,,
Jarvis Christian,https://elasticbeanstalk-us-east-2-479315316746.s3.us-east-2.amazonaws.com/static/logos/logo_146485.png,NAIA,,,,,,
Johnson (TN),https://elasticbeanstalk-us-east-2-479315316746.s3.us-east-2.amazonaws.com/static/logos/logo_146662.png,NAIA,,,,,,
Judson,https://elasticbeanstalk-us-east-2-479315316746.s3.us-east-2.amazonaws.com/static/logos/logo_146663.png,NAIA,,,,,,
Kansas Wesleyan,https://elasticbeanstalk-us-east-2-479315316746.s3.us-east-2.amazonaws.com/static/logos/logo_146531.png,NAIA,,,,,,
Keiser,https://elasticbeanstalk-us-east-2-479315316746.s3.us-east-2.amazonaws.com/static/logos/logo_146666.png,NAIA,,,,,,
Kentucky Christian,https://elasticbeanstalk-us-east-2-479315316746.s3.us-east-2.amazonaws.com/static/logos/logo_146667.png,NAIA,,,,,,
La Sierra,https://elasticbeanstalk-us-east-2-479315316746.s3.us-east-2.amazonaws.com/static/logos/logo_146671.png,NAIA,,,,,,
Lawrence Tech,https://elasticbeanstalk-us-east-2-479315316746.s3.us-east-2.amazonaws.com/static/logos/logo_146672.png,NAIA,,,,,,
Lewis-Clark State,https://elasticbeanstalk-us-east-2-479315316746.s3.us-east-2.amazonaws.com/static/logos/logo_146535.png,NAIA,,,,,,
Lindsey Wilson,https://elasticbeanstalk-us-east-2-479315316746.s3.us-east-2.amazonaws.com/static/logos/logo_146676.png,NAIA,,,,,,
Louisiana Christian,https://elasticbeanstalk-us-east-2-479315316746.s3.us-east-2.amazonaws.com/static/logos/logo_145220.png,NAIA,,,,,,
Lourdes,https://elasticbeanstalk-us-east-2-479315316746.s3.us-east-2.amazonaws.com/static/logos/logo_146678.png,NAIA,,,,,,
Loyola-New Orleans,https://elasticbeanstalk-us-east-2-479315316746.s3.us-east-2.amazonaws.com/static/logos/logo_146679.png,NAIA,,,,,,
LSU Alexandria,https://elasticbeanstalk-us-east-2-479315316746.s3.us-east-2.amazonaws.com/static/logos/logo_146513.png,NAIA,,,,,,
LSU Shreveport,https://elasticbeanstalk-us-east-2-479315316746.s3.us-east-2.amazonaws.com/static/logos/logo_146670.png,NAIA,,,,,,
Madonna,https://elasticbeanstalk-us-east-2-479315316746.s3.us-east-2.amazonaws.com/static/logos/logo_146516.png,NAIA,,,,,,
Marian (IN),https://elasticbeanstalk-us-east-2-479315316746.s3.us-east-2.amazonaws.com/static/logos/logo_146683.png,NAIA,,,,,,
Mayville State,https://elasticbeanstalk-us-east-2-479315316746.s3.us-east-2.amazonaws.com/static/logos/logo_146496.png,NAIA,,,,,,
McPherson,https://elasticbeanstalk-us-east-2-479315316746.s3.us-east-2.amazonaws.com/static/logos/logo_146686.png,NAIA,,,,,,
Michigan-Dearborn,https://elasticbeanstalk-us-east-2-479315316746.s3.us-east-2.amazonaws.com/static/logos/logo_146691.png,NAIA,,,,,,
Mid-America Christian,https://elasticbeanstalk-us-east-2-479315316746.s3.us-east-2.amazonaws.com/static/logos/logo_146692.png,NAIA,,,,,,
MidAmerica Nazarene,https://elasticbeanstalk-us-east-2-479315316746.s3.us-east-2.amazonaws.com/static/logos/logo_146694.png,NAIA,Mid America Nazarene University,MID_NAZ,,DixonField,68,yes
Midland,https://elasticbeanstalk-us-east-2-479315316746.s3.us-east-2.amazonaws.com/static/logos/logo_146696.png,NAIA,,,,,,
Midway,https://elasticbeanstalk-us-east-2-479315316746.s3.us-east-2.amazonaws.com/static/logos/logo_146697.png,NAIA,,,,,,
Milligan,https://elasticbeanstalk-us-east-2-479315316746.s3.us-east-2.amazonaws.com/static/logos/logo_146698.png,NAIA,,,,,,
Mission,https://dxbhsrqyrr690.cloudfront.net/sidearm.nextgen.sites/bapt.sidearmsports.com/images/logos/site/site.png,NAIA,,,,,,
Missouri Baptist,https://elasticbeanstalk-us-east-2-479315316746.s3.us-east-2.amazonaws.com/static/logos/logo_146700.png,NAIA,,,,,,
Missouri Valley,https://elasticbeanstalk-us-east-2-479315316746.s3.us-east-2.amazonaws.com/static/logos/logo_146701.png,NAIA,,,,,,
Mobile,https://elasticbeanstalk-us-east-2-479315316746.s3.us-east-2.amazonaws.com/static/logos/logo_146702.png,NAIA,,,,,,
Montreat,https://elasticbeanstalk-us-east-2-479315316746.s3.us-east-2.amazonaws.com/static/logos/logo_146704.png,NAIA,Montreat College,MON_COL,,MontreatCollege,100,
Morningside,https://elasticbeanstalk-us-east-2-479315316746.s3.us-east-2.amazonaws.com/static/logos/logo_146706.png,NAIA,,,,,,
Mount Marty,https://elasticbeanstalk-us-east-2-479315316746.s3.us-east-2.amazonaws.com/static/logos/logo_146505.png,NAIA,,,,,,
Mount Mercy,https://elasticbeanstalk-us-east-2-479315316746.s3.us-east-2.amazonaws.com/static/logos/logo_146709.png,NAIA,,,,,,
Mount Vernon Nazarene,https://elasticbeanstalk-us-east-2-479315316746.s3.us-east-2.amazonaws.com/static/logos/logo_146710.png,NAIA,,,,,,
Nelson (AZ),https://643charts.com/wp-content/uploads/2021/05/643logo.png,NAIA,,,,,,
Nelson University,https://elasticbeanstalk-us-east-2-479315316746.s3.us-east-2.amazonaws.com/static/logos/logo_146747.png,NAIA,,,,,,
New College of Florida,https://643charts.com/wp-content/uploads/2021/05/643logo.png,NAIA,,,,,,
Northwestern College,https://elasticbeanstalk-us-east-2-479315316746.s3.us-east-2.amazonaws.com/static/logos/logo_146492.png,NAIA,,,,,,
Northwestern Ohio,https://elasticbeanstalk-us-east-2-479315316746.s3.us-east-2.amazonaws.com/static/logos/logo_146800.png,NAIA,,,,,,
Oakland City,https://elasticbeanstalk-us-east-2-479315316746.s3.us-east-2.amazonaws.com/static/logos/logo_145532.png,NAIA,,,,,,
Oakwood,https://elasticbeanstalk-us-east-2-479315316746.s3.us-east-2.amazonaws.com/static/logos/logo_146718.png,NAIA,,,,,,
Oklahoma City,https://elasticbeanstalk-us-east-2-479315316746.s3.us-east-2.amazonaws.com/static/logos/logo_146720.png,NAIA,,,,,,
Oklahoma Panhandle State,https://elasticbeanstalk-us-east-2-479315316746.s3.us-east-2.amazonaws.com/static/logos/logo_146721.png,NAIA,,,,,,
Oklahoma Wesleyan,https://elasticbeanstalk-us-east-2-479315316746.s3.us-east-2.amazonaws.com/static/logos/logo_146722.png,NAIA,,,,,,
Olivet Nazarene,https://elasticbeanstalk-us-east-2-479315316746.s3.us-east-2.amazonaws.com/static/logos/logo_146723.png,NAIA,,,,,,
Oregon Tech,https://elasticbeanstalk-us-east-2-479315316746.s3.us-east-2.amazonaws.com/static/logos/logo_146724.png,NAIA,,,,,,
Ottawa,https://elasticbeanstalk-us-east-2-479315316746.s3.us-east-2.amazonaws.com/static/logos/logo_146725.png,NAIA,,,,,,
OUAZ,https://elasticbeanstalk-us-east-2-479315316746.s3.us-east-2.amazonaws.com/static/logos/logo_146716.png,NAIA,,,,,,
Our Lady of the Lake,https://elasticbeanstalk-us-east-2-479315316746.s3.us-east-2.amazonaws.com/static/logos/logo_146726.png,NAIA,,,,,,
Park,https://elasticbeanstalk-us-east-2-479315316746.s3.us-east-2.amazonaws.com/static/logos/logo_146729.png,NAIA,,,,,,
Park-Gilbert,https://elasticbeanstalk-us-east-2-479315316746.s3.us-east-2.amazonaws.com/static/logos/logo_146730.png,NAIA,,,,,,
Peru State,https://elasticbeanstalk-us-east-2-479315316746.s3.us-east-2.amazonaws.com/static/logos/logo_146731.png,NAIA,,,,,,
Philander Smith,https://elasticbeanstalk-us-east-2-479315316746.s3.us-east-2.amazonaws.com/static/logos/logo_146732.png,NAIA,,,,,,
Pikeville,https://elasticbeanstalk-us-east-2-479315316746.s3.us-east-2.amazonaws.com/static/logos/logo_146733.png,NAIA,University of Pikeville,UNI_PIK,,JohnnieLemasterField,100,
Point,https://elasticbeanstalk-us-east-2-479315316746.s3.us-east-2.amazonaws.com/static/logos/logo_146734.png,NAIA,,,,,,
Reinhardt,https://elasticbeanstalk-us-east-2-479315316746.s3.us-east-2.amazonaws.com/static/logos/logo_146489.png,NAIA,Reinhardt University Eagles,REI_UNI,NAIA,ReinhardtUniversity,69,yes
Rio Grande,https://elasticbeanstalk-us-east-2-479315316746.s3.us-east-2.amazonaws.com/static/logos/logo_146743.png,NAIA,,,,,,
Rochester Christian (MI),https://elasticbeanstalk-us-east-2-479315316746.s3.us-east-2.amazonaws.com/static/logos/logo_146483.png,NAIA,,,,,,
Rust,https://elasticbeanstalk-us-east-2-479315316746.s3.us-east-2.amazonaws.com/static/logos/logo_146501.png,NAIA,,,,,,
Saint Francis (IN),https://elasticbeanstalk-us-east-2-479315316746.s3.us-east-2.amazonaws.com/static/logos/logo_146748.png,NAIA,,,,,,
Saint Mary (KS),https://elasticbeanstalk-us-east-2-479315316746.s3.us-east-2.amazonaws.com/static/logos/logo_146751.png,NAIA,,,,,,
Saint Xavier,https://elasticbeanstalk-us-east-2-479315316746.s3.us-east-2.amazonaws.com/static/logos/logo_146752.png,NAIA,,,,,,
Science and Arts,https://elasticbeanstalk-us-east-2-479315316746.s3.us-east-2.amazonaws.com/static/logos/logo_146754.png,NAIA,,,,,,
Shawnee State,https://elasticbeanstalk-us-east-2-479315316746.s3.us-east-2.amazonaws.com/static/logos/logo_146510.png,NAIA,,,,,,
Siena Heights,https://elasticbeanstalk-us-east-2-479315316746.s3.us-east-2.amazonaws.com/static/logos/logo_146514.png,NAIA,,,,,,
Simpson (CA),https://elasticbeanstalk-us-east-2-479315316746.s3.us-east-2.amazonaws.com/static/logos/logo_146830.png,NAIA,,,,,,
Southeastern (FL),https://elasticbeanstalk-us-east-2-479315316746.s3.us-east-2.amazonaws.com/static/logos/logo_146759.png,NAIA,Southeastern University,SOU_UNI,NAIA,TedABroerStadium,100,
Southwestern (KS),https://dxbhsrqyrr690.cloudfront.net/sidearm.nextgen.sites/swka.sidearmsports.com/images/responsive_2023/logo-main.svg,NAIA,,,,,,
Southwestern Christian,https://scueagles.com/services/logo_handler.ashx?image_path=/images/logos/site/site.png&width=200&height=200,NAIA,,,,,,
Spartanburg Methodist,https://cdn.prestosports.com/action/cdn/logos/rpi/1378/bsb.png,NAIA,,,,,,
Spring Arbor,https://elasticbeanstalk-us-east-2-479315316746.s3.us-east-2.amazonaws.com/static/logos/logo_146768.png,NAIA,,,,,,
St. Ambrose,https://elasticbeanstalk-us-east-2-479315316746.s3.us-east-2.amazonaws.com/static/logos/logo_146770.png,NAIA,,,,,,
St. Francis (IL),https://elasticbeanstalk-us-east-2-479315316746.s3.us-east-2.amazonaws.com/static/logos/logo_146772.png,NAIA,,,,,,
St. Thomas (FL),https://elasticbeanstalk-us-east-2-479315316746.s3.us-east-2.amazonaws.com/static/logos/logo_146774.png,NAIA,,,,,,
Sterling,https://elasticbeanstalk-us-east-2-479315316746.s3.us-east-2.amazonaws.com/static/logos/logo_146775.png,NAIA,,,,,,
Stillman,https://gostillman.com/services/logo_handler.ashx?image_path=/images/logos/site/site.png&width=200&height=200,NAIA,,,,,,
SUNO,https://643charts.com/wp-content/uploads/2021/05/643logo.png,NAIA,,,,,,
Tabor,https://elasticbeanstalk-us-east-2-479315316746.s3.us-east-2.amazonaws.com/static/logos/logo_146777.png,NAIA,,,,,,
Talladega,https://gostillman.com/services/logo_handler.ashx?image_path=/images/logos/talladega%20college.png&width=200&height=200,NAIA,,,,,,
Taylor,https://elasticbeanstalk-us-east-2-479315316746.s3.us-east-2.amazonaws.com/static/logos/logo_146779.png,NAIA,Taylor University Trojans,TRO_T,NAIA,WinterholterField,69,yes
Tennessee Southern,https://elasticbeanstalk-us-east-2-479315316746.s3.us-east-2.amazonaws.com/static/logos/logo_146780.png,NAIA,,,,,,
Tennessee Wesleyan,https://elasticbeanstalk-us-east-2-479315316746.s3.us-east-2.amazonaws.com/static/logos/logo_146781.png,NAIA,Tennessee Wesleyan Bulldogs,TEN_WES,,JackBowlingField,97,
Texas A&M Texarkana,https://elasticbeanstalk-us-east-2-479315316746.s3.us-east-2.amazonaws.com/static/logos/logo_146782.png,NAIA,,,,,,
Texas A&M-Victoria,https://elasticbeanstalk-us-east-2-479315316746.s3.us-east-2.amazonaws.com/static/logos/logo_146648.png,NAIA,,,,,,
Texas College,https://elasticbeanstalk-us-east-2-479315316746.s3.us-east-2.amazonaws.com/static/logos/logo_146783.png,NAIA,University of Texas at Tyler,UNI_TEX,LS,IrwinField,94,
Texas Wesleyan,https://elasticbeanstalk-us-east-2-479315316746.s3.us-east-2.amazonaws.com/static/logos/logo_146542.png,NAIA,,,,,,
The Master's,https://gomustangs.com/services/logo_handler.ashx?image_path=/images/logos/site/site.png&width=200&height=200,NAIA,The Masters University,THE_MAS,,TheMastersUniversity,100,
Thomas (GA),https://elasticbeanstalk-us-east-2-479315316746.s3.us-east-2.amazonaws.com/static/logos/logo_147229.png,NAIA,,,,,,
Tougaloo,https://cdn.prestosports.com/action/cdn/logos/rpi/NAIA2010/bsb.png,NAIA,,,,,,
Trinity Christian,https://elasticbeanstalk-us-east-2-479315316746.s3.us-east-2.amazonaws.com/static/logos/logo_146792.png,NAIA,,,,,,
Truett-McConnell,https://elasticbeanstalk-us-east-2-479315316746.s3.us-east-2.amazonaws.com/static/logos/logo_146794.png,NAIA,,,,,,
UHSP,https://elasticbeanstalk-us-east-2-479315316746.s3.us-east-2.amazonaws.com/static/logos/logo_147231.png,NAIA,,,,,,
Union (KY),https://elasticbeanstalk-us-east-2-479315316746.s3.us-east-2.amazonaws.com/static/logos/logo_146831.png,NAIA,,,,,,
University of the Southwest (NM),https://elasticbeanstalk-us-east-2-479315316746.s3.us-east-2.amazonaws.com/static/logos/logo_146762.png,NAIA,,,,,,
Valley City State,https://elasticbeanstalk-us-east-2-479315316746.s3.us-east-2.amazonaws.com/static/logos/logo_146494.png,NAIA,,,,,,
Viterbo,https://elasticbeanstalk-us-east-2-479315316746.s3.us-east-2.amazonaws.com/static/logos/logo_146803.png,NAIA,,,,,,
Voorhees,https://elasticbeanstalk-us-east-2-479315316746.s3.us-east-2.amazonaws.com/static/logos/logo_146804.png,NAIA,,,,,,
Waldorf,https://elasticbeanstalk-us-east-2-479315316746.s3.us-east-2.amazonaws.com/static/logos/logo_146806.png,NAIA,,,,,,
Warner,https://warnerroyals.com/services/logo_handler.ashx?image_path=/images/logos/site/site.png&width=200&height=200,NAIA,,,,,,
Warner Pacific,https://dxbhsrqyrr690.cloudfront.net/sidearm.nextgen.sites/wpcknights.sidearmsports.com/images/responsive_2020/logo_main_new.png,NAIA,,,,,,
Wayland Baptist,https://elasticbeanstalk-us-east-2-479315316746.s3.us-east-2.amazonaws.com/static/logos/logo_146808.png,NAIA,,,,,,
Webber International,https://elasticbeanstalk-us-east-2-479315316746.s3.us-east-2.amazonaws.com/static/logos/logo_146809.png,NAIA,,,,,,
Westcliff,https://elasticbeanstalk-us-east-2-479315316746.s3.us-east-2.amazonaws.com/static/logos/logo_146811.png,NAIA,,,,,,
Wilberforce,https://gostillman.com/services/logo_handler.ashx?image_path=/images/logos/Wilberforce.png&width=200&height=200,NAIA,,,,,,
Wiley,https://d2o2figo6ddd0g.cloudfront.net/t/y/k244b3s1zat5kw/primarynew1.png,NAIA,,,,,,
William Carey,https://elasticbeanstalk-us-east-2-479315316746.s3.us-east-2.amazonaws.com/static/logos/logo_146819.png,NAIA,William Carey University,WIL_CAR,NAIA,WilliamCarey,100,
William Penn,https://elasticbeanstalk-us-east-2-479315316746.s3.us-east-2.amazonaws.com/static/logos/logo_146820.png,NAIA,,,,,,
William Woods,https://elasticbeanstalk-us-east-2-479315316746.s3.us-east-2.amazonaws.com/static/logos/logo_146821.png,NAIA,,,,,,
Williams Baptist,https://elasticbeanstalk-us-east-2-479315316746.s3.us-east-2.amazonaws.com/static/logos/logo_146822.png,NAIA,,,,,,
WVU Tech,https://elasticbeanstalk-us-east-2-479315316746.s3.us-east-2.amazonaws.com/static/logos/logo_146805.png,NAIA,,,,,,
Xavier (LA),https://elasticbeanstalk-us-east-2-479315316746.s3.us-east-2.amazonaws.com/static/logos/logo_146826.png,NAIA,,,,,,
York (NE),https://elasticbeanstalk-us-east-2-479315316746.s3.us-east-2.amazonaws.com/static/logos/logo_146827.png,NAIA,,,,,,
